13 [140485673358016] INFO perfrun.launcher <> - Launcher main begin
15 [140485673358016] INFO perfrun.launcher <> - MessageCatalogInit finished
15 [140485673358016] INFO perfrun.launcher <> - Launcher instance created
15 [140485673358016] INFO perfrun.launcher <> - argc = 7; cmdline = /home/intel/oneapi/vtune/2021.1.1/bin64/amplxe-runss --ui-output-format xml --ui-output-fd 5 --option-file /home/users/dhamorim/pagerank-openmp/results/hpc-performance_web-NotreDame_1/config/runsa.options 
31 [140485673358016] INFO perfrun.launcher <> - plugin remoteplug has been added successfully
31 [140485673358016] INFO perfrun.launcher <> - plugin system has been added successfully
31 [140485673358016] INFO perfrun.launcher <> - plugin vdso has been added successfully
31 [140485673358016] INFO perfrun.launcher <> - plugin itt has been added successfully
31 [140485673358016] INFO perfrun.launcher <> - plugin ptracecollector has been added successfully
31 [140485673358016] INFO perfrun.launcher <> - plugin gpu has been added successfully
31 [140485673358016] INFO perfrun.launcher <> - plugin  has been added successfully
31 [140485673358016] INFO perfrun.launcher <> - plugin  has been added successfully
31 [140485673358016] INFO perfrun.launcher <> - plugin  has been added successfully
31 [140485673358016] INFO perfrun.launcher <> - plugin mrte has been added successfully
31 [140485673358016] INFO perfrun.launcher <> - plugin emon has been added successfully
31 [140485673358016] INFO perfrun.launcher <> - plugin cuscol has been added successfully
31 [140485673358016] INFO perfrun.launcher <> - plugin stdsrc has been added successfully
31 [140485673358016] INFO perfrun.launcher <> - plugin sep has been added successfully
31 [140485673358016] INFO perfrun.launcher <> - plugin vtsspp has been added successfully
31 [140485673358016] INFO perfrun.sdk <> - Reading value (-1) from file: /proc/sys/kernel/perf_event_paranoid
31 [140485673358016] INFO perfrun.perfcollector <> - checking access to: /home/intel/oneapi/vtune/2021.1.1/bin64/amplxe-perf-priv
35 [140485673358016] INFO perfrun.perfcollector <> - cpu: family = 6 model = 63
35 [140485673358016] INFO perfrun.perfcollector <> - dir found : /sys/bus/event_source/devices/software
35 [140485673358016] WARN perfrun.perfcollector <> - format subdir doesn't exist, at file: vcs/perfrun1/plugins/perfcollector/src/controller.cpp:725
35 [140485673358016] WARN perfrun.perfcollector <> - pmu hwInfo is not set, at file: vcs/perfrun1/plugins/perfcollector/src/controller.cpp:819
35 [140485673358016] INFO perfrun.perfcollector <> - pmu added : family : software , id : 0
35 [140485673358016] INFO perfrun.perfcollector <> - dir found : /sys/bus/event_source/devices/uncore_imc_5
35 [140485673358016] INFO perfrun.perfcollector <> - format: event config:0-7 mask:0-7
35 [140485673358016] INFO perfrun.perfcollector <> - format: edge config:18 mask:18
35 [140485673358016] INFO perfrun.perfcollector <> - format: inv config:23 mask:23
35 [140485673358016] INFO perfrun.perfcollector <> - format: umask config:8-15 mask:8-15
35 [140485673358016] INFO perfrun.perfcollector <> - format: thresh config:24-31 mask:24-31
35 [140485673358016] INFO perfrun.perfcollector <> - hwInfo : PERF_IMC_PMU_DETAILS
35 [140485673358016] INFO perfrun.perfcollector <> - pmu added : family : uncore_imc , id : 5
35 [140485673358016] INFO perfrun.perfcollector <> - dir found : /sys/bus/event_source/devices/uncore_sbox_2
35 [140485673358016] INFO perfrun.perfcollector <> - format: event config:0-7 mask:0-7
35 [140485673358016] INFO perfrun.perfcollector <> - format: edge config:18 mask:18
36 [140485673358016] INFO perfrun.perfcollector <> - format: inv config:23 mask:23
36 [140485673358016] INFO perfrun.perfcollector <> - format: umask config:8-15 mask:8-15
36 [140485673358016] INFO perfrun.perfcollector <> - format: tid_en config:19 mask:19
36 [140485673358016] INFO perfrun.perfcollector <> - format: thresh config:24-31 mask:24-31
36 [140485673358016] WARN perfrun.perfcollector <> - pmu hwInfo is not set, at file: vcs/perfrun1/plugins/perfcollector/src/controller.cpp:819
36 [140485673358016] INFO perfrun.perfcollector <> - pmu added : family : uncore_sbox , id : 2
36 [140485673358016] INFO perfrun.perfcollector <> - dir found : /sys/bus/event_source/devices/uncore_cbox_8
36 [140485673358016] INFO perfrun.perfcollector <> - format: event config:0-7 mask:0-7
36 [140485673358016] INFO perfrun.perfcollector <> - format: filter_link config1:6-8 mask:6-8
36 [140485673358016] INFO perfrun.perfcollector <> - format: filter_c6 config1:61 mask:61
36 [140485673358016] INFO perfrun.perfcollector <> - format: edge config:18 mask:18
36 [140485673358016] INFO perfrun.perfcollector <> - format: filter_isoc config1:63 mask:63
36 [140485673358016] INFO perfrun.perfcollector <> - format: filter_tid config1:0-5 mask:0-5
36 [140485673358016] INFO perfrun.perfcollector <> - format: filter_nid config1:32-47 mask:32-47
36 [140485673358016] INFO perfrun.perfcollector <> - format: filter_nc config1:62 mask:62
36 [140485673358016] INFO perfrun.perfcollector <> - format: umask config:8-15 mask:8-15
36 [140485673358016] INFO perfrun.perfcollector <> - format: tid_en config:19 mask:19
36 [140485673358016] INFO perfrun.perfcollector <> - format: thresh config:24-31 mask:24-31
36 [140485673358016] INFO perfrun.perfcollector <> - format: filter_state config1:17-23 mask:17-23
36 [140485673358016] INFO perfrun.perfcollector <> - format: filter_opc config1:52-60 mask:52-60
36 [140485673358016] WARN perfrun.perfcollector <> - pmu hwInfo is not set, at file: vcs/perfrun1/plugins/perfcollector/src/controller.cpp:819
36 [140485673358016] INFO perfrun.perfcollector <> - pmu added : family : uncore_cbox , id : 8
36 [140485673358016] INFO perfrun.perfcollector <> - dir found : /sys/bus/event_source/devices/uncore_r2pcie
36 [140485673358016] INFO perfrun.perfcollector <> - format: event config:0-7 mask:0-7
36 [140485673358016] INFO perfrun.perfcollector <> - format: edge config:18 mask:18
36 [140485673358016] INFO perfrun.perfcollector <> - format: inv config:23 mask:23
36 [140485673358016] INFO perfrun.perfcollector <> - format: umask config:8-15 mask:8-15
36 [140485673358016] INFO perfrun.perfcollector <> - format: thresh config:24-31 mask:24-31
36 [140485673358016] WARN perfrun.perfcollector <> - pmu hwInfo is not set, at file: vcs/perfrun1/plugins/perfcollector/src/controller.cpp:819
36 [140485673358016] INFO perfrun.perfcollector <> - pmu added : family : uncore_r2pcie , id : 0
36 [140485673358016] INFO perfrun.perfcollector <> - dir found : /sys/bus/event_source/devices/uncore_sbox_0
36 [140485673358016] INFO perfrun.perfcollector <> - format: event config:0-7 mask:0-7
36 [140485673358016] INFO perfrun.perfcollector <> - format: edge config:18 mask:18
36 [140485673358016] INFO perfrun.perfcollector <> - format: inv config:23 mask:23
36 [140485673358016] INFO perfrun.perfcollector <> - format: umask config:8-15 mask:8-15
36 [140485673358016] INFO perfrun.perfcollector <> - format: tid_en config:19 mask:19
36 [140485673358016] INFO perfrun.perfcollector <> - format: thresh config:24-31 mask:24-31
36 [140485673358016] WARN perfrun.perfcollector <> - pmu hwInfo is not set, at file: vcs/perfrun1/plugins/perfcollector/src/controller.cpp:819
36 [140485673358016] INFO perfrun.perfcollector <> - pmu added : family : uncore_sbox , id : 0
36 [140485673358016] INFO perfrun.perfcollector <> - dir found : /sys/bus/event_source/devices/uncore_cbox_6
37 [140485673358016] INFO perfrun.perfcollector <> - format: event config:0-7 mask:0-7
37 [140485673358016] INFO perfrun.perfcollector <> - format: filter_link config1:6-8 mask:6-8
37 [140485673358016] INFO perfrun.perfcollector <> - format: filter_c6 config1:61 mask:61
37 [140485673358016] INFO perfrun.perfcollector <> - format: edge config:18 mask:18
37 [140485673358016] INFO perfrun.perfcollector <> - format: filter_isoc config1:63 mask:63
37 [140485673358016] INFO perfrun.perfcollector <> - format: filter_tid config1:0-5 mask:0-5
37 [140485673358016] INFO perfrun.perfcollector <> - format: filter_nid config1:32-47 mask:32-47
37 [140485673358016] INFO perfrun.perfcollector <> - format: filter_nc config1:62 mask:62
37 [140485673358016] INFO perfrun.perfcollector <> - format: umask config:8-15 mask:8-15
37 [140485673358016] INFO perfrun.perfcollector <> - format: tid_en config:19 mask:19
37 [140485673358016] INFO perfrun.perfcollector <> - format: thresh config:24-31 mask:24-31
37 [140485673358016] INFO perfrun.perfcollector <> - format: filter_state config1:17-23 mask:17-23
37 [140485673358016] INFO perfrun.perfcollector <> - format: filter_opc config1:52-60 mask:52-60
37 [140485673358016] WARN perfrun.perfcollector <> - pmu hwInfo is not set, at file: vcs/perfrun1/plugins/perfcollector/src/controller.cpp:819
37 [140485673358016] INFO perfrun.perfcollector <> - pmu added : family : uncore_cbox , id : 6
37 [140485673358016] INFO perfrun.perfcollector <> - dir found : /sys/bus/event_source/devices/uncore_imc_1
37 [140485673358016] INFO perfrun.perfcollector <> - format: event config:0-7 mask:0-7
37 [140485673358016] INFO perfrun.perfcollector <> - format: edge config:18 mask:18
37 [140485673358016] INFO perfrun.perfcollector <> - format: inv config:23 mask:23
37 [140485673358016] INFO perfrun.perfcollector <> - format: umask config:8-15 mask:8-15
37 [140485673358016] INFO perfrun.perfcollector <> - format: thresh config:24-31 mask:24-31
37 [140485673358016] INFO perfrun.perfcollector <> - hwInfo : PERF_IMC_PMU_DETAILS
37 [140485673358016] INFO perfrun.perfcollector <> - pmu added : family : uncore_imc , id : 1
37 [140485673358016] INFO perfrun.perfcollector <> - dir found : /sys/bus/event_source/devices/power
37 [140485673358016] INFO perfrun.perfcollector <> - format: event config:0-7 mask:0-7
37 [140485673358016] WARN perfrun.perfcollector <> - pmu hwInfo is not set, at file: vcs/perfrun1/plugins/perfcollector/src/controller.cpp:819
37 [140485673358016] INFO perfrun.perfcollector <> - pmu added : family : power , id : 0
37 [140485673358016] INFO perfrun.perfcollector <> - dir found : /sys/bus/event_source/devices/uncore_cbox_4
37 [140485673358016] INFO perfrun.perfcollector <> - format: event config:0-7 mask:0-7
37 [140485673358016] INFO perfrun.perfcollector <> - format: filter_link config1:6-8 mask:6-8
37 [140485673358016] INFO perfrun.perfcollector <> - format: filter_c6 config1:61 mask:61
37 [140485673358016] INFO perfrun.perfcollector <> - format: edge config:18 mask:18
37 [140485673358016] INFO perfrun.perfcollector <> - format: filter_isoc config1:63 mask:63
37 [140485673358016] INFO perfrun.perfcollector <> - format: filter_tid config1:0-5 mask:0-5
37 [140485673358016] INFO perfrun.perfcollector <> - format: filter_nid config1:32-47 mask:32-47
37 [140485673358016] INFO perfrun.perfcollector <> - format: filter_nc config1:62 mask:62
37 [140485673358016] INFO perfrun.perfcollector <> - format: umask config:8-15 mask:8-15
37 [140485673358016] INFO perfrun.perfcollector <> - format: tid_en config:19 mask:19
37 [140485673358016] INFO perfrun.perfcollector <> - format: thresh config:24-31 mask:24-31
37 [140485673358016] INFO perfrun.perfcollector <> - format: filter_state config1:17-23 mask:17-23
37 [140485673358016] INFO perfrun.perfcollector <> - format: filter_opc config1:52-60 mask:52-60
37 [140485673358016] WARN perfrun.perfcollector <> - pmu hwInfo is not set, at file: vcs/perfrun1/plugins/perfcollector/src/controller.cpp:819
37 [140485673358016] INFO perfrun.perfcollector <> - pmu added : family : uncore_cbox , id : 4
37 [140485673358016] INFO perfrun.perfcollector <> - dir found : /sys/bus/event_source/devices/uprobe
38 [140485673358016] INFO perfrun.perfcollector <> - format: ref_ctr_offset config:32-63 mask:32-63
38 [140485673358016] INFO perfrun.perfcollector <> - format: retprobe config:0 mask:0
38 [140485673358016] WARN perfrun.perfcollector <> - pmu hwInfo is not set, at file: vcs/perfrun1/plugins/perfcollector/src/controller.cpp:819
38 [140485673358016] INFO perfrun.perfcollector <> - pmu added : family : uprobe , id : 0
38 [140485673358016] INFO perfrun.perfcollector <> - dir found : /sys/bus/event_source/devices/cpu
38 [140485673358016] INFO perfrun.perfcollector <> - format: event config:0-7 mask:0-7
38 [140485673358016] INFO perfrun.perfcollector <> - format: pc config:19 mask:19
38 [140485673358016] INFO perfrun.perfcollector <> - format: edge config:18 mask:18
38 [140485673358016] INFO perfrun.perfcollector <> - format: any config:21 mask:21
38 [140485673358016] INFO perfrun.perfcollector <> - format: offcore_rsp config1:0-63 mask:0-63
38 [140485673358016] INFO perfrun.perfcollector <> - format: ldlat config1:0-15 mask:0-15
38 [140485673358016] INFO perfrun.perfcollector <> - format: inv config:23 mask:23
38 [140485673358016] INFO perfrun.perfcollector <> - format: umask config:8-15 mask:8-15
38 [140485673358016] INFO perfrun.perfcollector <> - format: cmask config:24-31 mask:24-31
38 [140485673358016] INFO perfrun.perfcollector <> - hwInfo : PERF_CPU_PMU_DETAILS
38 [140485673358016] INFO perfrun.perfcollector <> - pmu added : family : cpu , id : 0
38 [140485673358016] INFO perfrun.perfcollector <> - dir found : /sys/bus/event_source/devices/uncore_r3qpi_0
38 [140485673358016] INFO perfrun.perfcollector <> - format: event config:0-7 mask:0-7
38 [140485673358016] INFO perfrun.perfcollector <> - format: edge config:18 mask:18
38 [140485673358016] INFO perfrun.perfcollector <> - format: inv config:23 mask:23
38 [140485673358016] INFO perfrun.perfcollector <> - format: umask config:8-15 mask:8-15
38 [140485673358016] INFO perfrun.perfcollector <> - format: thresh config:24-31 mask:24-31
38 [140485673358016] WARN perfrun.perfcollector <> - pmu hwInfo is not set, at file: vcs/perfrun1/plugins/perfcollector/src/controller.cpp:819
38 [140485673358016] INFO perfrun.perfcollector <> - pmu added : family : uncore_r3qpi , id : 0
38 [140485673358016] INFO perfrun.perfcollector <> - dir found : /sys/bus/event_source/devices/cstate_core
38 [140485673358016] INFO perfrun.perfcollector <> - format: event config:0-63 mask:0-63
38 [140485673358016] WARN perfrun.perfcollector <> - pmu hwInfo is not set, at file: vcs/perfrun1/plugins/perfcollector/src/controller.cpp:819
38 [140485673358016] INFO perfrun.perfcollector <> - pmu added : family : cstate_core , id : 0
38 [140485673358016] INFO perfrun.perfcollector <> - dir found : /sys/bus/event_source/devices/uncore_cbox_2
38 [140485673358016] INFO perfrun.perfcollector <> - format: event config:0-7 mask:0-7
38 [140485673358016] INFO perfrun.perfcollector <> - format: filter_link config1:6-8 mask:6-8
38 [140485673358016] INFO perfrun.perfcollector <> - format: filter_c6 config1:61 mask:61
38 [140485673358016] INFO perfrun.perfcollector <> - format: edge config:18 mask:18
38 [140485673358016] INFO perfrun.perfcollector <> - format: filter_isoc config1:63 mask:63
38 [140485673358016] INFO perfrun.perfcollector <> - format: filter_tid config1:0-5 mask:0-5
38 [140485673358016] INFO perfrun.perfcollector <> - format: filter_nid config1:32-47 mask:32-47
38 [140485673358016] INFO perfrun.perfcollector <> - format: filter_nc config1:62 mask:62
38 [140485673358016] INFO perfrun.perfcollector <> - format: umask config:8-15 mask:8-15
38 [140485673358016] INFO perfrun.perfcollector <> - format: tid_en config:19 mask:19
38 [140485673358016] INFO perfrun.perfcollector <> - format: thresh config:24-31 mask:24-31
38 [140485673358016] INFO perfrun.perfcollector <> - format: filter_state config1:17-23 mask:17-23
38 [140485673358016] INFO perfrun.perfcollector <> - format: filter_opc config1:52-60 mask:52-60
38 [140485673358016] WARN perfrun.perfcollector <> - pmu hwInfo is not set, at file: vcs/perfrun1/plugins/perfcollector/src/controller.cpp:819
38 [140485673358016] INFO perfrun.perfcollector <> - pmu added : family : uncore_cbox , id : 2
39 [140485673358016] INFO perfrun.perfcollector <> - dir found : /sys/bus/event_source/devices/breakpoint
39 [140485673358016] WARN perfrun.perfcollector <> - format subdir doesn't exist, at file: vcs/perfrun1/plugins/perfcollector/src/controller.cpp:725
39 [140485673358016] WARN perfrun.perfcollector <> - pmu hwInfo is not set, at file: vcs/perfrun1/plugins/perfcollector/src/controller.cpp:819
39 [140485673358016] INFO perfrun.perfcollector <> - pmu added : family : breakpoint , id : 0
39 [140485673358016] INFO perfrun.perfcollector <> - dir found : /sys/bus/event_source/devices/uncore_ha_0
39 [140485673358016] INFO perfrun.perfcollector <> - format: event config:0-7 mask:0-7
39 [140485673358016] INFO perfrun.perfcollector <> - format: edge config:18 mask:18
39 [140485673358016] INFO perfrun.perfcollector <> - format: inv config:23 mask:23
39 [140485673358016] INFO perfrun.perfcollector <> - format: umask config:8-15 mask:8-15
39 [140485673358016] INFO perfrun.perfcollector <> - format: thresh config:24-31 mask:24-31
39 [140485673358016] WARN perfrun.perfcollector <> - pmu hwInfo is not set, at file: vcs/perfrun1/plugins/perfcollector/src/controller.cpp:819
39 [140485673358016] INFO perfrun.perfcollector <> - pmu added : family : uncore_ha , id : 0
39 [140485673358016] INFO perfrun.perfcollector <> - dir found : /sys/bus/event_source/devices/uncore_cbox_0
39 [140485673358016] INFO perfrun.perfcollector <> - format: event config:0-7 mask:0-7
39 [140485673358016] INFO perfrun.perfcollector <> - format: filter_link config1:6-8 mask:6-8
39 [140485673358016] INFO perfrun.perfcollector <> - format: filter_c6 config1:61 mask:61
39 [140485673358016] INFO perfrun.perfcollector <> - format: edge config:18 mask:18
39 [140485673358016] INFO perfrun.perfcollector <> - format: filter_isoc config1:63 mask:63
39 [140485673358016] INFO perfrun.perfcollector <> - format: filter_tid config1:0-5 mask:0-5
39 [140485673358016] INFO perfrun.perfcollector <> - format: filter_nid config1:32-47 mask:32-47
39 [140485673358016] INFO perfrun.perfcollector <> - format: filter_nc config1:62 mask:62
39 [140485673358016] INFO perfrun.perfcollector <> - format: umask config:8-15 mask:8-15
39 [140485673358016] INFO perfrun.perfcollector <> - format: tid_en config:19 mask:19
39 [140485673358016] INFO perfrun.perfcollector <> - format: thresh config:24-31 mask:24-31
39 [140485673358016] INFO perfrun.perfcollector <> - format: filter_state config1:17-23 mask:17-23
39 [140485673358016] INFO perfrun.perfcollector <> - format: filter_opc config1:52-60 mask:52-60
39 [140485673358016] WARN perfrun.perfcollector <> - pmu hwInfo is not set, at file: vcs/perfrun1/plugins/perfcollector/src/controller.cpp:819
39 [140485673358016] INFO perfrun.perfcollector <> - pmu added : family : uncore_cbox , id : 0
39 [140485673358016] INFO perfrun.perfcollector <> - dir found : /sys/bus/event_source/devices/tracepoint
39 [140485673358016] WARN perfrun.perfcollector <> - format subdir doesn't exist, at file: vcs/perfrun1/plugins/perfcollector/src/controller.cpp:725
39 [140485673358016] WARN perfrun.perfcollector <> - pmu hwInfo is not set, at file: vcs/perfrun1/plugins/perfcollector/src/controller.cpp:819
39 [140485673358016] INFO perfrun.perfcollector <> - pmu added : family : tracepoint , id : 0
39 [140485673358016] INFO perfrun.perfcollector <> - dir found : /sys/bus/event_source/devices/uncore_sbox_3
39 [140485673358016] INFO perfrun.perfcollector <> - format: event config:0-7 mask:0-7
39 [140485673358016] INFO perfrun.perfcollector <> - format: edge config:18 mask:18
39 [140485673358016] INFO perfrun.perfcollector <> - format: inv config:23 mask:23
39 [140485673358016] INFO perfrun.perfcollector <> - format: umask config:8-15 mask:8-15
39 [140485673358016] INFO perfrun.perfcollector <> - format: tid_en config:19 mask:19
39 [140485673358016] INFO perfrun.perfcollector <> - format: thresh config:24-31 mask:24-31
39 [140485673358016] WARN perfrun.perfcollector <> - pmu hwInfo is not set, at file: vcs/perfrun1/plugins/perfcollector/src/controller.cpp:819
39 [140485673358016] INFO perfrun.perfcollector <> - pmu added : family : uncore_sbox , id : 3
39 [140485673358016] INFO perfrun.perfcollector <> - dir found : /sys/bus/event_source/devices/uncore_cbox_9
39 [140485673358016] INFO perfrun.perfcollector <> - format: event config:0-7 mask:0-7
39 [140485673358016] INFO perfrun.perfcollector <> - format: filter_link config1:6-8 mask:6-8
40 [140485673358016] INFO perfrun.perfcollector <> - format: filter_c6 config1:61 mask:61
40 [140485673358016] INFO perfrun.perfcollector <> - format: edge config:18 mask:18
40 [140485673358016] INFO perfrun.perfcollector <> - format: filter_isoc config1:63 mask:63
40 [140485673358016] INFO perfrun.perfcollector <> - format: filter_tid config1:0-5 mask:0-5
40 [140485673358016] INFO perfrun.perfcollector <> - format: filter_nid config1:32-47 mask:32-47
40 [140485673358016] INFO perfrun.perfcollector <> - format: filter_nc config1:62 mask:62
40 [140485673358016] INFO perfrun.perfcollector <> - format: umask config:8-15 mask:8-15
40 [140485673358016] INFO perfrun.perfcollector <> - format: tid_en config:19 mask:19
40 [140485673358016] INFO perfrun.perfcollector <> - format: thresh config:24-31 mask:24-31
40 [140485673358016] INFO perfrun.perfcollector <> - format: filter_state config1:17-23 mask:17-23
40 [140485673358016] INFO perfrun.perfcollector <> - format: filter_opc config1:52-60 mask:52-60
40 [140485673358016] WARN perfrun.perfcollector <> - pmu hwInfo is not set, at file: vcs/perfrun1/plugins/perfcollector/src/controller.cpp:819
40 [140485673358016] INFO perfrun.perfcollector <> - pmu added : family : uncore_cbox , id : 9
40 [140485673358016] INFO perfrun.perfcollector <> - dir found : /sys/bus/event_source/devices/cstate_pkg
40 [140485673358016] INFO perfrun.perfcollector <> - format: event config:0-63 mask:0-63
40 [140485673358016] WARN perfrun.perfcollector <> - pmu hwInfo is not set, at file: vcs/perfrun1/plugins/perfcollector/src/controller.cpp:819
40 [140485673358016] INFO perfrun.perfcollector <> - pmu added : family : cstate_pkg , id : 0
40 [140485673358016] INFO perfrun.perfcollector <> - dir found : /sys/bus/event_source/devices/uncore_imc_4
40 [140485673358016] INFO perfrun.perfcollector <> - format: event config:0-7 mask:0-7
40 [140485673358016] INFO perfrun.perfcollector <> - format: edge config:18 mask:18
40 [140485673358016] INFO perfrun.perfcollector <> - format: inv config:23 mask:23
40 [140485673358016] INFO perfrun.perfcollector <> - format: umask config:8-15 mask:8-15
40 [140485673358016] INFO perfrun.perfcollector <> - format: thresh config:24-31 mask:24-31
40 [140485673358016] INFO perfrun.perfcollector <> - hwInfo : PERF_IMC_PMU_DETAILS
40 [140485673358016] INFO perfrun.perfcollector <> - pmu added : family : uncore_imc , id : 4
40 [140485673358016] INFO perfrun.perfcollector <> - dir found : /sys/bus/event_source/devices/uncore_ubox
40 [140485673358016] INFO perfrun.perfcollector <> - format: event config:0-7 mask:0-7
40 [140485673358016] INFO perfrun.perfcollector <> - format: edge config:18 mask:18
40 [140485673358016] INFO perfrun.perfcollector <> - format: filter_tid config1:0 mask:0
40 [140485673358016] INFO perfrun.perfcollector <> - format: inv config:23 mask:23
40 [140485673358016] INFO perfrun.perfcollector <> - format: umask config:8-15 mask:8-15
40 [140485673358016] INFO perfrun.perfcollector <> - format: thresh config:24-28 mask:24-28
40 [140485673358016] INFO perfrun.perfcollector <> - format: filter_cid config1:5 mask:5
40 [140485673358016] WARN perfrun.perfcollector <> - pmu hwInfo is not set, at file: vcs/perfrun1/plugins/perfcollector/src/controller.cpp:819
40 [140485673358016] INFO perfrun.perfcollector <> - pmu added : family : uncore_ubox , id : 0
40 [140485673358016] INFO perfrun.perfcollector <> - dir found : /sys/bus/event_source/devices/uncore_sbox_1
40 [140485673358016] INFO perfrun.perfcollector <> - format: event config:0-7 mask:0-7
40 [140485673358016] INFO perfrun.perfcollector <> - format: edge config:18 mask:18
40 [140485673358016] INFO perfrun.perfcollector <> - format: inv config:23 mask:23
40 [140485673358016] INFO perfrun.perfcollector <> - format: umask config:8-15 mask:8-15
40 [140485673358016] INFO perfrun.perfcollector <> - format: tid_en config:19 mask:19
40 [140485673358016] INFO perfrun.perfcollector <> - format: thresh config:24-31 mask:24-31
40 [140485673358016] WARN perfrun.perfcollector <> - pmu hwInfo is not set, at file: vcs/perfrun1/plugins/perfcollector/src/controller.cpp:819
41 [140485673358016] INFO perfrun.perfcollector <> - pmu added : family : uncore_sbox , id : 1
41 [140485673358016] INFO perfrun.perfcollector <> - dir found : /sys/bus/event_source/devices/uncore_cbox_7
41 [140485673358016] INFO perfrun.perfcollector <> - format: event config:0-7 mask:0-7
41 [140485673358016] INFO perfrun.perfcollector <> - format: filter_link config1:6-8 mask:6-8
41 [140485673358016] INFO perfrun.perfcollector <> - format: filter_c6 config1:61 mask:61
41 [140485673358016] INFO perfrun.perfcollector <> - format: edge config:18 mask:18
41 [140485673358016] INFO perfrun.perfcollector <> - format: filter_isoc config1:63 mask:63
41 [140485673358016] INFO perfrun.perfcollector <> - format: filter_tid config1:0-5 mask:0-5
41 [140485673358016] INFO perfrun.perfcollector <> - format: filter_nid config1:32-47 mask:32-47
41 [140485673358016] INFO perfrun.perfcollector <> - format: filter_nc config1:62 mask:62
41 [140485673358016] INFO perfrun.perfcollector <> - format: umask config:8-15 mask:8-15
41 [140485673358016] INFO perfrun.perfcollector <> - format: tid_en config:19 mask:19
41 [140485673358016] INFO perfrun.perfcollector <> - format: thresh config:24-31 mask:24-31
41 [140485673358016] INFO perfrun.perfcollector <> - format: filter_state config1:17-23 mask:17-23
41 [140485673358016] INFO perfrun.perfcollector <> - format: filter_opc config1:52-60 mask:52-60
41 [140485673358016] WARN perfrun.perfcollector <> - pmu hwInfo is not set, at file: vcs/perfrun1/plugins/perfcollector/src/controller.cpp:819
41 [140485673358016] INFO perfrun.perfcollector <> - pmu added : family : uncore_cbox , id : 7
41 [140485673358016] INFO perfrun.perfcollector <> - dir found : /sys/bus/event_source/devices/kprobe
41 [140485673358016] INFO perfrun.perfcollector <> - format: retprobe config:0 mask:0
41 [140485673358016] WARN perfrun.perfcollector <> - pmu hwInfo is not set, at file: vcs/perfrun1/plugins/perfcollector/src/controller.cpp:819
41 [140485673358016] INFO perfrun.perfcollector <> - pmu added : family : kprobe , id : 0
41 [140485673358016] INFO perfrun.perfcollector <> - dir found : /sys/bus/event_source/devices/uncore_cbox_5
41 [140485673358016] INFO perfrun.perfcollector <> - format: event config:0-7 mask:0-7
41 [140485673358016] INFO perfrun.perfcollector <> - format: filter_link config1:6-8 mask:6-8
41 [140485673358016] INFO perfrun.perfcollector <> - format: filter_c6 config1:61 mask:61
41 [140485673358016] INFO perfrun.perfcollector <> - format: edge config:18 mask:18
41 [140485673358016] INFO perfrun.perfcollector <> - format: filter_isoc config1:63 mask:63
41 [140485673358016] INFO perfrun.perfcollector <> - format: filter_tid config1:0-5 mask:0-5
41 [140485673358016] INFO perfrun.perfcollector <> - format: filter_nid config1:32-47 mask:32-47
41 [140485673358016] INFO perfrun.perfcollector <> - format: filter_nc config1:62 mask:62
41 [140485673358016] INFO perfrun.perfcollector <> - format: umask config:8-15 mask:8-15
41 [140485673358016] INFO perfrun.perfcollector <> - format: tid_en config:19 mask:19
41 [140485673358016] INFO perfrun.perfcollector <> - format: thresh config:24-31 mask:24-31
41 [140485673358016] INFO perfrun.perfcollector <> - format: filter_state config1:17-23 mask:17-23
41 [140485673358016] INFO perfrun.perfcollector <> - format: filter_opc config1:52-60 mask:52-60
41 [140485673358016] WARN perfrun.perfcollector <> - pmu hwInfo is not set, at file: vcs/perfrun1/plugins/perfcollector/src/controller.cpp:819
41 [140485673358016] INFO perfrun.perfcollector <> - pmu added : family : uncore_cbox , id : 5
41 [140485673358016] INFO perfrun.perfcollector <> - dir found : /sys/bus/event_source/devices/uncore_imc_0
41 [140485673358016] INFO perfrun.perfcollector <> - format: event config:0-7 mask:0-7
41 [140485673358016] INFO perfrun.perfcollector <> - format: edge config:18 mask:18
41 [140485673358016] INFO perfrun.perfcollector <> - format: inv config:23 mask:23
41 [140485673358016] INFO perfrun.perfcollector <> - format: umask config:8-15 mask:8-15
41 [140485673358016] INFO perfrun.perfcollector <> - format: thresh config:24-31 mask:24-31
42 [140485673358016] INFO perfrun.perfcollector <> - hwInfo : PERF_IMC_PMU_DETAILS
42 [140485673358016] INFO perfrun.perfcollector <> - pmu added : family : uncore_imc , id : 0
42 [140485673358016] INFO perfrun.perfcollector <> - dir found : /sys/bus/event_source/devices/uncore_pcu
42 [140485673358016] INFO perfrun.perfcollector <> - format: filter_band2 config1:16-23 mask:16-23
42 [140485673358016] INFO perfrun.perfcollector <> - format: event config:0-7 mask:0-7
42 [140485673358016] INFO perfrun.perfcollector <> - format: filter_band0 config1:0-7 mask:0-7
42 [140485673358016] INFO perfrun.perfcollector <> - format: edge config:18 mask:18
42 [140485673358016] INFO perfrun.perfcollector <> - format: occ_invert config:30 mask:30
42 [140485673358016] INFO perfrun.perfcollector <> - format: occ_edge config:14-51 mask:14-51
42 [140485673358016] INFO perfrun.perfcollector <> - format: filter_band3 config1:24-31 mask:24-31
42 [140485673358016] INFO perfrun.perfcollector <> - format: filter_band1 config1:8-15 mask:8-15
42 [140485673358016] INFO perfrun.perfcollector <> - format: inv config:23 mask:23
42 [140485673358016] INFO perfrun.perfcollector <> - format: thresh config:24-28 mask:24-28
42 [140485673358016] INFO perfrun.perfcollector <> - format: occ_sel config:14-15 mask:14-15
42 [140485673358016] WARN perfrun.perfcollector <> - pmu hwInfo is not set, at file: vcs/perfrun1/plugins/perfcollector/src/controller.cpp:819
42 [140485673358016] INFO perfrun.perfcollector <> - pmu added : family : uncore_pcu , id : 0
42 [140485673358016] INFO perfrun.perfcollector <> - dir found : /sys/bus/event_source/devices/uncore_r3qpi_1
42 [140485673358016] INFO perfrun.perfcollector <> - format: event config:0-7 mask:0-7
42 [140485673358016] INFO perfrun.perfcollector <> - format: edge config:18 mask:18
42 [140485673358016] INFO perfrun.perfcollector <> - format: inv config:23 mask:23
42 [140485673358016] INFO perfrun.perfcollector <> - format: umask config:8-15 mask:8-15
42 [140485673358016] INFO perfrun.perfcollector <> - format: thresh config:24-31 mask:24-31
42 [140485673358016] WARN perfrun.perfcollector <> - pmu hwInfo is not set, at file: vcs/perfrun1/plugins/perfcollector/src/controller.cpp:819
42 [140485673358016] INFO perfrun.perfcollector <> - pmu added : family : uncore_r3qpi , id : 1
42 [140485673358016] INFO perfrun.perfcollector <> - dir found : /sys/bus/event_source/devices/msr
42 [140485673358016] INFO perfrun.perfcollector <> - format: event config:0-63 mask:0-63
42 [140485673358016] WARN perfrun.perfcollector <> - pmu hwInfo is not set, at file: vcs/perfrun1/plugins/perfcollector/src/controller.cpp:819
42 [140485673358016] INFO perfrun.perfcollector <> - pmu added : family : msr , id : 0
42 [140485673358016] INFO perfrun.perfcollector <> - dir found : /sys/bus/event_source/devices/uncore_cbox_3
42 [140485673358016] INFO perfrun.perfcollector <> - format: event config:0-7 mask:0-7
42 [140485673358016] INFO perfrun.perfcollector <> - format: filter_link config1:6-8 mask:6-8
42 [140485673358016] INFO perfrun.perfcollector <> - format: filter_c6 config1:61 mask:61
42 [140485673358016] INFO perfrun.perfcollector <> - format: edge config:18 mask:18
42 [140485673358016] INFO perfrun.perfcollector <> - format: filter_isoc config1:63 mask:63
42 [140485673358016] INFO perfrun.perfcollector <> - format: filter_tid config1:0-5 mask:0-5
42 [140485673358016] INFO perfrun.perfcollector <> - format: filter_nid config1:32-47 mask:32-47
42 [140485673358016] INFO perfrun.perfcollector <> - format: filter_nc config1:62 mask:62
42 [140485673358016] INFO perfrun.perfcollector <> - format: umask config:8-15 mask:8-15
42 [140485673358016] INFO perfrun.perfcollector <> - format: tid_en config:19 mask:19
42 [140485673358016] INFO perfrun.perfcollector <> - format: thresh config:24-31 mask:24-31
42 [140485673358016] INFO perfrun.perfcollector <> - format: filter_state config1:17-23 mask:17-23
42 [140485673358016] INFO perfrun.perfcollector <> - format: filter_opc config1:52-60 mask:52-60
42 [140485673358016] WARN perfrun.perfcollector <> - pmu hwInfo is not set, at file: vcs/perfrun1/plugins/perfcollector/src/controller.cpp:819
43 [140485673358016] INFO perfrun.perfcollector <> - pmu added : family : uncore_cbox , id : 3
43 [140485673358016] INFO perfrun.perfcollector <> - dir found : /sys/bus/event_source/devices/uncore_ha_1
43 [140485673358016] INFO perfrun.perfcollector <> - format: event config:0-7 mask:0-7
43 [140485673358016] INFO perfrun.perfcollector <> - format: edge config:18 mask:18
43 [140485673358016] INFO perfrun.perfcollector <> - format: inv config:23 mask:23
43 [140485673358016] INFO perfrun.perfcollector <> - format: umask config:8-15 mask:8-15
43 [140485673358016] INFO perfrun.perfcollector <> - format: thresh config:24-31 mask:24-31
43 [140485673358016] WARN perfrun.perfcollector <> - pmu hwInfo is not set, at file: vcs/perfrun1/plugins/perfcollector/src/controller.cpp:819
43 [140485673358016] INFO perfrun.perfcollector <> - pmu added : family : uncore_ha , id : 1
43 [140485673358016] INFO perfrun.perfcollector <> - dir found : /sys/bus/event_source/devices/uncore_cbox_1
43 [140485673358016] INFO perfrun.perfcollector <> - format: event config:0-7 mask:0-7
43 [140485673358016] INFO perfrun.perfcollector <> - format: filter_link config1:6-8 mask:6-8
43 [140485673358016] INFO perfrun.perfcollector <> - format: filter_c6 config1:61 mask:61
43 [140485673358016] INFO perfrun.perfcollector <> - format: edge config:18 mask:18
43 [140485673358016] INFO perfrun.perfcollector <> - format: filter_isoc config1:63 mask:63
43 [140485673358016] INFO perfrun.perfcollector <> - format: filter_tid config1:0-5 mask:0-5
43 [140485673358016] INFO perfrun.perfcollector <> - format: filter_nid config1:32-47 mask:32-47
43 [140485673358016] INFO perfrun.perfcollector <> - format: filter_nc config1:62 mask:62
43 [140485673358016] INFO perfrun.perfcollector <> - format: umask config:8-15 mask:8-15
43 [140485673358016] INFO perfrun.perfcollector <> - format: tid_en config:19 mask:19
43 [140485673358016] INFO perfrun.perfcollector <> - format: thresh config:24-31 mask:24-31
43 [140485673358016] INFO perfrun.perfcollector <> - format: filter_state config1:17-23 mask:17-23
43 [140485673358016] INFO perfrun.perfcollector <> - format: filter_opc config1:52-60 mask:52-60
43 [140485673358016] WARN perfrun.perfcollector <> - pmu hwInfo is not set, at file: vcs/perfrun1/plugins/perfcollector/src/controller.cpp:819
43 [140485673358016] INFO perfrun.perfcollector <> - pmu added : family : uncore_cbox , id : 1
43 [140485673358016] INFO perfrun.launcher <> - plugin perf has been added successfully
43 [140485673358016] INFO perfrun.launcher <> - plugin aoclprofile has been added successfully
43 [140485673358016] INFO perfrun.launcher <> - plugin tpss has been added successfully
43 [140485673358016] INFO perfrun.launcher <> - plugin exprof has been added successfully
43 [140485673358016] INFO perfrun.launcher <> - plugin media has been added successfully
43 [140485673358016] INFO perfrun.launcher <> - plugin ice has been added successfully
43 [140485673358016] INFO perfrun.launcher <> - plugin  has been added successfully
43 [140485673358016] INFO perfrun.launcher <> - plugin  has been added successfully
43 [140485673358016] INFO perfrun.launcher <> - plugin parallelfs has been added successfully
43 [140485673358016] INFO perfrun.launcher <> - plugin power has been added successfully
43 [140485673358016] INFO perfrun.launcher <> - plugin hwloc has been added successfully
43 [140485673358016] INFO perfrun.launcher <> - plugin ipmwatch has been added successfully
43 [140485673358016] INFO perfrun.launcher <> - plugin os_counters has been added successfully
44 [140485673358016] INFO perfrun.launcher <> - the option was added --interval: Specify an interval of data collection (for example, sampling) in milliseconds.
44 [140485673358016] INFO perfrun.launcher <> - the option was added --follow-child: Profile process with or without children.
44 [140485673358016] INFO perfrun.launcher <> - the option was added --gelding: BADMSG: perfrun1.launcher.plugin_manager::gelding
44 [140485673358016] INFO perfrun.launcher <> - the option was added --time-source: Specify time source for measurement. Possible values: sys - wall clock time; tsc - time stamp counter; ext - time from an external source; auto - auto select accurate time source.
44 [140485673358016] INFO perfrun.launcher <> - the option was added --stack: Enable or disable collection of stacks.
44 [140485673358016] INFO perfrun.launcher <> - the option was added --stack-stitching: Enable or disable the stack stitching algorithm for Intel TBB-based applications.
44 [140485673358016] INFO perfrun.launcher <> - the option was added --type: Specify type of data to be collected. For example, --type cpu:counters,waiting:nostack,io.
44 [140485673358016] INFO perfrun.launcher <> - the option was added --mrte-mode: Specify Java/.NET/other managed runtime collection mode. Possible values: native - collect information only for native code; managed - collect information only for managed code; mixed - collect information for both managed and native code; auto - choose the mode based on binary type.
44 [140485673358016] INFO perfrun.launcher <> - the option was added --mrte-mode-list: List supported Java/.NET/other managed runtime collection modes.
44 [140485673358016] INFO perfrun.launcher <> - the option was added --mrte-type: Specify which managed runtimes to collect. Possible values: java - collect information for Java; dotnet - collect information for .NET; python - collect information for CPython. You can specify several values separated by comma.
44 [140485673358016] INFO perfrun.launcher <> - the option was added --mrte-type-list: List supported Java/.NET/other managed runtime types.
44 [140485673358016] INFO perfrun.launcher <> - the option was added --trace-strategy: Specify how to profile a process tree. <string> can be "<process>:trace:notrace" - profile the process but do not profile its children. Shorthand parameters: t - trace, nt - notrace. For example, "vtunedemo.exe:t:t".
44 [140485673358016] INFO perfrun.launcher <> - the option was added --collector: BADMSG: perfrun1.launcher.plugin_manager::collector
44 [140485673358016] INFO perfrun.launcher <> - the option was added --system-wide: Enable system-wide profiling. This mode may require additional permissions.
44 [140485673358016] INFO perfrun.launcher <> - the option was added --kvm-guest: Enable KVM guest OS profiling.
44 [140485673358016] INFO perfrun.launcher <> - the option was added --kvm-guest-kallsyms: Specify a local path to the /proc/kallsyms file copied from the guest OS for proper symbol resolution.
44 [140485673358016] INFO perfrun.launcher <> - the option was added --kvm-guest-modules: Specify a local path to the /proc/modules file copied from the guest OS for proper symbol resolution.
44 [140485673358016] INFO perfrun.launcher <> - the option was added --bandwidth-limits: Measure bandwidth limits
44 [140485673358016] INFO perfrun.launcher <> - the option was added --acrn-map-info: Collect map info for ACRN
44 [140485673358016] INFO perfrun.launcher <> - the option was added --bandwidth-strategy: Bandwidth limits determination specific properties (example: --bandwidth-strategy array-size=0,duration=500).
44 [140485673358016] INFO perfrun.launcher <> - the option was added --bandwidth-config: List of benchmarks to run.
44 [140485673358016] INFO perfrun.launcher <> - the option was added --target-gpu: target-gpu
45 [140485673358016] INFO perfrun.launcher <> - the option was added --dump-vdso: Dump [vdso] to result directory
45 [140485673358016] INFO perfrun.launcher <> - the option was added --system-collector-config: Specify subcollectors. Possible values: all, container, device-info, none. Specify subcollectors. Possible values: all, vdso.
45 [140485673358016] INFO perfrun.launcher <> - the option was added --itt-config: Specify a sub-set of ITT API to collect.
45 [140485673358016] INFO perfrun.launcher <> - the option was added --itt-debug: Set pseudo-breakpoint at ITT API collector's start to enable the debugger to attach early.
45 [140485673358016] INFO perfrun.launcher <> - the option was added --ptrace: Ptrace collector.
45 [140485673358016] INFO perfrun.launcher <> - the option was added --target-pid: BADMSG: perfrun1.ptracecollector::target-pid
45 [140485673358016] INFO perfrun.launcher <> - the option was added --ptrace-server-pid: BADMSG: perfrun1.ptracecollector::ptrace-server-pid
45 [140485673358016] INFO perfrun.launcher <> - the option was added --ptrace-trace: BADMSG: perfrun1.ptracecollector::ptrace-trace
45 [140485673358016] INFO perfrun.launcher <> - the option was added --ptrace-time-source: BADMSG: perfrun1.ptracecollector::ptrace-time-source
45 [140485673358016] INFO perfrun.launcher <> - the option was added --ptrace-start-type: BADMSG: perfrun1.ptracecollector::ptrace-start-type
45 [140485673358016] INFO perfrun.launcher <> - the option was added --gpu-config: Specify types of GPU data to be collected. Possible values: preset1, preset2.
45 [140485673358016] INFO perfrun.launcher <> - the option was added --gpu-debug: Enable self-testing of the GPGPU profiling collector.
45 [140485673358016] INFO perfrun.launcher <> - the option was added --gpu-counting: Collect GPU data in the counting mode.
45 [140485673358016] INFO perfrun.launcher <> - the option was added --emon-preset: Specify a preset for EMON collector. For available presets, run: emon -preset-list.
45 [140485673358016] INFO perfrun.launcher <> - the option was added --emon-csv-trace-format: Use CSV format for EMON trace file.
45 [140485673358016] INFO perfrun.launcher <> - the option was added --emon-machine-readable-ver: Write machine readable EMON version file.
45 [140485673358016] INFO perfrun.launcher <> - the option was added --custom-collector: Allows to provide arbitrary command line to be run on collection steps.
45 [140485673358016] INFO perfrun.launcher <> - the option was added --stdsrc-config: Specify Standard Sources category tag(s).
45 [140485673358016] INFO perfrun.launcher <> - the option was added --ftrace-config-list: List Linux Ftrace category tag(s).
45 [140485673358016] INFO perfrun.launcher <> - the option was added --ftrace-config: Specify Linux Ftrace category tag(s).
45 [140485673358016] INFO perfrun.launcher <> - the option was added --ftrace-function-groups: Enable tracing of specific groups of functions.
45 [140485673358016] INFO perfrun.launcher <> - the option was added --event-info: BADMSG: perfrun1.stdsrc::event-info
45 [140485673358016] INFO perfrun.launcher <> - the option was added --cpu-list: List supported CPUs.
45 [140485673358016] INFO perfrun.launcher <> - the option was added --target-list: List available targets for performing sampling collection.
45 [140485673358016] INFO perfrun.launcher <> - the option was added --event-value-list: Display event information.
45 [140485673358016] INFO perfrun.launcher <> - the option was added --platform-value-list: Display details of supported platforms.
45 [140485673358016] INFO perfrun.launcher <> - the option was added --uncore-event-list: List uncore events for which a sampling data collection can be performed on this platform.
45 [140485673358016] INFO perfrun.launcher <> - the option was added --modifier-list: Specify the event name <string> for which the modifiers list is requested.
45 [140485673358016] INFO perfrun.launcher <> - the option was added --pmu-list: List supported PMUs.
45 [140485673358016] INFO perfrun.launcher <> - the option was added --os-mode-only: Enable sampling data collection for OS-mode processes only.
45 [140485673358016] INFO perfrun.launcher <> - the option was added --user-mode-only: Enable sampling data collection for user-mode processes only.
45 [140485673358016] INFO perfrun.launcher <> - the option was added --event-config: Perform data collection for the events with <string> configured using the format <event name1>":modifier1=val:modifier2=val/constraint1={:modifier3=val:modifier4=val}...,"<event name2>":... Specify the events(s) to monitor and embed the event names within double quotes("). [:modifier=val] specifies individual event modifiers along with the respective values for a given platform. Note that the modifiers can be generic to an event as well as specific to a constraint (or an event qualifier). The constraint specific special modifiers appear after [/constraint=]. The modifiers can be in decimal or hexadecimal format. Only specific modifiers accept the value as a string. Each event specification is delimited by a comma (,). For a list of supported modifiers and constraints, refer to the documentation.
45 [140485673358016] INFO perfrun.launcher <> - the option was added --chipset-event-config: Perform data collection for the chipset events with <string> configured using the format "<event name1>"...,"<event name2>":... Specify the events(s) to monitor and embed the event names within double quotes(").
46 [140485673358016] INFO perfrun.launcher <> - the option was added --uncore-event-config: Perform uncore data collection in ebc count mode for the events with <string> configured using the format "<event name1>"...,"<event name2>":... Specify the events(s) to monitor and embed the event names within double quotes(").
46 [140485673358016] INFO perfrun.launcher <> - the option was added --count-emon: Enable counting mode and output the data in EMON format.
46 [140485673358016] INFO perfrun.launcher <> - the option was added --event-based-counts: Enable event-based counting mode. During sampling data collection, event counts data is collected for the list of events specified in -event-config option.
46 [140485673358016] INFO perfrun.launcher <> - the option was added --event-mux-tfactor: Specify the event multiplexing tfactor as <integer> to set the length of the interval between interrupts. The larger the tfactor value, the larger the period between interrupts. Currently this option is only available on Intel platforms codenamed Knights Corner.
46 [140485673358016] INFO perfrun.launcher <> - the option was added --full-pebs-capture: Capture full pebs information.
46 [140485673358016] INFO perfrun.launcher <> - the option was added --last-branch-records: Capture Last Branch Records information.
46 [140485673358016] INFO perfrun.launcher <> - the option was added --pmu-type: Specify the targeted PMU name as <string>.
46 [140485673358016] INFO perfrun.launcher <> - the option was added --platform-type: Specify the targeted platform number as <number>.
46 [140485673358016] INFO perfrun.launcher <> - the option was added --p-state-trigger: Specify the name of the trigger event for P-state data as <string>. The default trigger is CPU_CLK_UNHALTED.REF_TSC.
46 [140485673358016] INFO perfrun.launcher <> - the option was added --rdt-auto-rmid: Enable automatic Core pinning on RMIDs for RDT monitoring capabilities.
46 [140485673358016] INFO perfrun.launcher <> - the option was added --bts-count: Specify the <integer> number of BTS records collected after each sample or context switch (VTSS++ only).
46 [140485673358016] INFO perfrun.launcher <> - the option was added --cpu-mask: Specify which CPU(s) <string> to collect data on. For example, specify "2-8,10,12-14" to sample only CPUs 2 through 8, 10, and 12 through 14.
46 [140485673358016] INFO perfrun.launcher <> - the option was added --event-mux-alg: Specify the event multiplexing algorithm. Possible values: sequence, timer, trigger.
46 [140485673358016] INFO perfrun.launcher <> - the option was added --event-mux-timeslice: Specify the event multiplexing time slice value as <integer>. The time slice specifies the duration between cycles for each event multiplexing group. The default value is 50 milliseconds. This option is valid only for timer-based event multiplexing. Specify the event multiplexing time slice value as <integer>. The time slice specifies the duration between cycles for each event multiplexing group. The default value is 1 millisecond. This option is valid only for timer-based event multiplexing.
46 [140485673358016] INFO perfrun.launcher <> - the option was added --event-mux-factor: Specify the event multiplexing factor as <integer>. It controls the switching of event multiplexing groups. The default factor is 50. This option is valid only for trigger-based event multiplexing. Specify the event multiplexing factor as <integer>. It controls the switching of event multiplexing groups. The default factor is 1. This option is valid only for trigger-based event multiplexing.
46 [140485673358016] INFO perfrun.launcher <> - the option was added --event-mux-trigger: Specify the name of the trigger event for event multiplexing as <string>. This option is valid only for trigger-based event multiplexing. The default trigger is CPU_CLK_UNHALTED.CORE (or CPU_CLK_UNHALTED.THREAD). BADMSG: perfrun1.vtsspp::event-mux-trigger
46 [140485673358016] INFO perfrun.launcher <> - the option was added --pt-mode: BADMSG: perfrun1.vtsspp::pt-mode
46 [140485673358016] INFO perfrun.launcher <> - the option was added --sample-after-multiplier: Specify the sample after multiplier as <double>. This multiplier modifies the sample after value for all the events specified in -event-config option. The values can range from 0.1 to 100.0. SAV multiplier value
46 [140485673358016] INFO perfrun.launcher <> - the option was added --uncore-sampling-interval: Specify the uncore sampling interval as <integer>. This value set the uncore sampling interval for all the uncore events specified in -event-config option.
46 [140485673358016] INFO perfrun.launcher <> - the option was added --count: Enable counting mode. Enable counting mode
46 [140485673358016] INFO perfrun.launcher <> - the option was added --trace-mpi: Configure collector to trace MPI code.
46 [140485673358016] INFO perfrun.launcher <> - the option was added --aggregated-counting: Enable aggregated counting mode. Enable aggregated-counting mode
46 [140485673358016] INFO perfrun.launcher <> - the option was added --perf-per-cpu: System-wide collection from all CPUs
46 [140485673358016] INFO perfrun.launcher <> - the option was added --raw-perf-config: Specify a verified configuration for the Perf collector in the format: <describer>,<content>. For example: map-events-file,<path_to_map_events_file>.
46 [140485673358016] INFO perfrun.launcher <> - the option was added --sys-config: BADMSG: perfrun1.vtsspp::sys-config Specify types of system data to be collected. Supported value: cswitch - collect context switch information.
46 [140485673358016] INFO perfrun.launcher <> - the option was added --perf-event-config: Specify events for Perf collector in Perf format. For example: perf-event-config=cpu-clock.
46 [140485673358016] INFO perfrun.launcher <> - the option was added --perf-aio: Number of control blocks in asynchronous trace writing mode.
46 [140485673358016] INFO perfrun.launcher <> - the option was added --perf-compression: Specify compression of Perf collector output data. Possible levels: 0 - without compression, 1..3 - best speed, 4..22 - best compression that incurs big overhead.
46 [140485673358016] INFO perfrun.launcher <> - the option was added --perf-mmap-flush: Minimum data size read from the kernel mapped region.
46 [140485673358016] INFO perfrun.launcher <> - the option was added --perf-affinity: Adjust an affinity mask of the Perf thread to a node with an allocated memory trace buffer.
46 [140485673358016] INFO perfrun.launcher <> - the option was added --perf-threads: Setup threading mode for trace writing.
46 [140485673358016] INFO perfrun.launcher <> - the option was added --generate-platform-cmd: Get perf command line for an arbitrary target.
46 [140485673358016] INFO perfrun.launcher <> - the option was added --aocl-profile: Enable profiling and data collection through AOCL profiling tool.
46 [140485673358016] INFO perfrun.launcher <> - the option was added --aocl-source-file: Path to .source file. Find this in the compilation output directory of the FPGA application. Use this option to help attribute performance statistics to the source lines. If unspecified, AOCL profiler will attempt to locate the file in the current directory.
47 [140485673358016] INFO perfrun.launcher <> - the option was added --aocl-binary-aocx-file: Path to .aocx file (OpenCL flow) or host binary (DPC++ flow). If you do not provide this path: 1) For OpenCL flow, AOCL Profiler attempts to locate the file in the working directory. 2) For DPC++ flow, the collector assumes that host binary is used as an application to launch.
47 [140485673358016] INFO perfrun.launcher <> - the option was added --aocl-period: Specifies the number of cycles between readbacks from the device. The default value is 0 and indicates that the profiler should read back data as often as possible.
47 [140485673358016] INFO perfrun.launcher <> - the option was added --aocl-no-temporal: Disables readback during execution and only reads back non-autorun kernels once they finish executing.
47 [140485673358016] INFO perfrun.launcher <> - the option was added --aocl-no-mem-transfers: Disables the recording of memory transfer information.
47 [140485673358016] INFO perfrun.launcher <> - the option was added --stackwalk: Specify stack unwinding method. Possible values: online - unwind stacks during collection; offline - unwind stacks after collection is finished. Specify stack unwinding method. Possible value: lbr - unwind stacks during collection. Specify stack unwinding method. Possible values: online - unwind stacks during collection; offline - unwind stacks after collection is finished; lbr - enable LBR-based call stack collection. Specify stack unwinding method. Possible values: online - unwind stacks during collection; offline - unwind stacks after collection is finished. Specify stack unwinding method. Possible values: online - unwind stacks during collection; offline - unwind stacks after collection is finished.
47 [140485673358016] INFO perfrun.launcher <> - the option was added --filter-include: Filter data during collection. Possible values: contended=<on|off> - filter out uncontended events; contended_nostack=<time> - filter out stacks for contended events that take less than <time> microseconds; wait=<time> - ignore transitions and blocks with wait time less than <time> microseconds; wait_nostack=<time> - filter out stacks for waits that take less than <time> microseconds.
47 [140485673358016] INFO perfrun.launcher <> - the option was added --debug-pin: Debug PIN tool and runtime.
47 [140485673358016] INFO perfrun.launcher <> - the option was added --debug-exception: Disallow the application to set own abnormal termination handler.
47 [140485673358016] INFO perfrun.launcher <> - the option was added --trace-type: Specify the trace file granularity. Possible values: per-thread - per-thread trace file generation; per-process - per-process trace file generation.
47 [140485673358016] INFO perfrun.launcher <> - the option was added --instrumentation-type: Specify type of instrumentation.
47 [140485673358016] INFO perfrun.launcher <> - the option was added --altstack: Enable or disable usage of altstacks for profiling signal handlers.
47 [140485673358016] INFO perfrun.launcher <> - the option was added --profiling-signal: BADMSG: perfrun1.ptracecollector::profiling-signal Alternate profiling signal.
47 [140485673358016] INFO perfrun.launcher <> - the option was added --memory-strategy: Specify a minimal memory object size to be traced and a hash table size for faster objects search; for example: --memory-strategy obj-size-min=1024,hash-table-size=4096.
47 [140485673358016] INFO perfrun.launcher <> - the option was added --gpu-profiling-type: Specify a type of deep GPU profiling: none, bblatency, memlatency, instcount.
47 [140485673358016] INFO perfrun.launcher <> - the option was added --opencl-trace-mode: Specify OpenCL kernel tracing modes: 'default' to trace OpenCL kernels for Intel Graphics Driver only; 'epoch' for any non-Intel graphics, where OpenCL kernels will be traced and OpenCL profiling API timestamps will be interpreted as Unux Epoch time in nanoseconds; 'completion' to trace OpenCL kernels for any Graphics Driver and bind OpenCL profiling API timestamps to the timestamp of OpenCL completion callback.
47 [140485673358016] INFO perfrun.launcher <> - the option was added --gpu-kernels-to-profile: Specify a comma-separated list of GPU kernel names and invocations to be profiled in the following format: kernel_name[#start_idx#step#stop_idx], where kernel_name is the name of GPU kernel; start_idx is the number of the first invocation; and stop_idx is the number of the last invocation to be profiled.
47 [140485673358016] INFO perfrun.launcher <> - the option was added --exprof-com-list: List available COM ports.
47 [140485673358016] INFO perfrun.launcher <> - the option was added --exprof-dvc-list: List available DvC IDs.
47 [140485673358016] INFO perfrun.launcher <> - the option was added --exprof-trace-channel: BADMSG: perfrun1.exprof::exprof-trace-channel
47 [140485673358016] INFO perfrun.launcher <> - the option was added --exprof-event-config: Specify ExactProfiling Event Classes.
47 [140485673358016] INFO perfrun.launcher <> - the option was added --ice-pmons-list: BADMSG: perfrun1.ice::ice-pmons-list
47 [140485673358016] INFO perfrun.launcher <> - the option was added --ice-pmons-config: BADMSG: perfrun1.ice::ice-pmons-config
47 [140485673358016] INFO perfrun.launcher <> - the option was added --ice-sw-trace: Collect software traces of the Intel Neural Network Processor (NNP-I) and analyze software context of inference progress.
47 [140485673358016] INFO perfrun.launcher <> - the option was added --ice-sample-after-value: BADMSG: perfrun1.ice::ice-sample-after-value
47 [140485673358016] INFO perfrun.launcher <> - the option was added --ice-frequency: BADMSG: perfrun1.ice::ice-frequency
47 [140485673358016] INFO perfrun.launcher <> - the option was added --parallel-fs-config: Specify parallel fs counters to collect.
47 [140485673358016] INFO perfrun.launcher <> - the option was added --pwr-config: BADMSG: perfrun1.vtsspp::pwr-config Specify power metrics configuration.
48 [140485673358016] INFO perfrun.launcher <> - the option was added --pwr-sampling-interval: Specify Intel SoC Watch sampling interval.
48 [140485673358016] INFO perfrun.launcher <> - the option was added --collect-topology: Collect topology info with hwloc.
48 [140485673358016] INFO perfrun.launcher <> - the option was added --persistent-mem-metrics: Collect Persistent Memory performance counters.
48 [140485673358016] INFO perfrun.launcher <> - the option was added --os-counters: Collect OS counters
50 [140485673358016] INFO perfrun.launcher <> - create msngr2::ICliToolContext
50 [140485673358016] INFO perfrun.launcher <> - create file finder object
50 [140485673358016] INFO perfrun.launcher <> - create a result directory: pattern = /home/users/dhamorim/pagerank-openmp/results/hpc-performance_web-NotreDame_1 pid = 4294967295
55 [140485673358016] INFO perfrun.sdk <> - checked that the directory /home/users/dhamorim/pagerank-openmp/results/hpc-performance_web-NotreDame_1 is a local directory
56 [140485673358016] INFO perfrun.sdk <> - the directory /home/users/dhamorim/pagerank-openmp/results/hpc-performance_web-NotreDame_1 is located on a share or its FS ID is unknown 26985
56 [140485673358016] INFO perfrun.sdk <> - checked that the directory /tmp/amplxe-tmp-dhamorim is a local directory
56 [140485673358016] INFO perfrun.sdk <> - the directory /tmp/amplxe-tmp-dhamorim is a local directory with FS type ID 61267
57 [140485673358016] INFO perfrun.launcher <> - Create a local result directory /tmp/amplxe-tmp-dhamorim/amplxe-res-1444187-16359795852225590 due to the user result path /home/users/dhamorim/pagerank-openmp/results/hpc-performance_web-NotreDame_1 is located on a share
57 [140485673358016] INFO perfrun.launcher <> - create data directory = /tmp/amplxe-tmp-dhamorim/amplxe-res-1444187-16359795852225590/data.0
80 [140485673358016] INFO perfrun.launcher <> - create data directory = /home/users/dhamorim/pagerank-openmp/results/hpc-performance_web-NotreDame_1/data.0
142 [140485673358016] INFO perfrun.launcher <> - Creating the master collection flag
170 [140485673358016] INFO perfrun.launcher <> - Done creating the master collection flag
174 [140485517633216] INFO perfrun.launcher <> - plugin [remoteplug] was disabled because it doesn't support the given collection type.
174 [140485517633216] INFO perfrun.system <> - online nodes : 0-1
174 [140485517633216] INFO perfrun.system <> - nodes with cpus : 0-1
174 [140485517633216] INFO perfrun.system <> - nodes with memory : 0-1
179 [140485517633216] INFO perfrun.sdk <> - Allocating TMU :/tmp/amplxe-tmp-dhamorim/amplxe-res-1444187-16359795852225590/data.0/systemcollector-1444187-hype1.sc
179 [140485517633216] INFO perfrun.launcher <> - plugin [ptracecollector] was disabled because it doesn't support the given collection type.
179 [140485517633216] INFO perfrun.launcher <> - plugin [gpu] was disabled because it doesn't support the given collection type.
179 [140485517633216] INFO perfrun.launcher <> - plugin [] was disabled because it doesn't support the given collection type.
179 [140485517633216] INFO perfrun.launcher <> - plugin [] was disabled because it doesn't support the given collection type.
179 [140485517633216] INFO perfrun.launcher <> - plugin [] was disabled because it doesn't support the given collection type.
179 [140485517633216] INFO perfrun.mrte <> - system-wide mode is 0
179 [140485517633216] INFO perfrun.mrte <> - Getting  mrte profiling environment ...
221 [140485517633216] INFO perfrun.mrte <> - INTEL_MRTE_DATA_DIR=/tmp/amplxe-tmp-dhamorim/amplxe-res-1444187-16359795852225590/data.0
221 [140485517633216] INFO perfrun.mrte <> - INTEL_MRTE_HOST_NAME=hype1
221 [140485517633216] INFO perfrun.mrte <> - JAVA_TOOL_OPTIONS=-agentlib:amplxe_samplingmrte_javaprof_1.0 -Dsun.boot.library.path=/home/intel/oneapi/vtune/2021.1.1/lib32/runtime:/home/intel/oneapi/vtune/2021.1.1/lib64/runtime
221 [140485517633216] INFO perfrun.mrte <> - CORECLR_ENABLE_PROFILING=1
221 [140485517633216] INFO perfrun.mrte <> - CORECLR_PROFILER={AA5E4821-E3B1-479c-B7FF-5AD047D22CED}
221 [140485517633216] INFO perfrun.mrte <> - CORECLR_PROFILER_PATH=/home/intel/oneapi/vtune/2021.1.1/lib64/libamplxe_samplingmrte_clrprof_1.0.so
221 [140485517633216] INFO perfrun.mrte <> - INTEL_MRTE_PROFILER_MODE=mixed
221 [140485517633216] INFO perfrun.mrte <> - Data directory: /tmp/amplxe-tmp-dhamorim/amplxe-res-1444187-16359795852225590/data.0
221 [140485517633216] INFO perfrun.mrte <> - Mrte plugin is initialized
221 [140485517633216] INFO perfrun.launcher <> - plugin [emon] was disabled because it doesn't support the given collection type.
221 [140485517633216] INFO perfrun.launcher <> - plugin [cuscol] was disabled because it doesn't support the given collection type.
221 [140485517633216] INFO perfrun.launcher <> - plugin [stdsrc] was disabled because it doesn't support the given collection type.
221 [140485517633216] INFO perfrun.launcher <> - plugin [sep] was disabled because it doesn't support the given collection type.
221 [140485517633216] INFO perfrun.launcher <> - plugin [vtsspp] was disabled because it doesn't support the given collection type.
221 [140485517633216] INFO perfrun.perfcollector <> - AIO blocks = 0
221 [140485517633216] INFO perfrun.perfcollector <> - compression level = 1
221 [140485517633216] INFO perfrun.perfcollector <> - Perf threads mode = CPU
221 [140485517633216] INFO perfrun.perfcollector <> - No MPI detected-1
221 [140485517633216] WARN perfrun.launcher <> - Messenger::say: To profile kernel modules during the session, make sure they are available in the /lib/modules/kernel_version/ location.
222 [140485517633216] INFO perfrun.sdk <> - runCmd: "/home/intel/oneapi/vtune/2021.1.1/bin64/sep" -dry-run -sam 5 -ec "CPU_CLK_UNHALTED.THREAD:sa=2300000,CPU_CLK_UNHALTED.REF_TSC:sample:sa=2300000,INST_RETIRED.ANY:sample:sa=2300000,CPU_CLK_UNHALTED.REF_XCLK:sa=100003,CPU_CLK_UNHALTED.ONE_THREAD_ACTIVE:sa=100003,CYCLE_ACTIVITY.CYCLES_NO_EXECUTE:sa=2000003,CYCLE_ACTIVITY.STALLS_L1D_PENDING:sa=2000003,CYCLE_ACTIVITY.STALLS_LDM_PENDING:sa=2000003,CYCLE_ACTIVITY.STALLS_L2_PENDING:sa=2000003,IDQ_UOPS_NOT_DELIVERED.CORE:sa=2000003,INT_MISC.RECOVERY_CYCLES:sa=2000003,MEM_LOAD_UOPS_RETIRED.L3_HIT_PS:sa=50003,MEM_LOAD_UOPS_RETIRED.L3_MISS_PS:sa=50003,OFFCORE_REQUESTS_OUTSTANDING.CYCLES_WITH_DATA_RD:sa=2000003,OFFCORE_REQUESTS_OUTSTANDING.ALL_DATA_RD:cmask=6:sa=2000003,RESOURCE_STALLS.SB:sa=2000003,RS_EVENTS.EMPTY_CYCLES:sa=2000003,UOPS_EXECUTED.CORE:cmask=1:sa=2000003,UOPS_EXECUTED.CORE:cmask=2:sa=2000003,UOPS_EXECUTED.CORE:cmask=3:sa=2000003,UOPS_ISSUED.ANY:sa=2000003,UOPS_RETIRED.RETIRE_SLOTS:sa=2000003,IDQ_UOPS_NOT_DELIVERED.CYCLES_0_UOPS_DELIV.CORE:sa=2000003,MEM_UOPS_RETIRED.ALL_LOADS_PS:sa=100003,MEM_UOPS_RETIRED.ALL_STORES_PS:sa=100003,MEM_LOAD_UOPS_L3_MISS_RETIRED.LOCAL_DRAM_PS:sa=100003,MEM_LOAD_UOPS_L3_MISS_RETIRED.REMOTE_DRAM_PS:sa=100003,MEM_LOAD_UOPS_L3_MISS_RETIRED.REMOTE_HITM_PS:sa=100003,MEM_LOAD_UOPS_L3_MISS_RETIRED.REMOTE_FWD_PS:sa=100003,UNC_M_CAS_COUNT.RD,UNC_M_CAS_COUNT.WR" -experimental
244 [140485517633216] INFO perfrun.perfcollector <> - SepDryRun RC = true
244 [140485517633216] INFO perfrun.perfcollector <> - DRY_RUN : "PMU type: Core (core)"
247 [140485517633216] INFO perfrun.perfcollector <> - pmu type : cpu
248 [140485517633216] INFO perfrun.perfcollector <> - DRY_RUN : "Group 0:"
248 [140485517633216] INFO perfrun.perfcollector <> - id : 0
248 [140485517633216] INFO perfrun.perfcollector <> - DRY_RUN : "INST_RETIRED.ANY: event id 2"
248 [140485517633216] INFO perfrun.perfcollector <> - eventName : INST_RETIRED.ANY , eventId : 2
248 [140485517633216] INFO perfrun.perfcollector <> - DRY_RUN : "CPU_CLK_UNHALTED.THREAD: event id 0"
248 [140485517633216] INFO perfrun.perfcollector <> - eventName : CPU_CLK_UNHALTED.THREAD , eventId : 0
248 [140485517633216] INFO perfrun.perfcollector <> - DRY_RUN : "CPU_CLK_UNHALTED.REF_TSC: event id 1"
248 [140485517633216] INFO perfrun.perfcollector <> - eventName : CPU_CLK_UNHALTED.REF_TSC , eventId : 1
248 [140485517633216] INFO perfrun.perfcollector <> - DRY_RUN : "CPU_CLK_UNHALTED.REF_XCLK: event id 4"
248 [140485517633216] INFO perfrun.perfcollector <> - eventName : CPU_CLK_UNHALTED.REF_XCLK , eventId : 4
248 [140485517633216] INFO perfrun.perfcollector <> - DRY_RUN : "CPU_CLK_UNHALTED.ONE_THREAD_ACTIVE: event id 5"
248 [140485517633216] INFO perfrun.perfcollector <> - eventName : CPU_CLK_UNHALTED.ONE_THREAD_ACTIVE , eventId : 5
248 [140485517633216] INFO perfrun.perfcollector <> - DRY_RUN : "CYCLE_ACTIVITY.STALLS_L1D_PENDING: event id 3"
248 [140485517633216] INFO perfrun.perfcollector <> - eventName : CYCLE_ACTIVITY.STALLS_L1D_PENDING , eventId : 3
248 [140485517633216] INFO perfrun.perfcollector <> - DRY_RUN : "CYCLE_ACTIVITY.CYCLES_NO_EXECUTE: event id 6"
248 [140485517633216] INFO perfrun.perfcollector <> - eventName : CYCLE_ACTIVITY.CYCLES_NO_EXECUTE , eventId : 6
248 [140485517633216] INFO perfrun.perfcollector <> - DRY_RUN : "CCCR"
248 [140485517633216] INFO perfrun.perfcollector <> - DRY_RUN : "reg_type       = 1	event_id       = g	reg_id         = 38f	reg_value      = 70000000f"
248 [140485517633216] INFO perfrun.perfcollector <> - eventId : g , ignored
248 [140485517633216] INFO perfrun.perfcollector <> - DRY_RUN : "reg_type       = 1	event_id       = g	reg_id         = 390	reg_value      = 70000000f"
248 [140485517633216] INFO perfrun.perfcollector <> - eventId : g , ignored
248 [140485517633216] INFO perfrun.perfcollector <> - DRY_RUN : "reg_type       = 1	event_id       = g	reg_id         = 3f1	reg_value      = 0"
248 [140485517633216] INFO perfrun.perfcollector <> - eventId : g , ignored
248 [140485517633216] INFO perfrun.perfcollector <> - DRY_RUN : "reg_type       = 1	event_id       = g	reg_id         = 1d9	reg_value      = 1800"
248 [140485517633216] INFO perfrun.perfcollector <> - eventId : g , ignored
248 [140485517633216] INFO perfrun.perfcollector <> - DRY_RUN : "reg_type       = 1	event_id       = g	reg_id         = 38d	reg_value      = bbb"
248 [140485517633216] INFO perfrun.perfcollector <> - eventId : g , ignored
248 [140485517633216] INFO perfrun.perfcollector <> - DRY_RUN : "reg_type       = 1	event_id       = 4	reg_id         = 186	reg_value      = 53013c"
248 [140485517633216] INFO perfrun.perfcollector <> - eventId : 4 , cccrAddr : 186 , cccrVal : 53013c
248 [140485517633216] INFO perfrun.perfcollector <> - DRY_RUN : "reg_type       = 1	event_id       = 5	reg_id         = 187	reg_value      = 53023c"
248 [140485517633216] INFO perfrun.perfcollector <> - eventId : 5 , cccrAddr : 187 , cccrVal : 53023c
248 [140485517633216] INFO perfrun.perfcollector <> - DRY_RUN : "reg_type       = 1	event_id       = 3	reg_id         = 188	reg_value      = c530ca3"
248 [140485517633216] INFO perfrun.perfcollector <> - eventId : 3 , cccrAddr : 188 , cccrVal : c530ca3
248 [140485517633216] INFO perfrun.perfcollector <> - DRY_RUN : "reg_type       = 1	event_id       = 6	reg_id         = 189	reg_value      = 45304a3"
248 [140485517633216] INFO perfrun.perfcollector <> - eventId : 6 , cccrAddr : 189 , cccrVal : 45304a3
248 [140485517633216] INFO perfrun.perfcollector <> - DRY_RUN : "ESCR"
248 [140485517633216] INFO perfrun.perfcollector <> - DRY_RUN : "reg_type       = 2	event_id       = g	reg_id         = 1c8	reg_value      = 0"
248 [140485517633216] INFO perfrun.perfcollector <> - eventId : g , ignored
248 [140485517633216] INFO perfrun.perfcollector <> - DRY_RUN : "DATA"
248 [140485517633216] INFO perfrun.perfcollector <> - DRY_RUN : "reg_type       = 4	event_id       = 2	reg_id         = 309	reg_value      = ffffff508620"
248 [140485517633216] INFO perfrun.perfcollector <> - eventId : 2 , dataAddr : 309 , dataVal : ffffff508620
248 [140485517633216] INFO perfrun.perfcollector <> - DRY_RUN : "reg_type       = 4	event_id       = 0	reg_id         = 30a	reg_value      = ffffff508620"
248 [140485517633216] INFO perfrun.perfcollector <> - eventId : 0 , dataAddr : 30a , dataVal : ffffff508620
248 [140485517633216] INFO perfrun.perfcollector <> - DRY_RUN : "reg_type       = 4	event_id       = 1	reg_id         = 30b	reg_value      = ffffff508620"
248 [140485517633216] INFO perfrun.perfcollector <> - eventId : 1 , dataAddr : 30b , dataVal : ffffff508620
248 [140485517633216] INFO perfrun.perfcollector <> - DRY_RUN : "reg_type       = 4	event_id       = 4	reg_id         = c1	reg_value      = fffffff85ed1"
248 [140485517633216] INFO perfrun.perfcollector <> - eventId : 4 , dataAddr : c1 , dataVal : fffffff85ed1
248 [140485517633216] INFO perfrun.perfcollector <> - DRY_RUN : "reg_type       = 4	event_id       = 5	reg_id         = c2	reg_value      = fffffff85ed1"
248 [140485517633216] INFO perfrun.perfcollector <> - eventId : 5 , dataAddr : c2 , dataVal : fffffff85ed1
248 [140485517633216] INFO perfrun.perfcollector <> - DRY_RUN : "reg_type       = 4	event_id       = 3	reg_id         = c3	reg_value      = ffffff676971"
248 [140485517633216] INFO perfrun.perfcollector <> - eventId : 3 , dataAddr : c3 , dataVal : ffffff676971
248 [140485517633216] INFO perfrun.perfcollector <> - DRY_RUN : "reg_type       = 4	event_id       = 6	reg_id         = c4	reg_value      = ffffff676971"
248 [140485517633216] INFO perfrun.perfcollector <> - eventId : 6 , dataAddr : c4 , dataVal : ffffff676971
248 [140485517633216] INFO perfrun.perfcollector <> - DRY_RUN : "Group 1:"
248 [140485517633216] INFO perfrun.perfcollector <> - id : 1
248 [140485517633216] INFO perfrun.perfcollector <> - DRY_RUN : "INST_RETIRED.ANY: event id 2"
248 [140485517633216] INFO perfrun.perfcollector <> - eventName : INST_RETIRED.ANY , eventId : 2
248 [140485517633216] INFO perfrun.perfcollector <> - DRY_RUN : "CPU_CLK_UNHALTED.THREAD: event id 0"
248 [140485517633216] INFO perfrun.perfcollector <> - eventName : CPU_CLK_UNHALTED.THREAD , eventId : 0
248 [140485517633216] INFO perfrun.perfcollector <> - DRY_RUN : "CPU_CLK_UNHALTED.REF_TSC: event id 1"
248 [140485517633216] INFO perfrun.perfcollector <> - eventName : CPU_CLK_UNHALTED.REF_TSC , eventId : 1
248 [140485517633216] INFO perfrun.perfcollector <> - DRY_RUN : "CYCLE_ACTIVITY.STALLS_LDM_PENDING: event id 7"
248 [140485517633216] INFO perfrun.perfcollector <> - eventName : CYCLE_ACTIVITY.STALLS_LDM_PENDING , eventId : 7
248 [140485517633216] INFO perfrun.perfcollector <> - DRY_RUN : "CYCLE_ACTIVITY.STALLS_L2_PENDING: event id 8"
248 [140485517633216] INFO perfrun.perfcollector <> - eventName : CYCLE_ACTIVITY.STALLS_L2_PENDING , eventId : 8
248 [140485517633216] INFO perfrun.perfcollector <> - DRY_RUN : "IDQ_UOPS_NOT_DELIVERED.CORE: event id 9"
248 [140485517633216] INFO perfrun.perfcollector <> - eventName : IDQ_UOPS_NOT_DELIVERED.CORE , eventId : 9
248 [140485517633216] INFO perfrun.perfcollector <> - DRY_RUN : "INT_MISC.RECOVERY_CYCLES: event id 10"
248 [140485517633216] INFO perfrun.perfcollector <> - eventName : INT_MISC.RECOVERY_CYCLES , eventId : 10
248 [140485517633216] INFO perfrun.perfcollector <> - DRY_RUN : "CCCR"
248 [140485517633216] INFO perfrun.perfcollector <> - DRY_RUN : "reg_type       = 1	event_id       = g	reg_id         = 38f	reg_value      = 70000000f"
248 [140485517633216] INFO perfrun.perfcollector <> - eventId : g , ignored
248 [140485517633216] INFO perfrun.perfcollector <> - DRY_RUN : "reg_type       = 1	event_id       = g	reg_id         = 390	reg_value      = 70000000f"
248 [140485517633216] INFO perfrun.perfcollector <> - eventId : g , ignored
248 [140485517633216] INFO perfrun.perfcollector <> - DRY_RUN : "reg_type       = 1	event_id       = g	reg_id         = 3f1	reg_value      = 0"
248 [140485517633216] INFO perfrun.perfcollector <> - eventId : g , ignored
248 [140485517633216] INFO perfrun.perfcollector <> - DRY_RUN : "reg_type       = 1	event_id       = g	reg_id         = 1d9	reg_value      = 1800"
248 [140485517633216] INFO perfrun.perfcollector <> - eventId : g , ignored
248 [140485517633216] INFO perfrun.perfcollector <> - DRY_RUN : "reg_type       = 1	event_id       = g	reg_id         = 38d	reg_value      = bbb"
248 [140485517633216] INFO perfrun.perfcollector <> - eventId : g , ignored
248 [140485517633216] INFO perfrun.perfcollector <> - DRY_RUN : "reg_type       = 1	event_id       = 7	reg_id         = 186	reg_value      = 65306a3"
248 [140485517633216] INFO perfrun.perfcollector <> - eventId : 7 , cccrAddr : 186 , cccrVal : 65306a3
248 [140485517633216] INFO perfrun.perfcollector <> - DRY_RUN : "reg_type       = 1	event_id       = 8	reg_id         = 187	reg_value      = 55305a3"
248 [140485517633216] INFO perfrun.perfcollector <> - eventId : 8 , cccrAddr : 187 , cccrVal : 55305a3
248 [140485517633216] INFO perfrun.perfcollector <> - DRY_RUN : "reg_type       = 1	event_id       = 9	reg_id         = 188	reg_value      = 53019c"
248 [140485517633216] INFO perfrun.perfcollector <> - eventId : 9 , cccrAddr : 188 , cccrVal : 53019c
248 [140485517633216] INFO perfrun.perfcollector <> - DRY_RUN : "reg_type       = 1	event_id       = 10	reg_id         = 189	reg_value      = 153030d"
248 [140485517633216] INFO perfrun.perfcollector <> - eventId : 10 , cccrAddr : 189 , cccrVal : 153030d
248 [140485517633216] INFO perfrun.perfcollector <> - DRY_RUN : "ESCR"
248 [140485517633216] INFO perfrun.perfcollector <> - DRY_RUN : "reg_type       = 2	event_id       = g	reg_id         = 1c8	reg_value      = 0"
248 [140485517633216] INFO perfrun.perfcollector <> - eventId : g , ignored
248 [140485517633216] INFO perfrun.perfcollector <> - DRY_RUN : "DATA"
248 [140485517633216] INFO perfrun.perfcollector <> - DRY_RUN : "reg_type       = 4	event_id       = 2	reg_id         = 309	reg_value      = ffffff508620"
248 [140485517633216] INFO perfrun.perfcollector <> - eventId : 2 , dataAddr : 309 , dataVal : ffffff508620
248 [140485517633216] INFO perfrun.perfcollector <> - DRY_RUN : "reg_type       = 4	event_id       = 0	reg_id         = 30a	reg_value      = ffffff508620"
248 [140485517633216] INFO perfrun.perfcollector <> - eventId : 0 , dataAddr : 30a , dataVal : ffffff508620
248 [140485517633216] INFO perfrun.perfcollector <> - DRY_RUN : "reg_type       = 4	event_id       = 1	reg_id         = 30b	reg_value      = ffffff508620"
248 [140485517633216] INFO perfrun.perfcollector <> - eventId : 1 , dataAddr : 30b , dataVal : ffffff508620
248 [140485517633216] INFO perfrun.perfcollector <> - DRY_RUN : "reg_type       = 4	event_id       = 7	reg_id         = c1	reg_value      = ffffff676971"
248 [140485517633216] INFO perfrun.perfcollector <> - eventId : 7 , dataAddr : c1 , dataVal : ffffff676971
248 [140485517633216] INFO perfrun.perfcollector <> - DRY_RUN : "reg_type       = 4	event_id       = 8	reg_id         = c2	reg_value      = ffffff676971"
248 [140485517633216] INFO perfrun.perfcollector <> - eventId : 8 , dataAddr : c2 , dataVal : ffffff676971
248 [140485517633216] INFO perfrun.perfcollector <> - DRY_RUN : "reg_type       = 4	event_id       = 9	reg_id         = c3	reg_value      = ffffff676971"
248 [140485517633216] INFO perfrun.perfcollector <> - eventId : 9 , dataAddr : c3 , dataVal : ffffff676971
248 [140485517633216] INFO perfrun.perfcollector <> - DRY_RUN : "reg_type       = 4	event_id       = 10	reg_id         = c4	reg_value      = ffffff676971"
248 [140485517633216] INFO perfrun.perfcollector <> - eventId : 10 , dataAddr : c4 , dataVal : ffffff676971
248 [140485517633216] INFO perfrun.perfcollector <> - DRY_RUN : "Group 2:"
248 [140485517633216] INFO perfrun.perfcollector <> - id : 2
248 [140485517633216] INFO perfrun.perfcollector <> - DRY_RUN : "INST_RETIRED.ANY: event id 2"
248 [140485517633216] INFO perfrun.perfcollector <> - eventName : INST_RETIRED.ANY , eventId : 2
248 [140485517633216] INFO perfrun.perfcollector <> - DRY_RUN : "CPU_CLK_UNHALTED.THREAD: event id 0"
248 [140485517633216] INFO perfrun.perfcollector <> - eventName : CPU_CLK_UNHALTED.THREAD , eventId : 0
248 [140485517633216] INFO perfrun.perfcollector <> - DRY_RUN : "CPU_CLK_UNHALTED.REF_TSC: event id 1"
248 [140485517633216] INFO perfrun.perfcollector <> - eventName : CPU_CLK_UNHALTED.REF_TSC , eventId : 1
248 [140485517633216] INFO perfrun.perfcollector <> - DRY_RUN : "MEM_LOAD_UOPS_RETIRED.L3_HIT_PS: event id 11"
248 [140485517633216] INFO perfrun.perfcollector <> - eventName : MEM_LOAD_UOPS_RETIRED.L3_HIT_PS , eventId : 11
248 [140485517633216] INFO perfrun.perfcollector <> - DRY_RUN : "MEM_LOAD_UOPS_RETIRED.L3_MISS_PS: event id 12"
248 [140485517633216] INFO perfrun.perfcollector <> - eventName : MEM_LOAD_UOPS_RETIRED.L3_MISS_PS , eventId : 12
248 [140485517633216] INFO perfrun.perfcollector <> - DRY_RUN : "OFFCORE_REQUESTS_OUTSTANDING.CYCLES_WITH_DATA_RD: event id 13"
248 [140485517633216] INFO perfrun.perfcollector <> - eventName : OFFCORE_REQUESTS_OUTSTANDING.CYCLES_WITH_DATA_RD , eventId : 13
248 [140485517633216] INFO perfrun.perfcollector <> - DRY_RUN : "OFFCORE_REQUESTS_OUTSTANDING.ALL_DATA_RD:cmask=6: event id 14"
248 [140485517633216] INFO perfrun.perfcollector <> - eventName : OFFCORE_REQUESTS_OUTSTANDING.ALL_DATA_RD:cmask=6 , eventId : 14
248 [140485517633216] INFO perfrun.perfcollector <> - DRY_RUN : "CCCR"
248 [140485517633216] INFO perfrun.perfcollector <> - DRY_RUN : "reg_type       = 1	event_id       = g	reg_id         = 38f	reg_value      = 70000000f"
248 [140485517633216] INFO perfrun.perfcollector <> - eventId : g , ignored
248 [140485517633216] INFO perfrun.perfcollector <> - DRY_RUN : "reg_type       = 1	event_id       = g	reg_id         = 390	reg_value      = 70000000f"
248 [140485517633216] INFO perfrun.perfcollector <> - eventId : g , ignored
248 [140485517633216] INFO perfrun.perfcollector <> - DRY_RUN : "reg_type       = 1	event_id       = g	reg_id         = 3f1	reg_value      = 300000003"
248 [140485517633216] INFO perfrun.perfcollector <> - eventId : g , ignored
248 [140485517633216] INFO perfrun.perfcollector <> - DRY_RUN : "reg_type       = 1	event_id       = g	reg_id         = 1d9	reg_value      = 1800"
248 [140485517633216] INFO perfrun.perfcollector <> - eventId : g , ignored
248 [140485517633216] INFO perfrun.perfcollector <> - DRY_RUN : "reg_type       = 1	event_id       = g	reg_id         = 38d	reg_value      = bbb"
248 [140485517633216] INFO perfrun.perfcollector <> - eventId : g , ignored
248 [140485517633216] INFO perfrun.perfcollector <> - DRY_RUN : "reg_type       = 1	event_id       = 11	reg_id         = 186	reg_value      = 4304d1"
248 [140485517633216] INFO perfrun.perfcollector <> - eventId : 11 , cccrAddr : 186 , cccrVal : 4304d1
248 [140485517633216] INFO perfrun.perfcollector <> - DRY_RUN : "reg_type       = 1	event_id       = 12	reg_id         = 187	reg_value      = 4320d1"
248 [140485517633216] INFO perfrun.perfcollector <> - eventId : 12 , cccrAddr : 187 , cccrVal : 4320d1
248 [140485517633216] INFO perfrun.perfcollector <> - DRY_RUN : "reg_type       = 1	event_id       = 13	reg_id         = 188	reg_value      = 1530860"
248 [140485517633216] INFO perfrun.perfcollector <> - eventId : 13 , cccrAddr : 188 , cccrVal : 1530860
248 [140485517633216] INFO perfrun.perfcollector <> - DRY_RUN : "reg_type       = 1	event_id       = 14	reg_id         = 189	reg_value      = 6530860"
248 [140485517633216] INFO perfrun.perfcollector <> - eventId : 14 , cccrAddr : 189 , cccrVal : 6530860
248 [140485517633216] INFO perfrun.perfcollector <> - DRY_RUN : "ESCR"
248 [140485517633216] INFO perfrun.perfcollector <> - DRY_RUN : "reg_type       = 2	event_id       = g	reg_id         = 1c8	reg_value      = 0"
248 [140485517633216] INFO perfrun.perfcollector <> - eventId : g , ignored
248 [140485517633216] INFO perfrun.perfcollector <> - DRY_RUN : "DATA"
248 [140485517633216] INFO perfrun.perfcollector <> - DRY_RUN : "reg_type       = 4	event_id       = 2	reg_id         = 309	reg_value      = ffffff508620"
248 [140485517633216] INFO perfrun.perfcollector <> - eventId : 2 , dataAddr : 309 , dataVal : ffffff508620
248 [140485517633216] INFO perfrun.perfcollector <> - DRY_RUN : "reg_type       = 4	event_id       = 0	reg_id         = 30a	reg_value      = ffffff508620"
248 [140485517633216] INFO perfrun.perfcollector <> - eventId : 0 , dataAddr : 30a , dataVal : ffffff508620
248 [140485517633216] INFO perfrun.perfcollector <> - DRY_RUN : "reg_type       = 4	event_id       = 1	reg_id         = 30b	reg_value      = ffffff508620"
248 [140485517633216] INFO perfrun.perfcollector <> - eventId : 1 , dataAddr : 30b , dataVal : ffffff508620
248 [140485517633216] INFO perfrun.perfcollector <> - DRY_RUN : "reg_type       = 4	event_id       = 11	reg_id         = c1	reg_value      = fffffffc2f61"
248 [140485517633216] INFO perfrun.perfcollector <> - eventId : 11 , dataAddr : c1 , dataVal : fffffffc2f61
248 [140485517633216] INFO perfrun.perfcollector <> - DRY_RUN : "reg_type       = 4	event_id       = 12	reg_id         = c2	reg_value      = fffffffc2f61"
248 [140485517633216] INFO perfrun.perfcollector <> - eventId : 12 , dataAddr : c2 , dataVal : fffffffc2f61
248 [140485517633216] INFO perfrun.perfcollector <> - DRY_RUN : "reg_type       = 4	event_id       = 13	reg_id         = c3	reg_value      = ffffff676971"
248 [140485517633216] INFO perfrun.perfcollector <> - eventId : 13 , dataAddr : c3 , dataVal : ffffff676971
248 [140485517633216] INFO perfrun.perfcollector <> - DRY_RUN : "reg_type       = 4	event_id       = 14	reg_id         = c4	reg_value      = ffffff676971"
248 [140485517633216] INFO perfrun.perfcollector <> - eventId : 14 , dataAddr : c4 , dataVal : ffffff676971
248 [140485517633216] INFO perfrun.perfcollector <> - DRY_RUN : "Group 3:"
248 [140485517633216] INFO perfrun.perfcollector <> - id : 3
248 [140485517633216] INFO perfrun.perfcollector <> - DRY_RUN : "INST_RETIRED.ANY: event id 2"
248 [140485517633216] INFO perfrun.perfcollector <> - eventName : INST_RETIRED.ANY , eventId : 2
248 [140485517633216] INFO perfrun.perfcollector <> - DRY_RUN : "CPU_CLK_UNHALTED.THREAD: event id 0"
248 [140485517633216] INFO perfrun.perfcollector <> - eventName : CPU_CLK_UNHALTED.THREAD , eventId : 0
248 [140485517633216] INFO perfrun.perfcollector <> - DRY_RUN : "CPU_CLK_UNHALTED.REF_TSC: event id 1"
248 [140485517633216] INFO perfrun.perfcollector <> - eventName : CPU_CLK_UNHALTED.REF_TSC , eventId : 1
248 [140485517633216] INFO perfrun.perfcollector <> - DRY_RUN : "RESOURCE_STALLS.SB: event id 15"
248 [140485517633216] INFO perfrun.perfcollector <> - eventName : RESOURCE_STALLS.SB , eventId : 15
248 [140485517633216] INFO perfrun.perfcollector <> - DRY_RUN : "RS_EVENTS.EMPTY_CYCLES: event id 16"
248 [140485517633216] INFO perfrun.perfcollector <> - eventName : RS_EVENTS.EMPTY_CYCLES , eventId : 16
248 [140485517633216] INFO perfrun.perfcollector <> - DRY_RUN : "UOPS_EXECUTED.CORE:cmask=1: event id 17"
248 [140485517633216] INFO perfrun.perfcollector <> - eventName : UOPS_EXECUTED.CORE:cmask=1 , eventId : 17
248 [140485517633216] INFO perfrun.perfcollector <> - DRY_RUN : "UOPS_EXECUTED.CORE:cmask=2: event id 18"
248 [140485517633216] INFO perfrun.perfcollector <> - eventName : UOPS_EXECUTED.CORE:cmask=2 , eventId : 18
248 [140485517633216] INFO perfrun.perfcollector <> - DRY_RUN : "CCCR"
248 [140485517633216] INFO perfrun.perfcollector <> - DRY_RUN : "reg_type       = 1	event_id       = g	reg_id         = 38f	reg_value      = 70000000f"
248 [140485517633216] INFO perfrun.perfcollector <> - eventId : g , ignored
248 [140485517633216] INFO perfrun.perfcollector <> - DRY_RUN : "reg_type       = 1	event_id       = g	reg_id         = 390	reg_value      = 70000000f"
248 [140485517633216] INFO perfrun.perfcollector <> - eventId : g , ignored
248 [140485517633216] INFO perfrun.perfcollector <> - DRY_RUN : "reg_type       = 1	event_id       = g	reg_id         = 3f1	reg_value      = 0"
248 [140485517633216] INFO perfrun.perfcollector <> - eventId : g , ignored
248 [140485517633216] INFO perfrun.perfcollector <> - DRY_RUN : "reg_type       = 1	event_id       = g	reg_id         = 1d9	reg_value      = 1800"
248 [140485517633216] INFO perfrun.perfcollector <> - eventId : g , ignored
248 [140485517633216] INFO perfrun.perfcollector <> - DRY_RUN : "reg_type       = 1	event_id       = g	reg_id         = 38d	reg_value      = bbb"
248 [140485517633216] INFO perfrun.perfcollector <> - eventId : g , ignored
248 [140485517633216] INFO perfrun.perfcollector <> - DRY_RUN : "reg_type       = 1	event_id       = 15	reg_id         = 186	reg_value      = 5308a2"
248 [140485517633216] INFO perfrun.perfcollector <> - eventId : 15 , cccrAddr : 186 , cccrVal : 5308a2
248 [140485517633216] INFO perfrun.perfcollector <> - DRY_RUN : "reg_type       = 1	event_id       = 16	reg_id         = 187	reg_value      = 53015e"
248 [140485517633216] INFO perfrun.perfcollector <> - eventId : 16 , cccrAddr : 187 , cccrVal : 53015e
248 [140485517633216] INFO perfrun.perfcollector <> - DRY_RUN : "reg_type       = 1	event_id       = 17	reg_id         = 188	reg_value      = 15302b1"
248 [140485517633216] INFO perfrun.perfcollector <> - eventId : 17 , cccrAddr : 188 , cccrVal : 15302b1
248 [140485517633216] INFO perfrun.perfcollector <> - DRY_RUN : "reg_type       = 1	event_id       = 18	reg_id         = 189	reg_value      = 25302b1"
248 [140485517633216] INFO perfrun.perfcollector <> - eventId : 18 , cccrAddr : 189 , cccrVal : 25302b1
248 [140485517633216] INFO perfrun.perfcollector <> - DRY_RUN : "ESCR"
248 [140485517633216] INFO perfrun.perfcollector <> - DRY_RUN : "reg_type       = 2	event_id       = g	reg_id         = 1c8	reg_value      = 0"
248 [140485517633216] INFO perfrun.perfcollector <> - eventId : g , ignored
248 [140485517633216] INFO perfrun.perfcollector <> - DRY_RUN : "DATA"
248 [140485517633216] INFO perfrun.perfcollector <> - DRY_RUN : "reg_type       = 4	event_id       = 2	reg_id         = 309	reg_value      = ffffff508620"
248 [140485517633216] INFO perfrun.perfcollector <> - eventId : 2 , dataAddr : 309 , dataVal : ffffff508620
248 [140485517633216] INFO perfrun.perfcollector <> - DRY_RUN : "reg_type       = 4	event_id       = 0	reg_id         = 30a	reg_value      = ffffff508620"
248 [140485517633216] INFO perfrun.perfcollector <> - eventId : 0 , dataAddr : 30a , dataVal : ffffff508620
248 [140485517633216] INFO perfrun.perfcollector <> - DRY_RUN : "reg_type       = 4	event_id       = 1	reg_id         = 30b	reg_value      = ffffff508620"
248 [140485517633216] INFO perfrun.perfcollector <> - eventId : 1 , dataAddr : 30b , dataVal : ffffff508620
248 [140485517633216] INFO perfrun.perfcollector <> - DRY_RUN : "reg_type       = 4	event_id       = 15	reg_id         = c1	reg_value      = ffffff676971"
248 [140485517633216] INFO perfrun.perfcollector <> - eventId : 15 , dataAddr : c1 , dataVal : ffffff676971
248 [140485517633216] INFO perfrun.perfcollector <> - DRY_RUN : "reg_type       = 4	event_id       = 16	reg_id         = c2	reg_value      = ffffff676971"
248 [140485517633216] INFO perfrun.perfcollector <> - eventId : 16 , dataAddr : c2 , dataVal : ffffff676971
248 [140485517633216] INFO perfrun.perfcollector <> - DRY_RUN : "reg_type       = 4	event_id       = 17	reg_id         = c3	reg_value      = ffffff676971"
249 [140485517633216] INFO perfrun.perfcollector <> - eventId : 17 , dataAddr : c3 , dataVal : ffffff676971
249 [140485517633216] INFO perfrun.perfcollector <> - DRY_RUN : "reg_type       = 4	event_id       = 18	reg_id         = c4	reg_value      = ffffff676971"
249 [140485517633216] INFO perfrun.perfcollector <> - eventId : 18 , dataAddr : c4 , dataVal : ffffff676971
249 [140485517633216] INFO perfrun.perfcollector <> - DRY_RUN : "Group 4:"
249 [140485517633216] INFO perfrun.perfcollector <> - id : 4
249 [140485517633216] INFO perfrun.perfcollector <> - DRY_RUN : "INST_RETIRED.ANY: event id 2"
249 [140485517633216] INFO perfrun.perfcollector <> - eventName : INST_RETIRED.ANY , eventId : 2
249 [140485517633216] INFO perfrun.perfcollector <> - DRY_RUN : "CPU_CLK_UNHALTED.THREAD: event id 0"
249 [140485517633216] INFO perfrun.perfcollector <> - eventName : CPU_CLK_UNHALTED.THREAD , eventId : 0
249 [140485517633216] INFO perfrun.perfcollector <> - DRY_RUN : "CPU_CLK_UNHALTED.REF_TSC: event id 1"
249 [140485517633216] INFO perfrun.perfcollector <> - eventName : CPU_CLK_UNHALTED.REF_TSC , eventId : 1
249 [140485517633216] INFO perfrun.perfcollector <> - DRY_RUN : "UOPS_EXECUTED.CORE:cmask=3: event id 19"
249 [140485517633216] INFO perfrun.perfcollector <> - eventName : UOPS_EXECUTED.CORE:cmask=3 , eventId : 19
249 [140485517633216] INFO perfrun.perfcollector <> - DRY_RUN : "UOPS_ISSUED.ANY: event id 20"
249 [140485517633216] INFO perfrun.perfcollector <> - eventName : UOPS_ISSUED.ANY , eventId : 20
249 [140485517633216] INFO perfrun.perfcollector <> - DRY_RUN : "UOPS_RETIRED.RETIRE_SLOTS: event id 21"
249 [140485517633216] INFO perfrun.perfcollector <> - eventName : UOPS_RETIRED.RETIRE_SLOTS , eventId : 21
249 [140485517633216] INFO perfrun.perfcollector <> - DRY_RUN : "IDQ_UOPS_NOT_DELIVERED.CYCLES_0_UOPS_DELIV.CORE: event id 22"
249 [140485517633216] INFO perfrun.perfcollector <> - eventName : IDQ_UOPS_NOT_DELIVERED.CYCLES_0_UOPS_DELIV.CORE , eventId : 22
249 [140485517633216] INFO perfrun.perfcollector <> - DRY_RUN : "CCCR"
249 [140485517633216] INFO perfrun.perfcollector <> - DRY_RUN : "reg_type       = 1	event_id       = g	reg_id         = 38f	reg_value      = 70000000f"
249 [140485517633216] INFO perfrun.perfcollector <> - eventId : g , ignored
249 [140485517633216] INFO perfrun.perfcollector <> - DRY_RUN : "reg_type       = 1	event_id       = g	reg_id         = 390	reg_value      = 70000000f"
249 [140485517633216] INFO perfrun.perfcollector <> - eventId : g , ignored
249 [140485517633216] INFO perfrun.perfcollector <> - DRY_RUN : "reg_type       = 1	event_id       = g	reg_id         = 3f1	reg_value      = 0"
249 [140485517633216] INFO perfrun.perfcollector <> - eventId : g , ignored
249 [140485517633216] INFO perfrun.perfcollector <> - DRY_RUN : "reg_type       = 1	event_id       = g	reg_id         = 1d9	reg_value      = 1800"
249 [140485517633216] INFO perfrun.perfcollector <> - eventId : g , ignored
249 [140485517633216] INFO perfrun.perfcollector <> - DRY_RUN : "reg_type       = 1	event_id       = g	reg_id         = 38d	reg_value      = bbb"
249 [140485517633216] INFO perfrun.perfcollector <> - eventId : g , ignored
249 [140485517633216] INFO perfrun.perfcollector <> - DRY_RUN : "reg_type       = 1	event_id       = 19	reg_id         = 186	reg_value      = 35302b1"
249 [140485517633216] INFO perfrun.perfcollector <> - eventId : 19 , cccrAddr : 186 , cccrVal : 35302b1
249 [140485517633216] INFO perfrun.perfcollector <> - DRY_RUN : "reg_type       = 1	event_id       = 20	reg_id         = 187	reg_value      = 53010e"
249 [140485517633216] INFO perfrun.perfcollector <> - eventId : 20 , cccrAddr : 187 , cccrVal : 53010e
249 [140485517633216] INFO perfrun.perfcollector <> - DRY_RUN : "reg_type       = 1	event_id       = 21	reg_id         = 188	reg_value      = 5302c2"
249 [140485517633216] INFO perfrun.perfcollector <> - eventId : 21 , cccrAddr : 188 , cccrVal : 5302c2
249 [140485517633216] INFO perfrun.perfcollector <> - DRY_RUN : "reg_type       = 1	event_id       = 22	reg_id         = 189	reg_value      = 453019c"
249 [140485517633216] INFO perfrun.perfcollector <> - eventId : 22 , cccrAddr : 189 , cccrVal : 453019c
249 [140485517633216] INFO perfrun.perfcollector <> - DRY_RUN : "ESCR"
249 [140485517633216] INFO perfrun.perfcollector <> - DRY_RUN : "reg_type       = 2	event_id       = g	reg_id         = 1c8	reg_value      = 0"
249 [140485517633216] INFO perfrun.perfcollector <> - eventId : g , ignored
249 [140485517633216] INFO perfrun.perfcollector <> - DRY_RUN : "DATA"
249 [140485517633216] INFO perfrun.perfcollector <> - DRY_RUN : "reg_type       = 4	event_id       = 2	reg_id         = 309	reg_value      = ffffff508620"
249 [140485517633216] INFO perfrun.perfcollector <> - eventId : 2 , dataAddr : 309 , dataVal : ffffff508620
249 [140485517633216] INFO perfrun.perfcollector <> - DRY_RUN : "reg_type       = 4	event_id       = 0	reg_id         = 30a	reg_value      = ffffff508620"
249 [140485517633216] INFO perfrun.perfcollector <> - eventId : 0 , dataAddr : 30a , dataVal : ffffff508620
249 [140485517633216] INFO perfrun.perfcollector <> - DRY_RUN : "reg_type       = 4	event_id       = 1	reg_id         = 30b	reg_value      = ffffff508620"
249 [140485517633216] INFO perfrun.perfcollector <> - eventId : 1 , dataAddr : 30b , dataVal : ffffff508620
249 [140485517633216] INFO perfrun.perfcollector <> - DRY_RUN : "reg_type       = 4	event_id       = 19	reg_id         = c1	reg_value      = ffffff676971"
249 [140485517633216] INFO perfrun.perfcollector <> - eventId : 19 , dataAddr : c1 , dataVal : ffffff676971
249 [140485517633216] INFO perfrun.perfcollector <> - DRY_RUN : "reg_type       = 4	event_id       = 20	reg_id         = c2	reg_value      = ffffff676971"
249 [140485517633216] INFO perfrun.perfcollector <> - eventId : 20 , dataAddr : c2 , dataVal : ffffff676971
249 [140485517633216] INFO perfrun.perfcollector <> - DRY_RUN : "reg_type       = 4	event_id       = 21	reg_id         = c3	reg_value      = ffffff676971"
249 [140485517633216] INFO perfrun.perfcollector <> - eventId : 21 , dataAddr : c3 , dataVal : ffffff676971
249 [140485517633216] INFO perfrun.perfcollector <> - DRY_RUN : "reg_type       = 4	event_id       = 22	reg_id         = c4	reg_value      = ffffff676971"
249 [140485517633216] INFO perfrun.perfcollector <> - eventId : 22 , dataAddr : c4 , dataVal : ffffff676971
249 [140485517633216] INFO perfrun.perfcollector <> - DRY_RUN : "Group 5:"
249 [140485517633216] INFO perfrun.perfcollector <> - id : 5
249 [140485517633216] INFO perfrun.perfcollector <> - DRY_RUN : "INST_RETIRED.ANY: event id 2"
249 [140485517633216] INFO perfrun.perfcollector <> - eventName : INST_RETIRED.ANY , eventId : 2
249 [140485517633216] INFO perfrun.perfcollector <> - DRY_RUN : "CPU_CLK_UNHALTED.THREAD: event id 0"
249 [140485517633216] INFO perfrun.perfcollector <> - eventName : CPU_CLK_UNHALTED.THREAD , eventId : 0
249 [140485517633216] INFO perfrun.perfcollector <> - DRY_RUN : "CPU_CLK_UNHALTED.REF_TSC: event id 1"
249 [140485517633216] INFO perfrun.perfcollector <> - eventName : CPU_CLK_UNHALTED.REF_TSC , eventId : 1
249 [140485517633216] INFO perfrun.perfcollector <> - DRY_RUN : "MEM_UOPS_RETIRED.ALL_LOADS_PS: event id 23"
249 [140485517633216] INFO perfrun.perfcollector <> - eventName : MEM_UOPS_RETIRED.ALL_LOADS_PS , eventId : 23
249 [140485517633216] INFO perfrun.perfcollector <> - DRY_RUN : "MEM_UOPS_RETIRED.ALL_STORES_PS: event id 24"
249 [140485517633216] INFO perfrun.perfcollector <> - eventName : MEM_UOPS_RETIRED.ALL_STORES_PS , eventId : 24
249 [140485517633216] INFO perfrun.perfcollector <> - DRY_RUN : "MEM_LOAD_UOPS_L3_MISS_RETIRED.LOCAL_DRAM_PS: event id 25"
249 [140485517633216] INFO perfrun.perfcollector <> - eventName : MEM_LOAD_UOPS_L3_MISS_RETIRED.LOCAL_DRAM_PS , eventId : 25
249 [140485517633216] INFO perfrun.perfcollector <> - DRY_RUN : "MEM_LOAD_UOPS_L3_MISS_RETIRED.REMOTE_DRAM_PS: event id 26"
249 [140485517633216] INFO perfrun.perfcollector <> - eventName : MEM_LOAD_UOPS_L3_MISS_RETIRED.REMOTE_DRAM_PS , eventId : 26
249 [140485517633216] INFO perfrun.perfcollector <> - DRY_RUN : "CCCR"
249 [140485517633216] INFO perfrun.perfcollector <> - DRY_RUN : "reg_type       = 1	event_id       = g	reg_id         = 38f	reg_value      = 70000000f"
249 [140485517633216] INFO perfrun.perfcollector <> - eventId : g , ignored
249 [140485517633216] INFO perfrun.perfcollector <> - DRY_RUN : "reg_type       = 1	event_id       = g	reg_id         = 390	reg_value      = 70000000f"
249 [140485517633216] INFO perfrun.perfcollector <> - eventId : g , ignored
249 [140485517633216] INFO perfrun.perfcollector <> - DRY_RUN : "reg_type       = 1	event_id       = g	reg_id         = 3f1	reg_value      = f0000000f"
249 [140485517633216] INFO perfrun.perfcollector <> - eventId : g , ignored
249 [140485517633216] INFO perfrun.perfcollector <> - DRY_RUN : "reg_type       = 1	event_id       = g	reg_id         = 1d9	reg_value      = 1800"
249 [140485517633216] INFO perfrun.perfcollector <> - eventId : g , ignored
249 [140485517633216] INFO perfrun.perfcollector <> - DRY_RUN : "reg_type       = 1	event_id       = g	reg_id         = 38d	reg_value      = bbb"
249 [140485517633216] INFO perfrun.perfcollector <> - eventId : g , ignored
249 [140485517633216] INFO perfrun.perfcollector <> - DRY_RUN : "reg_type       = 1	event_id       = 23	reg_id         = 186	reg_value      = 4381d0"
249 [140485517633216] INFO perfrun.perfcollector <> - eventId : 23 , cccrAddr : 186 , cccrVal : 4381d0
249 [140485517633216] INFO perfrun.perfcollector <> - DRY_RUN : "reg_type       = 1	event_id       = 24	reg_id         = 187	reg_value      = 4382d0"
249 [140485517633216] INFO perfrun.perfcollector <> - eventId : 24 , cccrAddr : 187 , cccrVal : 4382d0
249 [140485517633216] INFO perfrun.perfcollector <> - DRY_RUN : "reg_type       = 1	event_id       = 25	reg_id         = 188	reg_value      = 4301d3"
249 [140485517633216] INFO perfrun.perfcollector <> - eventId : 25 , cccrAddr : 188 , cccrVal : 4301d3
249 [140485517633216] INFO perfrun.perfcollector <> - DRY_RUN : "reg_type       = 1	event_id       = 26	reg_id         = 189	reg_value      = 4304d3"
249 [140485517633216] INFO perfrun.perfcollector <> - eventId : 26 , cccrAddr : 189 , cccrVal : 4304d3
249 [140485517633216] INFO perfrun.perfcollector <> - DRY_RUN : "ESCR"
249 [140485517633216] INFO perfrun.perfcollector <> - DRY_RUN : "reg_type       = 2	event_id       = g	reg_id         = 1c8	reg_value      = 0"
249 [140485517633216] INFO perfrun.perfcollector <> - eventId : g , ignored
249 [140485517633216] INFO perfrun.perfcollector <> - DRY_RUN : "DATA"
249 [140485517633216] INFO perfrun.perfcollector <> - DRY_RUN : "reg_type       = 4	event_id       = 2	reg_id         = 309	reg_value      = ffffff508620"
249 [140485517633216] INFO perfrun.perfcollector <> - eventId : 2 , dataAddr : 309 , dataVal : ffffff508620
249 [140485517633216] INFO perfrun.perfcollector <> - DRY_RUN : "reg_type       = 4	event_id       = 0	reg_id         = 30a	reg_value      = ffffff508620"
249 [140485517633216] INFO perfrun.perfcollector <> - eventId : 0 , dataAddr : 30a , dataVal : ffffff508620
249 [140485517633216] INFO perfrun.perfcollector <> - DRY_RUN : "reg_type       = 4	event_id       = 1	reg_id         = 30b	reg_value      = ffffff508620"
249 [140485517633216] INFO perfrun.perfcollector <> - eventId : 1 , dataAddr : 30b , dataVal : ffffff508620
249 [140485517633216] INFO perfrun.perfcollector <> - DRY_RUN : "reg_type       = 4	event_id       = 23	reg_id         = c1	reg_value      = fffffff85ed1"
249 [140485517633216] INFO perfrun.perfcollector <> - eventId : 23 , dataAddr : c1 , dataVal : fffffff85ed1
249 [140485517633216] INFO perfrun.perfcollector <> - DRY_RUN : "reg_type       = 4	event_id       = 24	reg_id         = c2	reg_value      = fffffff85ed1"
249 [140485517633216] INFO perfrun.perfcollector <> - eventId : 24 , dataAddr : c2 , dataVal : fffffff85ed1
249 [140485517633216] INFO perfrun.perfcollector <> - DRY_RUN : "reg_type       = 4	event_id       = 25	reg_id         = c3	reg_value      = fffffff85ed1"
249 [140485517633216] INFO perfrun.perfcollector <> - eventId : 25 , dataAddr : c3 , dataVal : fffffff85ed1
249 [140485517633216] INFO perfrun.perfcollector <> - DRY_RUN : "reg_type       = 4	event_id       = 26	reg_id         = c4	reg_value      = fffffff85ed1"
249 [140485517633216] INFO perfrun.perfcollector <> - eventId : 26 , dataAddr : c4 , dataVal : fffffff85ed1
249 [140485517633216] INFO perfrun.perfcollector <> - DRY_RUN : "Group 6:"
249 [140485517633216] INFO perfrun.perfcollector <> - id : 6
249 [140485517633216] INFO perfrun.perfcollector <> - DRY_RUN : "INST_RETIRED.ANY: event id 2"
249 [140485517633216] INFO perfrun.perfcollector <> - eventName : INST_RETIRED.ANY , eventId : 2
249 [140485517633216] INFO perfrun.perfcollector <> - DRY_RUN : "CPU_CLK_UNHALTED.THREAD: event id 0"
249 [140485517633216] INFO perfrun.perfcollector <> - eventName : CPU_CLK_UNHALTED.THREAD , eventId : 0
249 [140485517633216] INFO perfrun.perfcollector <> - DRY_RUN : "CPU_CLK_UNHALTED.REF_TSC: event id 1"
249 [140485517633216] INFO perfrun.perfcollector <> - eventName : CPU_CLK_UNHALTED.REF_TSC , eventId : 1
249 [140485517633216] INFO perfrun.perfcollector <> - DRY_RUN : "MEM_LOAD_UOPS_L3_MISS_RETIRED.REMOTE_HITM_PS: event id 27"
249 [140485517633216] INFO perfrun.perfcollector <> - eventName : MEM_LOAD_UOPS_L3_MISS_RETIRED.REMOTE_HITM_PS , eventId : 27
249 [140485517633216] INFO perfrun.perfcollector <> - DRY_RUN : "MEM_LOAD_UOPS_L3_MISS_RETIRED.REMOTE_FWD_PS: event id 28"
249 [140485517633216] INFO perfrun.perfcollector <> - eventName : MEM_LOAD_UOPS_L3_MISS_RETIRED.REMOTE_FWD_PS , eventId : 28
249 [140485517633216] INFO perfrun.perfcollector <> - DRY_RUN : "CCCR"
249 [140485517633216] INFO perfrun.perfcollector <> - DRY_RUN : "reg_type       = 1	event_id       = g	reg_id         = 38f	reg_value      = 700000003"
249 [140485517633216] INFO perfrun.perfcollector <> - eventId : g , ignored
249 [140485517633216] INFO perfrun.perfcollector <> - DRY_RUN : "reg_type       = 1	event_id       = g	reg_id         = 390	reg_value      = 700000003"
249 [140485517633216] INFO perfrun.perfcollector <> - eventId : g , ignored
249 [140485517633216] INFO perfrun.perfcollector <> - DRY_RUN : "reg_type       = 1	event_id       = g	reg_id         = 3f1	reg_value      = 300000003"
249 [140485517633216] INFO perfrun.perfcollector <> - eventId : g , ignored
249 [140485517633216] INFO perfrun.perfcollector <> - DRY_RUN : "reg_type       = 1	event_id       = g	reg_id         = 1d9	reg_value      = 1800"
249 [140485517633216] INFO perfrun.perfcollector <> - eventId : g , ignored
249 [140485517633216] INFO perfrun.perfcollector <> - DRY_RUN : "reg_type       = 1	event_id       = g	reg_id         = 38d	reg_value      = bbb"
249 [140485517633216] INFO perfrun.perfcollector <> - eventId : g , ignored
249 [140485517633216] INFO perfrun.perfcollector <> - DRY_RUN : "reg_type       = 1	event_id       = 27	reg_id         = 186	reg_value      = 4310d3"
249 [140485517633216] INFO perfrun.perfcollector <> - eventId : 27 , cccrAddr : 186 , cccrVal : 4310d3
249 [140485517633216] INFO perfrun.perfcollector <> - DRY_RUN : "reg_type       = 1	event_id       = 28	reg_id         = 187	reg_value      = 4320d3"
249 [140485517633216] INFO perfrun.perfcollector <> - eventId : 28 , cccrAddr : 187 , cccrVal : 4320d3
249 [140485517633216] INFO perfrun.perfcollector <> - DRY_RUN : "ESCR"
249 [140485517633216] INFO perfrun.perfcollector <> - DRY_RUN : "reg_type       = 2	event_id       = g	reg_id         = 1c8	reg_value      = 0"
249 [140485517633216] INFO perfrun.perfcollector <> - eventId : g , ignored
249 [140485517633216] INFO perfrun.perfcollector <> - DRY_RUN : "DATA"
249 [140485517633216] INFO perfrun.perfcollector <> - DRY_RUN : "reg_type       = 4	event_id       = 2	reg_id         = 309	reg_value      = ffffff508620"
249 [140485517633216] INFO perfrun.perfcollector <> - eventId : 2 , dataAddr : 309 , dataVal : ffffff508620
249 [140485517633216] INFO perfrun.perfcollector <> - DRY_RUN : "reg_type       = 4	event_id       = 0	reg_id         = 30a	reg_value      = ffffff508620"
249 [140485517633216] INFO perfrun.perfcollector <> - eventId : 0 , dataAddr : 30a , dataVal : ffffff508620
249 [140485517633216] INFO perfrun.perfcollector <> - DRY_RUN : "reg_type       = 4	event_id       = 1	reg_id         = 30b	reg_value      = ffffff508620"
249 [140485517633216] INFO perfrun.perfcollector <> - eventId : 1 , dataAddr : 30b , dataVal : ffffff508620
249 [140485517633216] INFO perfrun.perfcollector <> - DRY_RUN : "reg_type       = 4	event_id       = 27	reg_id         = c1	reg_value      = fffffff85ed1"
249 [140485517633216] INFO perfrun.perfcollector <> - eventId : 27 , dataAddr : c1 , dataVal : fffffff85ed1
249 [140485517633216] INFO perfrun.perfcollector <> - DRY_RUN : "reg_type       = 4	event_id       = 28	reg_id         = c2	reg_value      = fffffff85ed1"
249 [140485517633216] INFO perfrun.perfcollector <> - eventId : 28 , dataAddr : c2 , dataVal : fffffff85ed1
249 [140485517633216] INFO perfrun.perfcollector <> - DRY_RUN : "PMU type: Uncore (imc)"
256 [140485517633216] INFO perfrun.perfcollector <> - pmu type : uncore_imc
257 [140485517633216] INFO perfrun.perfcollector <> - DRY_RUN : "Number of units: 8"
257 [140485517633216] INFO perfrun.perfcollector <> - id : 8
257 [140485517633216] INFO perfrun.perfcollector <> - DRY_RUN : "Group 0:"
257 [140485517633216] INFO perfrun.perfcollector <> - id : 0
257 [140485517633216] INFO perfrun.perfcollector <> - DRY_RUN : "UNC_M_CAS_COUNT.RD: event id 29"
257 [140485517633216] INFO perfrun.perfcollector <> - eventName : UNC_M_CAS_COUNT.RD , eventId : 29
257 [140485517633216] INFO perfrun.perfcollector <> - DRY_RUN : "UNC_M_CAS_COUNT.WR: event id 30"
257 [140485517633216] INFO perfrun.perfcollector <> - eventName : UNC_M_CAS_COUNT.WR , eventId : 30
257 [140485517633216] INFO perfrun.perfcollector <> - DRY_RUN : "CCCR"
257 [140485517633216] INFO perfrun.perfcollector <> - DRY_RUN : "idx = 0	reg_type       = 1	event_id = 30	reg_id         = 700	reg_value      = 80000000	bar_index      = 0"
257 [140485517633216] INFO perfrun.perfcollector <> - eventId : 30 , cccrAddr : 700 , cccrVal : 80000000
257 [140485517633216] INFO perfrun.perfcollector <> - DRY_RUN : "idx = 2	reg_type       = 5	event_id = 29	reg_id         = d8	reg_value      = 400304	bar_index      = 0"
257 [140485517633216] INFO perfrun.perfcollector <> - eventId : 29 , cccrAddr : d8 , cccrVal : 400304
257 [140485517633216] INFO perfrun.perfcollector <> - DRY_RUN : "idx = 3	reg_type       = 5	event_id = 30	reg_id         = dc	reg_value      = 400c04	bar_index      = 0"
257 [140485517633216] INFO perfrun.perfcollector <> - eventId : 30 , cccrAddr : dc , cccrVal : 400c04
257 [140485517633216] INFO perfrun.perfcollector <> - DRY_RUN : "idx = 6	reg_type       = 2	event_id = g	reg_id         = f4	reg_value      = 0	bar_index      = 0"
257 [140485517633216] INFO perfrun.perfcollector <> - eventId : g , ignored
257 [140485517633216] INFO perfrun.perfcollector <> - DRY_RUN : "idx = 8	reg_type       = 5	event_id = 29	reg_id         = d8	reg_value      = 400304	bar_index      = 0"
257 [140485517633216] INFO perfrun.perfcollector <> - eventId : 29 , cccrAddr : d8 , cccrVal : 400304
257 [140485517633216] INFO perfrun.perfcollector <> - DRY_RUN : "idx = 9	reg_type       = 5	event_id = 30	reg_id         = dc	reg_value      = 400c04	bar_index      = 0"
257 [140485517633216] INFO perfrun.perfcollector <> - eventId : 30 , cccrAddr : dc , cccrVal : 400c04
257 [140485517633216] INFO perfrun.perfcollector <> - DRY_RUN : "idx = 12	reg_type       = 2	event_id = g	reg_id         = f4	reg_value      = 0	bar_index      = 0"
257 [140485517633216] INFO perfrun.perfcollector <> - eventId : g , ignored
257 [140485517633216] INFO perfrun.perfcollector <> - DRY_RUN : "idx = 14	reg_type       = 5	event_id = 29	reg_id         = d8	reg_value      = 400304	bar_index      = 0"
257 [140485517633216] INFO perfrun.perfcollector <> - eventId : 29 , cccrAddr : d8 , cccrVal : 400304
257 [140485517633216] INFO perfrun.perfcollector <> - DRY_RUN : "idx = 15	reg_type       = 5	event_id = 30	reg_id         = dc	reg_value      = 400c04	bar_index      = 0"
257 [140485517633216] INFO perfrun.perfcollector <> - eventId : 30 , cccrAddr : dc , cccrVal : 400c04
257 [140485517633216] INFO perfrun.perfcollector <> - DRY_RUN : "idx = 18	reg_type       = 2	event_id = g	reg_id         = f4	reg_value      = 0	bar_index      = 0"
257 [140485517633216] INFO perfrun.perfcollector <> - eventId : g , ignored
257 [140485517633216] INFO perfrun.perfcollector <> - DRY_RUN : "idx = 20	reg_type       = 5	event_id = 29	reg_id         = d8	reg_value      = 400304	bar_index      = 0"
257 [140485517633216] INFO perfrun.perfcollector <> - eventId : 29 , cccrAddr : d8 , cccrVal : 400304
257 [140485517633216] INFO perfrun.perfcollector <> - DRY_RUN : "idx = 21	reg_type       = 5	event_id = 30	reg_id         = dc	reg_value      = 400c04	bar_index      = 0"
257 [140485517633216] INFO perfrun.perfcollector <> - eventId : 30 , cccrAddr : dc , cccrVal : 400c04
257 [140485517633216] INFO perfrun.perfcollector <> - DRY_RUN : "idx = 24	reg_type       = 2	event_id = g	reg_id         = f4	reg_value      = 0	bar_index      = 0"
257 [140485517633216] INFO perfrun.perfcollector <> - eventId : g , ignored
257 [140485517633216] INFO perfrun.perfcollector <> - DRY_RUN : "idx = 26	reg_type       = 5	event_id = 29	reg_id         = d8	reg_value      = 400304	bar_index      = 0"
257 [140485517633216] INFO perfrun.perfcollector <> - eventId : 29 , cccrAddr : d8 , cccrVal : 400304
257 [140485517633216] INFO perfrun.perfcollector <> - DRY_RUN : "idx = 27	reg_type       = 5	event_id = 30	reg_id         = dc	reg_value      = 400c04	bar_index      = 0"
257 [140485517633216] INFO perfrun.perfcollector <> - eventId : 30 , cccrAddr : dc , cccrVal : 400c04
257 [140485517633216] INFO perfrun.perfcollector <> - DRY_RUN : "idx = 30	reg_type       = 2	event_id = g	reg_id         = f4	reg_value      = 0	bar_index      = 0"
257 [140485517633216] INFO perfrun.perfcollector <> - eventId : g , ignored
257 [140485517633216] INFO perfrun.perfcollector <> - DRY_RUN : "idx = 32	reg_type       = 5	event_id = 29	reg_id         = d8	reg_value      = 400304	bar_index      = 0"
257 [140485517633216] INFO perfrun.perfcollector <> - eventId : 29 , cccrAddr : d8 , cccrVal : 400304
257 [140485517633216] INFO perfrun.perfcollector <> - DRY_RUN : "idx = 33	reg_type       = 5	event_id = 30	reg_id         = dc	reg_value      = 400c04	bar_index      = 0"
257 [140485517633216] INFO perfrun.perfcollector <> - eventId : 30 , cccrAddr : dc , cccrVal : 400c04
257 [140485517633216] INFO perfrun.perfcollector <> - DRY_RUN : "idx = 36	reg_type       = 2	event_id = g	reg_id         = f4	reg_value      = 0	bar_index      = 0"
257 [140485517633216] INFO perfrun.perfcollector <> - eventId : g , ignored
257 [140485517633216] INFO perfrun.perfcollector <> - DRY_RUN : "idx = 38	reg_type       = 5	event_id = 29	reg_id         = d8	reg_value      = 400304	bar_index      = 0"
257 [140485517633216] INFO perfrun.perfcollector <> - eventId : 29 , cccrAddr : d8 , cccrVal : 400304
257 [140485517633216] INFO perfrun.perfcollector <> - DRY_RUN : "idx = 39	reg_type       = 5	event_id = 30	reg_id         = dc	reg_value      = 400c04	bar_index      = 0"
257 [140485517633216] INFO perfrun.perfcollector <> - eventId : 30 , cccrAddr : dc , cccrVal : 400c04
257 [140485517633216] INFO perfrun.perfcollector <> - DRY_RUN : "idx = 42	reg_type       = 2	event_id = g	reg_id         = f4	reg_value      = 0	bar_index      = 0"
257 [140485517633216] INFO perfrun.perfcollector <> - eventId : g , ignored
257 [140485517633216] INFO perfrun.perfcollector <> - DRY_RUN : "idx = 44	reg_type       = 5	event_id = 29	reg_id         = d8	reg_value      = 400304	bar_index      = 0"
257 [140485517633216] INFO perfrun.perfcollector <> - eventId : 29 , cccrAddr : d8 , cccrVal : 400304
257 [140485517633216] INFO perfrun.perfcollector <> - DRY_RUN : "idx = 45	reg_type       = 5	event_id = 30	reg_id         = dc	reg_value      = 400c04	bar_index      = 0"
257 [140485517633216] INFO perfrun.perfcollector <> - eventId : 30 , cccrAddr : dc , cccrVal : 400c04
257 [140485517633216] INFO perfrun.perfcollector <> - DRY_RUN : "idx = 48	reg_type       = 2	event_id = g	reg_id         = f4	reg_value      = 0	bar_index      = 0"
257 [140485517633216] INFO perfrun.perfcollector <> - eventId : g , ignored
257 [140485517633216] INFO perfrun.perfcollector <> - DRY_RUN : "ESCR"
257 [140485517633216] INFO perfrun.perfcollector <> - DRY_RUN : "DATA"
257 [140485517633216] INFO perfrun.perfcollector <> - DRY_RUN : "idx = 50	reg_type       = 4	event_id       = 29	reg_id         = a0	reg_value      = 0	pci reg_id  offset    = 0xa0	pci reg id  data_size = 0	bar_index      = 0"
257 [140485517633216] INFO perfrun.perfcollector <> - eventId : 29 , dataAddr : a0 , dataVal : 0
257 [140485517633216] INFO perfrun.perfcollector <> - DRY_RUN : "idx = 51	reg_type       = 4	event_id       = 30	reg_id         = a8	reg_value      = 0	pci reg_id  offset    = 0xa8	pci reg id  data_size = 0	bar_index      = 0"
257 [140485517633216] INFO perfrun.perfcollector <> - eventId : 30 , dataAddr : a8 , dataVal : 0
257 [140485517633216] INFO perfrun.perfcollector <> - DRY_RUN : "idx = 55	reg_type       = 4	event_id       = 29	reg_id         = a0	reg_value      = 0	pci reg_id  offset    = 0xa0	pci reg id  data_size = 0	bar_index      = 0"
257 [140485517633216] INFO perfrun.perfcollector <> - eventId : 29 , dataAddr : a0 , dataVal : 0
257 [140485517633216] INFO perfrun.perfcollector <> - DRY_RUN : "idx = 56	reg_type       = 4	event_id       = 30	reg_id         = a8	reg_value      = 0	pci reg_id  offset    = 0xa8	pci reg id  data_size = 0	bar_index      = 0"
257 [140485517633216] INFO perfrun.perfcollector <> - eventId : 30 , dataAddr : a8 , dataVal : 0
257 [140485517633216] INFO perfrun.perfcollector <> - DRY_RUN : "idx = 60	reg_type       = 4	event_id       = 29	reg_id         = a0	reg_value      = 0	pci reg_id  offset    = 0xa0	pci reg id  data_size = 0	bar_index      = 0"
257 [140485517633216] INFO perfrun.perfcollector <> - eventId : 29 , dataAddr : a0 , dataVal : 0
257 [140485517633216] INFO perfrun.perfcollector <> - DRY_RUN : "idx = 61	reg_type       = 4	event_id       = 30	reg_id         = a8	reg_value      = 0	pci reg_id  offset    = 0xa8	pci reg id  data_size = 0	bar_index      = 0"
257 [140485517633216] INFO perfrun.perfcollector <> - eventId : 30 , dataAddr : a8 , dataVal : 0
257 [140485517633216] INFO perfrun.perfcollector <> - DRY_RUN : "idx = 65	reg_type       = 4	event_id       = 29	reg_id         = a0	reg_value      = 0	pci reg_id  offset    = 0xa0	pci reg id  data_size = 0	bar_index      = 0"
257 [140485517633216] INFO perfrun.perfcollector <> - eventId : 29 , dataAddr : a0 , dataVal : 0
257 [140485517633216] INFO perfrun.perfcollector <> - DRY_RUN : "idx = 66	reg_type       = 4	event_id       = 30	reg_id         = a8	reg_value      = 0	pci reg_id  offset    = 0xa8	pci reg id  data_size = 0	bar_index      = 0"
257 [140485517633216] INFO perfrun.perfcollector <> - eventId : 30 , dataAddr : a8 , dataVal : 0
257 [140485517633216] INFO perfrun.perfcollector <> - DRY_RUN : "idx = 70	reg_type       = 4	event_id       = 29	reg_id         = a0	reg_value      = 0	pci reg_id  offset    = 0xa0	pci reg id  data_size = 0	bar_index      = 0"
257 [140485517633216] INFO perfrun.perfcollector <> - eventId : 29 , dataAddr : a0 , dataVal : 0
257 [140485517633216] INFO perfrun.perfcollector <> - DRY_RUN : "idx = 71	reg_type       = 4	event_id       = 30	reg_id         = a8	reg_value      = 0	pci reg_id  offset    = 0xa8	pci reg id  data_size = 0	bar_index      = 0"
257 [140485517633216] INFO perfrun.perfcollector <> - eventId : 30 , dataAddr : a8 , dataVal : 0
257 [140485517633216] INFO perfrun.perfcollector <> - DRY_RUN : "idx = 75	reg_type       = 4	event_id       = 29	reg_id         = a0	reg_value      = 0	pci reg_id  offset    = 0xa0	pci reg id  data_size = 0	bar_index      = 0"
257 [140485517633216] INFO perfrun.perfcollector <> - eventId : 29 , dataAddr : a0 , dataVal : 0
257 [140485517633216] INFO perfrun.perfcollector <> - DRY_RUN : "idx = 76	reg_type       = 4	event_id       = 30	reg_id         = a8	reg_value      = 0	pci reg_id  offset    = 0xa8	pci reg id  data_size = 0	bar_index      = 0"
257 [140485517633216] INFO perfrun.perfcollector <> - eventId : 30 , dataAddr : a8 , dataVal : 0
257 [140485517633216] INFO perfrun.perfcollector <> - DRY_RUN : "idx = 80	reg_type       = 4	event_id       = 29	reg_id         = a0	reg_value      = 0	pci reg_id  offset    = 0xa0	pci reg id  data_size = 0	bar_index      = 0"
257 [140485517633216] INFO perfrun.perfcollector <> - eventId : 29 , dataAddr : a0 , dataVal : 0
257 [140485517633216] INFO perfrun.perfcollector <> - DRY_RUN : "idx = 81	reg_type       = 4	event_id       = 30	reg_id         = a8	reg_value      = 0	pci reg_id  offset    = 0xa8	pci reg id  data_size = 0	bar_index      = 0"
257 [140485517633216] INFO perfrun.perfcollector <> - eventId : 30 , dataAddr : a8 , dataVal : 0
257 [140485517633216] INFO perfrun.perfcollector <> - DRY_RUN : "idx = 85	reg_type       = 4	event_id       = 29	reg_id         = a0	reg_value      = 0	pci reg_id  offset    = 0xa0	pci reg id  data_size = 0	bar_index      = 0"
257 [140485517633216] INFO perfrun.perfcollector <> - eventId : 29 , dataAddr : a0 , dataVal : 0
257 [140485517633216] INFO perfrun.perfcollector <> - DRY_RUN : "idx = 86	reg_type       = 4	event_id       = 30	reg_id         = a8	reg_value      = 0	pci reg_id  offset    = 0xa8	pci reg id  data_size = 0	bar_index      = 0"
257 [140485517633216] INFO perfrun.perfcollector <> - eventId : 30 , dataAddr : a8 , dataVal : 0
257 [140485517633216] INFO perfrun.perfcollector <> - pmu config : cpu , m_cccrAddr : ffffffff , m_cccrVal : 0 , m_escrAddr : ffffffff , m_escrVal : 0 , m_dataAddr : 30a , m_dataVal : ffffffffff508620
257 [140485517633216] INFO perfrun.perfcollector <> - config : event : 3c
257 [140485517633216] INFO perfrun.perfcollector <> - config : pc : 0
257 [140485517633216] INFO perfrun.perfcollector <> - config : edge : 0
257 [140485517633216] INFO perfrun.perfcollector <> - config : any : 0
257 [140485517633216] INFO perfrun.perfcollector <> - config1 : offcore_rsp : 0
257 [140485517633216] INFO perfrun.perfcollector <> - config1 : ldlat : 0
257 [140485517633216] INFO perfrun.perfcollector <> - config : inv : 0
257 [140485517633216] INFO perfrun.perfcollector <> - config : umask : 0
257 [140485517633216] INFO perfrun.perfcollector <> - config : cmask : 0
257 [140485517633216] INFO perfrun.perfcollector <> - format : cpu/period=0xaf79e0,event=0x3c,name='CPU_CLK_UNHALTED.THREAD'/D
257 [140485517633216] INFO perfrun.perfcollector <> - pmu config : cpu , m_cccrAddr : ffffffff , m_cccrVal : 0 , m_escrAddr : ffffffff , m_escrVal : 0 , m_dataAddr : 30b , m_dataVal : ffffffffff508620
257 [140485517633216] INFO perfrun.perfcollector <> - config : event : 0
257 [140485517633216] INFO perfrun.perfcollector <> - config : pc : 0
257 [140485517633216] INFO perfrun.perfcollector <> - config : edge : 0
257 [140485517633216] INFO perfrun.perfcollector <> - config : any : 0
257 [140485517633216] INFO perfrun.perfcollector <> - config1 : offcore_rsp : 0
257 [140485517633216] INFO perfrun.perfcollector <> - config1 : ldlat : 0
257 [140485517633216] INFO perfrun.perfcollector <> - config : inv : 0
257 [140485517633216] INFO perfrun.perfcollector <> - config : umask : 3
257 [140485517633216] INFO perfrun.perfcollector <> - config : cmask : 0
257 [140485517633216] INFO perfrun.perfcollector <> - format : cpu/period=0xaf79e0,umask=0x3,name='CPU_CLK_UNHALTED.REF_TSC'/D
257 [140485517633216] INFO perfrun.perfcollector <> - pmu config : cpu , m_cccrAddr : ffffffff , m_cccrVal : 0 , m_escrAddr : ffffffff , m_escrVal : 0 , m_dataAddr : 309 , m_dataVal : ffffffffff508620
257 [140485517633216] INFO perfrun.perfcollector <> - config : event : c0
257 [140485517633216] INFO perfrun.perfcollector <> - config : pc : 0
257 [140485517633216] INFO perfrun.perfcollector <> - config : edge : 0
257 [140485517633216] INFO perfrun.perfcollector <> - config : any : 0
257 [140485517633216] INFO perfrun.perfcollector <> - config1 : offcore_rsp : 0
257 [140485517633216] INFO perfrun.perfcollector <> - config1 : ldlat : 0
257 [140485517633216] INFO perfrun.perfcollector <> - config : inv : 0
257 [140485517633216] INFO perfrun.perfcollector <> - config : umask : 0
257 [140485517633216] INFO perfrun.perfcollector <> - config : cmask : 0
257 [140485517633216] INFO perfrun.perfcollector <> - format : cpu/period=0xaf79e0,event=0xc0,name='INST_RETIRED.ANY'/D
257 [140485517633216] INFO perfrun.perfcollector <> - pmu config : cpu , m_cccrAddr : 188 , m_cccrVal : c530ca3 , m_escrAddr : ffffffff , m_escrVal : 0 , m_dataAddr : c3 , m_dataVal : ffffffffff676971
257 [140485517633216] INFO perfrun.perfcollector <> - config : event : a3
257 [140485517633216] INFO perfrun.perfcollector <> - config : pc : 0
257 [140485517633216] INFO perfrun.perfcollector <> - config : edge : 0
257 [140485517633216] INFO perfrun.perfcollector <> - config : any : 0
257 [140485517633216] INFO perfrun.perfcollector <> - config1 : offcore_rsp : 0
257 [140485517633216] INFO perfrun.perfcollector <> - config1 : ldlat : 0
257 [140485517633216] INFO perfrun.perfcollector <> - config : inv : 0
257 [140485517633216] INFO perfrun.perfcollector <> - config : umask : c
257 [140485517633216] INFO perfrun.perfcollector <> - config : cmask : c
257 [140485517633216] INFO perfrun.perfcollector <> - format : cpu/period=0x98968f,event=0xa3,umask=0xc,cmask=0xc,name='CYCLE_ACTIVITY.STALLS_L1D_PENDING'/
257 [140485517633216] INFO perfrun.perfcollector <> - pmu config : cpu , m_cccrAddr : 186 , m_cccrVal : 53013c , m_escrAddr : ffffffff , m_escrVal : 0 , m_dataAddr : c1 , m_dataVal : fffffffffff85ed1
257 [140485517633216] INFO perfrun.perfcollector <> - config : event : 3c
257 [140485517633216] INFO perfrun.perfcollector <> - config : pc : 0
257 [140485517633216] INFO perfrun.perfcollector <> - config : edge : 0
257 [140485517633216] INFO perfrun.perfcollector <> - config : any : 0
257 [140485517633216] INFO perfrun.perfcollector <> - config1 : offcore_rsp : 0
257 [140485517633216] INFO perfrun.perfcollector <> - config1 : ldlat : 0
257 [140485517633216] INFO perfrun.perfcollector <> - config : inv : 0
257 [140485517633216] INFO perfrun.perfcollector <> - config : umask : 1
257 [140485517633216] INFO perfrun.perfcollector <> - config : cmask : 0
257 [140485517633216] INFO perfrun.perfcollector <> - format : cpu/period=0x7a12f,event=0x3c,umask=0x1,name='CPU_CLK_UNHALTED.REF_XCLK'/
257 [140485517633216] INFO perfrun.perfcollector <> - pmu config : cpu , m_cccrAddr : 187 , m_cccrVal : 53023c , m_escrAddr : ffffffff , m_escrVal : 0 , m_dataAddr : c2 , m_dataVal : fffffffffff85ed1
257 [140485517633216] INFO perfrun.perfcollector <> - config : event : 3c
257 [140485517633216] INFO perfrun.perfcollector <> - config : pc : 0
257 [140485517633216] INFO perfrun.perfcollector <> - config : edge : 0
257 [140485517633216] INFO perfrun.perfcollector <> - config : any : 0
257 [140485517633216] INFO perfrun.perfcollector <> - config1 : offcore_rsp : 0
257 [140485517633216] INFO perfrun.perfcollector <> - config1 : ldlat : 0
257 [140485517633216] INFO perfrun.perfcollector <> - config : inv : 0
257 [140485517633216] INFO perfrun.perfcollector <> - config : umask : 2
257 [140485517633216] INFO perfrun.perfcollector <> - config : cmask : 0
257 [140485517633216] INFO perfrun.perfcollector <> - format : cpu/period=0x7a12f,event=0x3c,umask=0x2,name='CPU_CLK_UNHALTED.ONE_THREAD_ACTIVE'/
257 [140485517633216] INFO perfrun.perfcollector <> - pmu config : cpu , m_cccrAddr : 189 , m_cccrVal : 45304a3 , m_escrAddr : ffffffff , m_escrVal : 0 , m_dataAddr : c4 , m_dataVal : ffffffffff676971
257 [140485517633216] INFO perfrun.perfcollector <> - config : event : a3
257 [140485517633216] INFO perfrun.perfcollector <> - config : pc : 0
257 [140485517633216] INFO perfrun.perfcollector <> - config : edge : 0
257 [140485517633216] INFO perfrun.perfcollector <> - config : any : 0
257 [140485517633216] INFO perfrun.perfcollector <> - config1 : offcore_rsp : 0
257 [140485517633216] INFO perfrun.perfcollector <> - config1 : ldlat : 0
257 [140485517633216] INFO perfrun.perfcollector <> - config : inv : 0
257 [140485517633216] INFO perfrun.perfcollector <> - config : umask : 4
257 [140485517633216] INFO perfrun.perfcollector <> - config : cmask : 4
257 [140485517633216] INFO perfrun.perfcollector <> - format : cpu/period=0x98968f,event=0xa3,umask=0x4,cmask=0x4,name='CYCLE_ACTIVITY.CYCLES_NO_EXECUTE'/
257 [140485517633216] INFO perfrun.perfcollector <> - pmu config : cpu , m_cccrAddr : 186 , m_cccrVal : 65306a3 , m_escrAddr : ffffffff , m_escrVal : 0 , m_dataAddr : c1 , m_dataVal : ffffffffff676971
257 [140485517633216] INFO perfrun.perfcollector <> - config : event : a3
257 [140485517633216] INFO perfrun.perfcollector <> - config : pc : 0
257 [140485517633216] INFO perfrun.perfcollector <> - config : edge : 0
257 [140485517633216] INFO perfrun.perfcollector <> - config : any : 0
257 [140485517633216] INFO perfrun.perfcollector <> - config1 : offcore_rsp : 0
257 [140485517633216] INFO perfrun.perfcollector <> - config1 : ldlat : 0
257 [140485517633216] INFO perfrun.perfcollector <> - config : inv : 0
257 [140485517633216] INFO perfrun.perfcollector <> - config : umask : 6
257 [140485517633216] INFO perfrun.perfcollector <> - config : cmask : 6
257 [140485517633216] INFO perfrun.perfcollector <> - format : cpu/period=0x98968f,event=0xa3,umask=0x6,cmask=0x6,name='CYCLE_ACTIVITY.STALLS_LDM_PENDING'/
257 [140485517633216] INFO perfrun.perfcollector <> - pmu config : cpu , m_cccrAddr : 187 , m_cccrVal : 55305a3 , m_escrAddr : ffffffff , m_escrVal : 0 , m_dataAddr : c2 , m_dataVal : ffffffffff676971
257 [140485517633216] INFO perfrun.perfcollector <> - config : event : a3
257 [140485517633216] INFO perfrun.perfcollector <> - config : pc : 0
257 [140485517633216] INFO perfrun.perfcollector <> - config : edge : 0
257 [140485517633216] INFO perfrun.perfcollector <> - config : any : 0
257 [140485517633216] INFO perfrun.perfcollector <> - config1 : offcore_rsp : 0
257 [140485517633216] INFO perfrun.perfcollector <> - config1 : ldlat : 0
257 [140485517633216] INFO perfrun.perfcollector <> - config : inv : 0
257 [140485517633216] INFO perfrun.perfcollector <> - config : umask : 5
257 [140485517633216] INFO perfrun.perfcollector <> - config : cmask : 5
257 [140485517633216] INFO perfrun.perfcollector <> - format : cpu/period=0x98968f,event=0xa3,umask=0x5,cmask=0x5,name='CYCLE_ACTIVITY.STALLS_L2_PENDING'/
257 [140485517633216] INFO perfrun.perfcollector <> - pmu config : cpu , m_cccrAddr : 188 , m_cccrVal : 53019c , m_escrAddr : ffffffff , m_escrVal : 0 , m_dataAddr : c3 , m_dataVal : ffffffffff676971
257 [140485517633216] INFO perfrun.perfcollector <> - config : event : 9c
257 [140485517633216] INFO perfrun.perfcollector <> - config : pc : 0
257 [140485517633216] INFO perfrun.perfcollector <> - config : edge : 0
257 [140485517633216] INFO perfrun.perfcollector <> - config : any : 0
257 [140485517633216] INFO perfrun.perfcollector <> - config1 : offcore_rsp : 0
257 [140485517633216] INFO perfrun.perfcollector <> - config1 : ldlat : 0
257 [140485517633216] INFO perfrun.perfcollector <> - config : inv : 0
257 [140485517633216] INFO perfrun.perfcollector <> - config : umask : 1
257 [140485517633216] INFO perfrun.perfcollector <> - config : cmask : 0
257 [140485517633216] INFO perfrun.perfcollector <> - format : cpu/period=0x98968f,event=0x9c,umask=0x1,name='IDQ_UOPS_NOT_DELIVERED.CORE'/
257 [140485517633216] INFO perfrun.perfcollector <> - pmu config : cpu , m_cccrAddr : 189 , m_cccrVal : 153030d , m_escrAddr : ffffffff , m_escrVal : 0 , m_dataAddr : c4 , m_dataVal : ffffffffff676971
257 [140485517633216] INFO perfrun.perfcollector <> - config : event : d
257 [140485517633216] INFO perfrun.perfcollector <> - config : pc : 0
257 [140485517633216] INFO perfrun.perfcollector <> - config : edge : 0
257 [140485517633216] INFO perfrun.perfcollector <> - config : any : 0
257 [140485517633216] INFO perfrun.perfcollector <> - config1 : offcore_rsp : 0
257 [140485517633216] INFO perfrun.perfcollector <> - config1 : ldlat : 0
257 [140485517633216] INFO perfrun.perfcollector <> - config : inv : 0
257 [140485517633216] INFO perfrun.perfcollector <> - config : umask : 3
257 [140485517633216] INFO perfrun.perfcollector <> - config : cmask : 1
257 [140485517633216] INFO perfrun.perfcollector <> - format : cpu/period=0x98968f,event=0xd,umask=0x3,cmask=0x1,name='INT_MISC.RECOVERY_CYCLES'/
257 [140485517633216] INFO perfrun.perfcollector <> - pmu config : cpu , m_cccrAddr : 186 , m_cccrVal : 4304d1 , m_escrAddr : ffffffff , m_escrVal : 0 , m_dataAddr : c1 , m_dataVal : fffffffffffc2f61
257 [140485517633216] INFO perfrun.perfcollector <> - config : event : d1
257 [140485517633216] INFO perfrun.perfcollector <> - config : pc : 0
257 [140485517633216] INFO perfrun.perfcollector <> - config : edge : 0
257 [140485517633216] INFO perfrun.perfcollector <> - config : any : 0
257 [140485517633216] INFO perfrun.perfcollector <> - config1 : offcore_rsp : 0
257 [140485517633216] INFO perfrun.perfcollector <> - config1 : ldlat : 0
257 [140485517633216] INFO perfrun.perfcollector <> - config : inv : 0
257 [140485517633216] INFO perfrun.perfcollector <> - config : umask : 4
257 [140485517633216] INFO perfrun.perfcollector <> - config : cmask : 0
257 [140485517633216] WARN perfrun.perfcollector <> - precise event : config : 4d1 , [m_cccrVal & impreciseMask(0x100000)] : 0, at file: vcs/perfrun1/plugins/perfcollector/src/event_manager.cpp:292
257 [140485517633216] INFO perfrun.perfcollector <> - format : cpu/period=0x3d09f,event=0xd1,umask=0x4,name='MEM_LOAD_UOPS_RETIRED.L3_HIT_PS'/
257 [140485517633216] INFO perfrun.perfcollector <> - pmu config : cpu , m_cccrAddr : 187 , m_cccrVal : 4320d1 , m_escrAddr : ffffffff , m_escrVal : 0 , m_dataAddr : c2 , m_dataVal : fffffffffffc2f61
257 [140485517633216] INFO perfrun.perfcollector <> - config : event : d1
257 [140485517633216] INFO perfrun.perfcollector <> - config : pc : 0
257 [140485517633216] INFO perfrun.perfcollector <> - config : edge : 0
257 [140485517633216] INFO perfrun.perfcollector <> - config : any : 0
257 [140485517633216] INFO perfrun.perfcollector <> - config1 : offcore_rsp : 0
257 [140485517633216] INFO perfrun.perfcollector <> - config1 : ldlat : 0
257 [140485517633216] INFO perfrun.perfcollector <> - config : inv : 0
257 [140485517633216] INFO perfrun.perfcollector <> - config : umask : 20
257 [140485517633216] INFO perfrun.perfcollector <> - config : cmask : 0
257 [140485517633216] WARN perfrun.perfcollector <> - precise event : config : 20d1 , [m_cccrVal & impreciseMask(0x100000)] : 0, at file: vcs/perfrun1/plugins/perfcollector/src/event_manager.cpp:292
257 [140485517633216] INFO perfrun.perfcollector <> - format : cpu/period=0x3d09f,event=0xd1,umask=0x20,name='MEM_LOAD_UOPS_RETIRED.L3_MISS_PS'/
258 [140485517633216] INFO perfrun.perfcollector <> - pmu config : cpu , m_cccrAddr : 188 , m_cccrVal : 1530860 , m_escrAddr : ffffffff , m_escrVal : 0 , m_dataAddr : c3 , m_dataVal : ffffffffff676971
258 [140485517633216] INFO perfrun.perfcollector <> - config : event : 60
258 [140485517633216] INFO perfrun.perfcollector <> - config : pc : 0
258 [140485517633216] INFO perfrun.perfcollector <> - config : edge : 0
258 [140485517633216] INFO perfrun.perfcollector <> - config : any : 0
258 [140485517633216] INFO perfrun.perfcollector <> - config1 : offcore_rsp : 0
258 [140485517633216] INFO perfrun.perfcollector <> - config1 : ldlat : 0
258 [140485517633216] INFO perfrun.perfcollector <> - config : inv : 0
258 [140485517633216] INFO perfrun.perfcollector <> - config : umask : 8
258 [140485517633216] INFO perfrun.perfcollector <> - config : cmask : 1
258 [140485517633216] INFO perfrun.perfcollector <> - format : cpu/period=0x98968f,event=0x60,umask=0x8,cmask=0x1,name='OFFCORE_REQUESTS_OUTSTANDING.CYCLES_WITH_DATA_RD'/
258 [140485517633216] INFO perfrun.perfcollector <> - pmu config : cpu , m_cccrAddr : 189 , m_cccrVal : 6530860 , m_escrAddr : ffffffff , m_escrVal : 0 , m_dataAddr : c4 , m_dataVal : ffffffffff676971
258 [140485517633216] INFO perfrun.perfcollector <> - config : event : 60
258 [140485517633216] INFO perfrun.perfcollector <> - config : pc : 0
258 [140485517633216] INFO perfrun.perfcollector <> - config : edge : 0
258 [140485517633216] INFO perfrun.perfcollector <> - config : any : 0
258 [140485517633216] INFO perfrun.perfcollector <> - config1 : offcore_rsp : 0
258 [140485517633216] INFO perfrun.perfcollector <> - config1 : ldlat : 0
258 [140485517633216] INFO perfrun.perfcollector <> - config : inv : 0
258 [140485517633216] INFO perfrun.perfcollector <> - config : umask : 8
258 [140485517633216] INFO perfrun.perfcollector <> - config : cmask : 6
258 [140485517633216] INFO perfrun.perfcollector <> - format : cpu/period=0x98968f,event=0x60,umask=0x8,cmask=0x6,name='OFFCORE_REQUESTS_OUTSTANDING.ALL_DATA_RD:cmask=6'/
258 [140485517633216] INFO perfrun.perfcollector <> - pmu config : cpu , m_cccrAddr : 186 , m_cccrVal : 5308a2 , m_escrAddr : ffffffff , m_escrVal : 0 , m_dataAddr : c1 , m_dataVal : ffffffffff676971
258 [140485517633216] INFO perfrun.perfcollector <> - config : event : a2
258 [140485517633216] INFO perfrun.perfcollector <> - config : pc : 0
258 [140485517633216] INFO perfrun.perfcollector <> - config : edge : 0
258 [140485517633216] INFO perfrun.perfcollector <> - config : any : 0
258 [140485517633216] INFO perfrun.perfcollector <> - config1 : offcore_rsp : 0
258 [140485517633216] INFO perfrun.perfcollector <> - config1 : ldlat : 0
258 [140485517633216] INFO perfrun.perfcollector <> - config : inv : 0
258 [140485517633216] INFO perfrun.perfcollector <> - config : umask : 8
258 [140485517633216] INFO perfrun.perfcollector <> - config : cmask : 0
258 [140485517633216] INFO perfrun.perfcollector <> - format : cpu/period=0x98968f,event=0xa2,umask=0x8,name='RESOURCE_STALLS.SB'/
258 [140485517633216] INFO perfrun.perfcollector <> - pmu config : cpu , m_cccrAddr : 187 , m_cccrVal : 53015e , m_escrAddr : ffffffff , m_escrVal : 0 , m_dataAddr : c2 , m_dataVal : ffffffffff676971
258 [140485517633216] INFO perfrun.perfcollector <> - config : event : 5e
258 [140485517633216] INFO perfrun.perfcollector <> - config : pc : 0
258 [140485517633216] INFO perfrun.perfcollector <> - config : edge : 0
258 [140485517633216] INFO perfrun.perfcollector <> - config : any : 0
258 [140485517633216] INFO perfrun.perfcollector <> - config1 : offcore_rsp : 0
258 [140485517633216] INFO perfrun.perfcollector <> - config1 : ldlat : 0
258 [140485517633216] INFO perfrun.perfcollector <> - config : inv : 0
258 [140485517633216] INFO perfrun.perfcollector <> - config : umask : 1
258 [140485517633216] INFO perfrun.perfcollector <> - config : cmask : 0
258 [140485517633216] INFO perfrun.perfcollector <> - format : cpu/period=0x98968f,event=0x5e,umask=0x1,name='RS_EVENTS.EMPTY_CYCLES'/
258 [140485517633216] INFO perfrun.perfcollector <> - pmu config : cpu , m_cccrAddr : 188 , m_cccrVal : 15302b1 , m_escrAddr : ffffffff , m_escrVal : 0 , m_dataAddr : c3 , m_dataVal : ffffffffff676971
258 [140485517633216] INFO perfrun.perfcollector <> - config : event : b1
258 [140485517633216] INFO perfrun.perfcollector <> - config : pc : 0
258 [140485517633216] INFO perfrun.perfcollector <> - config : edge : 0
258 [140485517633216] INFO perfrun.perfcollector <> - config : any : 0
258 [140485517633216] INFO perfrun.perfcollector <> - config1 : offcore_rsp : 0
258 [140485517633216] INFO perfrun.perfcollector <> - config1 : ldlat : 0
258 [140485517633216] INFO perfrun.perfcollector <> - config : inv : 0
258 [140485517633216] INFO perfrun.perfcollector <> - config : umask : 2
258 [140485517633216] INFO perfrun.perfcollector <> - config : cmask : 1
258 [140485517633216] INFO perfrun.perfcollector <> - format : cpu/period=0x98968f,event=0xb1,umask=0x2,cmask=0x1,name='UOPS_EXECUTED.CORE:cmask=1'/
258 [140485517633216] INFO perfrun.perfcollector <> - pmu config : cpu , m_cccrAddr : 189 , m_cccrVal : 25302b1 , m_escrAddr : ffffffff , m_escrVal : 0 , m_dataAddr : c4 , m_dataVal : ffffffffff676971
258 [140485517633216] INFO perfrun.perfcollector <> - config : event : b1
258 [140485517633216] INFO perfrun.perfcollector <> - config : pc : 0
258 [140485517633216] INFO perfrun.perfcollector <> - config : edge : 0
258 [140485517633216] INFO perfrun.perfcollector <> - config : any : 0
258 [140485517633216] INFO perfrun.perfcollector <> - config1 : offcore_rsp : 0
258 [140485517633216] INFO perfrun.perfcollector <> - config1 : ldlat : 0
258 [140485517633216] INFO perfrun.perfcollector <> - config : inv : 0
258 [140485517633216] INFO perfrun.perfcollector <> - config : umask : 2
258 [140485517633216] INFO perfrun.perfcollector <> - config : cmask : 2
258 [140485517633216] INFO perfrun.perfcollector <> - format : cpu/period=0x98968f,event=0xb1,umask=0x2,cmask=0x2,name='UOPS_EXECUTED.CORE:cmask=2'/
258 [140485517633216] INFO perfrun.perfcollector <> - pmu config : cpu , m_cccrAddr : 186 , m_cccrVal : 35302b1 , m_escrAddr : ffffffff , m_escrVal : 0 , m_dataAddr : c1 , m_dataVal : ffffffffff676971
258 [140485517633216] INFO perfrun.perfcollector <> - config : event : b1
258 [140485517633216] INFO perfrun.perfcollector <> - config : pc : 0
258 [140485517633216] INFO perfrun.perfcollector <> - config : edge : 0
258 [140485517633216] INFO perfrun.perfcollector <> - config : any : 0
258 [140485517633216] INFO perfrun.perfcollector <> - config1 : offcore_rsp : 0
258 [140485517633216] INFO perfrun.perfcollector <> - config1 : ldlat : 0
258 [140485517633216] INFO perfrun.perfcollector <> - config : inv : 0
258 [140485517633216] INFO perfrun.perfcollector <> - config : umask : 2
258 [140485517633216] INFO perfrun.perfcollector <> - config : cmask : 3
258 [140485517633216] INFO perfrun.perfcollector <> - format : cpu/period=0x98968f,event=0xb1,umask=0x2,cmask=0x3,name='UOPS_EXECUTED.CORE:cmask=3'/
258 [140485517633216] INFO perfrun.perfcollector <> - pmu config : cpu , m_cccrAddr : 187 , m_cccrVal : 53010e , m_escrAddr : ffffffff , m_escrVal : 0 , m_dataAddr : c2 , m_dataVal : ffffffffff676971
258 [140485517633216] INFO perfrun.perfcollector <> - config : event : e
258 [140485517633216] INFO perfrun.perfcollector <> - config : pc : 0
258 [140485517633216] INFO perfrun.perfcollector <> - config : edge : 0
258 [140485517633216] INFO perfrun.perfcollector <> - config : any : 0
258 [140485517633216] INFO perfrun.perfcollector <> - config1 : offcore_rsp : 0
258 [140485517633216] INFO perfrun.perfcollector <> - config1 : ldlat : 0
258 [140485517633216] INFO perfrun.perfcollector <> - config : inv : 0
258 [140485517633216] INFO perfrun.perfcollector <> - config : umask : 1
258 [140485517633216] INFO perfrun.perfcollector <> - config : cmask : 0
258 [140485517633216] INFO perfrun.perfcollector <> - format : cpu/period=0x98968f,event=0xe,umask=0x1,name='UOPS_ISSUED.ANY'/
258 [140485517633216] INFO perfrun.perfcollector <> - pmu config : cpu , m_cccrAddr : 188 , m_cccrVal : 5302c2 , m_escrAddr : ffffffff , m_escrVal : 0 , m_dataAddr : c3 , m_dataVal : ffffffffff676971
258 [140485517633216] INFO perfrun.perfcollector <> - config : event : c2
258 [140485517633216] INFO perfrun.perfcollector <> - config : pc : 0
258 [140485517633216] INFO perfrun.perfcollector <> - config : edge : 0
258 [140485517633216] INFO perfrun.perfcollector <> - config : any : 0
258 [140485517633216] INFO perfrun.perfcollector <> - config1 : offcore_rsp : 0
258 [140485517633216] INFO perfrun.perfcollector <> - config1 : ldlat : 0
258 [140485517633216] INFO perfrun.perfcollector <> - config : inv : 0
258 [140485517633216] INFO perfrun.perfcollector <> - config : umask : 2
258 [140485517633216] INFO perfrun.perfcollector <> - config : cmask : 0
258 [140485517633216] INFO perfrun.perfcollector <> - format : cpu/period=0x98968f,event=0xc2,umask=0x2,name='UOPS_RETIRED.RETIRE_SLOTS'/
258 [140485517633216] INFO perfrun.perfcollector <> - pmu config : cpu , m_cccrAddr : 189 , m_cccrVal : 453019c , m_escrAddr : ffffffff , m_escrVal : 0 , m_dataAddr : c4 , m_dataVal : ffffffffff676971
258 [140485517633216] INFO perfrun.perfcollector <> - config : event : 9c
258 [140485517633216] INFO perfrun.perfcollector <> - config : pc : 0
258 [140485517633216] INFO perfrun.perfcollector <> - config : edge : 0
258 [140485517633216] INFO perfrun.perfcollector <> - config : any : 0
258 [140485517633216] INFO perfrun.perfcollector <> - config1 : offcore_rsp : 0
258 [140485517633216] INFO perfrun.perfcollector <> - config1 : ldlat : 0
258 [140485517633216] INFO perfrun.perfcollector <> - config : inv : 0
258 [140485517633216] INFO perfrun.perfcollector <> - config : umask : 1
258 [140485517633216] INFO perfrun.perfcollector <> - config : cmask : 4
258 [140485517633216] INFO perfrun.perfcollector <> - format : cpu/period=0x98968f,event=0x9c,umask=0x1,cmask=0x4,name='IDQ_UOPS_NOT_DELIVERED.CYCLES_0_UOPS_DELIV.CORE'/
258 [140485517633216] INFO perfrun.perfcollector <> - pmu config : cpu , m_cccrAddr : 186 , m_cccrVal : 4381d0 , m_escrAddr : ffffffff , m_escrVal : 0 , m_dataAddr : c1 , m_dataVal : fffffffffff85ed1
258 [140485517633216] INFO perfrun.perfcollector <> - config : event : d0
258 [140485517633216] INFO perfrun.perfcollector <> - config : pc : 0
258 [140485517633216] INFO perfrun.perfcollector <> - config : edge : 0
258 [140485517633216] INFO perfrun.perfcollector <> - config : any : 0
258 [140485517633216] INFO perfrun.perfcollector <> - config1 : offcore_rsp : 0
258 [140485517633216] INFO perfrun.perfcollector <> - config1 : ldlat : 0
258 [140485517633216] INFO perfrun.perfcollector <> - config : inv : 0
258 [140485517633216] INFO perfrun.perfcollector <> - config : umask : 81
258 [140485517633216] INFO perfrun.perfcollector <> - config : cmask : 0
258 [140485517633216] WARN perfrun.perfcollector <> - precise event : config : 81d0 , [m_cccrVal & impreciseMask(0x100000)] : 0, at file: vcs/perfrun1/plugins/perfcollector/src/event_manager.cpp:292
258 [140485517633216] INFO perfrun.perfcollector <> - format : cpu/period=0x7a12f,event=0xd0,umask=0x81,name='MEM_UOPS_RETIRED.ALL_LOADS_PS'/
258 [140485517633216] INFO perfrun.perfcollector <> - pmu config : cpu , m_cccrAddr : 187 , m_cccrVal : 4382d0 , m_escrAddr : ffffffff , m_escrVal : 0 , m_dataAddr : c2 , m_dataVal : fffffffffff85ed1
258 [140485517633216] INFO perfrun.perfcollector <> - config : event : d0
258 [140485517633216] INFO perfrun.perfcollector <> - config : pc : 0
258 [140485517633216] INFO perfrun.perfcollector <> - config : edge : 0
258 [140485517633216] INFO perfrun.perfcollector <> - config : any : 0
258 [140485517633216] INFO perfrun.perfcollector <> - config1 : offcore_rsp : 0
258 [140485517633216] INFO perfrun.perfcollector <> - config1 : ldlat : 0
258 [140485517633216] INFO perfrun.perfcollector <> - config : inv : 0
258 [140485517633216] INFO perfrun.perfcollector <> - config : umask : 82
258 [140485517633216] INFO perfrun.perfcollector <> - config : cmask : 0
258 [140485517633216] WARN perfrun.perfcollector <> - precise event : config : 82d0 , [m_cccrVal & impreciseMask(0x100000)] : 0, at file: vcs/perfrun1/plugins/perfcollector/src/event_manager.cpp:292
258 [140485517633216] INFO perfrun.perfcollector <> - format : cpu/period=0x7a12f,event=0xd0,umask=0x82,name='MEM_UOPS_RETIRED.ALL_STORES_PS'/
258 [140485517633216] INFO perfrun.perfcollector <> - pmu config : cpu , m_cccrAddr : 188 , m_cccrVal : 4301d3 , m_escrAddr : ffffffff , m_escrVal : 0 , m_dataAddr : c3 , m_dataVal : fffffffffff85ed1
258 [140485517633216] INFO perfrun.perfcollector <> - config : event : d3
258 [140485517633216] INFO perfrun.perfcollector <> - config : pc : 0
258 [140485517633216] INFO perfrun.perfcollector <> - config : edge : 0
258 [140485517633216] INFO perfrun.perfcollector <> - config : any : 0
258 [140485517633216] INFO perfrun.perfcollector <> - config1 : offcore_rsp : 0
258 [140485517633216] INFO perfrun.perfcollector <> - config1 : ldlat : 0
258 [140485517633216] INFO perfrun.perfcollector <> - config : inv : 0
258 [140485517633216] INFO perfrun.perfcollector <> - config : umask : 1
258 [140485517633216] INFO perfrun.perfcollector <> - config : cmask : 0
258 [140485517633216] WARN perfrun.perfcollector <> - precise event : config : 1d3 , [m_cccrVal & impreciseMask(0x100000)] : 0, at file: vcs/perfrun1/plugins/perfcollector/src/event_manager.cpp:292
258 [140485517633216] INFO perfrun.perfcollector <> - format : cpu/period=0x7a12f,event=0xd3,umask=0x1,name='MEM_LOAD_UOPS_L3_MISS_RETIRED.LOCAL_DRAM_PS'/
258 [140485517633216] INFO perfrun.perfcollector <> - pmu config : cpu , m_cccrAddr : 189 , m_cccrVal : 4304d3 , m_escrAddr : ffffffff , m_escrVal : 0 , m_dataAddr : c4 , m_dataVal : fffffffffff85ed1
258 [140485517633216] INFO perfrun.perfcollector <> - config : event : d3
258 [140485517633216] INFO perfrun.perfcollector <> - config : pc : 0
258 [140485517633216] INFO perfrun.perfcollector <> - config : edge : 0
258 [140485517633216] INFO perfrun.perfcollector <> - config : any : 0
258 [140485517633216] INFO perfrun.perfcollector <> - config1 : offcore_rsp : 0
258 [140485517633216] INFO perfrun.perfcollector <> - config1 : ldlat : 0
258 [140485517633216] INFO perfrun.perfcollector <> - config : inv : 0
258 [140485517633216] INFO perfrun.perfcollector <> - config : umask : 4
258 [140485517633216] INFO perfrun.perfcollector <> - config : cmask : 0
258 [140485517633216] WARN perfrun.perfcollector <> - precise event : config : 4d3 , [m_cccrVal & impreciseMask(0x100000)] : 0, at file: vcs/perfrun1/plugins/perfcollector/src/event_manager.cpp:292
258 [140485517633216] INFO perfrun.perfcollector <> - format : cpu/period=0x7a12f,event=0xd3,umask=0x4,name='MEM_LOAD_UOPS_L3_MISS_RETIRED.REMOTE_DRAM_PS'/
258 [140485517633216] INFO perfrun.perfcollector <> - pmu config : cpu , m_cccrAddr : 186 , m_cccrVal : 4310d3 , m_escrAddr : ffffffff , m_escrVal : 0 , m_dataAddr : c1 , m_dataVal : fffffffffff85ed1
258 [140485517633216] INFO perfrun.perfcollector <> - config : event : d3
258 [140485517633216] INFO perfrun.perfcollector <> - config : pc : 0
258 [140485517633216] INFO perfrun.perfcollector <> - config : edge : 0
258 [140485517633216] INFO perfrun.perfcollector <> - config : any : 0
258 [140485517633216] INFO perfrun.perfcollector <> - config1 : offcore_rsp : 0
258 [140485517633216] INFO perfrun.perfcollector <> - config1 : ldlat : 0
258 [140485517633216] INFO perfrun.perfcollector <> - config : inv : 0
258 [140485517633216] INFO perfrun.perfcollector <> - config : umask : 10
258 [140485517633216] INFO perfrun.perfcollector <> - config : cmask : 0
258 [140485517633216] WARN perfrun.perfcollector <> - precise event : config : 10d3 , [m_cccrVal & impreciseMask(0x100000)] : 0, at file: vcs/perfrun1/plugins/perfcollector/src/event_manager.cpp:292
258 [140485517633216] INFO perfrun.perfcollector <> - format : cpu/period=0x7a12f,event=0xd3,umask=0x10,name='MEM_LOAD_UOPS_L3_MISS_RETIRED.REMOTE_HITM_PS'/
258 [140485517633216] INFO perfrun.perfcollector <> - pmu config : cpu , m_cccrAddr : 187 , m_cccrVal : 4320d3 , m_escrAddr : ffffffff , m_escrVal : 0 , m_dataAddr : c2 , m_dataVal : fffffffffff85ed1
258 [140485517633216] INFO perfrun.perfcollector <> - config : event : d3
258 [140485517633216] INFO perfrun.perfcollector <> - config : pc : 0
258 [140485517633216] INFO perfrun.perfcollector <> - config : edge : 0
258 [140485517633216] INFO perfrun.perfcollector <> - config : any : 0
258 [140485517633216] INFO perfrun.perfcollector <> - config1 : offcore_rsp : 0
258 [140485517633216] INFO perfrun.perfcollector <> - config1 : ldlat : 0
258 [140485517633216] INFO perfrun.perfcollector <> - config : inv : 0
258 [140485517633216] INFO perfrun.perfcollector <> - config : umask : 20
258 [140485517633216] INFO perfrun.perfcollector <> - config : cmask : 0
258 [140485517633216] WARN perfrun.perfcollector <> - precise event : config : 20d3 , [m_cccrVal & impreciseMask(0x100000)] : 0, at file: vcs/perfrun1/plugins/perfcollector/src/event_manager.cpp:292
258 [140485517633216] INFO perfrun.perfcollector <> - format : cpu/period=0x7a12f,event=0xd3,umask=0x20,name='MEM_LOAD_UOPS_L3_MISS_RETIRED.REMOTE_FWD_PS'/
258 [140485517633216] INFO perfrun.perfcollector <> - pmu config : uncore_imc_0 , m_cccrAddr : d8 , m_cccrVal : 400304 , m_escrAddr : ffffffff , m_escrVal : 0 , m_dataAddr : a0 , m_dataVal : 0
258 [140485517633216] INFO perfrun.perfcollector <> - config : event : 4
258 [140485517633216] INFO perfrun.perfcollector <> - config : edge : 0
258 [140485517633216] INFO perfrun.perfcollector <> - config : inv : 0
258 [140485517633216] INFO perfrun.perfcollector <> - config : umask : 3
258 [140485517633216] INFO perfrun.perfcollector <> - config : thresh : 0
258 [140485517633216] INFO perfrun.perfcollector <> - format : uncore_imc_0/period=0x0,event=0x4,umask=0x3,name='UNC_M_CAS_COUNT.RD[UNIT0]'/
258 [140485517633216] INFO perfrun.perfcollector <> - pmu config : uncore_imc_1 , m_cccrAddr : d8 , m_cccrVal : 400304 , m_escrAddr : ffffffff , m_escrVal : 0 , m_dataAddr : a0 , m_dataVal : 0
258 [140485517633216] INFO perfrun.perfcollector <> - config : event : 4
258 [140485517633216] INFO perfrun.perfcollector <> - config : edge : 0
258 [140485517633216] INFO perfrun.perfcollector <> - config : inv : 0
258 [140485517633216] INFO perfrun.perfcollector <> - config : umask : 3
258 [140485517633216] INFO perfrun.perfcollector <> - config : thresh : 0
258 [140485517633216] INFO perfrun.perfcollector <> - format : uncore_imc_1/period=0x0,event=0x4,umask=0x3,name='UNC_M_CAS_COUNT.RD[UNIT1]'/
258 [140485517633216] INFO perfrun.perfcollector <> - pmu config : uncore_imc_4 , m_cccrAddr : d8 , m_cccrVal : 400304 , m_escrAddr : ffffffff , m_escrVal : 0 , m_dataAddr : a0 , m_dataVal : 0
258 [140485517633216] INFO perfrun.perfcollector <> - config : event : 4
258 [140485517633216] INFO perfrun.perfcollector <> - config : edge : 0
258 [140485517633216] INFO perfrun.perfcollector <> - config : inv : 0
258 [140485517633216] INFO perfrun.perfcollector <> - config : umask : 3
258 [140485517633216] INFO perfrun.perfcollector <> - config : thresh : 0
258 [140485517633216] INFO perfrun.perfcollector <> - format : uncore_imc_4/period=0x0,event=0x4,umask=0x3,name='UNC_M_CAS_COUNT.RD[UNIT4]'/
258 [140485517633216] INFO perfrun.perfcollector <> - pmu config : uncore_imc_5 , m_cccrAddr : d8 , m_cccrVal : 400304 , m_escrAddr : ffffffff , m_escrVal : 0 , m_dataAddr : a0 , m_dataVal : 0
258 [140485517633216] INFO perfrun.perfcollector <> - config : event : 4
258 [140485517633216] INFO perfrun.perfcollector <> - config : edge : 0
258 [140485517633216] INFO perfrun.perfcollector <> - config : inv : 0
258 [140485517633216] INFO perfrun.perfcollector <> - config : umask : 3
258 [140485517633216] INFO perfrun.perfcollector <> - config : thresh : 0
258 [140485517633216] INFO perfrun.perfcollector <> - format : uncore_imc_5/period=0x0,event=0x4,umask=0x3,name='UNC_M_CAS_COUNT.RD[UNIT5]'/
258 [140485517633216] INFO perfrun.perfcollector <> - pmu config : uncore_imc_0 , m_cccrAddr : dc , m_cccrVal : 400c04 , m_escrAddr : ffffffff , m_escrVal : 0 , m_dataAddr : a8 , m_dataVal : 0
258 [140485517633216] INFO perfrun.perfcollector <> - config : event : 4
258 [140485517633216] INFO perfrun.perfcollector <> - config : edge : 0
258 [140485517633216] INFO perfrun.perfcollector <> - config : inv : 0
258 [140485517633216] INFO perfrun.perfcollector <> - config : umask : c
258 [140485517633216] INFO perfrun.perfcollector <> - config : thresh : 0
258 [140485517633216] INFO perfrun.perfcollector <> - format : uncore_imc_0/period=0x0,event=0x4,umask=0xc,name='UNC_M_CAS_COUNT.WR[UNIT0]'/
258 [140485517633216] INFO perfrun.perfcollector <> - pmu config : uncore_imc_1 , m_cccrAddr : dc , m_cccrVal : 400c04 , m_escrAddr : ffffffff , m_escrVal : 0 , m_dataAddr : a8 , m_dataVal : 0
258 [140485517633216] INFO perfrun.perfcollector <> - config : event : 4
258 [140485517633216] INFO perfrun.perfcollector <> - config : edge : 0
258 [140485517633216] INFO perfrun.perfcollector <> - config : inv : 0
258 [140485517633216] INFO perfrun.perfcollector <> - config : umask : c
258 [140485517633216] INFO perfrun.perfcollector <> - config : thresh : 0
258 [140485517633216] INFO perfrun.perfcollector <> - format : uncore_imc_1/period=0x0,event=0x4,umask=0xc,name='UNC_M_CAS_COUNT.WR[UNIT1]'/
258 [140485517633216] INFO perfrun.perfcollector <> - pmu config : uncore_imc_4 , m_cccrAddr : dc , m_cccrVal : 400c04 , m_escrAddr : ffffffff , m_escrVal : 0 , m_dataAddr : a8 , m_dataVal : 0
258 [140485517633216] INFO perfrun.perfcollector <> - config : event : 4
258 [140485517633216] INFO perfrun.perfcollector <> - config : edge : 0
258 [140485517633216] INFO perfrun.perfcollector <> - config : inv : 0
258 [140485517633216] INFO perfrun.perfcollector <> - config : umask : c
258 [140485517633216] INFO perfrun.perfcollector <> - config : thresh : 0
258 [140485517633216] INFO perfrun.perfcollector <> - format : uncore_imc_4/period=0x0,event=0x4,umask=0xc,name='UNC_M_CAS_COUNT.WR[UNIT4]'/
258 [140485517633216] INFO perfrun.perfcollector <> - pmu config : uncore_imc_5 , m_cccrAddr : dc , m_cccrVal : 400c04 , m_escrAddr : ffffffff , m_escrVal : 0 , m_dataAddr : a8 , m_dataVal : 0
258 [140485517633216] INFO perfrun.perfcollector <> - config : event : 4
258 [140485517633216] INFO perfrun.perfcollector <> - config : edge : 0
258 [140485517633216] INFO perfrun.perfcollector <> - config : inv : 0
258 [140485517633216] INFO perfrun.perfcollector <> - config : umask : c
258 [140485517633216] INFO perfrun.perfcollector <> - config : thresh : 0
258 [140485517633216] INFO perfrun.perfcollector <> - format : uncore_imc_5/period=0x0,event=0x4,umask=0xc,name='UNC_M_CAS_COUNT.WR[UNIT5]'/
258 [140485517633216] INFO perfrun.perfcollector <> - event: cpu/period=0xaf79e0,event=0x3c,name='CPU_CLK_UNHALTED.THREAD'/Duk , added for sampling
258 [140485517633216] INFO perfrun.perfcollector <> - event: cpu/period=0xaf79e0,umask=0x3,name='CPU_CLK_UNHALTED.REF_TSC'/Duk , added for sampling
258 [140485517633216] INFO perfrun.perfcollector <> - event: cpu/period=0xaf79e0,event=0xc0,name='INST_RETIRED.ANY'/Duk , added for sampling
258 [140485517633216] INFO perfrun.perfcollector <> - event: cpu/period=0x98968f,event=0xa3,umask=0xc,cmask=0xc,name='CYCLE_ACTIVITY.STALLS_L1D_PENDING'/uk , added for sampling
258 [140485517633216] INFO perfrun.perfcollector <> - event: cpu/period=0x7a12f,event=0x3c,umask=0x1,name='CPU_CLK_UNHALTED.REF_XCLK'/uk , added for sampling
258 [140485517633216] INFO perfrun.perfcollector <> - event: cpu/period=0x7a12f,event=0x3c,umask=0x2,name='CPU_CLK_UNHALTED.ONE_THREAD_ACTIVE'/uk , added for sampling
258 [140485517633216] INFO perfrun.perfcollector <> - event: cpu/period=0x98968f,event=0xa3,umask=0x4,cmask=0x4,name='CYCLE_ACTIVITY.CYCLES_NO_EXECUTE'/uk , added for sampling
258 [140485517633216] INFO perfrun.perfcollector <> - event: cpu/period=0x98968f,event=0xa3,umask=0x6,cmask=0x6,name='CYCLE_ACTIVITY.STALLS_LDM_PENDING'/uk , added for sampling
258 [140485517633216] INFO perfrun.perfcollector <> - event: cpu/period=0x98968f,event=0xa3,umask=0x5,cmask=0x5,name='CYCLE_ACTIVITY.STALLS_L2_PENDING'/uk , added for sampling
258 [140485517633216] INFO perfrun.perfcollector <> - event: cpu/period=0x98968f,event=0x9c,umask=0x1,name='IDQ_UOPS_NOT_DELIVERED.CORE'/uk , added for sampling
258 [140485517633216] INFO perfrun.perfcollector <> - event: cpu/period=0x98968f,event=0xd,umask=0x3,cmask=0x1,name='INT_MISC.RECOVERY_CYCLES'/uk , added for sampling
258 [140485517633216] INFO perfrun.perfcollector <> - event: cpu/period=0x3d09f,event=0xd1,umask=0x4,name='MEM_LOAD_UOPS_RETIRED.L3_HIT_PS'/ukpp , added for sampling
258 [140485517633216] INFO perfrun.perfcollector <> - event: cpu/period=0x3d09f,event=0xd1,umask=0x20,name='MEM_LOAD_UOPS_RETIRED.L3_MISS_PS'/ukpp , added for sampling
258 [140485517633216] INFO perfrun.perfcollector <> - event: cpu/period=0x98968f,event=0x60,umask=0x8,cmask=0x1,name='OFFCORE_REQUESTS_OUTSTANDING.CYCLES_WITH_DATA_RD'/uk , added for sampling
258 [140485517633216] INFO perfrun.perfcollector <> - event: cpu/period=0x98968f,event=0x60,umask=0x8,cmask=0x6,name='OFFCORE_REQUESTS_OUTSTANDING.ALL_DATA_RD:cmask=6'/uk , added for sampling
258 [140485517633216] INFO perfrun.perfcollector <> - event: cpu/period=0x98968f,event=0xa2,umask=0x8,name='RESOURCE_STALLS.SB'/uk , added for sampling
258 [140485517633216] INFO perfrun.perfcollector <> - event: cpu/period=0x98968f,event=0x5e,umask=0x1,name='RS_EVENTS.EMPTY_CYCLES'/uk , added for sampling
258 [140485517633216] INFO perfrun.perfcollector <> - event: cpu/period=0x98968f,event=0xb1,umask=0x2,cmask=0x1,name='UOPS_EXECUTED.CORE:cmask=1'/uk , added for sampling
258 [140485517633216] INFO perfrun.perfcollector <> - event: cpu/period=0x98968f,event=0xb1,umask=0x2,cmask=0x2,name='UOPS_EXECUTED.CORE:cmask=2'/uk , added for sampling
258 [140485517633216] INFO perfrun.perfcollector <> - event: cpu/period=0x98968f,event=0xb1,umask=0x2,cmask=0x3,name='UOPS_EXECUTED.CORE:cmask=3'/uk , added for sampling
258 [140485517633216] INFO perfrun.perfcollector <> - event: cpu/period=0x98968f,event=0xe,umask=0x1,name='UOPS_ISSUED.ANY'/uk , added for sampling
258 [140485517633216] INFO perfrun.perfcollector <> - event: cpu/period=0x98968f,event=0xc2,umask=0x2,name='UOPS_RETIRED.RETIRE_SLOTS'/uk , added for sampling
258 [140485517633216] INFO perfrun.perfcollector <> - event: cpu/period=0x98968f,event=0x9c,umask=0x1,cmask=0x4,name='IDQ_UOPS_NOT_DELIVERED.CYCLES_0_UOPS_DELIV.CORE'/uk , added for sampling
258 [140485517633216] INFO perfrun.perfcollector <> - event: cpu/period=0x7a12f,event=0xd0,umask=0x81,name='MEM_UOPS_RETIRED.ALL_LOADS_PS'/ukpp , added for sampling
258 [140485517633216] INFO perfrun.perfcollector <> - event: cpu/period=0x7a12f,event=0xd0,umask=0x82,name='MEM_UOPS_RETIRED.ALL_STORES_PS'/ukpp , added for sampling
258 [140485517633216] INFO perfrun.perfcollector <> - event: cpu/period=0x7a12f,event=0xd3,umask=0x1,name='MEM_LOAD_UOPS_L3_MISS_RETIRED.LOCAL_DRAM_PS'/ukpp , added for sampling
258 [140485517633216] INFO perfrun.perfcollector <> - event: cpu/period=0x7a12f,event=0xd3,umask=0x4,name='MEM_LOAD_UOPS_L3_MISS_RETIRED.REMOTE_DRAM_PS'/ukpp , added for sampling
258 [140485517633216] INFO perfrun.perfcollector <> - event: cpu/period=0x7a12f,event=0xd3,umask=0x10,name='MEM_LOAD_UOPS_L3_MISS_RETIRED.REMOTE_HITM_PS'/ukpp , added for sampling
258 [140485517633216] INFO perfrun.perfcollector <> - event: cpu/period=0x7a12f,event=0xd3,umask=0x20,name='MEM_LOAD_UOPS_L3_MISS_RETIRED.REMOTE_FWD_PS'/ukpp , added for sampling
258 [140485517633216] INFO perfrun.perfcollector <> - event: uncore_imc_0/period=0x0,event=0x4,umask=0x3,name='UNC_M_CAS_COUNT.RD[UNIT0]'/ , added for counting
258 [140485517633216] INFO perfrun.perfcollector <> - event: uncore_imc_1/period=0x0,event=0x4,umask=0x3,name='UNC_M_CAS_COUNT.RD[UNIT1]'/ , added for counting
258 [140485517633216] INFO perfrun.perfcollector <> - event: uncore_imc_4/period=0x0,event=0x4,umask=0x3,name='UNC_M_CAS_COUNT.RD[UNIT4]'/ , added for counting
259 [140485517633216] INFO perfrun.perfcollector <> - event: uncore_imc_5/period=0x0,event=0x4,umask=0x3,name='UNC_M_CAS_COUNT.RD[UNIT5]'/ , added for counting
259 [140485517633216] INFO perfrun.perfcollector <> - event: uncore_imc_0/period=0x0,event=0x4,umask=0xc,name='UNC_M_CAS_COUNT.WR[UNIT0]'/ , added for counting
259 [140485517633216] INFO perfrun.perfcollector <> - event: uncore_imc_1/period=0x0,event=0x4,umask=0xc,name='UNC_M_CAS_COUNT.WR[UNIT1]'/ , added for counting
259 [140485517633216] INFO perfrun.perfcollector <> - event: uncore_imc_4/period=0x0,event=0x4,umask=0xc,name='UNC_M_CAS_COUNT.WR[UNIT4]'/ , added for counting
259 [140485517633216] INFO perfrun.perfcollector <> - event: uncore_imc_5/period=0x0,event=0x4,umask=0xc,name='UNC_M_CAS_COUNT.WR[UNIT5]'/ , added for counting
259 [140485419792064] WARN perfrun.perfcollector <> - Perf stat trace pipe capacity: read = 1048576, write = 1048576, at file: vcs/perfrun1/plugins/perfcollector/src/profiler.cpp:763
259 [140485419792064] INFO perfrun.perfcollector <> - Path to Perf control pipe: /tmp/amplxe-tmp-dhamorim/perf-pipe-1444187-16359796318512504
260 [140485419792064] INFO perfrun.sdk <> - runCmd: "/home/intel/oneapi/vtune/2021.1.1/bin64/amplxe-perf" stat -v --log-fd 11 --pipe "/tmp/amplxe-tmp-dhamorim/perf-pipe-1444187-16359796318512504" --pipe-sync -I 10 -A --scale -x ; -a -e uncore_imc_0/period=0x0,event=0x4,umask=0x3,name='UNC_M_CAS_COUNT.RD[UNIT0]'/,uncore_imc_1/period=0x0,event=0x4,umask=0x3,name='UNC_M_CAS_COUNT.RD[UNIT1]'/,uncore_imc_4/period=0x0,event=0x4,umask=0x3,name='UNC_M_CAS_COUNT.RD[UNIT4]'/,uncore_imc_5/period=0x0,event=0x4,umask=0x3,name='UNC_M_CAS_COUNT.RD[UNIT5]'/,uncore_imc_0/period=0x0,event=0x4,umask=0xc,name='UNC_M_CAS_COUNT.WR[UNIT0]'/,uncore_imc_1/period=0x0,event=0x4,umask=0xc,name='UNC_M_CAS_COUNT.WR[UNIT1]'/,uncore_imc_4/period=0x0,event=0x4,umask=0xc,name='UNC_M_CAS_COUNT.WR[UNIT4]'/,uncore_imc_5/period=0x0,event=0x4,umask=0xc,name='UNC_M_CAS_COUNT.WR[UNIT5]'/ "/home/intel/oneapi/vtune/2021.1.1/bin64/amplxe-perf-sync" dryrun sys
302 [140485411399360] INFO perfrun.perfcollector <> - PERF_STAT : "     0.010454811;CPU0;2555;;UNC_M_CAS_COUNT.RD[UNIT0];10465533;100.00;;"
321 [140485411399360] INFO perfrun.perfcollector <> - PERF_STAT : "     0.010454811;CPU10;3581;;UNC_M_CAS_COUNT.RD[UNIT0];10367720;100.00;;"
321 [140485411399360] INFO perfrun.perfcollector <> - PERF_STAT : "     0.010454811;CPU0;3075;;UNC_M_CAS_COUNT.RD[UNIT1];10426101;100.00;;"
321 [140485411399360] INFO perfrun.perfcollector <> - PERF_STAT : "     0.010454811;CPU10;4058;;UNC_M_CAS_COUNT.RD[UNIT1];10359650;100.00;;"
321 [140485411399360] INFO perfrun.perfcollector <> - PERF_STAT : "     0.010454811;CPU0;2520;;UNC_M_CAS_COUNT.RD[UNIT4];10419223;100.00;;"
321 [140485411399360] INFO perfrun.perfcollector <> - PERF_STAT : "     0.010454811;CPU10;3472;;UNC_M_CAS_COUNT.RD[UNIT4];10351140;100.00;;"
321 [140485411399360] INFO perfrun.perfcollector <> - PERF_STAT : "     0.010454811;CPU0;3077;;UNC_M_CAS_COUNT.RD[UNIT5];10412188;100.00;;"
321 [140485411399360] INFO perfrun.perfcollector <> - PERF_STAT : "     0.010454811;CPU10;3955;;UNC_M_CAS_COUNT.RD[UNIT5];10342868;100.00;;"
321 [140485411399360] INFO perfrun.perfcollector <> - PERF_STAT : "     0.010454811;CPU0;114;;UNC_M_CAS_COUNT.WR[UNIT0];10400572;100.00;;"
321 [140485411399360] INFO perfrun.perfcollector <> - PERF_STAT : "     0.010454811;CPU10;263;;UNC_M_CAS_COUNT.WR[UNIT0];10336077;100.00;;"
321 [140485411399360] INFO perfrun.perfcollector <> - PERF_STAT : "     0.010454811;CPU0;663;;UNC_M_CAS_COUNT.WR[UNIT1];10388885;100.00;;"
321 [140485411399360] INFO perfrun.perfcollector <> - PERF_STAT : "     0.010454811;CPU10;776;;UNC_M_CAS_COUNT.WR[UNIT1];10321728;100.00;;"
321 [140485411399360] INFO perfrun.perfcollector <> - PERF_STAT : "     0.010454811;CPU0;100;;UNC_M_CAS_COUNT.WR[UNIT4];10380380;100.00;;"
321 [140485411399360] INFO perfrun.perfcollector <> - PERF_STAT : "     0.010454811;CPU10;233;;UNC_M_CAS_COUNT.WR[UNIT4];10308095;100.00;;"
321 [140485411399360] INFO perfrun.perfcollector <> - PERF_STAT : "     0.010454811;CPU0;635;;UNC_M_CAS_COUNT.WR[UNIT5];10369033;100.00;;"
321 [140485411399360] INFO perfrun.perfcollector <> - PERF_STAT : "     0.010454811;CPU10;765;;UNC_M_CAS_COUNT.WR[UNIT5];10294098;100.00;;"
321 [140485411399360] INFO perfrun.perfcollector <> - PERF_STAT : "     0.020782060;CPU0;267;;UNC_M_CAS_COUNT.RD[UNIT0];10309979;100.00;;"
321 [140485411399360] INFO perfrun.perfcollector <> - PERF_STAT : "     0.020782060;CPU10;394;;UNC_M_CAS_COUNT.RD[UNIT0];10292064;100.00;;"
321 [140485411399360] INFO perfrun.perfcollector <> - PERF_STAT : "     0.020782060;CPU0;798;;UNC_M_CAS_COUNT.RD[UNIT1];10309837;100.00;;"
321 [140485411399360] INFO perfrun.perfcollector <> - PERF_STAT : "     0.020782060;CPU10;454;;UNC_M_CAS_COUNT.RD[UNIT1];10292327;100.00;;"
321 [140485411399360] INFO perfrun.perfcollector <> - PERF_STAT : "     0.020782060;CPU0;331;;UNC_M_CAS_COUNT.RD[UNIT4];10309912;100.00;;"
321 [140485411399360] INFO perfrun.perfcollector <> - PERF_STAT : "     0.020782060;CPU10;419;;UNC_M_CAS_COUNT.RD[UNIT4];10292377;100.00;;"
322 [140485411399360] INFO perfrun.perfcollector <> - PERF_STAT : "     0.020782060;CPU0;851;;UNC_M_CAS_COUNT.RD[UNIT5];10309808;100.00;;"
322 [140485411399360] INFO perfrun.perfcollector <> - PERF_STAT : "     0.020782060;CPU10;528;;UNC_M_CAS_COUNT.RD[UNIT5];10292385;100.00;;"
322 [140485411399360] INFO perfrun.perfcollector <> - PERF_STAT : "     0.020782060;CPU0;23;;UNC_M_CAS_COUNT.WR[UNIT0];10309853;100.00;;"
322 [140485411399360] INFO perfrun.perfcollector <> - PERF_STAT : "     0.020782060;CPU10;52;;UNC_M_CAS_COUNT.WR[UNIT0];10292444;100.00;;"
322 [140485411399360] INFO perfrun.perfcollector <> - PERF_STAT : "     0.020782060;CPU0;553;;UNC_M_CAS_COUNT.WR[UNIT1];10309596;100.00;;"
322 [140485411399360] INFO perfrun.perfcollector <> - PERF_STAT : "     0.020782060;CPU10;159;;UNC_M_CAS_COUNT.WR[UNIT1];10292405;100.00;;"
322 [140485411399360] INFO perfrun.perfcollector <> - PERF_STAT : "     0.020782060;CPU0;23;;UNC_M_CAS_COUNT.WR[UNIT4];10306723;100.00;;"
322 [140485411399360] INFO perfrun.perfcollector <> - PERF_STAT : "     0.020782060;CPU10;63;;UNC_M_CAS_COUNT.WR[UNIT4];10292113;100.00;;"
322 [140485411399360] INFO perfrun.perfcollector <> - PERF_STAT : "     0.020782060;CPU0;562;;UNC_M_CAS_COUNT.WR[UNIT5];10306765;100.00;;"
322 [140485411399360] INFO perfrun.perfcollector <> - PERF_STAT : "     0.020782060;CPU10;190;;UNC_M_CAS_COUNT.WR[UNIT5];10291974;100.00;;"
322 [140485411399360] INFO perfrun.perfcollector <> - PERF_STAT : "     0.030025146;CPU0;288;;UNC_M_CAS_COUNT.RD[UNIT0];9245723;100.00;;"
322 [140485411399360] INFO perfrun.perfcollector <> - PERF_STAT : "     0.030025146;CPU10;396;;UNC_M_CAS_COUNT.RD[UNIT0];9265148;100.00;;"
322 [140485411399360] INFO perfrun.perfcollector <> - PERF_STAT : "     0.030025146;CPU0;808;;UNC_M_CAS_COUNT.RD[UNIT1];9245782;100.00;;"
322 [140485411399360] INFO perfrun.perfcollector <> - PERF_STAT : "     0.030025146;CPU10;483;;UNC_M_CAS_COUNT.RD[UNIT1];9267673;100.00;;"
322 [140485411399360] INFO perfrun.perfcollector <> - PERF_STAT : "     0.030025146;CPU0;313;;UNC_M_CAS_COUNT.RD[UNIT4];9246018;100.00;;"
322 [140485411399360] INFO perfrun.perfcollector <> - PERF_STAT : "     0.030025146;CPU10;406;;UNC_M_CAS_COUNT.RD[UNIT4];9269536;100.00;;"
322 [140485411399360] INFO perfrun.perfcollector <> - PERF_STAT : "     0.030025146;CPU0;790;;UNC_M_CAS_COUNT.RD[UNIT5];9246284;100.00;;"
322 [140485411399360] INFO perfrun.perfcollector <> - PERF_STAT : "     0.030025146;CPU10;481;;UNC_M_CAS_COUNT.RD[UNIT5];9271393;100.00;;"
322 [140485411399360] INFO perfrun.perfcollector <> - PERF_STAT : "     0.030025146;CPU0;37;;UNC_M_CAS_COUNT.WR[UNIT0];9246573;100.00;;"
322 [140485411399360] INFO perfrun.perfcollector <> - PERF_STAT : "     0.030025146;CPU10;50;;UNC_M_CAS_COUNT.WR[UNIT0];9273282;100.00;;"
322 [140485411399360] INFO perfrun.perfcollector <> - PERF_STAT : "     0.030025146;CPU0;514;;UNC_M_CAS_COUNT.WR[UNIT1];9246667;100.00;;"
322 [140485411399360] INFO perfrun.perfcollector <> - PERF_STAT : "     0.030025146;CPU10;111;;UNC_M_CAS_COUNT.WR[UNIT1];9275143;100.00;;"
322 [140485411399360] INFO perfrun.perfcollector <> - PERF_STAT : "     0.030025146;CPU0;48;;UNC_M_CAS_COUNT.WR[UNIT4];9246592;100.00;;"
322 [140485411399360] INFO perfrun.perfcollector <> - PERF_STAT : "     0.030025146;CPU10;55;;UNC_M_CAS_COUNT.WR[UNIT4];9277010;100.00;;"
322 [140485411399360] INFO perfrun.perfcollector <> - PERF_STAT : "     0.030025146;CPU0;539;;UNC_M_CAS_COUNT.WR[UNIT5];9246609;100.00;;"
322 [140485411399360] INFO perfrun.perfcollector <> - PERF_STAT : "     0.030025146;CPU10;115;;UNC_M_CAS_COUNT.WR[UNIT5];9278858;100.00;;"
328 [140485419792064] INFO perfrun.perfcollector <> - Monitor: runCmd RC = true
328 [140485411399360] INFO perfrun.perfcollector <> - Path to Perf control pipe: /tmp/amplxe-tmp-dhamorim/perf-pipe-1444187-16359796477775988
328 [140485411399360] INFO perfrun.sdk <> - runCmd: "/home/intel/oneapi/vtune/2021.1.1/bin64/amplxe-perf" record -v --pipe "/tmp/amplxe-tmp-dhamorim/perf-pipe-1444187-16359796477775988" --pipe-sync -o "/tmp/amplxe-tmp-dhamorim/amplxe-res-1444187-16359795852225590/data.0/temp.dryrun.perf" -N -B -T -R --compression-level=1 -e cpu/period=0xaf79e0,event=0x3c,name='CPU_CLK_UNHALTED.THREAD'/Duk,cpu/period=0xaf79e0,umask=0x3,name='CPU_CLK_UNHALTED.REF_TSC'/Duk,cpu/period=0xaf79e0,event=0xc0,name='INST_RETIRED.ANY'/Duk,cpu/period=0x98968f,event=0xa3,umask=0xc,cmask=0xc,name='CYCLE_ACTIVITY.STALLS_L1D_PENDING'/uk,cpu/period=0x7a12f,event=0x3c,umask=0x1,name='CPU_CLK_UNHALTED.REF_XCLK'/uk,cpu/period=0x7a12f,event=0x3c,umask=0x2,name='CPU_CLK_UNHALTED.ONE_THREAD_ACTIVE'/uk,cpu/period=0x98968f,event=0xa3,umask=0x4,cmask=0x4,name='CYCLE_ACTIVITY.CYCLES_NO_EXECUTE'/uk,cpu/period=0x98968f,event=0xa3,umask=0x6,cmask=0x6,name='CYCLE_ACTIVITY.STALLS_LDM_PENDING'/uk,cpu/period=0x98968f,event=0xa3,umask=0x5,cmask=0x5,name='CYCLE_ACTIVITY.STALLS_L2_PENDING'/uk,cpu/period=0x98968f,event=0x9c,umask=0x1,name='IDQ_UOPS_NOT_DELIVERED.CORE'/uk,cpu/period=0x98968f,event=0xd,umask=0x3,cmask=0x1,name='INT_MISC.RECOVERY_CYCLES'/uk,cpu/period=0x3d09f,event=0xd1,umask=0x4,name='MEM_LOAD_UOPS_RETIRED.L3_HIT_PS'/ukpp,cpu/period=0x3d09f,event=0xd1,umask=0x20,name='MEM_LOAD_UOPS_RETIRED.L3_MISS_PS'/ukpp,cpu/period=0x98968f,event=0x60,umask=0x8,cmask=0x1,name='OFFCORE_REQUESTS_OUTSTANDING.CYCLES_WITH_DATA_RD'/uk,cpu/period=0x98968f,event=0x60,umask=0x8,cmask=0x6,name='OFFCORE_REQUESTS_OUTSTANDING.ALL_DATA_RD:cmask=6'/uk,cpu/period=0x98968f,event=0xa2,umask=0x8,name='RESOURCE_STALLS.SB'/uk,cpu/period=0x98968f,event=0x5e,umask=0x1,name='RS_EVENTS.EMPTY_CYCLES'/uk,cpu/period=0x98968f,event=0xb1,umask=0x2,cmask=0x1,name='UOPS_EXECUTED.CORE:cmask=1'/uk,cpu/period=0x98968f,event=0xb1,umask=0x2,cmask=0x2,name='UOPS_EXECUTED.CORE:cmask=2'/uk,cpu/period=0x98968f,event=0xb1,umask=0x2,cmask=0x3,name='UOPS_EXECUTED.CORE:cmask=3'/uk,cpu/period=0x98968f,event=0xe,umask=0x1,name='UOPS_ISSUED.ANY'/uk,cpu/period=0x98968f,event=0xc2,umask=0x2,name='UOPS_RETIRED.RETIRE_SLOTS'/uk,cpu/period=0x98968f,event=0x9c,umask=0x1,cmask=0x4,name='IDQ_UOPS_NOT_DELIVERED.CYCLES_0_UOPS_DELIV.CORE'/uk,cpu/period=0x7a12f,event=0xd0,umask=0x81,name='MEM_UOPS_RETIRED.ALL_LOADS_PS'/ukpp,cpu/period=0x7a12f,event=0xd0,umask=0x82,name='MEM_UOPS_RETIRED.ALL_STORES_PS'/ukpp,cpu/period=0x7a12f,event=0xd3,umask=0x1,name='MEM_LOAD_UOPS_L3_MISS_RETIRED.LOCAL_DRAM_PS'/ukpp,cpu/period=0x7a12f,event=0xd3,umask=0x4,name='MEM_LOAD_UOPS_L3_MISS_RETIRED.REMOTE_DRAM_PS'/ukpp,cpu/period=0x7a12f,event=0xd3,umask=0x10,name='MEM_LOAD_UOPS_L3_MISS_RETIRED.REMOTE_HITM_PS'/ukpp,cpu/period=0x7a12f,event=0xd3,umask=0x20,name='MEM_LOAD_UOPS_L3_MISS_RETIRED.REMOTE_FWD_PS'/ukpp --clockid=monotonic_raw "/home/intel/oneapi/vtune/2021.1.1/bin64/amplxe-perf-sync" dryrun sys
598 [140485411399360] INFO perfrun.perfcollector <> - Monitor: runCmd RC = true
599 [140485403006656] WARN perfrun.perfcollector <> - Perf stat trace pipe capacity: read = 1048576, write = 1048576, at file: vcs/perfrun1/plugins/perfcollector/src/profiler.cpp:763
599 [140485403006656] INFO perfrun.perfcollector <> - Path to Perf control pipe: /tmp/amplxe-tmp-dhamorim/perf-pipe-1444187-16359797099404948
600 [140485403006656] INFO perfrun.sdk <> - runCmd: "/home/intel/oneapi/vtune/2021.1.1/bin64/amplxe-perf" stat -v --log-fd 11 --pipe "/tmp/amplxe-tmp-dhamorim/perf-pipe-1444187-16359797099404948" --pipe-sync -I 10 -A --scale -x ; -a -e uncore_imc_0/period=0x0,event=0x4,umask=0x3,name='UNC_M_CAS_COUNT.RD[UNIT0]'/,uncore_imc_1/period=0x0,event=0x4,umask=0x3,name='UNC_M_CAS_COUNT.RD[UNIT1]'/,uncore_imc_4/period=0x0,event=0x4,umask=0x3,name='UNC_M_CAS_COUNT.RD[UNIT4]'/,uncore_imc_5/period=0x0,event=0x4,umask=0x3,name='UNC_M_CAS_COUNT.RD[UNIT5]'/,uncore_imc_0/period=0x0,event=0x4,umask=0xc,name='UNC_M_CAS_COUNT.WR[UNIT0]'/,uncore_imc_1/period=0x0,event=0x4,umask=0xc,name='UNC_M_CAS_COUNT.WR[UNIT1]'/,uncore_imc_4/period=0x0,event=0x4,umask=0xc,name='UNC_M_CAS_COUNT.WR[UNIT4]'/,uncore_imc_5/period=0x0,event=0x4,umask=0xc,name='UNC_M_CAS_COUNT.WR[UNIT5]'/ "/home/intel/oneapi/vtune/2021.1.1/bin64/amplxe-perf-sync" dryrun sys
638 [140485419792064] INFO perfrun.perfcollector <> - PERF_STAT : "     0.010380962;CPU0;1581;;UNC_M_CAS_COUNT.RD[UNIT0];10395900;100.00;;"
645 [140485419792064] INFO perfrun.perfcollector <> - PERF_STAT : "     0.010380962;CPU10;2134;;UNC_M_CAS_COUNT.RD[UNIT0];10336410;100.00;;"
645 [140485419792064] INFO perfrun.perfcollector <> - PERF_STAT : "     0.010380962;CPU0;2130;;UNC_M_CAS_COUNT.RD[UNIT1];10390569;100.00;;"
645 [140485419792064] INFO perfrun.perfcollector <> - PERF_STAT : "     0.010380962;CPU10;2119;;UNC_M_CAS_COUNT.RD[UNIT1];10331930;100.00;;"
645 [140485419792064] INFO perfrun.perfcollector <> - PERF_STAT : "     0.010380962;CPU0;1701;;UNC_M_CAS_COUNT.RD[UNIT4];10384226;100.00;;"
645 [140485419792064] INFO perfrun.perfcollector <> - PERF_STAT : "     0.010380962;CPU10;2212;;UNC_M_CAS_COUNT.RD[UNIT4];10326254;100.00;;"
645 [140485419792064] INFO perfrun.perfcollector <> - PERF_STAT : "     0.010380962;CPU0;2451;;UNC_M_CAS_COUNT.RD[UNIT5];10378081;100.00;;"
645 [140485419792064] INFO perfrun.perfcollector <> - PERF_STAT : "     0.010380962;CPU10;2320;;UNC_M_CAS_COUNT.RD[UNIT5];10320558;100.00;;"
645 [140485419792064] INFO perfrun.perfcollector <> - PERF_STAT : "     0.010380962;CPU0;1109;;UNC_M_CAS_COUNT.WR[UNIT0];10373488;100.00;;"
645 [140485419792064] INFO perfrun.perfcollector <> - PERF_STAT : "     0.010380962;CPU10;1831;;UNC_M_CAS_COUNT.WR[UNIT0];10316426;100.00;;"
645 [140485419792064] INFO perfrun.perfcollector <> - PERF_STAT : "     0.010380962;CPU0;1608;;UNC_M_CAS_COUNT.WR[UNIT1];10361893;100.00;;"
645 [140485419792064] INFO perfrun.perfcollector <> - PERF_STAT : "     0.010380962;CPU10;2011;;UNC_M_CAS_COUNT.WR[UNIT1];10304955;100.00;;"
645 [140485419792064] INFO perfrun.perfcollector <> - PERF_STAT : "     0.010380962;CPU0;1173;;UNC_M_CAS_COUNT.WR[UNIT4];10353620;100.00;;"
645 [140485419792064] INFO perfrun.perfcollector <> - PERF_STAT : "     0.010380962;CPU10;1847;;UNC_M_CAS_COUNT.WR[UNIT4];10293989;100.00;;"
645 [140485419792064] INFO perfrun.perfcollector <> - PERF_STAT : "     0.010380962;CPU0;1649;;UNC_M_CAS_COUNT.WR[UNIT5];10342336;100.00;;"
645 [140485419792064] INFO perfrun.perfcollector <> - PERF_STAT : "     0.010380962;CPU10;2010;;UNC_M_CAS_COUNT.WR[UNIT5];10282980;100.00;;"
645 [140485419792064] INFO perfrun.perfcollector <> - PERF_STAT : "     0.017707506;CPU0;235;;UNC_M_CAS_COUNT.RD[UNIT0];7286690;100.00;;"
645 [140485419792064] INFO perfrun.perfcollector <> - PERF_STAT : "     0.017707506;CPU10;439;;UNC_M_CAS_COUNT.RD[UNIT0];7277684;100.00;;"
646 [140485419792064] INFO perfrun.perfcollector <> - PERF_STAT : "     0.017707506;CPU0;601;;UNC_M_CAS_COUNT.RD[UNIT1];7286440;100.00;;"
646 [140485419792064] INFO perfrun.perfcollector <> - PERF_STAT : "     0.017707506;CPU10;477;;UNC_M_CAS_COUNT.RD[UNIT1];7274654;100.00;;"
646 [140485419792064] INFO perfrun.perfcollector <> - PERF_STAT : "     0.017707506;CPU0;286;;UNC_M_CAS_COUNT.RD[UNIT4];7286633;100.00;;"
646 [140485419792064] INFO perfrun.perfcollector <> - PERF_STAT : "     0.017707506;CPU10;431;;UNC_M_CAS_COUNT.RD[UNIT4];7272696;100.00;;"
646 [140485419792064] INFO perfrun.perfcollector <> - PERF_STAT : "     0.017707506;CPU0;658;;UNC_M_CAS_COUNT.RD[UNIT5];7286514;100.00;;"
646 [140485419792064] INFO perfrun.perfcollector <> - PERF_STAT : "     0.017707506;CPU10;541;;UNC_M_CAS_COUNT.RD[UNIT5];7271061;100.00;;"
646 [140485419792064] INFO perfrun.perfcollector <> - PERF_STAT : "     0.017707506;CPU0;138;;UNC_M_CAS_COUNT.WR[UNIT0];7286572;100.00;;"
646 [140485419792064] INFO perfrun.perfcollector <> - PERF_STAT : "     0.017707506;CPU10;195;;UNC_M_CAS_COUNT.WR[UNIT0];7269234;100.00;;"
646 [140485419792064] INFO perfrun.perfcollector <> - PERF_STAT : "     0.017707506;CPU0;520;;UNC_M_CAS_COUNT.WR[UNIT1];7286576;100.00;;"
646 [140485419792064] INFO perfrun.perfcollector <> - PERF_STAT : "     0.017707506;CPU10;254;;UNC_M_CAS_COUNT.WR[UNIT1];7267363;100.00;;"
646 [140485419792064] INFO perfrun.perfcollector <> - PERF_STAT : "     0.017707506;CPU0;160;;UNC_M_CAS_COUNT.WR[UNIT4];7283740;100.00;;"
646 [140485419792064] INFO perfrun.perfcollector <> - PERF_STAT : "     0.017707506;CPU10;197;;UNC_M_CAS_COUNT.WR[UNIT4];7265572;100.00;;"
646 [140485419792064] INFO perfrun.perfcollector <> - PERF_STAT : "     0.017707506;CPU0;539;;UNC_M_CAS_COUNT.WR[UNIT5];7283853;100.00;;"
646 [140485419792064] INFO perfrun.perfcollector <> - PERF_STAT : "     0.017707506;CPU10;267;;UNC_M_CAS_COUNT.WR[UNIT5];7263695;100.00;;"
650 [140485403006656] INFO perfrun.perfcollector <> - Monitor: runCmd RC = true
650 [140485419792064] INFO perfrun.perfcollector <> - Path to Perf control pipe: /tmp/amplxe-tmp-dhamorim/perf-pipe-1444187-16359797217322243
650 [140485419792064] INFO perfrun.sdk <> - runCmd: "/home/intel/oneapi/vtune/2021.1.1/bin64/amplxe-perf" record -v --pipe "/tmp/amplxe-tmp-dhamorim/perf-pipe-1444187-16359797217322243" --pipe-sync -o "/tmp/amplxe-tmp-dhamorim/amplxe-res-1444187-16359795852225590/data.0/temp.dryrun.perf" -N -B -T -R -d --compression-level=1 -e cpu/period=0xaf79e0,event=0x3c,name='CPU_CLK_UNHALTED.THREAD'/Duk,cpu/period=0xaf79e0,umask=0x3,name='CPU_CLK_UNHALTED.REF_TSC'/Duk,cpu/period=0xaf79e0,event=0xc0,name='INST_RETIRED.ANY'/Duk,cpu/period=0x98968f,event=0xa3,umask=0xc,cmask=0xc,name='CYCLE_ACTIVITY.STALLS_L1D_PENDING'/uk,cpu/period=0x7a12f,event=0x3c,umask=0x1,name='CPU_CLK_UNHALTED.REF_XCLK'/uk,cpu/period=0x7a12f,event=0x3c,umask=0x2,name='CPU_CLK_UNHALTED.ONE_THREAD_ACTIVE'/uk,cpu/period=0x98968f,event=0xa3,umask=0x4,cmask=0x4,name='CYCLE_ACTIVITY.CYCLES_NO_EXECUTE'/uk,cpu/period=0x98968f,event=0xa3,umask=0x6,cmask=0x6,name='CYCLE_ACTIVITY.STALLS_LDM_PENDING'/uk,cpu/period=0x98968f,event=0xa3,umask=0x5,cmask=0x5,name='CYCLE_ACTIVITY.STALLS_L2_PENDING'/uk,cpu/period=0x98968f,event=0x9c,umask=0x1,name='IDQ_UOPS_NOT_DELIVERED.CORE'/uk,cpu/period=0x98968f,event=0xd,umask=0x3,cmask=0x1,name='INT_MISC.RECOVERY_CYCLES'/uk,cpu/period=0x3d09f,event=0xd1,umask=0x4,name='MEM_LOAD_UOPS_RETIRED.L3_HIT_PS'/ukpp,cpu/period=0x3d09f,event=0xd1,umask=0x20,name='MEM_LOAD_UOPS_RETIRED.L3_MISS_PS'/ukpp,cpu/period=0x98968f,event=0x60,umask=0x8,cmask=0x1,name='OFFCORE_REQUESTS_OUTSTANDING.CYCLES_WITH_DATA_RD'/uk,cpu/period=0x98968f,event=0x60,umask=0x8,cmask=0x6,name='OFFCORE_REQUESTS_OUTSTANDING.ALL_DATA_RD:cmask=6'/uk,cpu/period=0x98968f,event=0xa2,umask=0x8,name='RESOURCE_STALLS.SB'/uk,cpu/period=0x98968f,event=0x5e,umask=0x1,name='RS_EVENTS.EMPTY_CYCLES'/uk,cpu/period=0x98968f,event=0xb1,umask=0x2,cmask=0x1,name='UOPS_EXECUTED.CORE:cmask=1'/uk,cpu/period=0x98968f,event=0xb1,umask=0x2,cmask=0x2,name='UOPS_EXECUTED.CORE:cmask=2'/uk,cpu/period=0x98968f,event=0xb1,umask=0x2,cmask=0x3,name='UOPS_EXECUTED.CORE:cmask=3'/uk,cpu/period=0x98968f,event=0xe,umask=0x1,name='UOPS_ISSUED.ANY'/uk,cpu/period=0x98968f,event=0xc2,umask=0x2,name='UOPS_RETIRED.RETIRE_SLOTS'/uk,cpu/period=0x98968f,event=0x9c,umask=0x1,cmask=0x4,name='IDQ_UOPS_NOT_DELIVERED.CYCLES_0_UOPS_DELIV.CORE'/uk,cpu/period=0x7a12f,event=0xd0,umask=0x81,name='MEM_UOPS_RETIRED.ALL_LOADS_PS'/ukpp,cpu/period=0x7a12f,event=0xd0,umask=0x82,name='MEM_UOPS_RETIRED.ALL_STORES_PS'/ukpp,cpu/period=0x7a12f,event=0xd3,umask=0x1,name='MEM_LOAD_UOPS_L3_MISS_RETIRED.LOCAL_DRAM_PS'/ukpp,cpu/period=0x7a12f,event=0xd3,umask=0x4,name='MEM_LOAD_UOPS_L3_MISS_RETIRED.REMOTE_DRAM_PS'/ukpp,cpu/period=0x7a12f,event=0xd3,umask=0x10,name='MEM_LOAD_UOPS_L3_MISS_RETIRED.REMOTE_HITM_PS'/ukpp,cpu/period=0x7a12f,event=0xd3,umask=0x20,name='MEM_LOAD_UOPS_L3_MISS_RETIRED.REMOTE_FWD_PS'/ukpp --clockid=monotonic_raw "/home/intel/oneapi/vtune/2021.1.1/bin64/amplxe-perf-sync" dryrun sys
911 [140485419792064] INFO perfrun.perfcollector <> - Monitor: runCmd RC = true
911 [140485517633216] INFO perfrun.launcher <> - plugin [aoclprofile] was disabled because it doesn't support the given collection type.
911 [140485517633216] INFO perfrun.tpss <> - initialize tpss controller
911 [140485517633216] INFO perfrun.launcher <> - plugin [tpss] was disabled because it doesn't support the given collection type.
911 [140485517633216] INFO perfrun.launcher <> - plugin [exprof] was disabled because it doesn't support the given collection type.
911 [140485517633216] INFO perfrun.launcher <> - plugin [ice] was disabled because it doesn't support the given collection type.
911 [140485517633216] INFO perfrun.launcher <> - plugin [] was disabled because it doesn't support the given collection type.
911 [140485517633216] INFO perfrun.launcher <> - plugin [] was disabled because it doesn't support the given collection type.
911 [140485517633216] INFO perfrun.launcher <> - plugin [parallelfs] was disabled because it doesn't support the given collection type.
911 [140485517633216] INFO perfrun.launcher <> - plugin [power] was disabled because it doesn't support the given collection type.
911 [140485517633216] INFO perfrun.launcher <> - plugin [hwloc] was disabled because it doesn't support the given collection type.
911 [140485517633216] INFO perfrun.launcher <> - plugin [ipmwatch] was disabled because it doesn't support the given collection type.
911 [140485517633216] INFO perfrun.launcher <> - plugin [os_counters] was disabled because it doesn't support the given collection type.
911 [140485673358016] INFO perfrun.launcher <> - set environment variable: LD_LIBRARY_PATH = /home/intel/oneapi/vtune/2021.1.1/lib32/runtime:/home/intel/oneapi/vtune/2021.1.1/lib64/runtime
911 [140485673358016] INFO perfrun.launcher <> - set environment variable: INTEL_LIBITTNOTIFY32 = /home/intel/oneapi/vtune/2021.1.1/lib32/runtime/libittnotify_collector.so
911 [140485673358016] INFO perfrun.launcher <> - set environment variable: INTEL_LIBITTNOTIFY64 = /home/intel/oneapi/vtune/2021.1.1/lib64/runtime/libittnotify_collector.so
911 [140485673358016] INFO perfrun.launcher <> - set environment variable: INTEL_ITTNOTIFY_GROUPS = 
911 [140485673358016] INFO perfrun.launcher <> - set environment variable: INTEL_JIT_PROFILER32 = /home/intel/oneapi/vtune/2021.1.1/lib32/runtime/libittnotify_collector.so
911 [140485673358016] INFO perfrun.launcher <> - set environment variable: INTEL_JIT_PROFILER64 = /home/intel/oneapi/vtune/2021.1.1/lib64/runtime/libittnotify_collector.so
911 [140485673358016] INFO perfrun.launcher <> - set environment variable: VS_PROFILER = libittnotify_collector.so
911 [140485673358016] INFO perfrun.launcher <> - set environment variable: OMP_TOOL_LIBRARIES = /home/intel/oneapi/vtune/2021.1.1/lib32/runtime/libittnotify_collector.so:/home/intel/oneapi/vtune/2021.1.1/lib64/runtime/libittnotify_collector.so
911 [140485673358016] INFO perfrun.launcher <> - set environment variable: ENABLE_JITPROFILING = 1
911 [140485673358016] INFO perfrun.launcher <> - set environment variable: CL_CONFIG_USE_VTUNE = True
911 [140485673358016] INFO perfrun.launcher <> - set environment variable: INTEL_MRTE_DATA_DIR = /tmp/amplxe-tmp-dhamorim/amplxe-res-1444187-16359795852225590/data.0
911 [140485673358016] INFO perfrun.launcher <> - set environment variable: INTEL_MRTE_HOST_NAME = hype1
912 [140485673358016] INFO perfrun.launcher <> - set environment variable: JAVA_TOOL_OPTIONS = -agentlib:amplxe_samplingmrte_javaprof_1.0 -Dsun.boot.library.path=/home/intel/oneapi/vtune/2021.1.1/lib32/runtime:/home/intel/oneapi/vtune/2021.1.1/lib64/runtime
912 [140485673358016] INFO perfrun.launcher <> - set environment variable: CORECLR_ENABLE_PROFILING = 1
912 [140485673358016] INFO perfrun.launcher <> - set environment variable: CORECLR_PROFILER = {AA5E4821-E3B1-479c-B7FF-5AD047D22CED}
912 [140485673358016] INFO perfrun.launcher <> - set environment variable: CORECLR_PROFILER_PATH = /home/intel/oneapi/vtune/2021.1.1/lib64/libamplxe_samplingmrte_clrprof_1.0.so
912 [140485673358016] INFO perfrun.launcher <> - set environment variable: INTEL_MRTE_PROFILER_MODE = mixed
912 [140485673358016] INFO perfrun.launcher <> - RpcServer: run RPC server to handle requests
915 [140485673358016] INFO perfrun.launcher <> - Launcher: command line to start before modification = /home/users/dhamorim/pagerank-openmp/pagerank -f /home/users/dhamorim/pagerank-openmp/data/web-NotreDame/web-NotreDame.txt
915 [140485673358016] INFO perfrun.launcher <> - Launcher: command line to start after modification = /home/users/dhamorim/pagerank-openmp/pagerank -f /home/users/dhamorim/pagerank-openmp/data/web-NotreDame/web-NotreDame.txt
915 [140485673358016] INFO perfrun.launcher <> - ProcessCreator object was created
916 [140485673358016] INFO perfrun.launcher <> - Launcher: the process was started in suspend mode
916 [140485517633216] INFO perfrun.launcher <> - Messenger::say: Peak bandwidth measurement started.
6366 [140485517633216] INFO perfrun.launcher <> - Messenger::say: Peak bandwidth measurement finished.
6370 [140485517633216] WARN perfrun.system <> - Could not do anything with /sys/kernel/debug/kvm: boost::filesystem::status: Permission denied: "/sys/kernel/debug/kvm", at file: vcs/perfrun1/plugins/system/src/trace_writer.cpp:796
6370 [140485517633216] WARN perfrun.system <> - Folder "/var/run/libvirt/qemu/"doesn't exist, at file: vcs/perfrun1/plugins/system/src/trace_writer.cpp:809
6405 [140485517633216] WARN perfrun.sdk <> - Failed to find xl binary on any of the system paths: /bin, /sbin, /usr/bin, /usr/sbin., at file: vcs/perfrun1/sdk/src/utils.cpp:197
6405 [140485517633216] WARN perfrun.system <> - Could not start ContainerMapping collector, at file: vcs/perfrun1/plugins/system/src/controller.cpp:468
6415 [140485517633216] INFO perfrun.vdso <> - Helper runtool '/home/intel/oneapi/vtune/2021.1.1/bin32/amplxe-runss -dump-vdso -r /tmp/amplxe-tmp-dhamorim/amplxe-res-1444187-16359795852225590 --tmp-dir /tmp/amplxe-tmp-dhamorim' returned 1
6503 [140485517633216] INFO perfrun.vdso <> - Helper runtool '/home/intel/oneapi/vtune/2021.1.1/bin64/amplxe-runss -dump-vdso -r /tmp/amplxe-tmp-dhamorim/amplxe-res-1444187-16359795852225590 --tmp-dir /tmp/amplxe-tmp-dhamorim' returned 0
6503 [140485517633216] INFO perfrun.itt <> - start itt controller for pid #1444207
6503 [140485293242048] WARN perfrun.perfcollector <> - Perf stat trace pipe capacity: read = 1048576, write = 1048576, at file: vcs/perfrun1/plugins/perfcollector/src/profiler.cpp:763
6503 [140485293242048] INFO perfrun.perfcollector <> - Path to Perf control pipe: /tmp/amplxe-tmp-dhamorim/perf-pipe-1444187-16359810664736774
6505 [140485293242048] INFO perfrun.sdk <> - runCmd: "/home/intel/oneapi/vtune/2021.1.1/bin64/amplxe-perf" stat -v --log-fd 22 --pipe "/tmp/amplxe-tmp-dhamorim/perf-pipe-1444187-16359810664736774" --pipe-sync -I 10 -A --scale -x ; -a -e uncore_imc_0/period=0x0,event=0x4,umask=0x3,name='UNC_M_CAS_COUNT.RD[UNIT0]'/,uncore_imc_1/period=0x0,event=0x4,umask=0x3,name='UNC_M_CAS_COUNT.RD[UNIT1]'/,uncore_imc_4/period=0x0,event=0x4,umask=0x3,name='UNC_M_CAS_COUNT.RD[UNIT4]'/,uncore_imc_5/period=0x0,event=0x4,umask=0x3,name='UNC_M_CAS_COUNT.RD[UNIT5]'/,uncore_imc_0/period=0x0,event=0x4,umask=0xc,name='UNC_M_CAS_COUNT.WR[UNIT0]'/,uncore_imc_1/period=0x0,event=0x4,umask=0xc,name='UNC_M_CAS_COUNT.WR[UNIT1]'/,uncore_imc_4/period=0x0,event=0x4,umask=0xc,name='UNC_M_CAS_COUNT.WR[UNIT4]'/,uncore_imc_5/period=0x0,event=0x4,umask=0xc,name='UNC_M_CAS_COUNT.WR[UNIT5]'/ "/home/intel/oneapi/vtune/2021.1.1/bin64/amplxe-perf-sync" sync sys
6540 [140485369435840] INFO perfrun.perfcollector <> - Path to Perf control pipe: /tmp/amplxe-tmp-dhamorim/perf-pipe-1444187-16359810748623865
6540 [140485369435840] INFO perfrun.sdk <> - runCmd: "/home/intel/oneapi/vtune/2021.1.1/bin64/amplxe-perf" record -v --pipe "/tmp/amplxe-tmp-dhamorim/perf-pipe-1444187-16359810748623865" --pipe-sync -o "/tmp/amplxe-tmp-dhamorim/amplxe-res-1444187-16359795852225590/data.0/1444207.perf" -N -B -T -R -d -p 1444207 --compression-level=1 --threads -e cpu/period=0xaf79e0,event=0x3c,name='CPU_CLK_UNHALTED.THREAD'/Duk,cpu/period=0xaf79e0,umask=0x3,name='CPU_CLK_UNHALTED.REF_TSC'/Duk,cpu/period=0xaf79e0,event=0xc0,name='INST_RETIRED.ANY'/Duk,cpu/period=0x98968f,event=0xa3,umask=0xc,cmask=0xc,name='CYCLE_ACTIVITY.STALLS_L1D_PENDING'/uk,cpu/period=0x7a12f,event=0x3c,umask=0x1,name='CPU_CLK_UNHALTED.REF_XCLK'/uk,cpu/period=0x7a12f,event=0x3c,umask=0x2,name='CPU_CLK_UNHALTED.ONE_THREAD_ACTIVE'/uk,cpu/period=0x98968f,event=0xa3,umask=0x4,cmask=0x4,name='CYCLE_ACTIVITY.CYCLES_NO_EXECUTE'/uk,cpu/period=0x98968f,event=0xa3,umask=0x6,cmask=0x6,name='CYCLE_ACTIVITY.STALLS_LDM_PENDING'/uk,cpu/period=0x98968f,event=0xa3,umask=0x5,cmask=0x5,name='CYCLE_ACTIVITY.STALLS_L2_PENDING'/uk,cpu/period=0x98968f,event=0x9c,umask=0x1,name='IDQ_UOPS_NOT_DELIVERED.CORE'/uk,cpu/period=0x98968f,event=0xd,umask=0x3,cmask=0x1,name='INT_MISC.RECOVERY_CYCLES'/uk,cpu/period=0x3d09f,event=0xd1,umask=0x4,name='MEM_LOAD_UOPS_RETIRED.L3_HIT_PS'/ukpp,cpu/period=0x3d09f,event=0xd1,umask=0x20,name='MEM_LOAD_UOPS_RETIRED.L3_MISS_PS'/ukpp,cpu/period=0x98968f,event=0x60,umask=0x8,cmask=0x1,name='OFFCORE_REQUESTS_OUTSTANDING.CYCLES_WITH_DATA_RD'/uk,cpu/period=0x98968f,event=0x60,umask=0x8,cmask=0x6,name='OFFCORE_REQUESTS_OUTSTANDING.ALL_DATA_RD:cmask=6'/uk,cpu/period=0x98968f,event=0xa2,umask=0x8,name='RESOURCE_STALLS.SB'/uk,cpu/period=0x98968f,event=0x5e,umask=0x1,name='RS_EVENTS.EMPTY_CYCLES'/uk,cpu/period=0x98968f,event=0xb1,umask=0x2,cmask=0x1,name='UOPS_EXECUTED.CORE:cmask=1'/uk,cpu/period=0x98968f,event=0xb1,umask=0x2,cmask=0x2,name='UOPS_EXECUTED.CORE:cmask=2'/uk,cpu/period=0x98968f,event=0xb1,umask=0x2,cmask=0x3,name='UOPS_EXECUTED.CORE:cmask=3'/uk,cpu/period=0x98968f,event=0xe,umask=0x1,name='UOPS_ISSUED.ANY'/uk,cpu/period=0x98968f,event=0xc2,umask=0x2,name='UOPS_RETIRED.RETIRE_SLOTS'/uk,cpu/period=0x98968f,event=0x9c,umask=0x1,cmask=0x4,name='IDQ_UOPS_NOT_DELIVERED.CYCLES_0_UOPS_DELIV.CORE'/uk,cpu/period=0x7a12f,event=0xd0,umask=0x81,name='MEM_UOPS_RETIRED.ALL_LOADS_PS'/ukpp,cpu/period=0x7a12f,event=0xd0,umask=0x82,name='MEM_UOPS_RETIRED.ALL_STORES_PS'/ukpp,cpu/period=0x7a12f,event=0xd3,umask=0x1,name='MEM_LOAD_UOPS_L3_MISS_RETIRED.LOCAL_DRAM_PS'/ukpp,cpu/period=0x7a12f,event=0xd3,umask=0x4,name='MEM_LOAD_UOPS_L3_MISS_RETIRED.REMOTE_DRAM_PS'/ukpp,cpu/period=0x7a12f,event=0xd3,umask=0x10,name='MEM_LOAD_UOPS_L3_MISS_RETIRED.REMOTE_HITM_PS'/ukpp,cpu/period=0x7a12f,event=0xd3,umask=0x20,name='MEM_LOAD_UOPS_L3_MISS_RETIRED.REMOTE_FWD_PS'/ukpp --clockid=monotonic_raw "/home/intel/oneapi/vtune/2021.1.1/bin64/amplxe-perf-sync" sync sys
6547 [140485403006656] INFO perfrun.perfcollector <> - PERF_STAT : "     0.010381642;CPU0;6794;;UNC_M_CAS_COUNT.RD[UNIT0];10381107;100.00;;"
6547 [140485403006656] INFO perfrun.perfcollector <> - PERF_STAT : "     0.010381642;CPU10;6869;;UNC_M_CAS_COUNT.RD[UNIT0];10303030;100.00;;"
6547 [140485403006656] INFO perfrun.perfcollector <> - PERF_STAT : "     0.010381642;CPU0;7152;;UNC_M_CAS_COUNT.RD[UNIT1];10374327;100.00;;"
6547 [140485403006656] INFO perfrun.perfcollector <> - PERF_STAT : "     0.010381642;CPU10;7285;;UNC_M_CAS_COUNT.RD[UNIT1];10295412;100.00;;"
6547 [140485403006656] INFO perfrun.perfcollector <> - PERF_STAT : "     0.010381642;CPU0;6856;;UNC_M_CAS_COUNT.RD[UNIT4];10367376;100.00;;"
6547 [140485403006656] INFO perfrun.perfcollector <> - PERF_STAT : "     0.010381642;CPU10;6674;;UNC_M_CAS_COUNT.RD[UNIT4];10287466;100.00;;"
6547 [140485403006656] INFO perfrun.perfcollector <> - PERF_STAT : "     0.010381642;CPU0;7422;;UNC_M_CAS_COUNT.RD[UNIT5];10360106;100.00;;"
6547 [140485403006656] INFO perfrun.perfcollector <> - PERF_STAT : "     0.010381642;CPU10;7169;;UNC_M_CAS_COUNT.RD[UNIT5];10279130;100.00;;"
6547 [140485403006656] INFO perfrun.perfcollector <> - PERF_STAT : "     0.010381642;CPU0;1017;;UNC_M_CAS_COUNT.WR[UNIT0];10353963;100.00;;"
6547 [140485403006656] INFO perfrun.perfcollector <> - PERF_STAT : "     0.010381642;CPU10;373;;UNC_M_CAS_COUNT.WR[UNIT0];10272565;100.00;;"
6547 [140485403006656] INFO perfrun.perfcollector <> - PERF_STAT : "     0.010381642;CPU0;1504;;UNC_M_CAS_COUNT.WR[UNIT1];10342146;100.00;;"
6547 [140485403006656] INFO perfrun.perfcollector <> - PERF_STAT : "     0.010381642;CPU10;820;;UNC_M_CAS_COUNT.WR[UNIT1];10258653;100.00;;"
6547 [140485403006656] INFO perfrun.perfcollector <> - PERF_STAT : "     0.010381642;CPU0;1003;;UNC_M_CAS_COUNT.WR[UNIT4];10333368;100.00;;"
6547 [140485403006656] INFO perfrun.perfcollector <> - PERF_STAT : "     0.010381642;CPU10;306;;UNC_M_CAS_COUNT.WR[UNIT4];10245151;100.00;;"
6547 [140485403006656] INFO perfrun.perfcollector <> - PERF_STAT : "     0.010381642;CPU0;1581;;UNC_M_CAS_COUNT.WR[UNIT5];10321967;100.00;;"
6547 [140485403006656] INFO perfrun.perfcollector <> - PERF_STAT : "     0.010381642;CPU10;818;;UNC_M_CAS_COUNT.WR[UNIT5];10231524;100.00;;"
6557 [140485403006656] INFO perfrun.perfcollector <> - PERF_STAT : "     0.020675295;CPU0;858;;UNC_M_CAS_COUNT.RD[UNIT0];10290077;100.00;;"
6557 [140485403006656] INFO perfrun.perfcollector <> - PERF_STAT : "     0.020675295;CPU10;1047;;UNC_M_CAS_COUNT.RD[UNIT0];10286926;100.00;;"
6557 [140485403006656] INFO perfrun.perfcollector <> - PERF_STAT : "     0.020675295;CPU0;1353;;UNC_M_CAS_COUNT.RD[UNIT1];10289869;100.00;;"
6557 [140485403006656] INFO perfrun.perfcollector <> - PERF_STAT : "     0.020675295;CPU10;1578;;UNC_M_CAS_COUNT.RD[UNIT1];10286903;100.00;;"
6557 [140485403006656] INFO perfrun.perfcollector <> - PERF_STAT : "     0.020675295;CPU0;943;;UNC_M_CAS_COUNT.RD[UNIT4];10289687;100.00;;"
6557 [140485403006656] INFO perfrun.perfcollector <> - PERF_STAT : "     0.020675295;CPU10;1045;;UNC_M_CAS_COUNT.RD[UNIT4];10286547;100.00;;"
6557 [140485403006656] INFO perfrun.perfcollector <> - PERF_STAT : "     0.020675295;CPU0;1418;;UNC_M_CAS_COUNT.RD[UNIT5];10289783;100.00;;"
6557 [140485403006656] INFO perfrun.perfcollector <> - PERF_STAT : "     0.020675295;CPU10;1581;;UNC_M_CAS_COUNT.RD[UNIT5];10286415;100.00;;"
6557 [140485403006656] INFO perfrun.perfcollector <> - PERF_STAT : "     0.020675295;CPU0;179;;UNC_M_CAS_COUNT.WR[UNIT0];10289694;100.00;;"
6557 [140485403006656] INFO perfrun.perfcollector <> - PERF_STAT : "     0.020675295;CPU10;141;;UNC_M_CAS_COUNT.WR[UNIT0];10286370;100.00;;"
6557 [140485403006656] INFO perfrun.perfcollector <> - PERF_STAT : "     0.020675295;CPU0;687;;UNC_M_CAS_COUNT.WR[UNIT1];10289803;100.00;;"
6557 [140485403006656] INFO perfrun.perfcollector <> - PERF_STAT : "     0.020675295;CPU10;672;;UNC_M_CAS_COUNT.WR[UNIT1];10286255;100.00;;"
6557 [140485403006656] INFO perfrun.perfcollector <> - PERF_STAT : "     0.020675295;CPU0;98;;UNC_M_CAS_COUNT.WR[UNIT4];10287333;100.00;;"
6557 [140485403006656] INFO perfrun.perfcollector <> - PERF_STAT : "     0.020675295;CPU10;174;;UNC_M_CAS_COUNT.WR[UNIT4];10286209;100.00;;"
6557 [140485403006656] INFO perfrun.perfcollector <> - PERF_STAT : "     0.020675295;CPU0;632;;UNC_M_CAS_COUNT.WR[UNIT5];10287525;100.00;;"
6557 [140485403006656] INFO perfrun.perfcollector <> - PERF_STAT : "     0.020675295;CPU10;717;;UNC_M_CAS_COUNT.WR[UNIT5];10286164;100.00;;"
6567 [140485403006656] INFO perfrun.perfcollector <> - PERF_STAT : "     0.030901912;CPU0;356;;UNC_M_CAS_COUNT.RD[UNIT0];10209707;100.00;;"
6567 [140485403006656] INFO perfrun.perfcollector <> - PERF_STAT : "     0.030901912;CPU10;531;;UNC_M_CAS_COUNT.RD[UNIT0];10209170;100.00;;"
6567 [140485403006656] INFO perfrun.perfcollector <> - PERF_STAT : "     0.030901912;CPU0;871;;UNC_M_CAS_COUNT.RD[UNIT1];10209620;100.00;;"
6567 [140485403006656] INFO perfrun.perfcollector <> - PERF_STAT : "     0.030901912;CPU10;1066;;UNC_M_CAS_COUNT.RD[UNIT1];10208978;100.00;;"
6567 [140485403006656] INFO perfrun.perfcollector <> - PERF_STAT : "     0.030901912;CPU0;419;;UNC_M_CAS_COUNT.RD[UNIT4];10209759;100.00;;"
6567 [140485403006656] INFO perfrun.perfcollector <> - PERF_STAT : "     0.030901912;CPU10;609;;UNC_M_CAS_COUNT.RD[UNIT4];10208968;100.00;;"
6567 [140485403006656] INFO perfrun.perfcollector <> - PERF_STAT : "     0.030901912;CPU0;942;;UNC_M_CAS_COUNT.RD[UNIT5];10209696;100.00;;"
6567 [140485403006656] INFO perfrun.perfcollector <> - PERF_STAT : "     0.030901912;CPU10;1128;;UNC_M_CAS_COUNT.RD[UNIT5];10209023;100.00;;"
6567 [140485403006656] INFO perfrun.perfcollector <> - PERF_STAT : "     0.030901912;CPU0;131;;UNC_M_CAS_COUNT.WR[UNIT0];10209621;100.00;;"
6567 [140485403006656] INFO perfrun.perfcollector <> - PERF_STAT : "     0.030901912;CPU10;89;;UNC_M_CAS_COUNT.WR[UNIT0];10209183;100.00;;"
6567 [140485403006656] INFO perfrun.perfcollector <> - PERF_STAT : "     0.030901912;CPU0;667;;UNC_M_CAS_COUNT.WR[UNIT1];10209526;100.00;;"
6567 [140485403006656] INFO perfrun.perfcollector <> - PERF_STAT : "     0.030901912;CPU10;624;;UNC_M_CAS_COUNT.WR[UNIT1];10220789;100.00;;"
6567 [140485403006656] INFO perfrun.perfcollector <> - PERF_STAT : "     0.030901912;CPU0;64;;UNC_M_CAS_COUNT.WR[UNIT4];10209376;100.00;;"
6567 [140485403006656] INFO perfrun.perfcollector <> - PERF_STAT : "     0.030901912;CPU10;102;;UNC_M_CAS_COUNT.WR[UNIT4];10220814;100.00;;"
6567 [140485403006656] INFO perfrun.perfcollector <> - PERF_STAT : "     0.030901912;CPU0;608;;UNC_M_CAS_COUNT.WR[UNIT5];10209185;100.00;;"
6567 [140485403006656] INFO perfrun.perfcollector <> - PERF_STAT : "     0.030901912;CPU10;634;;UNC_M_CAS_COUNT.WR[UNIT5];10220805;100.00;;"
6577 [140485403006656] INFO perfrun.perfcollector <> - PERF_STAT : "     0.041144168;CPU0;1672;;UNC_M_CAS_COUNT.RD[UNIT0];10259993;100.00;;"
6577 [140485403006656] INFO perfrun.perfcollector <> - PERF_STAT : "     0.041144168;CPU10;6236;;UNC_M_CAS_COUNT.RD[UNIT0];10259203;100.00;;"
6577 [140485403006656] INFO perfrun.perfcollector <> - PERF_STAT : "     0.041144168;CPU0;2348;;UNC_M_CAS_COUNT.RD[UNIT1];10259942;100.00;;"
6577 [140485403006656] INFO perfrun.perfcollector <> - PERF_STAT : "     0.041144168;CPU10;6641;;UNC_M_CAS_COUNT.RD[UNIT1];10258950;100.00;;"
6577 [140485403006656] INFO perfrun.perfcollector <> - PERF_STAT : "     0.041144168;CPU0;1661;;UNC_M_CAS_COUNT.RD[UNIT4];10259800;100.00;;"
6578 [140485403006656] INFO perfrun.perfcollector <> - PERF_STAT : "     0.041144168;CPU10;6207;;UNC_M_CAS_COUNT.RD[UNIT4];10258834;100.00;;"
6578 [140485403006656] INFO perfrun.perfcollector <> - PERF_STAT : "     0.041144168;CPU0;2169;;UNC_M_CAS_COUNT.RD[UNIT5];10259848;100.00;;"
6578 [140485403006656] INFO perfrun.perfcollector <> - PERF_STAT : "     0.041144168;CPU10;6826;;UNC_M_CAS_COUNT.RD[UNIT5];10258742;100.00;;"
6578 [140485403006656] INFO perfrun.perfcollector <> - PERF_STAT : "     0.041144168;CPU0;295;;UNC_M_CAS_COUNT.WR[UNIT0];10259924;100.00;;"
6578 [140485403006656] INFO perfrun.perfcollector <> - PERF_STAT : "     0.041144168;CPU10;484;;UNC_M_CAS_COUNT.WR[UNIT0];10258515;100.00;;"
6578 [140485403006656] INFO perfrun.perfcollector <> - PERF_STAT : "     0.041144168;CPU0;833;;UNC_M_CAS_COUNT.WR[UNIT1];10259905;100.00;;"
6578 [140485403006656] INFO perfrun.perfcollector <> - PERF_STAT : "     0.041144168;CPU10;998;;UNC_M_CAS_COUNT.WR[UNIT1];10246852;100.00;;"
6578 [140485403006656] INFO perfrun.perfcollector <> - PERF_STAT : "     0.041144168;CPU0;321;;UNC_M_CAS_COUNT.WR[UNIT4];10259908;100.00;;"
6578 [140485403006656] INFO perfrun.perfcollector <> - PERF_STAT : "     0.041144168;CPU10;504;;UNC_M_CAS_COUNT.WR[UNIT4];10246852;100.00;;"
6578 [140485403006656] INFO perfrun.perfcollector <> - PERF_STAT : "     0.041144168;CPU0;850;;UNC_M_CAS_COUNT.WR[UNIT5];10259884;100.00;;"
6578 [140485403006656] INFO perfrun.perfcollector <> - PERF_STAT : "     0.041144168;CPU10;1017;;UNC_M_CAS_COUNT.WR[UNIT5];10246839;100.00;;"
6588 [140485403006656] INFO perfrun.perfcollector <> - PERF_STAT : "     0.051390553;CPU0;957;;UNC_M_CAS_COUNT.RD[UNIT0];10243645;100.00;;"
6588 [140485403006656] INFO perfrun.perfcollector <> - PERF_STAT : "     0.051390553;CPU10;6831;;UNC_M_CAS_COUNT.RD[UNIT0];10242749;100.00;;"
6588 [140485403006656] INFO perfrun.perfcollector <> - PERF_STAT : "     0.051390553;CPU0;1543;;UNC_M_CAS_COUNT.RD[UNIT1];10243489;100.00;;"
6588 [140485403006656] INFO perfrun.perfcollector <> - PERF_STAT : "     0.051390553;CPU10;7357;;UNC_M_CAS_COUNT.RD[UNIT1];10242780;100.00;;"
6588 [140485403006656] INFO perfrun.perfcollector <> - PERF_STAT : "     0.051390553;CPU0;1049;;UNC_M_CAS_COUNT.RD[UNIT4];10243520;100.00;;"
6588 [140485403006656] INFO perfrun.perfcollector <> - PERF_STAT : "     0.051390553;CPU10;6836;;UNC_M_CAS_COUNT.RD[UNIT4];10242859;100.00;;"
6588 [140485403006656] INFO perfrun.perfcollector <> - PERF_STAT : "     0.051390553;CPU0;1555;;UNC_M_CAS_COUNT.RD[UNIT5];10243552;100.00;;"
6588 [140485403006656] INFO perfrun.perfcollector <> - PERF_STAT : "     0.051390553;CPU10;7360;;UNC_M_CAS_COUNT.RD[UNIT5];10242984;100.00;;"
6588 [140485403006656] INFO perfrun.perfcollector <> - PERF_STAT : "     0.051390553;CPU0;243;;UNC_M_CAS_COUNT.WR[UNIT0];10243449;100.00;;"
6588 [140485403006656] INFO perfrun.perfcollector <> - PERF_STAT : "     0.051390553;CPU10;833;;UNC_M_CAS_COUNT.WR[UNIT0];10242967;100.00;;"
6588 [140485403006656] INFO perfrun.perfcollector <> - PERF_STAT : "     0.051390553;CPU0;803;;UNC_M_CAS_COUNT.WR[UNIT1];10243444;100.00;;"
6588 [140485403006656] INFO perfrun.perfcollector <> - PERF_STAT : "     0.051390553;CPU10;1396;;UNC_M_CAS_COUNT.WR[UNIT1];10242941;100.00;;"
6588 [140485403006656] INFO perfrun.perfcollector <> - PERF_STAT : "     0.051390553;CPU0;286;;UNC_M_CAS_COUNT.WR[UNIT4];10243363;100.00;;"
6588 [140485403006656] INFO perfrun.perfcollector <> - PERF_STAT : "     0.051390553;CPU10;797;;UNC_M_CAS_COUNT.WR[UNIT4];10242827;100.00;;"
6588 [140485403006656] INFO perfrun.perfcollector <> - PERF_STAT : "     0.051390553;CPU0;801;;UNC_M_CAS_COUNT.WR[UNIT5];10243425;100.00;;"
6588 [140485403006656] INFO perfrun.perfcollector <> - PERF_STAT : "     0.051390553;CPU10;1419;;UNC_M_CAS_COUNT.WR[UNIT5];10242778;100.00;;"
6598 [140485403006656] INFO perfrun.perfcollector <> - PERF_STAT : "     0.061637208;CPU0;479;;UNC_M_CAS_COUNT.RD[UNIT0];10248078;100.00;;"
6598 [140485403006656] INFO perfrun.perfcollector <> - PERF_STAT : "     0.061637208;CPU10;8296;;UNC_M_CAS_COUNT.RD[UNIT0];10248433;100.00;;"
6598 [140485403006656] INFO perfrun.perfcollector <> - PERF_STAT : "     0.061637208;CPU0;1001;;UNC_M_CAS_COUNT.RD[UNIT1];10248197;100.00;;"
6598 [140485403006656] INFO perfrun.perfcollector <> - PERF_STAT : "     0.061637208;CPU10;8887;;UNC_M_CAS_COUNT.RD[UNIT1];10248309;100.00;;"
6598 [140485403006656] INFO perfrun.perfcollector <> - PERF_STAT : "     0.061637208;CPU0;535;;UNC_M_CAS_COUNT.RD[UNIT4];10248155;100.00;;"
6598 [140485403006656] INFO perfrun.perfcollector <> - PERF_STAT : "     0.061637208;CPU10;8453;;UNC_M_CAS_COUNT.RD[UNIT4];10248163;100.00;;"
6598 [140485403006656] INFO perfrun.perfcollector <> - PERF_STAT : "     0.061637208;CPU0;1032;;UNC_M_CAS_COUNT.RD[UNIT5];10248072;100.00;;"
6598 [140485403006656] INFO perfrun.perfcollector <> - PERF_STAT : "     0.061637208;CPU10;9048;;UNC_M_CAS_COUNT.RD[UNIT5];10248026;100.00;;"
6598 [140485403006656] INFO perfrun.perfcollector <> - PERF_STAT : "     0.061637208;CPU0;442;;UNC_M_CAS_COUNT.WR[UNIT0];10248308;100.00;;"
6598 [140485403006656] INFO perfrun.perfcollector <> - PERF_STAT : "     0.061637208;CPU10;1476;;UNC_M_CAS_COUNT.WR[UNIT0];10247988;100.00;;"
6598 [140485403006656] INFO perfrun.perfcollector <> - PERF_STAT : "     0.061637208;CPU0;941;;UNC_M_CAS_COUNT.WR[UNIT1];10248502;100.00;;"
6598 [140485403006656] INFO perfrun.perfcollector <> - PERF_STAT : "     0.061637208;CPU10;1982;;UNC_M_CAS_COUNT.WR[UNIT1];10248188;100.00;;"
6598 [140485403006656] INFO perfrun.perfcollector <> - PERF_STAT : "     0.061637208;CPU0;413;;UNC_M_CAS_COUNT.WR[UNIT4];10248670;100.00;;"
6598 [140485403006656] INFO perfrun.perfcollector <> - PERF_STAT : "     0.061637208;CPU10;1526;;UNC_M_CAS_COUNT.WR[UNIT4];10248151;100.00;;"
6598 [140485403006656] INFO perfrun.perfcollector <> - PERF_STAT : "     0.061637208;CPU0;925;;UNC_M_CAS_COUNT.WR[UNIT5];10248733;100.00;;"
6598 [140485403006656] INFO perfrun.perfcollector <> - PERF_STAT : "     0.061637208;CPU10;2051;;UNC_M_CAS_COUNT.WR[UNIT5];10248120;100.00;;"
6608 [140485403006656] INFO perfrun.perfcollector <> - PERF_STAT : "     0.071879129;CPU0;276;;UNC_M_CAS_COUNT.RD[UNIT0];10241343;100.00;;"
6608 [140485403006656] INFO perfrun.perfcollector <> - PERF_STAT : "     0.071879129;CPU10;2855;;UNC_M_CAS_COUNT.RD[UNIT0];10240095;100.00;;"
6608 [140485403006656] INFO perfrun.perfcollector <> - PERF_STAT : "     0.071879129;CPU0;773;;UNC_M_CAS_COUNT.RD[UNIT1];10241191;100.00;;"
6608 [140485403006656] INFO perfrun.perfcollector <> - PERF_STAT : "     0.071879129;CPU10;3341;;UNC_M_CAS_COUNT.RD[UNIT1];10240029;100.00;;"
6608 [140485403006656] INFO perfrun.perfcollector <> - PERF_STAT : "     0.071879129;CPU0;249;;UNC_M_CAS_COUNT.RD[UNIT4];10241311;100.00;;"
6608 [140485403006656] INFO perfrun.perfcollector <> - PERF_STAT : "     0.071879129;CPU10;2821;;UNC_M_CAS_COUNT.RD[UNIT4];10240018;100.00;;"
6608 [140485403006656] INFO perfrun.perfcollector <> - PERF_STAT : "     0.071879129;CPU0;769;;UNC_M_CAS_COUNT.RD[UNIT5];10241367;100.00;;"
6608 [140485403006656] INFO perfrun.perfcollector <> - PERF_STAT : "     0.071879129;CPU10;3378;;UNC_M_CAS_COUNT.RD[UNIT5];10239957;100.00;;"
6608 [140485403006656] INFO perfrun.perfcollector <> - PERF_STAT : "     0.071879129;CPU0;156;;UNC_M_CAS_COUNT.WR[UNIT0];10241115;100.00;;"
6608 [140485403006656] INFO perfrun.perfcollector <> - PERF_STAT : "     0.071879129;CPU10;656;;UNC_M_CAS_COUNT.WR[UNIT0];10239929;100.00;;"
6608 [140485403006656] INFO perfrun.perfcollector <> - PERF_STAT : "     0.071879129;CPU0;687;;UNC_M_CAS_COUNT.WR[UNIT1];10240911;100.00;;"
6608 [140485403006656] INFO perfrun.perfcollector <> - PERF_STAT : "     0.071879129;CPU10;1203;;UNC_M_CAS_COUNT.WR[UNIT1];10239690;100.00;;"
6608 [140485403006656] INFO perfrun.perfcollector <> - PERF_STAT : "     0.071879129;CPU0;151;;UNC_M_CAS_COUNT.WR[UNIT4];10240807;100.00;;"
6608 [140485403006656] INFO perfrun.perfcollector <> - PERF_STAT : "     0.071879129;CPU10;655;;UNC_M_CAS_COUNT.WR[UNIT4];10239675;100.00;;"
6608 [140485403006656] INFO perfrun.perfcollector <> - PERF_STAT : "     0.071879129;CPU0;725;;UNC_M_CAS_COUNT.WR[UNIT5];10240831;100.00;;"
6608 [140485403006656] INFO perfrun.perfcollector <> - PERF_STAT : "     0.071879129;CPU10;1198;;UNC_M_CAS_COUNT.WR[UNIT5];10239633;100.00;;"
6618 [140485403006656] INFO perfrun.perfcollector <> - PERF_STAT : "     0.082117987;CPU0;106;;UNC_M_CAS_COUNT.RD[UNIT0];10238920;100.00;;"
6618 [140485403006656] INFO perfrun.perfcollector <> - PERF_STAT : "     0.082117987;CPU10;1726;;UNC_M_CAS_COUNT.RD[UNIT0];10239181;100.00;;"
6618 [140485403006656] INFO perfrun.perfcollector <> - PERF_STAT : "     0.082117987;CPU0;637;;UNC_M_CAS_COUNT.RD[UNIT1];10238941;100.00;;"
6618 [140485403006656] INFO perfrun.perfcollector <> - PERF_STAT : "     0.082117987;CPU10;2228;;UNC_M_CAS_COUNT.RD[UNIT1];10239081;100.00;;"
6618 [140485403006656] INFO perfrun.perfcollector <> - PERF_STAT : "     0.082117987;CPU0;105;;UNC_M_CAS_COUNT.RD[UNIT4];10238834;100.00;;"
6618 [140485403006656] INFO perfrun.perfcollector <> - PERF_STAT : "     0.082117987;CPU10;1724;;UNC_M_CAS_COUNT.RD[UNIT4];10239052;100.00;;"
6618 [140485403006656] INFO perfrun.perfcollector <> - PERF_STAT : "     0.082117987;CPU0;631;;UNC_M_CAS_COUNT.RD[UNIT5];10238727;100.00;;"
6618 [140485403006656] INFO perfrun.perfcollector <> - PERF_STAT : "     0.082117987;CPU10;2248;;UNC_M_CAS_COUNT.RD[UNIT5];10238991;100.00;;"
6619 [140485403006656] INFO perfrun.perfcollector <> - PERF_STAT : "     0.082117987;CPU0;80;;UNC_M_CAS_COUNT.WR[UNIT0];10238836;100.00;;"
6619 [140485403006656] INFO perfrun.perfcollector <> - PERF_STAT : "     0.082117987;CPU10;416;;UNC_M_CAS_COUNT.WR[UNIT0];10238983;100.00;;"
6619 [140485403006656] INFO perfrun.perfcollector <> - PERF_STAT : "     0.082117987;CPU0;606;;UNC_M_CAS_COUNT.WR[UNIT1];10238827;100.00;;"
6619 [140485403006656] INFO perfrun.perfcollector <> - PERF_STAT : "     0.082117987;CPU10;922;;UNC_M_CAS_COUNT.WR[UNIT1];10238965;100.00;;"
6619 [140485403006656] INFO perfrun.perfcollector <> - PERF_STAT : "     0.082117987;CPU0;74;;UNC_M_CAS_COUNT.WR[UNIT4];10238739;100.00;;"
6619 [140485403006656] INFO perfrun.perfcollector <> - PERF_STAT : "     0.082117987;CPU10;393;;UNC_M_CAS_COUNT.WR[UNIT4];10238939;100.00;;"
6619 [140485403006656] INFO perfrun.perfcollector <> - PERF_STAT : "     0.082117987;CPU0;620;;UNC_M_CAS_COUNT.WR[UNIT5];10238552;100.00;;"
6619 [140485403006656] INFO perfrun.perfcollector <> - PERF_STAT : "     0.082117987;CPU10;910;;UNC_M_CAS_COUNT.WR[UNIT5];10238939;100.00;;"
6629 [140485403006656] INFO perfrun.perfcollector <> - PERF_STAT : "     0.092361196;CPU0;149;;UNC_M_CAS_COUNT.RD[UNIT0];10244522;100.00;;"
6629 [140485403006656] INFO perfrun.perfcollector <> - PERF_STAT : "     0.092361196;CPU10;768;;UNC_M_CAS_COUNT.RD[UNIT0];10244018;100.00;;"
6629 [140485403006656] INFO perfrun.perfcollector <> - PERF_STAT : "     0.092361196;CPU0;635;;UNC_M_CAS_COUNT.RD[UNIT1];10244591;100.00;;"
6629 [140485403006656] INFO perfrun.perfcollector <> - PERF_STAT : "     0.092361196;CPU10;1277;;UNC_M_CAS_COUNT.RD[UNIT1];10243992;100.00;;"
6629 [140485403006656] INFO perfrun.perfcollector <> - PERF_STAT : "     0.092361196;CPU0;165;;UNC_M_CAS_COUNT.RD[UNIT4];10244659;100.00;;"
6629 [140485403006656] INFO perfrun.perfcollector <> - PERF_STAT : "     0.092361196;CPU10;816;;UNC_M_CAS_COUNT.RD[UNIT4];10243970;100.00;;"
6629 [140485403006656] INFO perfrun.perfcollector <> - PERF_STAT : "     0.092361196;CPU0;681;;UNC_M_CAS_COUNT.RD[UNIT5];10244593;100.00;;"
6629 [140485403006656] INFO perfrun.perfcollector <> - PERF_STAT : "     0.092361196;CPU10;1362;;UNC_M_CAS_COUNT.RD[UNIT5];10243996;100.00;;"
6629 [140485403006656] INFO perfrun.perfcollector <> - PERF_STAT : "     0.092361196;CPU0;48;;UNC_M_CAS_COUNT.WR[UNIT0];10244475;100.00;;"
6629 [140485403006656] INFO perfrun.perfcollector <> - PERF_STAT : "     0.092361196;CPU10;184;;UNC_M_CAS_COUNT.WR[UNIT0];10244079;100.00;;"
6629 [140485403006656] INFO perfrun.perfcollector <> - PERF_STAT : "     0.092361196;CPU0;584;;UNC_M_CAS_COUNT.WR[UNIT1];10244467;100.00;;"
6629 [140485403006656] INFO perfrun.perfcollector <> - PERF_STAT : "     0.092361196;CPU10;714;;UNC_M_CAS_COUNT.WR[UNIT1];10244064;100.00;;"
6629 [140485403006656] INFO perfrun.perfcollector <> - PERF_STAT : "     0.092361196;CPU0;43;;UNC_M_CAS_COUNT.WR[UNIT4];10244475;100.00;;"
6629 [140485403006656] INFO perfrun.perfcollector <> - PERF_STAT : "     0.092361196;CPU10;176;;UNC_M_CAS_COUNT.WR[UNIT4];10244008;100.00;;"
6629 [140485403006656] INFO perfrun.perfcollector <> - PERF_STAT : "     0.092361196;CPU0;585;;UNC_M_CAS_COUNT.WR[UNIT5];10244552;100.00;;"
6629 [140485403006656] INFO perfrun.perfcollector <> - PERF_STAT : "     0.092361196;CPU10;726;;UNC_M_CAS_COUNT.WR[UNIT5];10244005;100.00;;"
6639 [140485403006656] INFO perfrun.perfcollector <> - PERF_STAT : "     0.102602047;CPU0;389;;UNC_M_CAS_COUNT.RD[UNIT0];10238950;100.00;;"
6639 [140485403006656] INFO perfrun.perfcollector <> - PERF_STAT : "     0.102602047;CPU10;243;;UNC_M_CAS_COUNT.RD[UNIT0];10238356;100.00;;"
6639 [140485403006656] INFO perfrun.perfcollector <> - PERF_STAT : "     0.102602047;CPU0;907;;UNC_M_CAS_COUNT.RD[UNIT1];10238856;100.00;;"
6639 [140485403006656] INFO perfrun.perfcollector <> - PERF_STAT : "     0.102602047;CPU10;766;;UNC_M_CAS_COUNT.RD[UNIT1];10238341;100.00;;"
6639 [140485403006656] INFO perfrun.perfcollector <> - PERF_STAT : "     0.102602047;CPU0;386;;UNC_M_CAS_COUNT.RD[UNIT4];10238840;100.00;;"
6639 [140485403006656] INFO perfrun.perfcollector <> - PERF_STAT : "     0.102602047;CPU10;252;;UNC_M_CAS_COUNT.RD[UNIT4];10238570;100.00;;"
6639 [140485403006656] INFO perfrun.perfcollector <> - PERF_STAT : "     0.102602047;CPU0;913;;UNC_M_CAS_COUNT.RD[UNIT5];10238909;100.00;;"
6639 [140485403006656] INFO perfrun.perfcollector <> - PERF_STAT : "     0.102602047;CPU10;777;;UNC_M_CAS_COUNT.RD[UNIT5];10238543;100.00;;"
6639 [140485403006656] INFO perfrun.perfcollector <> - PERF_STAT : "     0.102602047;CPU0;85;;UNC_M_CAS_COUNT.WR[UNIT0];10238908;100.00;;"
6639 [140485403006656] INFO perfrun.perfcollector <> - PERF_STAT : "     0.102602047;CPU10;58;;UNC_M_CAS_COUNT.WR[UNIT0];10245829;100.00;;"
6639 [140485403006656] INFO perfrun.perfcollector <> - PERF_STAT : "     0.102602047;CPU0;610;;UNC_M_CAS_COUNT.WR[UNIT1];10238918;100.00;;"
6639 [140485403006656] INFO perfrun.perfcollector <> - PERF_STAT : "     0.102602047;CPU10;579;;UNC_M_CAS_COUNT.WR[UNIT1];10246018;100.00;;"
6639 [140485403006656] INFO perfrun.perfcollector <> - PERF_STAT : "     0.102602047;CPU0;86;;UNC_M_CAS_COUNT.WR[UNIT4];10238917;100.00;;"
6639 [140485403006656] INFO perfrun.perfcollector <> - PERF_STAT : "     0.102602047;CPU10;57;;UNC_M_CAS_COUNT.WR[UNIT4];10246053;100.00;;"
6639 [140485403006656] INFO perfrun.perfcollector <> - PERF_STAT : "     0.102602047;CPU0;635;;UNC_M_CAS_COUNT.WR[UNIT5];10238820;100.00;;"
6639 [140485403006656] INFO perfrun.perfcollector <> - PERF_STAT : "     0.102602047;CPU10;588;;UNC_M_CAS_COUNT.WR[UNIT5];10246024;100.00;;"
6649 [140485403006656] INFO perfrun.perfcollector <> - PERF_STAT : "     0.112842265;CPU0;110;;UNC_M_CAS_COUNT.RD[UNIT0];10240214;100.00;;"
6649 [140485403006656] INFO perfrun.perfcollector <> - PERF_STAT : "     0.112842265;CPU10;778;;UNC_M_CAS_COUNT.RD[UNIT0];10240527;100.00;;"
6649 [140485403006656] INFO perfrun.perfcollector <> - PERF_STAT : "     0.112842265;CPU0;615;;UNC_M_CAS_COUNT.RD[UNIT1];10240269;100.00;;"
6649 [140485403006656] INFO perfrun.perfcollector <> - PERF_STAT : "     0.112842265;CPU10;1298;;UNC_M_CAS_COUNT.RD[UNIT1];10240444;100.00;;"
6649 [140485403006656] INFO perfrun.perfcollector <> - PERF_STAT : "     0.112842265;CPU0;113;;UNC_M_CAS_COUNT.RD[UNIT4];10240234;100.00;;"
6649 [140485403006656] INFO perfrun.perfcollector <> - PERF_STAT : "     0.112842265;CPU10;772;;UNC_M_CAS_COUNT.RD[UNIT4];10240269;100.00;;"
6649 [140485403006656] INFO perfrun.perfcollector <> - PERF_STAT : "     0.112842265;CPU0;639;;UNC_M_CAS_COUNT.RD[UNIT5];10240227;100.00;;"
6649 [140485403006656] INFO perfrun.perfcollector <> - PERF_STAT : "     0.112842265;CPU10;1326;;UNC_M_CAS_COUNT.RD[UNIT5];10240359;100.00;;"
6649 [140485403006656] INFO perfrun.perfcollector <> - PERF_STAT : "     0.112842265;CPU0;29;;UNC_M_CAS_COUNT.WR[UNIT0];10240412;100.00;;"
6649 [140485403006656] INFO perfrun.perfcollector <> - PERF_STAT : "     0.112842265;CPU10;125;;UNC_M_CAS_COUNT.WR[UNIT0];10233009;100.00;;"
6649 [140485403006656] INFO perfrun.perfcollector <> - PERF_STAT : "     0.112842265;CPU0;583;;UNC_M_CAS_COUNT.WR[UNIT1];10240481;100.00;;"
6649 [140485403006656] INFO perfrun.perfcollector <> - PERF_STAT : "     0.112842265;CPU10;665;;UNC_M_CAS_COUNT.WR[UNIT1];10232895;100.00;;"
6649 [140485403006656] INFO perfrun.perfcollector <> - PERF_STAT : "     0.112842265;CPU0;49;;UNC_M_CAS_COUNT.WR[UNIT4];10240464;100.00;;"
6649 [140485403006656] INFO perfrun.perfcollector <> - PERF_STAT : "     0.112842265;CPU10;138;;UNC_M_CAS_COUNT.WR[UNIT4];10232881;100.00;;"
6649 [140485403006656] INFO perfrun.perfcollector <> - PERF_STAT : "     0.112842265;CPU0;577;;UNC_M_CAS_COUNT.WR[UNIT5];10240468;100.00;;"
6649 [140485403006656] INFO perfrun.perfcollector <> - PERF_STAT : "     0.112842265;CPU10;697;;UNC_M_CAS_COUNT.WR[UNIT5];10232858;100.00;;"
6659 [140485403006656] INFO perfrun.perfcollector <> - PERF_STAT : "     0.123077964;CPU0;1142;;UNC_M_CAS_COUNT.RD[UNIT0];10235679;100.00;;"
6659 [140485403006656] INFO perfrun.perfcollector <> - PERF_STAT : "     0.123077964;CPU10;1829;;UNC_M_CAS_COUNT.RD[UNIT0];10235872;100.00;;"
6659 [140485403006656] INFO perfrun.perfcollector <> - PERF_STAT : "     0.123077964;CPU0;1487;;UNC_M_CAS_COUNT.RD[UNIT1];10235677;100.00;;"
6659 [140485403006656] INFO perfrun.perfcollector <> - PERF_STAT : "     0.123077964;CPU10;2330;;UNC_M_CAS_COUNT.RD[UNIT1];10236041;100.00;;"
6659 [140485403006656] INFO perfrun.perfcollector <> - PERF_STAT : "     0.123077964;CPU0;1142;;UNC_M_CAS_COUNT.RD[UNIT4];10235662;100.00;;"
6659 [140485403006656] INFO perfrun.perfcollector <> - PERF_STAT : "     0.123077964;CPU10;1892;;UNC_M_CAS_COUNT.RD[UNIT4];10235941;100.00;;"
6659 [140485403006656] INFO perfrun.perfcollector <> - PERF_STAT : "     0.123077964;CPU0;1416;;UNC_M_CAS_COUNT.RD[UNIT5];10235847;100.00;;"
6659 [140485403006656] INFO perfrun.perfcollector <> - PERF_STAT : "     0.123077964;CPU10;2417;;UNC_M_CAS_COUNT.RD[UNIT5];10235825;100.00;;"
6659 [140485403006656] INFO perfrun.perfcollector <> - PERF_STAT : "     0.123077964;CPU0;222;;UNC_M_CAS_COUNT.WR[UNIT0];10235665;100.00;;"
6659 [140485403006656] INFO perfrun.perfcollector <> - PERF_STAT : "     0.123077964;CPU10;422;;UNC_M_CAS_COUNT.WR[UNIT0];10235736;100.00;;"
6659 [140485403006656] INFO perfrun.perfcollector <> - PERF_STAT : "     0.123077964;CPU0;723;;UNC_M_CAS_COUNT.WR[UNIT1];10235584;100.00;;"
6659 [140485403006656] INFO perfrun.perfcollector <> - PERF_STAT : "     0.123077964;CPU10;973;;UNC_M_CAS_COUNT.WR[UNIT1];10235629;100.00;;"
6659 [140485403006656] INFO perfrun.perfcollector <> - PERF_STAT : "     0.123077964;CPU0;206;;UNC_M_CAS_COUNT.WR[UNIT4];10235580;100.00;;"
6660 [140485403006656] INFO perfrun.perfcollector <> - PERF_STAT : "     0.123077964;CPU10;477;;UNC_M_CAS_COUNT.WR[UNIT4];10235606;100.00;;"
6660 [140485403006656] INFO perfrun.perfcollector <> - PERF_STAT : "     0.123077964;CPU0;745;;UNC_M_CAS_COUNT.WR[UNIT5];10235639;100.00;;"
6660 [140485403006656] INFO perfrun.perfcollector <> - PERF_STAT : "     0.123077964;CPU10;993;;UNC_M_CAS_COUNT.WR[UNIT5];10235684;100.00;;"
6670 [140485403006656] INFO perfrun.perfcollector <> - PERF_STAT : "     0.133310908;CPU0;249;;UNC_M_CAS_COUNT.RD[UNIT0];10232281;100.00;;"
6670 [140485403006656] INFO perfrun.perfcollector <> - PERF_STAT : "     0.133310908;CPU10;2187;;UNC_M_CAS_COUNT.RD[UNIT0];10230105;100.00;;"
6670 [140485403006656] INFO perfrun.perfcollector <> - PERF_STAT : "     0.133310908;CPU0;752;;UNC_M_CAS_COUNT.RD[UNIT1];10232298;100.00;;"
6670 [140485403006656] INFO perfrun.perfcollector <> - PERF_STAT : "     0.133310908;CPU10;2717;;UNC_M_CAS_COUNT.RD[UNIT1];10229904;100.00;;"
6670 [140485403006656] INFO perfrun.perfcollector <> - PERF_STAT : "     0.133310908;CPU0;249;;UNC_M_CAS_COUNT.RD[UNIT4];10232290;100.00;;"
6670 [140485403006656] INFO perfrun.perfcollector <> - PERF_STAT : "     0.133310908;CPU10;2197;;UNC_M_CAS_COUNT.RD[UNIT4];10229964;100.00;;"
6670 [140485403006656] INFO perfrun.perfcollector <> - PERF_STAT : "     0.133310908;CPU0;768;;UNC_M_CAS_COUNT.RD[UNIT5];10232234;100.00;;"
6670 [140485403006656] INFO perfrun.perfcollector <> - PERF_STAT : "     0.133310908;CPU10;2737;;UNC_M_CAS_COUNT.RD[UNIT5];10229969;100.00;;"
6670 [140485403006656] INFO perfrun.perfcollector <> - PERF_STAT : "     0.133310908;CPU0;126;;UNC_M_CAS_COUNT.WR[UNIT0];10232231;100.00;;"
6670 [140485403006656] INFO perfrun.perfcollector <> - PERF_STAT : "     0.133310908;CPU10;437;;UNC_M_CAS_COUNT.WR[UNIT0];10229947;100.00;;"
6670 [140485403006656] INFO perfrun.perfcollector <> - PERF_STAT : "     0.133310908;CPU0;660;;UNC_M_CAS_COUNT.WR[UNIT1];10232217;100.00;;"
6670 [140485403006656] INFO perfrun.perfcollector <> - PERF_STAT : "     0.133310908;CPU10;918;;UNC_M_CAS_COUNT.WR[UNIT1];10229978;100.00;;"
6670 [140485403006656] INFO perfrun.perfcollector <> - PERF_STAT : "     0.133310908;CPU0;129;;UNC_M_CAS_COUNT.WR[UNIT4];10232214;100.00;;"
6670 [140485403006656] INFO perfrun.perfcollector <> - PERF_STAT : "     0.133310908;CPU10;464;;UNC_M_CAS_COUNT.WR[UNIT4];10229935;100.00;;"
6670 [140485403006656] INFO perfrun.perfcollector <> - PERF_STAT : "     0.133310908;CPU0;644;;UNC_M_CAS_COUNT.WR[UNIT5];10232149;100.00;;"
6670 [140485403006656] INFO perfrun.perfcollector <> - PERF_STAT : "     0.133310908;CPU10;929;;UNC_M_CAS_COUNT.WR[UNIT5];10229825;100.00;;"
6680 [140485403006656] INFO perfrun.perfcollector <> - PERF_STAT : "     0.143539943;CPU0;903;;UNC_M_CAS_COUNT.RD[UNIT0];10229303;100.00;;"
6680 [140485403006656] INFO perfrun.perfcollector <> - PERF_STAT : "     0.143539943;CPU10;3103;;UNC_M_CAS_COUNT.RD[UNIT0];10230414;100.00;;"
6680 [140485403006656] INFO perfrun.perfcollector <> - PERF_STAT : "     0.143539943;CPU0;1400;;UNC_M_CAS_COUNT.RD[UNIT1];10229282;100.00;;"
6680 [140485403006656] INFO perfrun.perfcollector <> - PERF_STAT : "     0.143539943;CPU10;3619;;UNC_M_CAS_COUNT.RD[UNIT1];10230364;100.00;;"
6680 [140485403006656] INFO perfrun.perfcollector <> - PERF_STAT : "     0.143539943;CPU0;898;;UNC_M_CAS_COUNT.RD[UNIT4];10229249;100.00;;"
6680 [140485403006656] INFO perfrun.perfcollector <> - PERF_STAT : "     0.143539943;CPU10;3077;;UNC_M_CAS_COUNT.RD[UNIT4];10230349;100.00;;"
6680 [140485403006656] INFO perfrun.perfcollector <> - PERF_STAT : "     0.143539943;CPU0;1404;;UNC_M_CAS_COUNT.RD[UNIT5];10229189;100.00;;"
6680 [140485403006656] INFO perfrun.perfcollector <> - PERF_STAT : "     0.143539943;CPU10;3635;;UNC_M_CAS_COUNT.RD[UNIT5];10230320;100.00;;"
6680 [140485403006656] INFO perfrun.perfcollector <> - PERF_STAT : "     0.143539943;CPU0;221;;UNC_M_CAS_COUNT.WR[UNIT0];10229237;100.00;;"
6680 [140485403006656] INFO perfrun.perfcollector <> - PERF_STAT : "     0.143539943;CPU10;764;;UNC_M_CAS_COUNT.WR[UNIT0];10230342;100.00;;"
6680 [140485403006656] INFO perfrun.perfcollector <> - PERF_STAT : "     0.143539943;CPU0;761;;UNC_M_CAS_COUNT.WR[UNIT1];10229245;100.00;;"
6680 [140485403006656] INFO perfrun.perfcollector <> - PERF_STAT : "     0.143539943;CPU10;1337;;UNC_M_CAS_COUNT.WR[UNIT1];10230292;100.00;;"
6680 [140485403006656] INFO perfrun.perfcollector <> - PERF_STAT : "     0.143539943;CPU0;224;;UNC_M_CAS_COUNT.WR[UNIT4];10229237;100.00;;"
6680 [140485403006656] INFO perfrun.perfcollector <> - PERF_STAT : "     0.143539943;CPU10;812;;UNC_M_CAS_COUNT.WR[UNIT4];10230277;100.00;;"
6680 [140485403006656] INFO perfrun.perfcollector <> - PERF_STAT : "     0.143539943;CPU0;752;;UNC_M_CAS_COUNT.WR[UNIT5];10229298;100.00;;"
6680 [140485403006656] INFO perfrun.perfcollector <> - PERF_STAT : "     0.143539943;CPU10;1328;;UNC_M_CAS_COUNT.WR[UNIT5];10230271;100.00;;"
6690 [140485403006656] INFO perfrun.perfcollector <> - PERF_STAT : "     0.153773630;CPU0;1005;;UNC_M_CAS_COUNT.RD[UNIT0];10233851;100.00;;"
6690 [140485403006656] INFO perfrun.perfcollector <> - PERF_STAT : "     0.153773630;CPU10;1678;;UNC_M_CAS_COUNT.RD[UNIT0];10233753;100.00;;"
6690 [140485403006656] INFO perfrun.perfcollector <> - PERF_STAT : "     0.153773630;CPU0;1503;;UNC_M_CAS_COUNT.RD[UNIT1];10233842;100.00;;"
6690 [140485403006656] INFO perfrun.perfcollector <> - PERF_STAT : "     0.153773630;CPU10;2214;;UNC_M_CAS_COUNT.RD[UNIT1];10233892;100.00;;"
6690 [140485403006656] INFO perfrun.perfcollector <> - PERF_STAT : "     0.153773630;CPU0;997;;UNC_M_CAS_COUNT.RD[UNIT4];10233859;100.00;;"
6690 [140485403006656] INFO perfrun.perfcollector <> - PERF_STAT : "     0.153773630;CPU10;1685;;UNC_M_CAS_COUNT.RD[UNIT4];10233909;100.00;;"
6690 [140485403006656] INFO perfrun.perfcollector <> - PERF_STAT : "     0.153773630;CPU0;1539;;UNC_M_CAS_COUNT.RD[UNIT5];10233764;100.00;;"
6690 [140485403006656] INFO perfrun.perfcollector <> - PERF_STAT : "     0.153773630;CPU10;2216;;UNC_M_CAS_COUNT.RD[UNIT5];10234002;100.00;;"
6690 [140485403006656] INFO perfrun.perfcollector <> - PERF_STAT : "     0.153773630;CPU0;155;;UNC_M_CAS_COUNT.WR[UNIT0];10233723;100.00;;"
6690 [140485403006656] INFO perfrun.perfcollector <> - PERF_STAT : "     0.153773630;CPU10;621;;UNC_M_CAS_COUNT.WR[UNIT0];10233954;100.00;;"
6690 [140485403006656] INFO perfrun.perfcollector <> - PERF_STAT : "     0.153773630;CPU0;674;;UNC_M_CAS_COUNT.WR[UNIT1];10233802;100.00;;"
6690 [140485403006656] INFO perfrun.perfcollector <> - PERF_STAT : "     0.153773630;CPU10;1188;;UNC_M_CAS_COUNT.WR[UNIT1];10233931;100.00;;"
6690 [140485403006656] INFO perfrun.perfcollector <> - PERF_STAT : "     0.153773630;CPU0;119;;UNC_M_CAS_COUNT.WR[UNIT4];10233802;100.00;;"
6690 [140485403006656] INFO perfrun.perfcollector <> - PERF_STAT : "     0.153773630;CPU10;659;;UNC_M_CAS_COUNT.WR[UNIT4];10233921;100.00;;"
6690 [140485403006656] INFO perfrun.perfcollector <> - PERF_STAT : "     0.153773630;CPU0;684;;UNC_M_CAS_COUNT.WR[UNIT5];10233713;100.00;;"
6690 [140485403006656] INFO perfrun.perfcollector <> - PERF_STAT : "     0.153773630;CPU10;1142;;UNC_M_CAS_COUNT.WR[UNIT5];10233879;100.00;;"
6700 [140485403006656] INFO perfrun.perfcollector <> - PERF_STAT : "     0.164007815;CPU0;917;;UNC_M_CAS_COUNT.RD[UNIT0];10234815;100.00;;"
6700 [140485403006656] INFO perfrun.perfcollector <> - PERF_STAT : "     0.164007815;CPU10;1174;;UNC_M_CAS_COUNT.RD[UNIT0];10234817;100.00;;"
6700 [140485403006656] INFO perfrun.perfcollector <> - PERF_STAT : "     0.164007815;CPU0;1408;;UNC_M_CAS_COUNT.RD[UNIT1];10234786;100.00;;"
6700 [140485403006656] INFO perfrun.perfcollector <> - PERF_STAT : "     0.164007815;CPU10;1661;;UNC_M_CAS_COUNT.RD[UNIT1];10234721;100.00;;"
6700 [140485403006656] INFO perfrun.perfcollector <> - PERF_STAT : "     0.164007815;CPU0;935;;UNC_M_CAS_COUNT.RD[UNIT4];10234811;100.00;;"
6700 [140485403006656] INFO perfrun.perfcollector <> - PERF_STAT : "     0.164007815;CPU10;1219;;UNC_M_CAS_COUNT.RD[UNIT4];10234684;100.00;;"
6700 [140485403006656] INFO perfrun.perfcollector <> - PERF_STAT : "     0.164007815;CPU0;1452;;UNC_M_CAS_COUNT.RD[UNIT5];10234829;100.00;;"
6700 [140485403006656] INFO perfrun.perfcollector <> - PERF_STAT : "     0.164007815;CPU10;1748;;UNC_M_CAS_COUNT.RD[UNIT5];10234647;100.00;;"
6700 [140485403006656] INFO perfrun.perfcollector <> - PERF_STAT : "     0.164007815;CPU0;112;;UNC_M_CAS_COUNT.WR[UNIT0];10234984;100.00;;"
6700 [140485403006656] INFO perfrun.perfcollector <> - PERF_STAT : "     0.164007815;CPU10;520;;UNC_M_CAS_COUNT.WR[UNIT0];10234798;100.00;;"
6700 [140485403006656] INFO perfrun.perfcollector <> - PERF_STAT : "     0.164007815;CPU0;660;;UNC_M_CAS_COUNT.WR[UNIT1];10234959;100.00;;"
6700 [140485403006656] INFO perfrun.perfcollector <> - PERF_STAT : "     0.164007815;CPU10;1046;;UNC_M_CAS_COUNT.WR[UNIT1];10234803;100.00;;"
6700 [140485403006656] INFO perfrun.perfcollector <> - PERF_STAT : "     0.164007815;CPU0;105;;UNC_M_CAS_COUNT.WR[UNIT4];10235022;100.00;;"
6700 [140485403006656] INFO perfrun.perfcollector <> - PERF_STAT : "     0.164007815;CPU10;500;;UNC_M_CAS_COUNT.WR[UNIT4];10234880;100.00;;"
6700 [140485403006656] INFO perfrun.perfcollector <> - PERF_STAT : "     0.164007815;CPU0;631;;UNC_M_CAS_COUNT.WR[UNIT5];10235106;100.00;;"
6700 [140485403006656] INFO perfrun.perfcollector <> - PERF_STAT : "     0.164007815;CPU10;1065;;UNC_M_CAS_COUNT.WR[UNIT5];10234903;100.00;;"
6710 [140485403006656] INFO perfrun.perfcollector <> - PERF_STAT : "     0.174240382;CPU0;1342;;UNC_M_CAS_COUNT.RD[UNIT0];10231313;100.00;;"
6711 [140485403006656] INFO perfrun.perfcollector <> - PERF_STAT : "     0.174240382;CPU10;573;;UNC_M_CAS_COUNT.RD[UNIT0];10231143;100.00;;"
6711 [140485403006656] INFO perfrun.perfcollector <> - PERF_STAT : "     0.174240382;CPU0;1868;;UNC_M_CAS_COUNT.RD[UNIT1];10231300;100.00;;"
6711 [140485403006656] INFO perfrun.perfcollector <> - PERF_STAT : "     0.174240382;CPU10;1089;;UNC_M_CAS_COUNT.RD[UNIT1];10231129;100.00;;"
6711 [140485403006656] INFO perfrun.perfcollector <> - PERF_STAT : "     0.174240382;CPU0;1372;;UNC_M_CAS_COUNT.RD[UNIT4];10231196;100.00;;"
6711 [140485403006656] INFO perfrun.perfcollector <> - PERF_STAT : "     0.174240382;CPU10;582;;UNC_M_CAS_COUNT.RD[UNIT4];10231100;100.00;;"
6711 [140485403006656] INFO perfrun.perfcollector <> - PERF_STAT : "     0.174240382;CPU0;1888;;UNC_M_CAS_COUNT.RD[UNIT5];10231189;100.00;;"
6711 [140485403006656] INFO perfrun.perfcollector <> - PERF_STAT : "     0.174240382;CPU10;1106;;UNC_M_CAS_COUNT.RD[UNIT5];10231137;100.00;;"
6711 [140485403006656] INFO perfrun.perfcollector <> - PERF_STAT : "     0.174240382;CPU0;91;;UNC_M_CAS_COUNT.WR[UNIT0];10231028;100.00;;"
6711 [140485403006656] INFO perfrun.perfcollector <> - PERF_STAT : "     0.174240382;CPU10;517;;UNC_M_CAS_COUNT.WR[UNIT0];10230971;100.00;;"
6711 [140485403006656] INFO perfrun.perfcollector <> - PERF_STAT : "     0.174240382;CPU0;627;;UNC_M_CAS_COUNT.WR[UNIT1];10230961;100.00;;"
6711 [140485403006656] INFO perfrun.perfcollector <> - PERF_STAT : "     0.174240382;CPU10;983;;UNC_M_CAS_COUNT.WR[UNIT1];10230964;100.00;;"
6711 [140485403006656] INFO perfrun.perfcollector <> - PERF_STAT : "     0.174240382;CPU0;87;;UNC_M_CAS_COUNT.WR[UNIT4];10230894;100.00;;"
6711 [140485403006656] INFO perfrun.perfcollector <> - PERF_STAT : "     0.174240382;CPU10;464;;UNC_M_CAS_COUNT.WR[UNIT4];10230876;100.00;;"
6711 [140485403006656] INFO perfrun.perfcollector <> - PERF_STAT : "     0.174240382;CPU0;629;;UNC_M_CAS_COUNT.WR[UNIT5];10230887;100.00;;"
6711 [140485403006656] INFO perfrun.perfcollector <> - PERF_STAT : "     0.174240382;CPU10;992;;UNC_M_CAS_COUNT.WR[UNIT5];10230868;100.00;;"
6721 [140485403006656] INFO perfrun.perfcollector <> - PERF_STAT : "     0.184469115;CPU0;1316;;UNC_M_CAS_COUNT.RD[UNIT0];10228270;100.00;;"
6721 [140485403006656] INFO perfrun.perfcollector <> - PERF_STAT : "     0.184469115;CPU10;170;;UNC_M_CAS_COUNT.RD[UNIT0];10228075;100.00;;"
6721 [140485403006656] INFO perfrun.perfcollector <> - PERF_STAT : "     0.184469115;CPU0;1829;;UNC_M_CAS_COUNT.RD[UNIT1];10228401;100.00;;"
6721 [140485403006656] INFO perfrun.perfcollector <> - PERF_STAT : "     0.184469115;CPU10;693;;UNC_M_CAS_COUNT.RD[UNIT1];10227990;100.00;;"
6721 [140485403006656] INFO perfrun.perfcollector <> - PERF_STAT : "     0.184469115;CPU0;1310;;UNC_M_CAS_COUNT.RD[UNIT4];10228500;100.00;;"
6721 [140485403006656] INFO perfrun.perfcollector <> - PERF_STAT : "     0.184469115;CPU10;173;;UNC_M_CAS_COUNT.RD[UNIT4];10228020;100.00;;"
6721 [140485403006656] INFO perfrun.perfcollector <> - PERF_STAT : "     0.184469115;CPU0;1824;;UNC_M_CAS_COUNT.RD[UNIT5];10228581;100.00;;"
6721 [140485403006656] INFO perfrun.perfcollector <> - PERF_STAT : "     0.184469115;CPU10;716;;UNC_M_CAS_COUNT.RD[UNIT5];10228076;100.00;;"
6721 [140485403006656] INFO perfrun.perfcollector <> - PERF_STAT : "     0.184469115;CPU0;91;;UNC_M_CAS_COUNT.WR[UNIT0];10228588;100.00;;"
6721 [140485403006656] INFO perfrun.perfcollector <> - PERF_STAT : "     0.184469115;CPU10;295;;UNC_M_CAS_COUNT.WR[UNIT0];10228204;100.00;;"
6721 [140485403006656] INFO perfrun.perfcollector <> - PERF_STAT : "     0.184469115;CPU0;617;;UNC_M_CAS_COUNT.WR[UNIT1];10228605;100.00;;"
6721 [140485403006656] INFO perfrun.perfcollector <> - PERF_STAT : "     0.184469115;CPU10;821;;UNC_M_CAS_COUNT.WR[UNIT1];10228218;100.00;;"
6721 [140485403006656] INFO perfrun.perfcollector <> - PERF_STAT : "     0.184469115;CPU0;85;;UNC_M_CAS_COUNT.WR[UNIT4];10228604;100.00;;"
6721 [140485403006656] INFO perfrun.perfcollector <> - PERF_STAT : "     0.184469115;CPU10;259;;UNC_M_CAS_COUNT.WR[UNIT4];10228224;100.00;;"
6721 [140485403006656] INFO perfrun.perfcollector <> - PERF_STAT : "     0.184469115;CPU0;618;;UNC_M_CAS_COUNT.WR[UNIT5];10228615;100.00;;"
6721 [140485403006656] INFO perfrun.perfcollector <> - PERF_STAT : "     0.184469115;CPU10;819;;UNC_M_CAS_COUNT.WR[UNIT5];10228228;100.00;;"
6731 [140485403006656] INFO perfrun.perfcollector <> - PERF_STAT : "     0.194702044;CPU0;1449;;UNC_M_CAS_COUNT.RD[UNIT0];10221972;100.00;;"
6731 [140485403006656] INFO perfrun.perfcollector <> - PERF_STAT : "     0.194702044;CPU10;301;;UNC_M_CAS_COUNT.RD[UNIT0];10221714;100.00;;"
6731 [140485403006656] INFO perfrun.perfcollector <> - PERF_STAT : "     0.194702044;CPU0;1928;;UNC_M_CAS_COUNT.RD[UNIT1];10221887;100.00;;"
6731 [140485403006656] INFO perfrun.perfcollector <> - PERF_STAT : "     0.194702044;CPU10;815;;UNC_M_CAS_COUNT.RD[UNIT1];10221881;100.00;;"
6731 [140485403006656] INFO perfrun.perfcollector <> - PERF_STAT : "     0.194702044;CPU0;1459;;UNC_M_CAS_COUNT.RD[UNIT4];10221840;100.00;;"
6731 [140485403006656] INFO perfrun.perfcollector <> - PERF_STAT : "     0.194702044;CPU10;343;;UNC_M_CAS_COUNT.RD[UNIT4];10221863;100.00;;"
6731 [140485403006656] INFO perfrun.perfcollector <> - PERF_STAT : "     0.194702044;CPU0;1967;;UNC_M_CAS_COUNT.RD[UNIT5];10221858;100.00;;"
6731 [140485403006656] INFO perfrun.perfcollector <> - PERF_STAT : "     0.194702044;CPU10;895;;UNC_M_CAS_COUNT.RD[UNIT5];10221668;100.00;;"
6731 [140485403006656] INFO perfrun.perfcollector <> - PERF_STAT : "     0.194702044;CPU0;107;;UNC_M_CAS_COUNT.WR[UNIT0];10221856;100.00;;"
6731 [140485403006656] INFO perfrun.perfcollector <> - PERF_STAT : "     0.194702044;CPU10;422;;UNC_M_CAS_COUNT.WR[UNIT0];10221555;100.00;;"
6731 [140485403006656] INFO perfrun.perfcollector <> - PERF_STAT : "     0.194702044;CPU0;619;;UNC_M_CAS_COUNT.WR[UNIT1];10221935;100.00;;"
6731 [140485403006656] INFO perfrun.perfcollector <> - PERF_STAT : "     0.194702044;CPU10;940;;UNC_M_CAS_COUNT.WR[UNIT1];10221558;100.00;;"
6731 [140485403006656] INFO perfrun.perfcollector <> - PERF_STAT : "     0.194702044;CPU0;102;;UNC_M_CAS_COUNT.WR[UNIT4];10222028;100.00;;"
6731 [140485403006656] INFO perfrun.perfcollector <> - PERF_STAT : "     0.194702044;CPU10;444;;UNC_M_CAS_COUNT.WR[UNIT4];10221600;100.00;;"
6731 [140485403006656] INFO perfrun.perfcollector <> - PERF_STAT : "     0.194702044;CPU0;637;;UNC_M_CAS_COUNT.WR[UNIT5];10221951;100.00;;"
6731 [140485403006656] INFO perfrun.perfcollector <> - PERF_STAT : "     0.194702044;CPU10;965;;UNC_M_CAS_COUNT.WR[UNIT5];10221571;100.00;;"
6741 [140485403006656] INFO perfrun.perfcollector <> - PERF_STAT : "     0.204898750;CPU0;10085;;UNC_M_CAS_COUNT.RD[UNIT0];10192493;100.00;;"
6741 [140485403006656] INFO perfrun.perfcollector <> - PERF_STAT : "     0.204898750;CPU10;3921;;UNC_M_CAS_COUNT.RD[UNIT0];10194879;100.00;;"
6741 [140485403006656] INFO perfrun.perfcollector <> - PERF_STAT : "     0.204898750;CPU0;10437;;UNC_M_CAS_COUNT.RD[UNIT1];10192757;100.00;;"
6741 [140485403006656] INFO perfrun.perfcollector <> - PERF_STAT : "     0.204898750;CPU10;3189;;UNC_M_CAS_COUNT.RD[UNIT1];10195023;100.00;;"
6741 [140485403006656] INFO perfrun.perfcollector <> - PERF_STAT : "     0.204898750;CPU0;10143;;UNC_M_CAS_COUNT.RD[UNIT4];10192922;100.00;;"
6741 [140485403006656] INFO perfrun.perfcollector <> - PERF_STAT : "     0.204898750;CPU10;2870;;UNC_M_CAS_COUNT.RD[UNIT4];10195155;100.00;;"
6741 [140485403006656] INFO perfrun.perfcollector <> - PERF_STAT : "     0.204898750;CPU0;12366;;UNC_M_CAS_COUNT.RD[UNIT5];10193123;100.00;;"
6741 [140485403006656] INFO perfrun.perfcollector <> - PERF_STAT : "     0.204898750;CPU10;3346;;UNC_M_CAS_COUNT.RD[UNIT5];10195429;100.00;;"
6741 [140485403006656] INFO perfrun.perfcollector <> - PERF_STAT : "     0.204898750;CPU0;1604;;UNC_M_CAS_COUNT.WR[UNIT0];10193222;100.00;;"
6741 [140485403006656] INFO perfrun.perfcollector <> - PERF_STAT : "     0.204898750;CPU10;8148;;UNC_M_CAS_COUNT.WR[UNIT0];10195573;100.00;;"
6741 [140485403006656] INFO perfrun.perfcollector <> - PERF_STAT : "     0.204898750;CPU0;2145;;UNC_M_CAS_COUNT.WR[UNIT1];10193300;100.00;;"
6741 [140485403006656] INFO perfrun.perfcollector <> - PERF_STAT : "     0.204898750;CPU10;8049;;UNC_M_CAS_COUNT.WR[UNIT1];10195919;100.00;;"
6741 [140485403006656] INFO perfrun.perfcollector <> - PERF_STAT : "     0.204898750;CPU0;1642;;UNC_M_CAS_COUNT.WR[UNIT4];10193364;100.00;;"
6741 [140485403006656] INFO perfrun.perfcollector <> - PERF_STAT : "     0.204898750;CPU10;7715;;UNC_M_CAS_COUNT.WR[UNIT4];10196025;100.00;;"
6741 [140485403006656] INFO perfrun.perfcollector <> - PERF_STAT : "     0.204898750;CPU0;2724;;UNC_M_CAS_COUNT.WR[UNIT5];10193521;100.00;;"
6741 [140485403006656] INFO perfrun.perfcollector <> - PERF_STAT : "     0.204898750;CPU10;8049;;UNC_M_CAS_COUNT.WR[UNIT5];10196187;100.00;;"
6751 [140485403006656] INFO perfrun.perfcollector <> - PERF_STAT : "     0.215096940;CPU0;234;;UNC_M_CAS_COUNT.RD[UNIT0];10187726;100.00;;"
6751 [140485403006656] INFO perfrun.perfcollector <> - PERF_STAT : "     0.215096940;CPU10;272;;UNC_M_CAS_COUNT.RD[UNIT0];10181356;100.00;;"
6751 [140485403006656] INFO perfrun.perfcollector <> - PERF_STAT : "     0.215096940;CPU0;742;;UNC_M_CAS_COUNT.RD[UNIT1];10186971;100.00;;"
6751 [140485403006656] INFO perfrun.perfcollector <> - PERF_STAT : "     0.215096940;CPU10;829;;UNC_M_CAS_COUNT.RD[UNIT1];10180800;100.00;;"
6751 [140485403006656] INFO perfrun.perfcollector <> - PERF_STAT : "     0.215096940;CPU0;268;;UNC_M_CAS_COUNT.RD[UNIT4];10186790;100.00;;"
6751 [140485403006656] INFO perfrun.perfcollector <> - PERF_STAT : "     0.215096940;CPU10;368;;UNC_M_CAS_COUNT.RD[UNIT4];10180895;100.00;;"
6751 [140485403006656] INFO perfrun.perfcollector <> - PERF_STAT : "     0.215096940;CPU0;789;;UNC_M_CAS_COUNT.RD[UNIT5];10186662;100.00;;"
6751 [140485403006656] INFO perfrun.perfcollector <> - PERF_STAT : "     0.215096940;CPU10;876;;UNC_M_CAS_COUNT.RD[UNIT5];10180902;100.00;;"
6751 [140485403006656] INFO perfrun.perfcollector <> - PERF_STAT : "     0.215096940;CPU0;49;;UNC_M_CAS_COUNT.WR[UNIT0];10186797;100.00;;"
6751 [140485403006656] INFO perfrun.perfcollector <> - PERF_STAT : "     0.215096940;CPU10;85;;UNC_M_CAS_COUNT.WR[UNIT0];10180996;100.00;;"
6751 [140485403006656] INFO perfrun.perfcollector <> - PERF_STAT : "     0.215096940;CPU0;583;;UNC_M_CAS_COUNT.WR[UNIT1];10186857;100.00;;"
6751 [140485403006656] INFO perfrun.perfcollector <> - PERF_STAT : "     0.215096940;CPU10;607;;UNC_M_CAS_COUNT.WR[UNIT1];10180823;100.00;;"
6751 [140485403006656] INFO perfrun.perfcollector <> - PERF_STAT : "     0.215096940;CPU0;73;;UNC_M_CAS_COUNT.WR[UNIT4];10186803;100.00;;"
6751 [140485403006656] INFO perfrun.perfcollector <> - PERF_STAT : "     0.215096940;CPU10;85;;UNC_M_CAS_COUNT.WR[UNIT4];10180975;100.00;;"
6751 [140485403006656] INFO perfrun.perfcollector <> - PERF_STAT : "     0.215096940;CPU0;586;;UNC_M_CAS_COUNT.WR[UNIT5];10186819;100.00;;"
6751 [140485403006656] INFO perfrun.perfcollector <> - PERF_STAT : "     0.215096940;CPU10;624;;UNC_M_CAS_COUNT.WR[UNIT5];10180940;100.00;;"
6761 [140485403006656] INFO perfrun.perfcollector <> - PERF_STAT : "     0.225275588;CPU0;150;;UNC_M_CAS_COUNT.RD[UNIT0];10179242;100.00;;"
6761 [140485403006656] INFO perfrun.perfcollector <> - PERF_STAT : "     0.225275588;CPU10;307;;UNC_M_CAS_COUNT.RD[UNIT0];10178114;100.00;;"
6761 [140485403006656] INFO perfrun.perfcollector <> - PERF_STAT : "     0.225275588;CPU0;649;;UNC_M_CAS_COUNT.RD[UNIT1];10179078;100.00;;"
6761 [140485403006656] INFO perfrun.perfcollector <> - PERF_STAT : "     0.225275588;CPU10;874;;UNC_M_CAS_COUNT.RD[UNIT1];10177959;100.00;;"
6762 [140485403006656] INFO perfrun.perfcollector <> - PERF_STAT : "     0.225275588;CPU0;164;;UNC_M_CAS_COUNT.RD[UNIT4];10179096;100.00;;"
6762 [140485403006656] INFO perfrun.perfcollector <> - PERF_STAT : "     0.225275588;CPU10;420;;UNC_M_CAS_COUNT.RD[UNIT4];10177780;100.00;;"
6762 [140485403006656] INFO perfrun.perfcollector <> - PERF_STAT : "     0.225275588;CPU0;695;;UNC_M_CAS_COUNT.RD[UNIT5];10178988;100.00;;"
6762 [140485403006656] INFO perfrun.perfcollector <> - PERF_STAT : "     0.225275588;CPU10;911;;UNC_M_CAS_COUNT.RD[UNIT5];10177762;100.00;;"
6762 [140485403006656] INFO perfrun.perfcollector <> - PERF_STAT : "     0.225275588;CPU0;32;;UNC_M_CAS_COUNT.WR[UNIT0];10178953;100.00;;"
6762 [140485403006656] INFO perfrun.perfcollector <> - PERF_STAT : "     0.225275588;CPU10;82;;UNC_M_CAS_COUNT.WR[UNIT0];10177643;100.00;;"
6762 [140485403006656] INFO perfrun.perfcollector <> - PERF_STAT : "     0.225275588;CPU0;560;;UNC_M_CAS_COUNT.WR[UNIT1];10178875;100.00;;"
6762 [140485403006656] INFO perfrun.perfcollector <> - PERF_STAT : "     0.225275588;CPU10;595;;UNC_M_CAS_COUNT.WR[UNIT1];10177635;100.00;;"
6762 [140485403006656] INFO perfrun.perfcollector <> - PERF_STAT : "     0.225275588;CPU0;46;;UNC_M_CAS_COUNT.WR[UNIT4];10178990;100.00;;"
6762 [140485403006656] INFO perfrun.perfcollector <> - PERF_STAT : "     0.225275588;CPU10;86;;UNC_M_CAS_COUNT.WR[UNIT4];10177469;100.00;;"
6762 [140485403006656] INFO perfrun.perfcollector <> - PERF_STAT : "     0.225275588;CPU0;584;;UNC_M_CAS_COUNT.WR[UNIT5];10179045;100.00;;"
6762 [140485403006656] INFO perfrun.perfcollector <> - PERF_STAT : "     0.225275588;CPU10;615;;UNC_M_CAS_COUNT.WR[UNIT5];10177485;100.00;;"
6772 [140485403006656] INFO perfrun.perfcollector <> - PERF_STAT : "     0.235499500;CPU0;317;;UNC_M_CAS_COUNT.RD[UNIT0];10269842;100.00;;"
6772 [140485403006656] INFO perfrun.perfcollector <> - PERF_STAT : "     0.235499500;CPU10;371;;UNC_M_CAS_COUNT.RD[UNIT0];10291169;100.00;;"
6772 [140485403006656] INFO perfrun.perfcollector <> - PERF_STAT : "     0.235499500;CPU0;827;;UNC_M_CAS_COUNT.RD[UNIT1];10270416;100.00;;"
6772 [140485403006656] INFO perfrun.perfcollector <> - PERF_STAT : "     0.235499500;CPU10;917;;UNC_M_CAS_COUNT.RD[UNIT1];10291655;100.00;;"
6772 [140485403006656] INFO perfrun.perfcollector <> - PERF_STAT : "     0.235499500;CPU0;356;;UNC_M_CAS_COUNT.RD[UNIT4];10270360;100.00;;"
6772 [140485403006656] INFO perfrun.perfcollector <> - PERF_STAT : "     0.235499500;CPU10;544;;UNC_M_CAS_COUNT.RD[UNIT4];10291552;100.00;;"
6772 [140485403006656] INFO perfrun.perfcollector <> - PERF_STAT : "     0.235499500;CPU0;849;;UNC_M_CAS_COUNT.RD[UNIT5];10270341;100.00;;"
6772 [140485403006656] INFO perfrun.perfcollector <> - PERF_STAT : "     0.235499500;CPU10;1081;;UNC_M_CAS_COUNT.RD[UNIT5];10291719;100.00;;"
6772 [140485403006656] INFO perfrun.perfcollector <> - PERF_STAT : "     0.235499500;CPU0;92;;UNC_M_CAS_COUNT.WR[UNIT0];10270245;100.00;;"
6772 [140485403006656] INFO perfrun.perfcollector <> - PERF_STAT : "     0.235499500;CPU10;76;;UNC_M_CAS_COUNT.WR[UNIT0];10291701;100.00;;"
6772 [140485403006656] INFO perfrun.perfcollector <> - PERF_STAT : "     0.235499500;CPU0;617;;UNC_M_CAS_COUNT.WR[UNIT1];10270181;100.00;;"
6772 [140485403006656] INFO perfrun.perfcollector <> - PERF_STAT : "     0.235499500;CPU10;592;;UNC_M_CAS_COUNT.WR[UNIT1];10291563;100.00;;"
6772 [140485403006656] INFO perfrun.perfcollector <> - PERF_STAT : "     0.235499500;CPU0;93;;UNC_M_CAS_COUNT.WR[UNIT4];10270094;100.00;;"
6772 [140485403006656] INFO perfrun.perfcollector <> - PERF_STAT : "     0.235499500;CPU10;149;;UNC_M_CAS_COUNT.WR[UNIT4];10291436;100.00;;"
6772 [140485403006656] INFO perfrun.perfcollector <> - PERF_STAT : "     0.235499500;CPU0;640;;UNC_M_CAS_COUNT.WR[UNIT5];10270065;100.00;;"
6772 [140485403006656] INFO perfrun.perfcollector <> - PERF_STAT : "     0.235499500;CPU10;643;;UNC_M_CAS_COUNT.WR[UNIT5];10291306;100.00;;"
6782 [140485403006656] INFO perfrun.perfcollector <> - PERF_STAT : "     0.245766493;CPU0;2685;;UNC_M_CAS_COUNT.RD[UNIT0];10248972;100.00;;"
6782 [140485403006656] INFO perfrun.perfcollector <> - PERF_STAT : "     0.245766493;CPU10;2331;;UNC_M_CAS_COUNT.RD[UNIT0];10233945;100.00;;"
6782 [140485403006656] INFO perfrun.perfcollector <> - PERF_STAT : "     0.245766493;CPU0;3063;;UNC_M_CAS_COUNT.RD[UNIT1];10249025;100.00;;"
6782 [140485403006656] INFO perfrun.perfcollector <> - PERF_STAT : "     0.245766493;CPU10;2724;;UNC_M_CAS_COUNT.RD[UNIT1];10233990;100.00;;"
6782 [140485403006656] INFO perfrun.perfcollector <> - PERF_STAT : "     0.245766493;CPU0;2765;;UNC_M_CAS_COUNT.RD[UNIT4];10249043;100.00;;"
6782 [140485403006656] INFO perfrun.perfcollector <> - PERF_STAT : "     0.245766493;CPU10;2352;;UNC_M_CAS_COUNT.RD[UNIT4];10234061;100.00;;"
6782 [140485403006656] INFO perfrun.perfcollector <> - PERF_STAT : "     0.245766493;CPU0;3038;;UNC_M_CAS_COUNT.RD[UNIT5];10248996;100.00;;"
6782 [140485403006656] INFO perfrun.perfcollector <> - PERF_STAT : "     0.245766493;CPU10;2785;;UNC_M_CAS_COUNT.RD[UNIT5];10233685;100.00;;"
6782 [140485403006656] INFO perfrun.perfcollector <> - PERF_STAT : "     0.245766493;CPU0;2283;;UNC_M_CAS_COUNT.WR[UNIT0];10248897;100.00;;"
6782 [140485403006656] INFO perfrun.perfcollector <> - PERF_STAT : "     0.245766493;CPU10;10465;;UNC_M_CAS_COUNT.WR[UNIT0];10233658;100.00;;"
6782 [140485403006656] INFO perfrun.perfcollector <> - PERF_STAT : "     0.245766493;CPU0;2794;;UNC_M_CAS_COUNT.WR[UNIT1];10248810;100.00;;"
6782 [140485403006656] INFO perfrun.perfcollector <> - PERF_STAT : "     0.245766493;CPU10;11080;;UNC_M_CAS_COUNT.WR[UNIT1];10233687;100.00;;"
6782 [140485403006656] INFO perfrun.perfcollector <> - PERF_STAT : "     0.245766493;CPU0;2340;;UNC_M_CAS_COUNT.WR[UNIT4];10248677;100.00;;"
6782 [140485403006656] INFO perfrun.perfcollector <> - PERF_STAT : "     0.245766493;CPU10;10741;;UNC_M_CAS_COUNT.WR[UNIT4];10233674;100.00;;"
6782 [140485403006656] INFO perfrun.perfcollector <> - PERF_STAT : "     0.245766493;CPU0;2879;;UNC_M_CAS_COUNT.WR[UNIT5];10248472;100.00;;"
6782 [140485403006656] INFO perfrun.perfcollector <> - PERF_STAT : "     0.245766493;CPU10;11334;;UNC_M_CAS_COUNT.WR[UNIT5];10233691;100.00;;"
6792 [140485403006656] INFO perfrun.perfcollector <> - PERF_STAT : "     0.256007393;CPU0;5293;;UNC_M_CAS_COUNT.RD[UNIT0];10250869;100.00;;"
6792 [140485403006656] INFO perfrun.perfcollector <> - PERF_STAT : "     0.256007393;CPU10;10111;;UNC_M_CAS_COUNT.RD[UNIT0];10266156;100.00;;"
6792 [140485403006656] INFO perfrun.perfcollector <> - PERF_STAT : "     0.256007393;CPU0;5927;;UNC_M_CAS_COUNT.RD[UNIT1];10251506;100.00;;"
6792 [140485403006656] INFO perfrun.perfcollector <> - PERF_STAT : "     0.256007393;CPU10;10794;;UNC_M_CAS_COUNT.RD[UNIT1];10266999;100.00;;"
6792 [140485403006656] INFO perfrun.perfcollector <> - PERF_STAT : "     0.256007393;CPU0;5083;;UNC_M_CAS_COUNT.RD[UNIT4];10251722;100.00;;"
6792 [140485403006656] INFO perfrun.perfcollector <> - PERF_STAT : "     0.256007393;CPU10;10201;;UNC_M_CAS_COUNT.RD[UNIT4];10267316;100.00;;"
6792 [140485403006656] INFO perfrun.perfcollector <> - PERF_STAT : "     0.256007393;CPU0;5807;;UNC_M_CAS_COUNT.RD[UNIT5];10252098;100.00;;"
6792 [140485403006656] INFO perfrun.perfcollector <> - PERF_STAT : "     0.256007393;CPU10;11226;;UNC_M_CAS_COUNT.RD[UNIT5];10267603;100.00;;"
6792 [140485403006656] INFO perfrun.perfcollector <> - PERF_STAT : "     0.256007393;CPU0;27842;;UNC_M_CAS_COUNT.WR[UNIT0];10252364;100.00;;"
6792 [140485403006656] INFO perfrun.perfcollector <> - PERF_STAT : "     0.256007393;CPU10;32943;;UNC_M_CAS_COUNT.WR[UNIT0];10267874;100.00;;"
6792 [140485403006656] INFO perfrun.perfcollector <> - PERF_STAT : "     0.256007393;CPU0;28242;;UNC_M_CAS_COUNT.WR[UNIT1];10252562;100.00;;"
6792 [140485403006656] INFO perfrun.perfcollector <> - PERF_STAT : "     0.256007393;CPU10;33450;;UNC_M_CAS_COUNT.WR[UNIT1];10268369;100.00;;"
6792 [140485403006656] INFO perfrun.perfcollector <> - PERF_STAT : "     0.256007393;CPU0;27702;;UNC_M_CAS_COUNT.WR[UNIT4];10252808;100.00;;"
6792 [140485403006656] INFO perfrun.perfcollector <> - PERF_STAT : "     0.256007393;CPU10;32888;;UNC_M_CAS_COUNT.WR[UNIT4];10268691;100.00;;"
6793 [140485403006656] INFO perfrun.perfcollector <> - PERF_STAT : "     0.256007393;CPU0;28142;;UNC_M_CAS_COUNT.WR[UNIT5];10253299;100.00;;"
6793 [140485403006656] INFO perfrun.perfcollector <> - PERF_STAT : "     0.256007393;CPU10;33431;;UNC_M_CAS_COUNT.WR[UNIT5];10268871;100.00;;"
6803 [140485403006656] INFO perfrun.perfcollector <> - PERF_STAT : "     0.266313144;CPU0;11608;;UNC_M_CAS_COUNT.RD[UNIT0];10317935;100.00;;"
6803 [140485403006656] INFO perfrun.perfcollector <> - PERF_STAT : "     0.266313144;CPU10;8992;;UNC_M_CAS_COUNT.RD[UNIT0];10318743;100.00;;"
6803 [140485403006656] INFO perfrun.perfcollector <> - PERF_STAT : "     0.266313144;CPU0;10802;;UNC_M_CAS_COUNT.RD[UNIT1];10317410;100.00;;"
6803 [140485403006656] INFO perfrun.perfcollector <> - PERF_STAT : "     0.266313144;CPU10;9316;;UNC_M_CAS_COUNT.RD[UNIT1];10317767;100.00;;"
6803 [140485403006656] INFO perfrun.perfcollector <> - PERF_STAT : "     0.266313144;CPU0;11915;;UNC_M_CAS_COUNT.RD[UNIT4];10317275;100.00;;"
6803 [140485403006656] INFO perfrun.perfcollector <> - PERF_STAT : "     0.266313144;CPU10;9015;;UNC_M_CAS_COUNT.RD[UNIT4];10317391;100.00;;"
6803 [140485403006656] INFO perfrun.perfcollector <> - PERF_STAT : "     0.266313144;CPU0;10482;;UNC_M_CAS_COUNT.RD[UNIT5];10316988;100.00;;"
6803 [140485403006656] INFO perfrun.perfcollector <> - PERF_STAT : "     0.266313144;CPU10;9372;;UNC_M_CAS_COUNT.RD[UNIT5];10317031;100.00;;"
6803 [140485403006656] INFO perfrun.perfcollector <> - PERF_STAT : "     0.266313144;CPU0;7759;;UNC_M_CAS_COUNT.WR[UNIT0];10316808;100.00;;"
6803 [140485403006656] INFO perfrun.perfcollector <> - PERF_STAT : "     0.266313144;CPU10;1318;;UNC_M_CAS_COUNT.WR[UNIT0];10316678;100.00;;"
6803 [140485403006656] INFO perfrun.perfcollector <> - PERF_STAT : "     0.266313144;CPU0;8300;;UNC_M_CAS_COUNT.WR[UNIT1];10316814;100.00;;"
6803 [140485403006656] INFO perfrun.perfcollector <> - PERF_STAT : "     0.266313144;CPU10;1738;;UNC_M_CAS_COUNT.WR[UNIT1];10316110;100.00;;"
6803 [140485403006656] INFO perfrun.perfcollector <> - PERF_STAT : "     0.266313144;CPU0;8377;;UNC_M_CAS_COUNT.WR[UNIT4];10316780;100.00;;"
6803 [140485403006656] INFO perfrun.perfcollector <> - PERF_STAT : "     0.266313144;CPU10;1318;;UNC_M_CAS_COUNT.WR[UNIT4];10315840;100.00;;"
6803 [140485403006656] INFO perfrun.perfcollector <> - PERF_STAT : "     0.266313144;CPU0;8308;;UNC_M_CAS_COUNT.WR[UNIT5];10316401;100.00;;"
6803 [140485403006656] INFO perfrun.perfcollector <> - PERF_STAT : "     0.266313144;CPU10;1678;;UNC_M_CAS_COUNT.WR[UNIT5];10315782;100.00;;"
6803 [140485673358016] INFO perfrun.launcher <> - Launcher: all plugins were started
6803 [140485673358016] INFO perfrun.launcher <> - DirectoryMonitor object was created
6803 [140485673358016] INFO perfrun.launcher <> - DirectoryMonitor: a callback was added
6803 [140485673358016] INFO perfrun.launcher <> - DirectoryMonitor was started with pingTime = 1000
6803 [140485673358016] INFO perfrun.launcher <> - DeadlineTimer is going to be constructed
6803 [140485673358016] INFO perfrun.launcher <> - DeadlineTimer: a callback was added
6813 [140485403006656] INFO perfrun.perfcollector <> - PERF_STAT : "     0.276622726;CPU0;3171;;UNC_M_CAS_COUNT.RD[UNIT0];10327417;100.00;;"
6813 [140485403006656] INFO perfrun.perfcollector <> - PERF_STAT : "     0.276622726;CPU10;1813;;UNC_M_CAS_COUNT.RD[UNIT0];10342445;100.00;;"
6813 [140485403006656] INFO perfrun.perfcollector <> - PERF_STAT : "     0.276622726;CPU0;3314;;UNC_M_CAS_COUNT.RD[UNIT1];10330347;100.00;;"
6813 [140485403006656] INFO perfrun.perfcollector <> - PERF_STAT : "     0.276622726;CPU10;1920;;UNC_M_CAS_COUNT.RD[UNIT1];10345410;100.00;;"
6813 [140485403006656] INFO perfrun.perfcollector <> - PERF_STAT : "     0.276622726;CPU0;3043;;UNC_M_CAS_COUNT.RD[UNIT4];10332314;100.00;;"
6813 [140485403006656] INFO perfrun.perfcollector <> - PERF_STAT : "     0.276622726;CPU10;1887;;UNC_M_CAS_COUNT.RD[UNIT4];10347329;100.00;;"
6813 [140485403006656] INFO perfrun.perfcollector <> - PERF_STAT : "     0.276622726;CPU0;3353;;UNC_M_CAS_COUNT.RD[UNIT5];10334226;100.00;;"
6813 [140485403006656] INFO perfrun.perfcollector <> - PERF_STAT : "     0.276622726;CPU10;2052;;UNC_M_CAS_COUNT.RD[UNIT5];10349349;100.00;;"
6813 [140485403006656] INFO perfrun.perfcollector <> - PERF_STAT : "     0.276622726;CPU0;2957;;UNC_M_CAS_COUNT.WR[UNIT0];10336068;100.00;;"
6813 [140485403006656] INFO perfrun.perfcollector <> - PERF_STAT : "     0.276622726;CPU10;220;;UNC_M_CAS_COUNT.WR[UNIT0];10351253;100.00;;"
6813 [140485403006656] INFO perfrun.perfcollector <> - PERF_STAT : "     0.276622726;CPU0;3314;;UNC_M_CAS_COUNT.WR[UNIT1];10337799;100.00;;"
6813 [140485403006656] INFO perfrun.perfcollector <> - PERF_STAT : "     0.276622726;CPU10;334;;UNC_M_CAS_COUNT.WR[UNIT1];10353182;100.00;;"
6813 [140485403006656] INFO perfrun.perfcollector <> - PERF_STAT : "     0.276622726;CPU0;3055;;UNC_M_CAS_COUNT.WR[UNIT4];10351194;100.00;;"
6813 [140485403006656] INFO perfrun.perfcollector <> - PERF_STAT : "     0.276622726;CPU10;247;;UNC_M_CAS_COUNT.WR[UNIT4];10355090;100.00;;"
6813 [140485403006656] INFO perfrun.perfcollector <> - PERF_STAT : "     0.276622726;CPU0;3188;;UNC_M_CAS_COUNT.WR[UNIT5];10351203;100.00;;"
6813 [140485403006656] INFO perfrun.perfcollector <> - PERF_STAT : "     0.276622726;CPU10;371;;UNC_M_CAS_COUNT.WR[UNIT5];10356835;100.00;;"
6823 [140485403006656] INFO perfrun.perfcollector <> - PERF_STAT : "     0.287027417;CPU0;128;;UNC_M_CAS_COUNT.RD[UNIT0];10366822;100.00;;"
6823 [140485403006656] INFO perfrun.perfcollector <> - PERF_STAT : "     0.287027417;CPU10;214;;UNC_M_CAS_COUNT.RD[UNIT0];10336092;100.00;;"
6823 [140485403006656] INFO perfrun.perfcollector <> - PERF_STAT : "     0.287027417;CPU0;203;;UNC_M_CAS_COUNT.RD[UNIT1];10363706;100.00;;"
6823 [140485403006656] INFO perfrun.perfcollector <> - PERF_STAT : "     0.287027417;CPU10;308;;UNC_M_CAS_COUNT.RD[UNIT1];10333165;100.00;;"
6823 [140485403006656] INFO perfrun.perfcollector <> - PERF_STAT : "     0.287027417;CPU0;151;;UNC_M_CAS_COUNT.RD[UNIT4];10361674;100.00;;"
6823 [140485403006656] INFO perfrun.perfcollector <> - PERF_STAT : "     0.287027417;CPU10;250;;UNC_M_CAS_COUNT.RD[UNIT4];10331252;100.00;;"
6823 [140485403006656] INFO perfrun.perfcollector <> - PERF_STAT : "     0.287027417;CPU0;214;;UNC_M_CAS_COUNT.RD[UNIT5];10359811;100.00;;"
6823 [140485403006656] INFO perfrun.perfcollector <> - PERF_STAT : "     0.287027417;CPU10;354;;UNC_M_CAS_COUNT.RD[UNIT5];10329591;100.00;;"
6823 [140485403006656] INFO perfrun.perfcollector <> - PERF_STAT : "     0.287027417;CPU0;68;;UNC_M_CAS_COUNT.WR[UNIT0];10357916;100.00;;"
6823 [140485403006656] INFO perfrun.perfcollector <> - PERF_STAT : "     0.287027417;CPU10;62;;UNC_M_CAS_COUNT.WR[UNIT0];10327711;100.00;;"
6823 [140485403006656] INFO perfrun.perfcollector <> - PERF_STAT : "     0.287027417;CPU0;161;;UNC_M_CAS_COUNT.WR[UNIT1];10355998;100.00;;"
6823 [140485403006656] INFO perfrun.perfcollector <> - PERF_STAT : "     0.287027417;CPU10;160;;UNC_M_CAS_COUNT.WR[UNIT1];10325798;100.00;;"
6823 [140485403006656] INFO perfrun.perfcollector <> - PERF_STAT : "     0.287027417;CPU0;80;;UNC_M_CAS_COUNT.WR[UNIT4];10342569;100.00;;"
6823 [140485403006656] INFO perfrun.perfcollector <> - PERF_STAT : "     0.287027417;CPU10;86;;UNC_M_CAS_COUNT.WR[UNIT4];10323888;100.00;;"
6823 [140485403006656] INFO perfrun.perfcollector <> - PERF_STAT : "     0.287027417;CPU0;165;;UNC_M_CAS_COUNT.WR[UNIT5];10342824;100.00;;"
6823 [140485403006656] INFO perfrun.perfcollector <> - PERF_STAT : "     0.287027417;CPU10;164;;UNC_M_CAS_COUNT.WR[UNIT5];10322041;100.00;;"
6834 [140485403006656] INFO perfrun.perfcollector <> - PERF_STAT : "     0.297295840;CPU0;161;;UNC_M_CAS_COUNT.RD[UNIT0];10290479;100.00;;"
6834 [140485403006656] INFO perfrun.perfcollector <> - PERF_STAT : "     0.297295840;CPU10;208;;UNC_M_CAS_COUNT.RD[UNIT0];10307411;100.00;;"
6834 [140485403006656] INFO perfrun.perfcollector <> - PERF_STAT : "     0.297295840;CPU0;241;;UNC_M_CAS_COUNT.RD[UNIT1];10290722;100.00;;"
6834 [140485403006656] INFO perfrun.perfcollector <> - PERF_STAT : "     0.297295840;CPU10;257;;UNC_M_CAS_COUNT.RD[UNIT1];10310377;100.00;;"
6834 [140485403006656] INFO perfrun.perfcollector <> - PERF_STAT : "     0.297295840;CPU0;166;;UNC_M_CAS_COUNT.RD[UNIT4];10290875;100.00;;"
6834 [140485403006656] INFO perfrun.perfcollector <> - PERF_STAT : "     0.297295840;CPU10;194;;UNC_M_CAS_COUNT.RD[UNIT4];10312325;100.00;;"
6834 [140485403006656] INFO perfrun.perfcollector <> - PERF_STAT : "     0.297295840;CPU0;229;;UNC_M_CAS_COUNT.RD[UNIT5];10290913;100.00;;"
6834 [140485403006656] INFO perfrun.perfcollector <> - PERF_STAT : "     0.297295840;CPU10;243;;UNC_M_CAS_COUNT.RD[UNIT5];10313942;100.00;;"
6834 [140485403006656] INFO perfrun.perfcollector <> - PERF_STAT : "     0.297295840;CPU0;90;;UNC_M_CAS_COUNT.WR[UNIT0];10291080;100.00;;"
6834 [140485403006656] INFO perfrun.perfcollector <> - PERF_STAT : "     0.297295840;CPU10;46;;UNC_M_CAS_COUNT.WR[UNIT0];10315824;100.00;;"
6834 [140485403006656] INFO perfrun.perfcollector <> - PERF_STAT : "     0.297295840;CPU0;184;;UNC_M_CAS_COUNT.WR[UNIT1];10291327;100.00;;"
6834 [140485403006656] INFO perfrun.perfcollector <> - PERF_STAT : "     0.297295840;CPU10;108;;UNC_M_CAS_COUNT.WR[UNIT1];10317758;100.00;;"
6834 [140485403006656] INFO perfrun.perfcollector <> - PERF_STAT : "     0.297295840;CPU0;84;;UNC_M_CAS_COUNT.WR[UNIT4];10291380;100.00;;"
6834 [140485403006656] INFO perfrun.perfcollector <> - PERF_STAT : "     0.297295840;CPU10;33;;UNC_M_CAS_COUNT.WR[UNIT4];10319638;100.00;;"
6834 [140485403006656] INFO perfrun.perfcollector <> - PERF_STAT : "     0.297295840;CPU0;171;;UNC_M_CAS_COUNT.WR[UNIT5];10291244;100.00;;"
6834 [140485403006656] INFO perfrun.perfcollector <> - PERF_STAT : "     0.297295840;CPU10;110;;UNC_M_CAS_COUNT.WR[UNIT5];10321518;100.00;;"
6835 [140485673358016] INFO perfrun.launcher <> - Launcher: resume the profiled application and  wait its termination or stop command
6844 [140485403006656] INFO perfrun.perfcollector <> - PERF_STAT : "     0.307608266;CPU0;4379;;UNC_M_CAS_COUNT.RD[UNIT0];10270361;100.00;;"
6844 [140485403006656] INFO perfrun.perfcollector <> - PERF_STAT : "     0.307608266;CPU10;2202;;UNC_M_CAS_COUNT.RD[UNIT0];10252495;100.00;;"
6844 [140485403006656] INFO perfrun.perfcollector <> - PERF_STAT : "     0.307608266;CPU0;4819;;UNC_M_CAS_COUNT.RD[UNIT1];10270233;100.00;;"
6844 [140485403006656] INFO perfrun.perfcollector <> - PERF_STAT : "     0.307608266;CPU10;2212;;UNC_M_CAS_COUNT.RD[UNIT1];10249533;100.00;;"
6844 [140485403006656] INFO perfrun.perfcollector <> - PERF_STAT : "     0.307608266;CPU0;4436;;UNC_M_CAS_COUNT.RD[UNIT4];10270258;100.00;;"
6844 [140485403006656] INFO perfrun.perfcollector <> - PERF_STAT : "     0.307608266;CPU10;2284;;UNC_M_CAS_COUNT.RD[UNIT4];10247681;100.00;;"
6844 [140485403006656] INFO perfrun.perfcollector <> - PERF_STAT : "     0.307608266;CPU0;5015;;UNC_M_CAS_COUNT.RD[UNIT5];10270090;100.00;;"
6844 [140485403006656] INFO perfrun.perfcollector <> - PERF_STAT : "     0.307608266;CPU10;2439;;UNC_M_CAS_COUNT.RD[UNIT5];10245890;100.00;;"
6844 [140485403006656] INFO perfrun.perfcollector <> - PERF_STAT : "     0.307608266;CPU0;10403;;UNC_M_CAS_COUNT.WR[UNIT0];10269883;100.00;;"
6844 [140485403006656] INFO perfrun.perfcollector <> - PERF_STAT : "     0.307608266;CPU10;390;;UNC_M_CAS_COUNT.WR[UNIT0];10244005;100.00;;"
6844 [140485403006656] INFO perfrun.perfcollector <> - PERF_STAT : "     0.307608266;CPU0;10809;;UNC_M_CAS_COUNT.WR[UNIT1];10269612;100.00;;"
6844 [140485403006656] INFO perfrun.perfcollector <> - PERF_STAT : "     0.307608266;CPU10;483;;UNC_M_CAS_COUNT.WR[UNIT1];10242062;100.00;;"
6844 [140485403006656] INFO perfrun.perfcollector <> - PERF_STAT : "     0.307608266;CPU0;10531;;UNC_M_CAS_COUNT.WR[UNIT4];10269373;100.00;;"
6844 [140485403006656] INFO perfrun.perfcollector <> - PERF_STAT : "     0.307608266;CPU10;387;;UNC_M_CAS_COUNT.WR[UNIT4];10240144;100.00;;"
6844 [140485403006656] INFO perfrun.perfcollector <> - PERF_STAT : "     0.307608266;CPU0;11002;;UNC_M_CAS_COUNT.WR[UNIT5];10269149;100.00;;"
6844 [140485403006656] INFO perfrun.perfcollector <> - PERF_STAT : "     0.307608266;CPU10;525;;UNC_M_CAS_COUNT.WR[UNIT5];10238234;100.00;;"
6854 [140485403006656] INFO perfrun.perfcollector <> - PERF_STAT : "     0.317828421;CPU0;1030;;UNC_M_CAS_COUNT.RD[UNIT0];10218348;100.00;;"
6854 [140485403006656] INFO perfrun.perfcollector <> - PERF_STAT : "     0.317828421;CPU10;160;;UNC_M_CAS_COUNT.RD[UNIT0];10217382;100.00;;"
6854 [140485403006656] INFO perfrun.perfcollector <> - PERF_STAT : "     0.317828421;CPU0;1507;;UNC_M_CAS_COUNT.RD[UNIT1];10217957;100.00;;"
6854 [140485403006656] INFO perfrun.perfcollector <> - PERF_STAT : "     0.317828421;CPU10;227;;UNC_M_CAS_COUNT.RD[UNIT1];10217323;100.00;;"
6854 [140485403006656] INFO perfrun.perfcollector <> - PERF_STAT : "     0.317828421;CPU0;1026;;UNC_M_CAS_COUNT.RD[UNIT4];10217768;100.00;;"
6854 [140485403006656] INFO perfrun.perfcollector <> - PERF_STAT : "     0.317828421;CPU10;194;;UNC_M_CAS_COUNT.RD[UNIT4];10217200;100.00;;"
6854 [140485403006656] INFO perfrun.perfcollector <> - PERF_STAT : "     0.317828421;CPU0;1555;;UNC_M_CAS_COUNT.RD[UNIT5];10217777;100.00;;"
6854 [140485403006656] INFO perfrun.perfcollector <> - PERF_STAT : "     0.317828421;CPU10;254;;UNC_M_CAS_COUNT.RD[UNIT5];10217060;100.00;;"
6854 [140485403006656] INFO perfrun.perfcollector <> - PERF_STAT : "     0.317828421;CPU0;478;;UNC_M_CAS_COUNT.WR[UNIT0];10217764;100.00;;"
6854 [140485403006656] INFO perfrun.perfcollector <> - PERF_STAT : "     0.317828421;CPU10;51;;UNC_M_CAS_COUNT.WR[UNIT0];10217056;100.00;;"
6854 [140485403006656] INFO perfrun.perfcollector <> - PERF_STAT : "     0.317828421;CPU0;1017;;UNC_M_CAS_COUNT.WR[UNIT1];10217841;100.00;;"
6854 [140485403006656] INFO perfrun.perfcollector <> - PERF_STAT : "     0.317828421;CPU10;116;;UNC_M_CAS_COUNT.WR[UNIT1];10217069;100.00;;"
6854 [140485403006656] INFO perfrun.perfcollector <> - PERF_STAT : "     0.317828421;CPU0;496;;UNC_M_CAS_COUNT.WR[UNIT4];10217845;100.00;;"
6854 [140485403006656] INFO perfrun.perfcollector <> - PERF_STAT : "     0.317828421;CPU10;76;;UNC_M_CAS_COUNT.WR[UNIT4];10217107;100.00;;"
6854 [140485403006656] INFO perfrun.perfcollector <> - PERF_STAT : "     0.317828421;CPU0;1011;;UNC_M_CAS_COUNT.WR[UNIT5];10217948;100.00;;"
6854 [140485403006656] INFO perfrun.perfcollector <> - PERF_STAT : "     0.317828421;CPU10;128;;UNC_M_CAS_COUNT.WR[UNIT5];10217098;100.00;;"
6864 [140485403006656] INFO perfrun.perfcollector <> - PERF_STAT : "     0.328042658;CPU0;986;;UNC_M_CAS_COUNT.RD[UNIT0];10213863;100.00;;"
6864 [140485403006656] INFO perfrun.perfcollector <> - PERF_STAT : "     0.328042658;CPU10;161;;UNC_M_CAS_COUNT.RD[UNIT0];10212106;100.00;;"
6864 [140485403006656] INFO perfrun.perfcollector <> - PERF_STAT : "     0.328042658;CPU0;1518;;UNC_M_CAS_COUNT.RD[UNIT1];10213728;100.00;;"
6864 [140485403006656] INFO perfrun.perfcollector <> - PERF_STAT : "     0.328042658;CPU10;245;;UNC_M_CAS_COUNT.RD[UNIT1];10212187;100.00;;"
6864 [140485403006656] INFO perfrun.perfcollector <> - PERF_STAT : "     0.328042658;CPU0;993;;UNC_M_CAS_COUNT.RD[UNIT4];10213732;100.00;;"
6864 [140485403006656] INFO perfrun.perfcollector <> - PERF_STAT : "     0.328042658;CPU10;184;;UNC_M_CAS_COUNT.RD[UNIT4];10212221;100.00;;"
6864 [140485403006656] INFO perfrun.perfcollector <> - PERF_STAT : "     0.328042658;CPU0;1519;;UNC_M_CAS_COUNT.RD[UNIT5];10213637;100.00;;"
6864 [140485403006656] INFO perfrun.perfcollector <> - PERF_STAT : "     0.328042658;CPU10;257;;UNC_M_CAS_COUNT.RD[UNIT5];10212236;100.00;;"
6864 [140485403006656] INFO perfrun.perfcollector <> - PERF_STAT : "     0.328042658;CPU0;512;;UNC_M_CAS_COUNT.WR[UNIT0];10213720;100.00;;"
6864 [140485403006656] INFO perfrun.perfcollector <> - PERF_STAT : "     0.328042658;CPU10;60;;UNC_M_CAS_COUNT.WR[UNIT0];10212240;100.00;;"
6864 [140485403006656] INFO perfrun.perfcollector <> - PERF_STAT : "     0.328042658;CPU0;1055;;UNC_M_CAS_COUNT.WR[UNIT1];10213636;100.00;;"
6864 [140485403006656] INFO perfrun.perfcollector <> - PERF_STAT : "     0.328042658;CPU10;160;;UNC_M_CAS_COUNT.WR[UNIT1];10212255;100.00;;"
6864 [140485403006656] INFO perfrun.perfcollector <> - PERF_STAT : "     0.328042658;CPU0;505;;UNC_M_CAS_COUNT.WR[UNIT4];10213749;100.00;;"
6864 [140485403006656] INFO perfrun.perfcollector <> - PERF_STAT : "     0.328042658;CPU10;60;;UNC_M_CAS_COUNT.WR[UNIT4];10212256;100.00;;"
6864 [140485403006656] INFO perfrun.perfcollector <> - PERF_STAT : "     0.328042658;CPU0;1003;;UNC_M_CAS_COUNT.WR[UNIT5];10213739;100.00;;"
6864 [140485403006656] INFO perfrun.perfcollector <> - PERF_STAT : "     0.328042658;CPU10;165;;UNC_M_CAS_COUNT.WR[UNIT5];10212302;100.00;;"
6875 [140485403006656] INFO perfrun.perfcollector <> - PERF_STAT : "     0.338282786;CPU0;1008;;UNC_M_CAS_COUNT.RD[UNIT0];10260595;100.00;;"
6875 [140485403006656] INFO perfrun.perfcollector <> - PERF_STAT : "     0.338282786;CPU10;188;;UNC_M_CAS_COUNT.RD[UNIT0];10274563;100.00;;"
6875 [140485403006656] INFO perfrun.perfcollector <> - PERF_STAT : "     0.338282786;CPU0;1534;;UNC_M_CAS_COUNT.RD[UNIT1];10260767;100.00;;"
6875 [140485403006656] INFO perfrun.perfcollector <> - PERF_STAT : "     0.338282786;CPU10;234;;UNC_M_CAS_COUNT.RD[UNIT1];10274564;100.00;;"
6875 [140485403006656] INFO perfrun.perfcollector <> - PERF_STAT : "     0.338282786;CPU0;1036;;UNC_M_CAS_COUNT.RD[UNIT4];10260784;100.00;;"
6875 [140485403006656] INFO perfrun.perfcollector <> - PERF_STAT : "     0.338282786;CPU10;290;;UNC_M_CAS_COUNT.RD[UNIT4];10274788;100.00;;"
6875 [140485403006656] INFO perfrun.perfcollector <> - PERF_STAT : "     0.338282786;CPU0;1549;;UNC_M_CAS_COUNT.RD[UNIT5];10260917;100.00;;"
6875 [140485403006656] INFO perfrun.perfcollector <> - PERF_STAT : "     0.338282786;CPU10;337;;UNC_M_CAS_COUNT.RD[UNIT5];10274754;100.00;;"
6875 [140485403006656] INFO perfrun.perfcollector <> - PERF_STAT : "     0.338282786;CPU0;489;;UNC_M_CAS_COUNT.WR[UNIT0];10260844;100.00;;"
6875 [140485403006656] INFO perfrun.perfcollector <> - PERF_STAT : "     0.338282786;CPU10;64;;UNC_M_CAS_COUNT.WR[UNIT0];10274864;100.00;;"
6875 [140485403006656] INFO perfrun.perfcollector <> - PERF_STAT : "     0.338282786;CPU0;999;;UNC_M_CAS_COUNT.WR[UNIT1];10260860;100.00;;"
6875 [140485403006656] INFO perfrun.perfcollector <> - PERF_STAT : "     0.338282786;CPU10;99;;UNC_M_CAS_COUNT.WR[UNIT1];10274865;100.00;;"
6875 [140485403006656] INFO perfrun.perfcollector <> - PERF_STAT : "     0.338282786;CPU0;475;;UNC_M_CAS_COUNT.WR[UNIT4];10260775;100.00;;"
6875 [140485403006656] INFO perfrun.perfcollector <> - PERF_STAT : "     0.338282786;CPU10;98;;UNC_M_CAS_COUNT.WR[UNIT4];10274971;100.00;;"
6875 [140485403006656] INFO perfrun.perfcollector <> - PERF_STAT : "     0.338282786;CPU0;1039;;UNC_M_CAS_COUNT.WR[UNIT5];10260702;100.00;;"
6875 [140485403006656] INFO perfrun.perfcollector <> - PERF_STAT : "     0.338282786;CPU10;127;;UNC_M_CAS_COUNT.WR[UNIT5];10274970;100.00;;"
6885 [140485403006656] INFO perfrun.perfcollector <> - PERF_STAT : "     0.348554857;CPU0;1044;;UNC_M_CAS_COUNT.RD[UNIT0];10252557;100.00;;"
6885 [140485403006656] INFO perfrun.perfcollector <> - PERF_STAT : "     0.348554857;CPU10;145;;UNC_M_CAS_COUNT.RD[UNIT0];10238649;100.00;;"
6885 [140485403006656] INFO perfrun.perfcollector <> - PERF_STAT : "     0.348554857;CPU0;1565;;UNC_M_CAS_COUNT.RD[UNIT1];10252569;100.00;;"
6885 [140485403006656] INFO perfrun.perfcollector <> - PERF_STAT : "     0.348554857;CPU10;183;;UNC_M_CAS_COUNT.RD[UNIT1];10238795;100.00;;"
6885 [140485403006656] INFO perfrun.perfcollector <> - PERF_STAT : "     0.348554857;CPU0;1044;;UNC_M_CAS_COUNT.RD[UNIT4];10252572;100.00;;"
6885 [140485403006656] INFO perfrun.perfcollector <> - PERF_STAT : "     0.348554857;CPU10;163;;UNC_M_CAS_COUNT.RD[UNIT4];10238584;100.00;;"
6885 [140485403006656] INFO perfrun.perfcollector <> - PERF_STAT : "     0.348554857;CPU0;1561;;UNC_M_CAS_COUNT.RD[UNIT5];10252568;100.00;;"
6885 [140485403006656] INFO perfrun.perfcollector <> - PERF_STAT : "     0.348554857;CPU10;215;;UNC_M_CAS_COUNT.RD[UNIT5];10238623;100.00;;"
6885 [140485403006656] INFO perfrun.perfcollector <> - PERF_STAT : "     0.348554857;CPU0;523;;UNC_M_CAS_COUNT.WR[UNIT0];10252580;100.00;;"
6885 [140485403006656] INFO perfrun.perfcollector <> - PERF_STAT : "     0.348554857;CPU10;72;;UNC_M_CAS_COUNT.WR[UNIT0];10238578;100.00;;"
6885 [140485403006656] INFO perfrun.perfcollector <> - PERF_STAT : "     0.348554857;CPU0;1048;;UNC_M_CAS_COUNT.WR[UNIT1];10252569;100.00;;"
6885 [140485403006656] INFO perfrun.perfcollector <> - PERF_STAT : "     0.348554857;CPU10;101;;UNC_M_CAS_COUNT.WR[UNIT1];10238599;100.00;;"
6885 [140485403006656] INFO perfrun.perfcollector <> - PERF_STAT : "     0.348554857;CPU0;490;;UNC_M_CAS_COUNT.WR[UNIT4];10252727;100.00;;"
6885 [140485403006656] INFO perfrun.perfcollector <> - PERF_STAT : "     0.348554857;CPU10;94;;UNC_M_CAS_COUNT.WR[UNIT4];10238508;100.00;;"
6885 [140485403006656] INFO perfrun.perfcollector <> - PERF_STAT : "     0.348554857;CPU0;1062;;UNC_M_CAS_COUNT.WR[UNIT5];10252794;100.00;;"
6885 [140485403006656] INFO perfrun.perfcollector <> - PERF_STAT : "     0.348554857;CPU10;113;;UNC_M_CAS_COUNT.WR[UNIT5];10238534;100.00;;"
6895 [140485403006656] INFO perfrun.perfcollector <> - PERF_STAT : "     0.358791103;CPU0;1069;;UNC_M_CAS_COUNT.RD[UNIT0];10255974;100.00;;"
6895 [140485403006656] INFO perfrun.perfcollector <> - PERF_STAT : "     0.358791103;CPU10;115;;UNC_M_CAS_COUNT.RD[UNIT0];10262356;100.00;;"
6895 [140485403006656] INFO perfrun.perfcollector <> - PERF_STAT : "     0.358791103;CPU0;1595;;UNC_M_CAS_COUNT.RD[UNIT1];10256021;100.00;;"
6895 [140485403006656] INFO perfrun.perfcollector <> - PERF_STAT : "     0.358791103;CPU10;167;;UNC_M_CAS_COUNT.RD[UNIT1];10265242;100.00;;"
6895 [140485403006656] INFO perfrun.perfcollector <> - PERF_STAT : "     0.358791103;CPU0;1075;;UNC_M_CAS_COUNT.RD[UNIT4];10256018;100.00;;"
6895 [140485403006656] INFO perfrun.perfcollector <> - PERF_STAT : "     0.358791103;CPU10;133;;UNC_M_CAS_COUNT.RD[UNIT4];10267176;100.00;;"
6895 [140485403006656] INFO perfrun.perfcollector <> - PERF_STAT : "     0.358791103;CPU0;1595;;UNC_M_CAS_COUNT.RD[UNIT5];10255903;100.00;;"
6895 [140485403006656] INFO perfrun.perfcollector <> - PERF_STAT : "     0.358791103;CPU10;178;;UNC_M_CAS_COUNT.RD[UNIT5];10269191;100.00;;"
6895 [140485403006656] INFO perfrun.perfcollector <> - PERF_STAT : "     0.358791103;CPU0;505;;UNC_M_CAS_COUNT.WR[UNIT0];10255918;100.00;;"
6895 [140485403006656] INFO perfrun.perfcollector <> - PERF_STAT : "     0.358791103;CPU10;57;;UNC_M_CAS_COUNT.WR[UNIT0];10271038;100.00;;"
6895 [140485403006656] INFO perfrun.perfcollector <> - PERF_STAT : "     0.358791103;CPU0;1077;;UNC_M_CAS_COUNT.WR[UNIT1];10255935;100.00;;"
6895 [140485403006656] INFO perfrun.perfcollector <> - PERF_STAT : "     0.358791103;CPU10;114;;UNC_M_CAS_COUNT.WR[UNIT1];10272947;100.00;;"
6895 [140485403006656] INFO perfrun.perfcollector <> - PERF_STAT : "     0.358791103;CPU0;520;;UNC_M_CAS_COUNT.WR[UNIT4];10255787;100.00;;"
6895 [140485403006656] INFO perfrun.perfcollector <> - PERF_STAT : "     0.358791103;CPU10;56;;UNC_M_CAS_COUNT.WR[UNIT4];10274828;100.00;;"
6895 [140485403006656] INFO perfrun.perfcollector <> - PERF_STAT : "     0.358791103;CPU0;1058;;UNC_M_CAS_COUNT.WR[UNIT5];10255707;100.00;;"
6895 [140485403006656] INFO perfrun.perfcollector <> - PERF_STAT : "     0.358791103;CPU10;107;;UNC_M_CAS_COUNT.WR[UNIT5];10276673;100.00;;"
6905 [140485403006656] INFO perfrun.perfcollector <> - PERF_STAT : "     0.369089989;CPU0;2669;;UNC_M_CAS_COUNT.RD[UNIT0];10300473;100.00;;"
6905 [140485403006656] INFO perfrun.perfcollector <> - PERF_STAT : "     0.369089989;CPU10;1228;;UNC_M_CAS_COUNT.RD[UNIT0];10303141;100.00;;"
6906 [140485403006656] INFO perfrun.perfcollector <> - PERF_STAT : "     0.369089989;CPU0;3066;;UNC_M_CAS_COUNT.RD[UNIT1];10300425;100.00;;"
6906 [140485403006656] INFO perfrun.perfcollector <> - PERF_STAT : "     0.369089989;CPU10;1421;;UNC_M_CAS_COUNT.RD[UNIT1];10303165;100.00;;"
6906 [140485403006656] INFO perfrun.perfcollector <> - PERF_STAT : "     0.369089989;CPU0;2625;;UNC_M_CAS_COUNT.RD[UNIT4];10300576;100.00;;"
6906 [140485403006656] INFO perfrun.perfcollector <> - PERF_STAT : "     0.369089989;CPU10;1464;;UNC_M_CAS_COUNT.RD[UNIT4];10303161;100.00;;"
6906 [140485403006656] INFO perfrun.perfcollector <> - PERF_STAT : "     0.369089989;CPU0;3053;;UNC_M_CAS_COUNT.RD[UNIT5];10300601;100.00;;"
6906 [140485403006656] INFO perfrun.perfcollector <> - PERF_STAT : "     0.369089989;CPU10;1759;;UNC_M_CAS_COUNT.RD[UNIT5];10303272;100.00;;"
6906 [140485403006656] INFO perfrun.perfcollector <> - PERF_STAT : "     0.369089989;CPU0;1159;;UNC_M_CAS_COUNT.WR[UNIT0];10300527;100.00;;"
6906 [140485403006656] INFO perfrun.perfcollector <> - PERF_STAT : "     0.369089989;CPU10;507;;UNC_M_CAS_COUNT.WR[UNIT0];10303292;100.00;;"
6906 [140485403006656] INFO perfrun.perfcollector <> - PERF_STAT : "     0.369089989;CPU0;1734;;UNC_M_CAS_COUNT.WR[UNIT1];10300437;100.00;;"
6906 [140485403006656] INFO perfrun.perfcollector <> - PERF_STAT : "     0.369089989;CPU10;645;;UNC_M_CAS_COUNT.WR[UNIT1];10303395;100.00;;"
6906 [140485403006656] INFO perfrun.perfcollector <> - PERF_STAT : "     0.369089989;CPU0;1151;;UNC_M_CAS_COUNT.WR[UNIT4];10300346;100.00;;"
6906 [140485403006656] INFO perfrun.perfcollector <> - PERF_STAT : "     0.369089989;CPU10;602;;UNC_M_CAS_COUNT.WR[UNIT4];10303649;100.00;;"
6906 [140485403006656] INFO perfrun.perfcollector <> - PERF_STAT : "     0.369089989;CPU0;1751;;UNC_M_CAS_COUNT.WR[UNIT5];10300411;100.00;;"
6906 [140485403006656] INFO perfrun.perfcollector <> - PERF_STAT : "     0.369089989;CPU10;823;;UNC_M_CAS_COUNT.WR[UNIT5];10303655;100.00;;"
6916 [140485403006656] INFO perfrun.perfcollector <> - PERF_STAT : "     0.379403900;CPU0;1156;;UNC_M_CAS_COUNT.RD[UNIT0];10291296;100.00;;"
6916 [140485403006656] INFO perfrun.perfcollector <> - PERF_STAT : "     0.379403900;CPU10;473;;UNC_M_CAS_COUNT.RD[UNIT0];10283167;100.00;;"
6916 [140485403006656] INFO perfrun.perfcollector <> - PERF_STAT : "     0.379403900;CPU0;1712;;UNC_M_CAS_COUNT.RD[UNIT1];10291389;100.00;;"
6916 [140485403006656] INFO perfrun.perfcollector <> - PERF_STAT : "     0.379403900;CPU10;547;;UNC_M_CAS_COUNT.RD[UNIT1];10280194;100.00;;"
6916 [140485403006656] INFO perfrun.perfcollector <> - PERF_STAT : "     0.379403900;CPU0;1182;;UNC_M_CAS_COUNT.RD[UNIT4];10291263;100.00;;"
6916 [140485403006656] INFO perfrun.perfcollector <> - PERF_STAT : "     0.379403900;CPU10;479;;UNC_M_CAS_COUNT.RD[UNIT4];10278297;100.00;;"
6916 [140485403006656] INFO perfrun.perfcollector <> - PERF_STAT : "     0.379403900;CPU0;1695;;UNC_M_CAS_COUNT.RD[UNIT5];10291254;100.00;;"
6916 [140485403006656] INFO perfrun.perfcollector <> - PERF_STAT : "     0.379403900;CPU10;535;;UNC_M_CAS_COUNT.RD[UNIT5];10276371;100.00;;"
6916 [140485403006656] INFO perfrun.perfcollector <> - PERF_STAT : "     0.379403900;CPU0;781;;UNC_M_CAS_COUNT.WR[UNIT0];10291243;100.00;;"
6916 [140485403006656] INFO perfrun.perfcollector <> - PERF_STAT : "     0.379403900;CPU10;115;;UNC_M_CAS_COUNT.WR[UNIT0];10274548;100.00;;"
6916 [140485403006656] INFO perfrun.perfcollector <> - PERF_STAT : "     0.379403900;CPU0;1278;;UNC_M_CAS_COUNT.WR[UNIT1];10291222;100.00;;"
6916 [140485403006656] INFO perfrun.perfcollector <> - PERF_STAT : "     0.379403900;CPU10;164;;UNC_M_CAS_COUNT.WR[UNIT1];10272633;100.00;;"
6916 [140485403006656] INFO perfrun.perfcollector <> - PERF_STAT : "     0.379403900;CPU0;737;;UNC_M_CAS_COUNT.WR[UNIT4];10291230;100.00;;"
6916 [140485403006656] INFO perfrun.perfcollector <> - PERF_STAT : "     0.379403900;CPU10;108;;UNC_M_CAS_COUNT.WR[UNIT4];10270518;100.00;;"
6916 [140485403006656] INFO perfrun.perfcollector <> - PERF_STAT : "     0.379403900;CPU0;1252;;UNC_M_CAS_COUNT.WR[UNIT5];10291130;100.00;;"
6916 [140485403006656] INFO perfrun.perfcollector <> - PERF_STAT : "     0.379403900;CPU10;154;;UNC_M_CAS_COUNT.WR[UNIT5];10268683;100.00;;"
6926 [140485403006656] INFO perfrun.perfcollector <> - PERF_STAT : "     0.389642925;CPU0;1108;;UNC_M_CAS_COUNT.RD[UNIT0];10256277;100.00;;"
6926 [140485403006656] INFO perfrun.perfcollector <> - PERF_STAT : "     0.389642925;CPU10;157;;UNC_M_CAS_COUNT.RD[UNIT0];10255112;100.00;;"
6926 [140485403006656] INFO perfrun.perfcollector <> - PERF_STAT : "     0.389642925;CPU0;1644;;UNC_M_CAS_COUNT.RD[UNIT1];10256204;100.00;;"
6926 [140485403006656] INFO perfrun.perfcollector <> - PERF_STAT : "     0.389642925;CPU10;197;;UNC_M_CAS_COUNT.RD[UNIT1];10255164;100.00;;"
6926 [140485403006656] INFO perfrun.perfcollector <> - PERF_STAT : "     0.389642925;CPU0;1115;;UNC_M_CAS_COUNT.RD[UNIT4];10256119;100.00;;"
6926 [140485403006656] INFO perfrun.perfcollector <> - PERF_STAT : "     0.389642925;CPU10;177;;UNC_M_CAS_COUNT.RD[UNIT4];10255193;100.00;;"
6926 [140485403006656] INFO perfrun.perfcollector <> - PERF_STAT : "     0.389642925;CPU0;1620;;UNC_M_CAS_COUNT.RD[UNIT5];10256106;100.00;;"
6926 [140485403006656] INFO perfrun.perfcollector <> - PERF_STAT : "     0.389642925;CPU10;220;;UNC_M_CAS_COUNT.RD[UNIT5];10255189;100.00;;"
6926 [140485403006656] INFO perfrun.perfcollector <> - PERF_STAT : "     0.389642925;CPU0;519;;UNC_M_CAS_COUNT.WR[UNIT0];10256124;100.00;;"
6926 [140485403006656] INFO perfrun.perfcollector <> - PERF_STAT : "     0.389642925;CPU10;72;;UNC_M_CAS_COUNT.WR[UNIT0];10255142;100.00;;"
6926 [140485403006656] INFO perfrun.perfcollector <> - PERF_STAT : "     0.389642925;CPU0;1093;;UNC_M_CAS_COUNT.WR[UNIT1];10256230;100.00;;"
6926 [140485403006656] INFO perfrun.perfcollector <> - PERF_STAT : "     0.389642925;CPU10;103;;UNC_M_CAS_COUNT.WR[UNIT1];10255054;100.00;;"
6926 [140485403006656] INFO perfrun.perfcollector <> - PERF_STAT : "     0.389642925;CPU0;522;;UNC_M_CAS_COUNT.WR[UNIT4];10256221;100.00;;"
6926 [140485403006656] INFO perfrun.perfcollector <> - PERF_STAT : "     0.389642925;CPU10;57;;UNC_M_CAS_COUNT.WR[UNIT4];10255093;100.00;;"
6926 [140485403006656] INFO perfrun.perfcollector <> - PERF_STAT : "     0.389642925;CPU0;1052;;UNC_M_CAS_COUNT.WR[UNIT5];10256234;100.00;;"
6926 [140485403006656] INFO perfrun.perfcollector <> - PERF_STAT : "     0.389642925;CPU10;112;;UNC_M_CAS_COUNT.WR[UNIT5];10255078;100.00;;"
6936 [140485403006656] INFO perfrun.perfcollector <> - PERF_STAT : "     0.399900954;CPU0;2571;;UNC_M_CAS_COUNT.RD[UNIT0];10263678;100.00;;"
6936 [140485403006656] INFO perfrun.perfcollector <> - PERF_STAT : "     0.399900954;CPU10;1967;;UNC_M_CAS_COUNT.RD[UNIT0];10271774;100.00;;"
6936 [140485403006656] INFO perfrun.perfcollector <> - PERF_STAT : "     0.399900954;CPU0;3068;;UNC_M_CAS_COUNT.RD[UNIT1];10263714;100.00;;"
6936 [140485403006656] INFO perfrun.perfcollector <> - PERF_STAT : "     0.399900954;CPU10;2059;;UNC_M_CAS_COUNT.RD[UNIT1];10274888;100.00;;"
6936 [140485403006656] INFO perfrun.perfcollector <> - PERF_STAT : "     0.399900954;CPU0;2604;;UNC_M_CAS_COUNT.RD[UNIT4];10263732;100.00;;"
6936 [140485403006656] INFO perfrun.perfcollector <> - PERF_STAT : "     0.399900954;CPU10;2170;;UNC_M_CAS_COUNT.RD[UNIT4];10276784;100.00;;"
6936 [140485403006656] INFO perfrun.perfcollector <> - PERF_STAT : "     0.399900954;CPU0;3126;;UNC_M_CAS_COUNT.RD[UNIT5];10263772;100.00;;"
6936 [140485403006656] INFO perfrun.perfcollector <> - PERF_STAT : "     0.399900954;CPU10;2308;;UNC_M_CAS_COUNT.RD[UNIT5];10278599;100.00;;"
6936 [140485403006656] INFO perfrun.perfcollector <> - PERF_STAT : "     0.399900954;CPU0;1872;;UNC_M_CAS_COUNT.WR[UNIT0];10263784;100.00;;"
6936 [140485403006656] INFO perfrun.perfcollector <> - PERF_STAT : "     0.399900954;CPU10;219;;UNC_M_CAS_COUNT.WR[UNIT0];10280513;100.00;;"
6936 [140485403006656] INFO perfrun.perfcollector <> - PERF_STAT : "     0.399900954;CPU0;2383;;UNC_M_CAS_COUNT.WR[UNIT1];10263681;100.00;;"
6936 [140485403006656] INFO perfrun.perfcollector <> - PERF_STAT : "     0.399900954;CPU10;266;;UNC_M_CAS_COUNT.WR[UNIT1];10282506;100.00;;"
6936 [140485403006656] INFO perfrun.perfcollector <> - PERF_STAT : "     0.399900954;CPU0;1834;;UNC_M_CAS_COUNT.WR[UNIT4];10263689;100.00;;"
6936 [140485403006656] INFO perfrun.perfcollector <> - PERF_STAT : "     0.399900954;CPU10;266;;UNC_M_CAS_COUNT.WR[UNIT4];10284371;100.00;;"
6936 [140485403006656] INFO perfrun.perfcollector <> - PERF_STAT : "     0.399900954;CPU0;2358;;UNC_M_CAS_COUNT.WR[UNIT5];10263663;100.00;;"
6936 [140485403006656] INFO perfrun.perfcollector <> - PERF_STAT : "     0.399900954;CPU10;312;;UNC_M_CAS_COUNT.WR[UNIT5];10286222;100.00;;"
6947 [140485403006656] INFO perfrun.perfcollector <> - PERF_STAT : "     0.410235843;CPU0;1130;;UNC_M_CAS_COUNT.RD[UNIT0];10333943;100.00;;"
6947 [140485403006656] INFO perfrun.perfcollector <> - PERF_STAT : "     0.410235843;CPU10;169;;UNC_M_CAS_COUNT.RD[UNIT0];10334247;100.00;;"
6947 [140485403006656] INFO perfrun.perfcollector <> - PERF_STAT : "     0.410235843;CPU0;1662;;UNC_M_CAS_COUNT.RD[UNIT1];10333747;100.00;;"
6947 [140485403006656] INFO perfrun.perfcollector <> - PERF_STAT : "     0.410235843;CPU10;223;;UNC_M_CAS_COUNT.RD[UNIT1];10334254;100.00;;"
6947 [140485403006656] INFO perfrun.perfcollector <> - PERF_STAT : "     0.410235843;CPU0;1149;;UNC_M_CAS_COUNT.RD[UNIT4];10333986;100.00;;"
6947 [140485403006656] INFO perfrun.perfcollector <> - PERF_STAT : "     0.410235843;CPU10;192;;UNC_M_CAS_COUNT.RD[UNIT4];10334377;100.00;;"
6947 [140485403006656] INFO perfrun.perfcollector <> - PERF_STAT : "     0.410235843;CPU0;1688;;UNC_M_CAS_COUNT.RD[UNIT5];10334087;100.00;;"
6947 [140485403006656] INFO perfrun.perfcollector <> - PERF_STAT : "     0.410235843;CPU10;240;;UNC_M_CAS_COUNT.RD[UNIT5];10334518;100.00;;"
6947 [140485403006656] INFO perfrun.perfcollector <> - PERF_STAT : "     0.410235843;CPU0;505;;UNC_M_CAS_COUNT.WR[UNIT0];10334074;100.00;;"
6947 [140485403006656] INFO perfrun.perfcollector <> - PERF_STAT : "     0.410235843;CPU10;78;;UNC_M_CAS_COUNT.WR[UNIT0];10334535;100.00;;"
6947 [140485403006656] INFO perfrun.perfcollector <> - PERF_STAT : "     0.410235843;CPU0;1078;;UNC_M_CAS_COUNT.WR[UNIT1];10334440;100.00;;"
6947 [140485403006656] INFO perfrun.perfcollector <> - PERF_STAT : "     0.410235843;CPU10;110;;UNC_M_CAS_COUNT.WR[UNIT1];10334491;100.00;;"
6947 [140485403006656] INFO perfrun.perfcollector <> - PERF_STAT : "     0.410235843;CPU0;541;;UNC_M_CAS_COUNT.WR[UNIT4];10334469;100.00;;"
6947 [140485403006656] INFO perfrun.perfcollector <> - PERF_STAT : "     0.410235843;CPU10;79;;UNC_M_CAS_COUNT.WR[UNIT4];10334464;100.00;;"
6947 [140485403006656] INFO perfrun.perfcollector <> - PERF_STAT : "     0.410235843;CPU0;1142;;UNC_M_CAS_COUNT.WR[UNIT5];10334504;100.00;;"
6947 [140485403006656] INFO perfrun.perfcollector <> - PERF_STAT : "     0.410235843;CPU10;133;;UNC_M_CAS_COUNT.WR[UNIT5];10334518;100.00;;"
6957 [140485403006656] INFO perfrun.perfcollector <> - PERF_STAT : "     0.420548856;CPU0;1103;;UNC_M_CAS_COUNT.RD[UNIT0];10293434;100.00;;"
6957 [140485403006656] INFO perfrun.perfcollector <> - PERF_STAT : "     0.420548856;CPU10;138;;UNC_M_CAS_COUNT.RD[UNIT0];10286344;100.00;;"
6957 [140485403006656] INFO perfrun.perfcollector <> - PERF_STAT : "     0.420548856;CPU0;1616;;UNC_M_CAS_COUNT.RD[UNIT1];10293664;100.00;;"
6957 [140485403006656] INFO perfrun.perfcollector <> - PERF_STAT : "     0.420548856;CPU10;169;;UNC_M_CAS_COUNT.RD[UNIT1];10283340;100.00;;"
6957 [140485403006656] INFO perfrun.perfcollector <> - PERF_STAT : "     0.420548856;CPU0;1110;;UNC_M_CAS_COUNT.RD[UNIT4];10293559;100.00;;"
6957 [140485403006656] INFO perfrun.perfcollector <> - PERF_STAT : "     0.420548856;CPU10;145;;UNC_M_CAS_COUNT.RD[UNIT4];10281582;100.00;;"
6957 [140485403006656] INFO perfrun.perfcollector <> - PERF_STAT : "     0.420548856;CPU0;1610;;UNC_M_CAS_COUNT.RD[UNIT5];10293533;100.00;;"
6957 [140485403006656] INFO perfrun.perfcollector <> - PERF_STAT : "     0.420548856;CPU10;203;;UNC_M_CAS_COUNT.RD[UNIT5];10279705;100.00;;"
6957 [140485403006656] INFO perfrun.perfcollector <> - PERF_STAT : "     0.420548856;CPU0;526;;UNC_M_CAS_COUNT.WR[UNIT0];10293522;100.00;;"
6957 [140485403006656] INFO perfrun.perfcollector <> - PERF_STAT : "     0.420548856;CPU10;85;;UNC_M_CAS_COUNT.WR[UNIT0];10277824;100.00;;"
6957 [140485403006656] INFO perfrun.perfcollector <> - PERF_STAT : "     0.420548856;CPU0;1041;;UNC_M_CAS_COUNT.WR[UNIT1];10293280;100.00;;"
6957 [140485403006656] INFO perfrun.perfcollector <> - PERF_STAT : "     0.420548856;CPU10;110;;UNC_M_CAS_COUNT.WR[UNIT1];10275924;100.00;;"
6957 [140485403006656] INFO perfrun.perfcollector <> - PERF_STAT : "     0.420548856;CPU0;538;;UNC_M_CAS_COUNT.WR[UNIT4];10293360;100.00;;"
6957 [140485403006656] INFO perfrun.perfcollector <> - PERF_STAT : "     0.420548856;CPU10;99;;UNC_M_CAS_COUNT.WR[UNIT4];10274123;100.00;;"
6957 [140485403006656] INFO perfrun.perfcollector <> - PERF_STAT : "     0.420548856;CPU0;1120;;UNC_M_CAS_COUNT.WR[UNIT5];10293351;100.00;;"
6957 [140485403006656] INFO perfrun.perfcollector <> - PERF_STAT : "     0.420548856;CPU10;126;;UNC_M_CAS_COUNT.WR[UNIT5];10272275;100.00;;"
6967 [140485403006656] INFO perfrun.perfcollector <> - PERF_STAT : "     0.430794216;CPU0;1156;;UNC_M_CAS_COUNT.RD[UNIT0];10263799;100.00;;"
6967 [140485403006656] INFO perfrun.perfcollector <> - PERF_STAT : "     0.430794216;CPU10;160;;UNC_M_CAS_COUNT.RD[UNIT0];10270385;100.00;;"
6967 [140485403006656] INFO perfrun.perfcollector <> - PERF_STAT : "     0.430794216;CPU0;1676;;UNC_M_CAS_COUNT.RD[UNIT1];10263669;100.00;;"
6967 [140485403006656] INFO perfrun.perfcollector <> - PERF_STAT : "     0.430794216;CPU10;218;;UNC_M_CAS_COUNT.RD[UNIT1];10273392;100.00;;"
6967 [140485403006656] INFO perfrun.perfcollector <> - PERF_STAT : "     0.430794216;CPU0;1194;;UNC_M_CAS_COUNT.RD[UNIT4];10263536;100.00;;"
6967 [140485403006656] INFO perfrun.perfcollector <> - PERF_STAT : "     0.430794216;CPU10;238;;UNC_M_CAS_COUNT.RD[UNIT4];10275210;100.00;;"
6967 [140485403006656] INFO perfrun.perfcollector <> - PERF_STAT : "     0.430794216;CPU0;1708;;UNC_M_CAS_COUNT.RD[UNIT5];10263456;100.00;;"
6967 [140485403006656] INFO perfrun.perfcollector <> - PERF_STAT : "     0.430794216;CPU10;274;;UNC_M_CAS_COUNT.RD[UNIT5];10277043;100.00;;"
6967 [140485403006656] INFO perfrun.perfcollector <> - PERF_STAT : "     0.430794216;CPU0;528;;UNC_M_CAS_COUNT.WR[UNIT0];10263565;100.00;;"
6967 [140485403006656] INFO perfrun.perfcollector <> - PERF_STAT : "     0.430794216;CPU10;83;;UNC_M_CAS_COUNT.WR[UNIT0];10278974;100.00;;"
6967 [140485403006656] INFO perfrun.perfcollector <> - PERF_STAT : "     0.430794216;CPU0;1083;;UNC_M_CAS_COUNT.WR[UNIT1];10263588;100.00;;"
6967 [140485403006656] INFO perfrun.perfcollector <> - PERF_STAT : "     0.430794216;CPU10;99;;UNC_M_CAS_COUNT.WR[UNIT1];10280878;100.00;;"
6967 [140485403006656] INFO perfrun.perfcollector <> - PERF_STAT : "     0.430794216;CPU0;583;;UNC_M_CAS_COUNT.WR[UNIT4];10263484;100.00;;"
6967 [140485403006656] INFO perfrun.perfcollector <> - PERF_STAT : "     0.430794216;CPU10;80;;UNC_M_CAS_COUNT.WR[UNIT4];10282700;100.00;;"
6967 [140485403006656] INFO perfrun.perfcollector <> - PERF_STAT : "     0.430794216;CPU0;1085;;UNC_M_CAS_COUNT.WR[UNIT5];10263497;100.00;;"
6967 [140485403006656] INFO perfrun.perfcollector <> - PERF_STAT : "     0.430794216;CPU10;119;;UNC_M_CAS_COUNT.WR[UNIT5];10284590;100.00;;"
6977 [140485403006656] INFO perfrun.perfcollector <> - PERF_STAT : "     0.441134765;CPU0;1158;;UNC_M_CAS_COUNT.RD[UNIT0];10341998;100.00;;"
6977 [140485403006656] INFO perfrun.perfcollector <> - PERF_STAT : "     0.441134765;CPU10;138;;UNC_M_CAS_COUNT.RD[UNIT0];10353503;100.00;;"
6977 [140485403006656] INFO perfrun.perfcollector <> - PERF_STAT : "     0.441134765;CPU0;1699;;UNC_M_CAS_COUNT.RD[UNIT1];10341979;100.00;;"
6977 [140485403006656] INFO perfrun.perfcollector <> - PERF_STAT : "     0.441134765;CPU10;192;;UNC_M_CAS_COUNT.RD[UNIT1];10350733;100.00;;"
6977 [140485403006656] INFO perfrun.perfcollector <> - PERF_STAT : "     0.441134765;CPU0;1182;;UNC_M_CAS_COUNT.RD[UNIT4];10342009;100.00;;"
6977 [140485403006656] INFO perfrun.perfcollector <> - PERF_STAT : "     0.441134765;CPU10;148;;UNC_M_CAS_COUNT.RD[UNIT4];10348792;100.00;;"
6977 [140485403006656] INFO perfrun.perfcollector <> - PERF_STAT : "     0.441134765;CPU0;1693;;UNC_M_CAS_COUNT.RD[UNIT5];10342078;100.00;;"
6978 [140485403006656] INFO perfrun.perfcollector <> - PERF_STAT : "     0.441134765;CPU10;203;;UNC_M_CAS_COUNT.RD[UNIT5];10346863;100.00;;"
6978 [140485403006656] INFO perfrun.perfcollector <> - PERF_STAT : "     0.441134765;CPU0;556;;UNC_M_CAS_COUNT.WR[UNIT0];10341974;100.00;;"
6978 [140485403006656] INFO perfrun.perfcollector <> - PERF_STAT : "     0.441134765;CPU10;72;;UNC_M_CAS_COUNT.WR[UNIT0];10344977;100.00;;"
6978 [140485403006656] INFO perfrun.perfcollector <> - PERF_STAT : "     0.441134765;CPU0;1139;;UNC_M_CAS_COUNT.WR[UNIT1];10342105;100.00;;"
6978 [140485403006656] INFO perfrun.perfcollector <> - PERF_STAT : "     0.441134765;CPU10;132;;UNC_M_CAS_COUNT.WR[UNIT1];10343112;100.00;;"
6978 [140485403006656] INFO perfrun.perfcollector <> - PERF_STAT : "     0.441134765;CPU0;530;;UNC_M_CAS_COUNT.WR[UNIT4];10342128;100.00;;"
6978 [140485403006656] INFO perfrun.perfcollector <> - PERF_STAT : "     0.441134765;CPU10;102;;UNC_M_CAS_COUNT.WR[UNIT4];10341332;100.00;;"
6978 [140485403006656] INFO perfrun.perfcollector <> - PERF_STAT : "     0.441134765;CPU0;1067;;UNC_M_CAS_COUNT.WR[UNIT5];10342082;100.00;;"
6978 [140485403006656] INFO perfrun.perfcollector <> - PERF_STAT : "     0.441134765;CPU10;141;;UNC_M_CAS_COUNT.WR[UNIT5];10339487;100.00;;"
6988 [140485403006656] INFO perfrun.perfcollector <> - PERF_STAT : "     0.451417926;CPU0;1146;;UNC_M_CAS_COUNT.RD[UNIT0];10283870;100.00;;"
6988 [140485403006656] INFO perfrun.perfcollector <> - PERF_STAT : "     0.451417926;CPU10;108;;UNC_M_CAS_COUNT.RD[UNIT0];10272436;100.00;;"
6988 [140485403006656] INFO perfrun.perfcollector <> - PERF_STAT : "     0.451417926;CPU0;1669;;UNC_M_CAS_COUNT.RD[UNIT1];10284005;100.00;;"
6988 [140485403006656] INFO perfrun.perfcollector <> - PERF_STAT : "     0.451417926;CPU10;156;;UNC_M_CAS_COUNT.RD[UNIT1];10275444;100.00;;"
6988 [140485403006656] INFO perfrun.perfcollector <> - PERF_STAT : "     0.451417926;CPU0;1172;;UNC_M_CAS_COUNT.RD[UNIT4];10284021;100.00;;"
6988 [140485403006656] INFO perfrun.perfcollector <> - PERF_STAT : "     0.451417926;CPU10;122;;UNC_M_CAS_COUNT.RD[UNIT4];10277417;100.00;;"
6988 [140485403006656] INFO perfrun.perfcollector <> - PERF_STAT : "     0.451417926;CPU0;1714;;UNC_M_CAS_COUNT.RD[UNIT5];10284176;100.00;;"
6988 [140485403006656] INFO perfrun.perfcollector <> - PERF_STAT : "     0.451417926;CPU10;178;;UNC_M_CAS_COUNT.RD[UNIT5];10279410;100.00;;"
6988 [140485403006656] INFO perfrun.perfcollector <> - PERF_STAT : "     0.451417926;CPU0;549;;UNC_M_CAS_COUNT.WR[UNIT0];10284193;100.00;;"
6988 [140485403006656] INFO perfrun.perfcollector <> - PERF_STAT : "     0.451417926;CPU10;68;;UNC_M_CAS_COUNT.WR[UNIT0];10281343;100.00;;"
6988 [140485403006656] INFO perfrun.perfcollector <> - PERF_STAT : "     0.451417926;CPU0;1116;;UNC_M_CAS_COUNT.WR[UNIT1];10283943;100.00;;"
6988 [140485403006656] INFO perfrun.perfcollector <> - PERF_STAT : "     0.451417926;CPU10;118;;UNC_M_CAS_COUNT.WR[UNIT1];10283254;100.00;;"
6988 [140485403006656] INFO perfrun.perfcollector <> - PERF_STAT : "     0.451417926;CPU0;592;;UNC_M_CAS_COUNT.WR[UNIT4];10283938;100.00;;"
6988 [140485403006656] INFO perfrun.perfcollector <> - PERF_STAT : "     0.451417926;CPU10;67;;UNC_M_CAS_COUNT.WR[UNIT4];10285171;100.00;;"
6988 [140485403006656] INFO perfrun.perfcollector <> - PERF_STAT : "     0.451417926;CPU0;1113;;UNC_M_CAS_COUNT.WR[UNIT5];10284001;100.00;;"
6988 [140485403006656] INFO perfrun.perfcollector <> - PERF_STAT : "     0.451417926;CPU10;129;;UNC_M_CAS_COUNT.WR[UNIT5];10287040;100.00;;"
6998 [140485403006656] INFO perfrun.perfcollector <> - PERF_STAT : "     0.461764377;CPU0;1160;;UNC_M_CAS_COUNT.RD[UNIT0];10328595;100.00;;"
6998 [140485403006656] INFO perfrun.perfcollector <> - PERF_STAT : "     0.461764377;CPU10;152;;UNC_M_CAS_COUNT.RD[UNIT0];10323520;100.00;;"
6998 [140485403006656] INFO perfrun.perfcollector <> - PERF_STAT : "     0.461764377;CPU0;1670;;UNC_M_CAS_COUNT.RD[UNIT1];10328588;100.00;;"
6998 [140485403006656] INFO perfrun.perfcollector <> - PERF_STAT : "     0.461764377;CPU10;209;;UNC_M_CAS_COUNT.RD[UNIT1];10320600;100.00;;"
6998 [140485403006656] INFO perfrun.perfcollector <> - PERF_STAT : "     0.461764377;CPU0;1181;;UNC_M_CAS_COUNT.RD[UNIT4];10328621;100.00;;"
6998 [140485403006656] INFO perfrun.perfcollector <> - PERF_STAT : "     0.461764377;CPU10;231;;UNC_M_CAS_COUNT.RD[UNIT4];10318742;100.00;;"
6998 [140485403006656] INFO perfrun.perfcollector <> - PERF_STAT : "     0.461764377;CPU0;1702;;UNC_M_CAS_COUNT.RD[UNIT5];10328485;100.00;;"
6998 [140485403006656] INFO perfrun.perfcollector <> - PERF_STAT : "     0.461764377;CPU10;290;;UNC_M_CAS_COUNT.RD[UNIT5];10316959;100.00;;"
6998 [140485403006656] INFO perfrun.perfcollector <> - PERF_STAT : "     0.461764377;CPU0;663;;UNC_M_CAS_COUNT.WR[UNIT0];10328484;100.00;;"
6998 [140485403006656] INFO perfrun.perfcollector <> - PERF_STAT : "     0.461764377;CPU10;88;;UNC_M_CAS_COUNT.WR[UNIT0];10315075;100.00;;"
6998 [140485403006656] INFO perfrun.perfcollector <> - PERF_STAT : "     0.461764377;CPU0;1197;;UNC_M_CAS_COUNT.WR[UNIT1];10328564;100.00;;"
6998 [140485403006656] INFO perfrun.perfcollector <> - PERF_STAT : "     0.461764377;CPU10;125;;UNC_M_CAS_COUNT.WR[UNIT1];10313211;100.00;;"
6998 [140485403006656] INFO perfrun.perfcollector <> - PERF_STAT : "     0.461764377;CPU0;680;;UNC_M_CAS_COUNT.WR[UNIT4];10328587;100.00;;"
6998 [140485403006656] INFO perfrun.perfcollector <> - PERF_STAT : "     0.461764377;CPU10;99;;UNC_M_CAS_COUNT.WR[UNIT4];10311351;100.00;;"
6998 [140485403006656] INFO perfrun.perfcollector <> - PERF_STAT : "     0.461764377;CPU0;1199;;UNC_M_CAS_COUNT.WR[UNIT5];10328561;100.00;;"
6998 [140485403006656] INFO perfrun.perfcollector <> - PERF_STAT : "     0.461764377;CPU10;150;;UNC_M_CAS_COUNT.WR[UNIT5];10309579;100.00;;"
7008 [140485403006656] INFO perfrun.perfcollector <> - PERF_STAT : "     0.472015449;CPU0;1238;;UNC_M_CAS_COUNT.RD[UNIT0];10270237;100.00;;"
7008 [140485403006656] INFO perfrun.perfcollector <> - PERF_STAT : "     0.472015449;CPU10;183;;UNC_M_CAS_COUNT.RD[UNIT0];10276742;100.00;;"
7008 [140485403006656] INFO perfrun.perfcollector <> - PERF_STAT : "     0.472015449;CPU0;1738;;UNC_M_CAS_COUNT.RD[UNIT1];10270154;100.00;;"
7008 [140485403006656] INFO perfrun.perfcollector <> - PERF_STAT : "     0.472015449;CPU10;233;;UNC_M_CAS_COUNT.RD[UNIT1];10279718;100.00;;"
7008 [140485403006656] INFO perfrun.perfcollector <> - PERF_STAT : "     0.472015449;CPU0;1239;;UNC_M_CAS_COUNT.RD[UNIT4];10270160;100.00;;"
7008 [140485403006656] INFO perfrun.perfcollector <> - PERF_STAT : "     0.472015449;CPU10;200;;UNC_M_CAS_COUNT.RD[UNIT4];10281554;100.00;;"
7008 [140485403006656] INFO perfrun.perfcollector <> - PERF_STAT : "     0.472015449;CPU0;1742;;UNC_M_CAS_COUNT.RD[UNIT5];10270109;100.00;;"
7008 [140485403006656] INFO perfrun.perfcollector <> - PERF_STAT : "     0.472015449;CPU10;262;;UNC_M_CAS_COUNT.RD[UNIT5];10283401;100.00;;"
7008 [140485403006656] INFO perfrun.perfcollector <> - PERF_STAT : "     0.472015449;CPU0;855;;UNC_M_CAS_COUNT.WR[UNIT0];10270134;100.00;;"
7008 [140485403006656] INFO perfrun.perfcollector <> - PERF_STAT : "     0.472015449;CPU10;91;;UNC_M_CAS_COUNT.WR[UNIT0];10285337;100.00;;"
7009 [140485403006656] INFO perfrun.perfcollector <> - PERF_STAT : "     0.472015449;CPU0;1389;;UNC_M_CAS_COUNT.WR[UNIT1];10270051;100.00;;"
7009 [140485403006656] INFO perfrun.perfcollector <> - PERF_STAT : "     0.472015449;CPU10;170;;UNC_M_CAS_COUNT.WR[UNIT1];10287369;100.00;;"
7009 [140485403006656] INFO perfrun.perfcollector <> - PERF_STAT : "     0.472015449;CPU0;830;;UNC_M_CAS_COUNT.WR[UNIT4];10270063;100.00;;"
7009 [140485403006656] INFO perfrun.perfcollector <> - PERF_STAT : "     0.472015449;CPU10;133;;UNC_M_CAS_COUNT.WR[UNIT4];10289262;100.00;;"
7009 [140485403006656] INFO perfrun.perfcollector <> - PERF_STAT : "     0.472015449;CPU0;1366;;UNC_M_CAS_COUNT.WR[UNIT5];10270180;100.00;;"
7009 [140485403006656] INFO perfrun.perfcollector <> - PERF_STAT : "     0.472015449;CPU10;179;;UNC_M_CAS_COUNT.WR[UNIT5];10291084;100.00;;"
7019 [140485403006656] INFO perfrun.perfcollector <> - PERF_STAT : "     0.482353404;CPU0;1367;;UNC_M_CAS_COUNT.RD[UNIT0];10338456;100.00;;"
7019 [140485403006656] INFO perfrun.perfcollector <> - PERF_STAT : "     0.482353404;CPU10;238;;UNC_M_CAS_COUNT.RD[UNIT0];10340756;100.00;;"
7019 [140485403006656] INFO perfrun.perfcollector <> - PERF_STAT : "     0.482353404;CPU0;1878;;UNC_M_CAS_COUNT.RD[UNIT1];10338786;100.00;;"
7019 [140485403006656] INFO perfrun.perfcollector <> - PERF_STAT : "     0.482353404;CPU10;289;;UNC_M_CAS_COUNT.RD[UNIT1];10340873;100.00;;"
7019 [140485403006656] INFO perfrun.perfcollector <> - PERF_STAT : "     0.482353404;CPU0;1374;;UNC_M_CAS_COUNT.RD[UNIT4];10338831;100.00;;"
7019 [140485403006656] INFO perfrun.perfcollector <> - PERF_STAT : "     0.482353404;CPU10;248;;UNC_M_CAS_COUNT.RD[UNIT4];10340902;100.00;;"
7019 [140485403006656] INFO perfrun.perfcollector <> - PERF_STAT : "     0.482353404;CPU0;1879;;UNC_M_CAS_COUNT.RD[UNIT5];10338953;100.00;;"
7019 [140485403006656] INFO perfrun.perfcollector <> - PERF_STAT : "     0.482353404;CPU10;338;;UNC_M_CAS_COUNT.RD[UNIT5];10340885;100.00;;"
7019 [140485403006656] INFO perfrun.perfcollector <> - PERF_STAT : "     0.482353404;CPU0;867;;UNC_M_CAS_COUNT.WR[UNIT0];10338934;100.00;;"
7019 [140485403006656] INFO perfrun.perfcollector <> - PERF_STAT : "     0.482353404;CPU10;106;;UNC_M_CAS_COUNT.WR[UNIT0];10340896;100.00;;"
7019 [140485403006656] INFO perfrun.perfcollector <> - PERF_STAT : "     0.482353404;CPU0;1398;;UNC_M_CAS_COUNT.WR[UNIT1];10339103;100.00;;"
7019 [140485403006656] INFO perfrun.perfcollector <> - PERF_STAT : "     0.482353404;CPU10;177;;UNC_M_CAS_COUNT.WR[UNIT1];10340798;100.00;;"
7019 [140485403006656] INFO perfrun.perfcollector <> - PERF_STAT : "     0.482353404;CPU0;846;;UNC_M_CAS_COUNT.WR[UNIT4];10339194;100.00;;"
7019 [140485403006656] INFO perfrun.perfcollector <> - PERF_STAT : "     0.482353404;CPU10;138;;UNC_M_CAS_COUNT.WR[UNIT4];10340782;100.00;;"
7019 [140485403006656] INFO perfrun.perfcollector <> - PERF_STAT : "     0.482353404;CPU0;1503;;UNC_M_CAS_COUNT.WR[UNIT5];10339208;100.00;;"
7019 [140485403006656] INFO perfrun.perfcollector <> - PERF_STAT : "     0.482353404;CPU10;213;;UNC_M_CAS_COUNT.WR[UNIT5];10351954;100.00;;"
7029 [140485403006656] INFO perfrun.perfcollector <> - PERF_STAT : "     0.492787894;CPU0;2055;;UNC_M_CAS_COUNT.RD[UNIT0];10438017;100.00;;"
7029 [140485403006656] INFO perfrun.perfcollector <> - PERF_STAT : "     0.492787894;CPU10;894;;UNC_M_CAS_COUNT.RD[UNIT0];10442509;100.00;;"
7029 [140485403006656] INFO perfrun.perfcollector <> - PERF_STAT : "     0.492787894;CPU0;2441;;UNC_M_CAS_COUNT.RD[UNIT1];10438173;100.00;;"
7029 [140485403006656] INFO perfrun.perfcollector <> - PERF_STAT : "     0.492787894;CPU10;1151;;UNC_M_CAS_COUNT.RD[UNIT1];10442732;100.00;;"
7029 [140485403006656] INFO perfrun.perfcollector <> - PERF_STAT : "     0.492787894;CPU0;1957;;UNC_M_CAS_COUNT.RD[UNIT4];10438296;100.00;;"
7029 [140485403006656] INFO perfrun.perfcollector <> - PERF_STAT : "     0.492787894;CPU10;1199;;UNC_M_CAS_COUNT.RD[UNIT4];10442777;100.00;;"
7029 [140485403006656] INFO perfrun.perfcollector <> - PERF_STAT : "     0.492787894;CPU0;2399;;UNC_M_CAS_COUNT.RD[UNIT5];10438526;100.00;;"
7029 [140485403006656] INFO perfrun.perfcollector <> - PERF_STAT : "     0.492787894;CPU10;1458;;UNC_M_CAS_COUNT.RD[UNIT5];10442960;100.00;;"
7029 [140485403006656] INFO perfrun.perfcollector <> - PERF_STAT : "     0.492787894;CPU0;883;;UNC_M_CAS_COUNT.WR[UNIT0];10438746;100.00;;"
7029 [140485403006656] INFO perfrun.perfcollector <> - PERF_STAT : "     0.492787894;CPU10;251;;UNC_M_CAS_COUNT.WR[UNIT0];10442979;100.00;;"
7029 [140485403006656] INFO perfrun.perfcollector <> - PERF_STAT : "     0.492787894;CPU0;1335;;UNC_M_CAS_COUNT.WR[UNIT1];10438918;100.00;;"
7029 [140485403006656] INFO perfrun.perfcollector <> - PERF_STAT : "     0.492787894;CPU10;420;;UNC_M_CAS_COUNT.WR[UNIT1];10442984;100.00;;"
7029 [140485403006656] INFO perfrun.perfcollector <> - PERF_STAT : "     0.492787894;CPU0;845;;UNC_M_CAS_COUNT.WR[UNIT4];10439248;100.00;;"
7029 [140485403006656] INFO perfrun.perfcollector <> - PERF_STAT : "     0.492787894;CPU10;339;;UNC_M_CAS_COUNT.WR[UNIT4];10442906;100.00;;"
7029 [140485403006656] INFO perfrun.perfcollector <> - PERF_STAT : "     0.492787894;CPU0;1362;;UNC_M_CAS_COUNT.WR[UNIT5];10439330;100.00;;"
7029 [140485403006656] INFO perfrun.perfcollector <> - PERF_STAT : "     0.492787894;CPU10;562;;UNC_M_CAS_COUNT.WR[UNIT5];10431771;100.00;;"
7039 [140485403006656] INFO perfrun.perfcollector <> - PERF_STAT : "     0.503137161;CPU0;1255;;UNC_M_CAS_COUNT.RD[UNIT0];10344622;100.00;;"
7040 [140485403006656] INFO perfrun.perfcollector <> - PERF_STAT : "     0.503137161;CPU10;164;;UNC_M_CAS_COUNT.RD[UNIT0];10340024;100.00;;"
7040 [140485403006656] INFO perfrun.perfcollector <> - PERF_STAT : "     0.503137161;CPU0;1777;;UNC_M_CAS_COUNT.RD[UNIT1];10344207;100.00;;"
7040 [140485403006656] INFO perfrun.perfcollector <> - PERF_STAT : "     0.503137161;CPU10;235;;UNC_M_CAS_COUNT.RD[UNIT1];10339987;100.00;;"
7040 [140485403006656] INFO perfrun.perfcollector <> - PERF_STAT : "     0.503137161;CPU0;1258;;UNC_M_CAS_COUNT.RD[UNIT4];10344120;100.00;;"
7040 [140485403006656] INFO perfrun.perfcollector <> - PERF_STAT : "     0.503137161;CPU10;191;;UNC_M_CAS_COUNT.RD[UNIT4];10340133;100.00;;"
7040 [140485403006656] INFO perfrun.perfcollector <> - PERF_STAT : "     0.503137161;CPU0;1767;;UNC_M_CAS_COUNT.RD[UNIT5];10343881;100.00;;"
7040 [140485403006656] INFO perfrun.perfcollector <> - PERF_STAT : "     0.503137161;CPU10;268;;UNC_M_CAS_COUNT.RD[UNIT5];10340024;100.00;;"
7040 [140485403006656] INFO perfrun.perfcollector <> - PERF_STAT : "     0.503137161;CPU0;757;;UNC_M_CAS_COUNT.WR[UNIT0];10343792;100.00;;"
7040 [140485403006656] INFO perfrun.perfcollector <> - PERF_STAT : "     0.503137161;CPU10;78;;UNC_M_CAS_COUNT.WR[UNIT0];10340095;100.00;;"
7040 [140485403006656] INFO perfrun.perfcollector <> - PERF_STAT : "     0.503137161;CPU0;1308;;UNC_M_CAS_COUNT.WR[UNIT1];10343728;100.00;;"
7040 [140485403006656] INFO perfrun.perfcollector <> - PERF_STAT : "     0.503137161;CPU10;142;;UNC_M_CAS_COUNT.WR[UNIT1];10340103;100.00;;"
7040 [140485403006656] INFO perfrun.perfcollector <> - PERF_STAT : "     0.503137161;CPU0;783;;UNC_M_CAS_COUNT.WR[UNIT4];10343265;100.00;;"
7040 [140485403006656] INFO perfrun.perfcollector <> - PERF_STAT : "     0.503137161;CPU10;80;;UNC_M_CAS_COUNT.WR[UNIT4];10340231;100.00;;"
7040 [140485403006656] INFO perfrun.perfcollector <> - PERF_STAT : "     0.503137161;CPU0;1348;;UNC_M_CAS_COUNT.WR[UNIT5];10343066;100.00;;"
7040 [140485403006656] INFO perfrun.perfcollector <> - PERF_STAT : "     0.503137161;CPU10;143;;UNC_M_CAS_COUNT.WR[UNIT5];10340364;100.00;;"
7050 [140485403006656] INFO perfrun.perfcollector <> - PERF_STAT : "     0.513485829;CPU0;1293;;UNC_M_CAS_COUNT.RD[UNIT0];10351593;100.00;;"
7050 [140485403006656] INFO perfrun.perfcollector <> - PERF_STAT : "     0.513485829;CPU10;100;;UNC_M_CAS_COUNT.RD[UNIT0];10353086;100.00;;"
7050 [140485403006656] INFO perfrun.perfcollector <> - PERF_STAT : "     0.513485829;CPU0;1818;;UNC_M_CAS_COUNT.RD[UNIT1];10351717;100.00;;"
7050 [140485403006656] INFO perfrun.perfcollector <> - PERF_STAT : "     0.513485829;CPU10;172;;UNC_M_CAS_COUNT.RD[UNIT1];10353303;100.00;;"
7050 [140485403006656] INFO perfrun.perfcollector <> - PERF_STAT : "     0.513485829;CPU0;1297;;UNC_M_CAS_COUNT.RD[UNIT4];10351630;100.00;;"
7050 [140485403006656] INFO perfrun.perfcollector <> - PERF_STAT : "     0.513485829;CPU10;117;;UNC_M_CAS_COUNT.RD[UNIT4];10353413;100.00;;"
7050 [140485403006656] INFO perfrun.perfcollector <> - PERF_STAT : "     0.513485829;CPU0;1828;;UNC_M_CAS_COUNT.RD[UNIT5];10351543;100.00;;"
7050 [140485403006656] INFO perfrun.perfcollector <> - PERF_STAT : "     0.513485829;CPU10;172;;UNC_M_CAS_COUNT.RD[UNIT5];10353506;100.00;;"
7050 [140485403006656] INFO perfrun.perfcollector <> - PERF_STAT : "     0.513485829;CPU0;769;;UNC_M_CAS_COUNT.WR[UNIT0];10351508;100.00;;"
7050 [140485403006656] INFO perfrun.perfcollector <> - PERF_STAT : "     0.513485829;CPU10;74;;UNC_M_CAS_COUNT.WR[UNIT0];10353576;100.00;;"
7050 [140485403006656] INFO perfrun.perfcollector <> - PERF_STAT : "     0.513485829;CPU0;1339;;UNC_M_CAS_COUNT.WR[UNIT1];10351598;100.00;;"
7050 [140485403006656] INFO perfrun.perfcollector <> - PERF_STAT : "     0.513485829;CPU10;128;;UNC_M_CAS_COUNT.WR[UNIT1];10353684;100.00;;"
7050 [140485403006656] INFO perfrun.perfcollector <> - PERF_STAT : "     0.513485829;CPU0;796;;UNC_M_CAS_COUNT.WR[UNIT4];10351907;100.00;;"
7050 [140485403006656] INFO perfrun.perfcollector <> - PERF_STAT : "     0.513485829;CPU10;69;;UNC_M_CAS_COUNT.WR[UNIT4];10353730;100.00;;"
7050 [140485403006656] INFO perfrun.perfcollector <> - PERF_STAT : "     0.513485829;CPU0;1307;;UNC_M_CAS_COUNT.WR[UNIT5];10352111;100.00;;"
7050 [140485403006656] INFO perfrun.perfcollector <> - PERF_STAT : "     0.513485829;CPU10;142;;UNC_M_CAS_COUNT.WR[UNIT5];10353743;100.00;;"
7060 [140485403006656] INFO perfrun.perfcollector <> - PERF_STAT : "     0.523839311;CPU0;1823;;UNC_M_CAS_COUNT.RD[UNIT0];10353236;100.00;;"
7060 [140485403006656] INFO perfrun.perfcollector <> - PERF_STAT : "     0.523839311;CPU10;1119;;UNC_M_CAS_COUNT.RD[UNIT0];10356183;100.00;;"
7060 [140485403006656] INFO perfrun.perfcollector <> - PERF_STAT : "     0.523839311;CPU0;2307;;UNC_M_CAS_COUNT.RD[UNIT1];10353279;100.00;;"
7060 [140485403006656] INFO perfrun.perfcollector <> - PERF_STAT : "     0.523839311;CPU10;1209;;UNC_M_CAS_COUNT.RD[UNIT1];10353499;100.00;;"
7060 [140485403006656] INFO perfrun.perfcollector <> - PERF_STAT : "     0.523839311;CPU0;1794;;UNC_M_CAS_COUNT.RD[UNIT4];10360886;100.00;;"
7060 [140485403006656] INFO perfrun.perfcollector <> - PERF_STAT : "     0.523839311;CPU10;1142;;UNC_M_CAS_COUNT.RD[UNIT4];10351503;100.00;;"
7060 [140485403006656] INFO perfrun.perfcollector <> - PERF_STAT : "     0.523839311;CPU0;2377;;UNC_M_CAS_COUNT.RD[UNIT5];10361173;100.00;;"
7060 [140485403006656] INFO perfrun.perfcollector <> - PERF_STAT : "     0.523839311;CPU10;1257;;UNC_M_CAS_COUNT.RD[UNIT5];10349671;100.00;;"
7060 [140485403006656] INFO perfrun.perfcollector <> - PERF_STAT : "     0.523839311;CPU0;1214;;UNC_M_CAS_COUNT.WR[UNIT0];10361487;100.00;;"
7060 [140485403006656] INFO perfrun.perfcollector <> - PERF_STAT : "     0.523839311;CPU10;298;;UNC_M_CAS_COUNT.WR[UNIT0];10347884;100.00;;"
7060 [140485403006656] INFO perfrun.perfcollector <> - PERF_STAT : "     0.523839311;CPU0;1817;;UNC_M_CAS_COUNT.WR[UNIT1];10361282;100.00;;"
7060 [140485403006656] INFO perfrun.perfcollector <> - PERF_STAT : "     0.523839311;CPU10;403;;UNC_M_CAS_COUNT.WR[UNIT1];10346019;100.00;;"
7060 [140485403006656] INFO perfrun.perfcollector <> - PERF_STAT : "     0.523839311;CPU0;1239;;UNC_M_CAS_COUNT.WR[UNIT4];10361199;100.00;;"
7060 [140485403006656] INFO perfrun.perfcollector <> - PERF_STAT : "     0.523839311;CPU10;356;;UNC_M_CAS_COUNT.WR[UNIT4];10344301;100.00;;"
7060 [140485403006656] INFO perfrun.perfcollector <> - PERF_STAT : "     0.523839311;CPU0;1785;;UNC_M_CAS_COUNT.WR[UNIT5];10361015;100.00;;"
7060 [140485403006656] INFO perfrun.perfcollector <> - PERF_STAT : "     0.523839311;CPU10;447;;UNC_M_CAS_COUNT.WR[UNIT5];10342548;100.00;;"
7070 [140485403006656] INFO perfrun.perfcollector <> - PERF_STAT : "     0.534135702;CPU0;1274;;UNC_M_CAS_COUNT.RD[UNIT0];10296852;100.00;;"
7071 [140485403006656] INFO perfrun.perfcollector <> - PERF_STAT : "     0.534135702;CPU10;132;;UNC_M_CAS_COUNT.RD[UNIT0];10295072;100.00;;"
7071 [140485403006656] INFO perfrun.perfcollector <> - PERF_STAT : "     0.534135702;CPU0;1818;;UNC_M_CAS_COUNT.RD[UNIT1];10297103;100.00;;"
7071 [140485403006656] INFO perfrun.perfcollector <> - PERF_STAT : "     0.534135702;CPU10;183;;UNC_M_CAS_COUNT.RD[UNIT1];10297763;100.00;;"
7071 [140485403006656] INFO perfrun.perfcollector <> - PERF_STAT : "     0.534135702;CPU0;1310;;UNC_M_CAS_COUNT.RD[UNIT4];10289485;100.00;;"
7071 [140485403006656] INFO perfrun.perfcollector <> - PERF_STAT : "     0.534135702;CPU10;169;;UNC_M_CAS_COUNT.RD[UNIT4];10299726;100.00;;"
7071 [140485403006656] INFO perfrun.perfcollector <> - PERF_STAT : "     0.534135702;CPU0;1822;;UNC_M_CAS_COUNT.RD[UNIT5];10289325;100.00;;"
7071 [140485403006656] INFO perfrun.perfcollector <> - PERF_STAT : "     0.534135702;CPU10;225;;UNC_M_CAS_COUNT.RD[UNIT5];10301694;100.00;;"
7071 [140485403006656] INFO perfrun.perfcollector <> - PERF_STAT : "     0.534135702;CPU0;793;;UNC_M_CAS_COUNT.WR[UNIT0];10288949;100.00;;"
7071 [140485403006656] INFO perfrun.perfcollector <> - PERF_STAT : "     0.534135702;CPU10;74;;UNC_M_CAS_COUNT.WR[UNIT0];10303645;100.00;;"
7071 [140485403006656] INFO perfrun.perfcollector <> - PERF_STAT : "     0.534135702;CPU0;1288;;UNC_M_CAS_COUNT.WR[UNIT1];10288963;100.00;;"
7071 [140485403006656] INFO perfrun.perfcollector <> - PERF_STAT : "     0.534135702;CPU10;118;;UNC_M_CAS_COUNT.WR[UNIT1];10305503;100.00;;"
7071 [140485403006656] INFO perfrun.perfcollector <> - PERF_STAT : "     0.534135702;CPU0;805;;UNC_M_CAS_COUNT.WR[UNIT4];10288768;100.00;;"
7071 [140485403006656] INFO perfrun.perfcollector <> - PERF_STAT : "     0.534135702;CPU10;105;;UNC_M_CAS_COUNT.WR[UNIT4];10307221;100.00;;"
7071 [140485403006656] INFO perfrun.perfcollector <> - PERF_STAT : "     0.534135702;CPU0;1359;;UNC_M_CAS_COUNT.WR[UNIT5];10288770;100.00;;"
7071 [140485403006656] INFO perfrun.perfcollector <> - PERF_STAT : "     0.534135702;CPU10;152;;UNC_M_CAS_COUNT.WR[UNIT5];10308998;100.00;;"
7081 [140485403006656] INFO perfrun.perfcollector <> - PERF_STAT : "     0.544496747;CPU0;1270;;UNC_M_CAS_COUNT.RD[UNIT0];10342024;100.00;;"
7081 [140485403006656] INFO perfrun.perfcollector <> - PERF_STAT : "     0.544496747;CPU10;113;;UNC_M_CAS_COUNT.RD[UNIT0];10334796;100.00;;"
7081 [140485403006656] INFO perfrun.perfcollector <> - PERF_STAT : "     0.544496747;CPU0;1769;;UNC_M_CAS_COUNT.RD[UNIT1];10341702;100.00;;"
7081 [140485403006656] INFO perfrun.perfcollector <> - PERF_STAT : "     0.544496747;CPU10;170;;UNC_M_CAS_COUNT.RD[UNIT1];10331898;100.00;;"
7081 [140485403006656] INFO perfrun.perfcollector <> - PERF_STAT : "     0.544496747;CPU0;1252;;UNC_M_CAS_COUNT.RD[UNIT4];10341973;100.00;;"
7081 [140485403006656] INFO perfrun.perfcollector <> - PERF_STAT : "     0.544496747;CPU10;136;;UNC_M_CAS_COUNT.RD[UNIT4];10330114;100.00;;"
7081 [140485403006656] INFO perfrun.perfcollector <> - PERF_STAT : "     0.544496747;CPU0;1799;;UNC_M_CAS_COUNT.RD[UNIT5];10342066;100.00;;"
7081 [140485403006656] INFO perfrun.perfcollector <> - PERF_STAT : "     0.544496747;CPU10;185;;UNC_M_CAS_COUNT.RD[UNIT5];10328310;100.00;;"
7081 [140485403006656] INFO perfrun.perfcollector <> - PERF_STAT : "     0.544496747;CPU0;778;;UNC_M_CAS_COUNT.WR[UNIT0];10342053;100.00;;"
7081 [140485403006656] INFO perfrun.perfcollector <> - PERF_STAT : "     0.544496747;CPU10;53;;UNC_M_CAS_COUNT.WR[UNIT0];10326317;100.00;;"
7081 [140485403006656] INFO perfrun.perfcollector <> - PERF_STAT : "     0.544496747;CPU0;1248;;UNC_M_CAS_COUNT.WR[UNIT1];10342040;100.00;;"
7081 [140485403006656] INFO perfrun.perfcollector <> - PERF_STAT : "     0.544496747;CPU10;108;;UNC_M_CAS_COUNT.WR[UNIT1];10324582;100.00;;"
7081 [140485403006656] INFO perfrun.perfcollector <> - PERF_STAT : "     0.544496747;CPU0;760;;UNC_M_CAS_COUNT.WR[UNIT4];10342066;100.00;;"
7081 [140485403006656] INFO perfrun.perfcollector <> - PERF_STAT : "     0.544496747;CPU10;60;;UNC_M_CAS_COUNT.WR[UNIT4];10322841;100.00;;"
7081 [140485403006656] INFO perfrun.perfcollector <> - PERF_STAT : "     0.544496747;CPU0;1278;;UNC_M_CAS_COUNT.WR[UNIT5];10342061;100.00;;"
7081 [140485403006656] INFO perfrun.perfcollector <> - PERF_STAT : "     0.544496747;CPU10;111;;UNC_M_CAS_COUNT.WR[UNIT5];10321074;100.00;;"
7091 [140485403006656] INFO perfrun.perfcollector <> - PERF_STAT : "     0.554767470;CPU0;1267;;UNC_M_CAS_COUNT.RD[UNIT0];10290946;100.00;;"
7091 [140485403006656] INFO perfrun.perfcollector <> - PERF_STAT : "     0.554767470;CPU10;180;;UNC_M_CAS_COUNT.RD[UNIT0];10297360;100.00;;"
7091 [140485403006656] INFO perfrun.perfcollector <> - PERF_STAT : "     0.554767470;CPU0;1819;;UNC_M_CAS_COUNT.RD[UNIT1];10291388;100.00;;"
7091 [140485403006656] INFO perfrun.perfcollector <> - PERF_STAT : "     0.554767470;CPU10;219;;UNC_M_CAS_COUNT.RD[UNIT1];10300088;100.00;;"
7091 [140485403006656] INFO perfrun.perfcollector <> - PERF_STAT : "     0.554767470;CPU0;1308;;UNC_M_CAS_COUNT.RD[UNIT4];10291154;100.00;;"
7091 [140485403006656] INFO perfrun.perfcollector <> - PERF_STAT : "     0.554767470;CPU10;280;;UNC_M_CAS_COUNT.RD[UNIT4];10301822;100.00;;"
7091 [140485403006656] INFO perfrun.perfcollector <> - PERF_STAT : "     0.554767470;CPU0;1827;;UNC_M_CAS_COUNT.RD[UNIT5];10291060;100.00;;"
7091 [140485403006656] INFO perfrun.perfcollector <> - PERF_STAT : "     0.554767470;CPU10;312;;UNC_M_CAS_COUNT.RD[UNIT5];10303566;100.00;;"
7091 [140485403006656] INFO perfrun.perfcollector <> - PERF_STAT : "     0.554767470;CPU0;791;;UNC_M_CAS_COUNT.WR[UNIT0];10291056;100.00;;"
7091 [140485403006656] INFO perfrun.perfcollector <> - PERF_STAT : "     0.554767470;CPU10;82;;UNC_M_CAS_COUNT.WR[UNIT0];10305432;100.00;;"
7091 [140485403006656] INFO perfrun.perfcollector <> - PERF_STAT : "     0.554767470;CPU0;1331;;UNC_M_CAS_COUNT.WR[UNIT1];10290927;100.00;;"
7091 [140485403006656] INFO perfrun.perfcollector <> - PERF_STAT : "     0.554767470;CPU10;133;;UNC_M_CAS_COUNT.WR[UNIT1];10307191;100.00;;"
7091 [140485403006656] INFO perfrun.perfcollector <> - PERF_STAT : "     0.554767470;CPU0;796;;UNC_M_CAS_COUNT.WR[UNIT4];10290939;100.00;;"
7091 [140485403006656] INFO perfrun.perfcollector <> - PERF_STAT : "     0.554767470;CPU10;92;;UNC_M_CAS_COUNT.WR[UNIT4];10308968;100.00;;"
7091 [140485403006656] INFO perfrun.perfcollector <> - PERF_STAT : "     0.554767470;CPU0;1366;;UNC_M_CAS_COUNT.WR[UNIT5];10290954;100.00;;"
7091 [140485403006656] INFO perfrun.perfcollector <> - PERF_STAT : "     0.554767470;CPU10;138;;UNC_M_CAS_COUNT.WR[UNIT5];10310765;100.00;;"
7101 [140485403006656] INFO perfrun.perfcollector <> - PERF_STAT : "     0.565090899;CPU0;1439;;UNC_M_CAS_COUNT.RD[UNIT0];10322347;100.00;;"
7101 [140485403006656] INFO perfrun.perfcollector <> - PERF_STAT : "     0.565090899;CPU10;152;;UNC_M_CAS_COUNT.RD[UNIT0];10320455;100.00;;"
7101 [140485403006656] INFO perfrun.perfcollector <> - PERF_STAT : "     0.565090899;CPU0;1933;;UNC_M_CAS_COUNT.RD[UNIT1];10322258;100.00;;"
7102 [140485403006656] INFO perfrun.perfcollector <> - PERF_STAT : "     0.565090899;CPU10;194;;UNC_M_CAS_COUNT.RD[UNIT1];10320505;100.00;;"
7102 [140485403006656] INFO perfrun.perfcollector <> - PERF_STAT : "     0.565090899;CPU0;1408;;UNC_M_CAS_COUNT.RD[UNIT4];10322261;100.00;;"
7102 [140485403006656] INFO perfrun.perfcollector <> - PERF_STAT : "     0.565090899;CPU10;161;;UNC_M_CAS_COUNT.RD[UNIT4];10320401;100.00;;"
7102 [140485403006656] INFO perfrun.perfcollector <> - PERF_STAT : "     0.565090899;CPU0;1923;;UNC_M_CAS_COUNT.RD[UNIT5];10322407;100.00;;"
7102 [140485403006656] INFO perfrun.perfcollector <> - PERF_STAT : "     0.565090899;CPU10;203;;UNC_M_CAS_COUNT.RD[UNIT5];10320315;100.00;;"
7102 [140485403006656] INFO perfrun.perfcollector <> - PERF_STAT : "     0.565090899;CPU0;1087;;UNC_M_CAS_COUNT.WR[UNIT0];10322425;100.00;;"
7102 [140485403006656] INFO perfrun.perfcollector <> - PERF_STAT : "     0.565090899;CPU10;105;;UNC_M_CAS_COUNT.WR[UNIT0];10320285;100.00;;"
7102 [140485403006656] INFO perfrun.perfcollector <> - PERF_STAT : "     0.565090899;CPU0;1646;;UNC_M_CAS_COUNT.WR[UNIT1];10322564;100.00;;"
7102 [140485403006656] INFO perfrun.perfcollector <> - PERF_STAT : "     0.565090899;CPU10;152;;UNC_M_CAS_COUNT.WR[UNIT1];10320254;100.00;;"
7102 [140485403006656] INFO perfrun.perfcollector <> - PERF_STAT : "     0.565090899;CPU0;1108;;UNC_M_CAS_COUNT.WR[UNIT4];10322577;100.00;;"
7102 [140485403006656] INFO perfrun.perfcollector <> - PERF_STAT : "     0.565090899;CPU10;81;;UNC_M_CAS_COUNT.WR[UNIT4];10320245;100.00;;"
7102 [140485403006656] INFO perfrun.perfcollector <> - PERF_STAT : "     0.565090899;CPU0;1651;;UNC_M_CAS_COUNT.WR[UNIT5];10322560;100.00;;"
7102 [140485403006656] INFO perfrun.perfcollector <> - PERF_STAT : "     0.565090899;CPU10;130;;UNC_M_CAS_COUNT.WR[UNIT5];10320235;100.00;;"
7112 [140485403006656] INFO perfrun.perfcollector <> - PERF_STAT : "     0.575451537;CPU0;1297;;UNC_M_CAS_COUNT.RD[UNIT0];10360980;100.00;;"
7112 [140485403006656] INFO perfrun.perfcollector <> - PERF_STAT : "     0.575451537;CPU10;150;;UNC_M_CAS_COUNT.RD[UNIT0];10362433;100.00;;"
7112 [140485403006656] INFO perfrun.perfcollector <> - PERF_STAT : "     0.575451537;CPU0;1809;;UNC_M_CAS_COUNT.RD[UNIT1];10360607;100.00;;"
7112 [140485403006656] INFO perfrun.perfcollector <> - PERF_STAT : "     0.575451537;CPU10;199;;UNC_M_CAS_COUNT.RD[UNIT1];10362440;100.00;;"
7112 [140485403006656] INFO perfrun.perfcollector <> - PERF_STAT : "     0.575451537;CPU0;1304;;UNC_M_CAS_COUNT.RD[UNIT4];10360773;100.00;;"
7112 [140485403006656] INFO perfrun.perfcollector <> - PERF_STAT : "     0.575451537;CPU10;163;;UNC_M_CAS_COUNT.RD[UNIT4];10362457;100.00;;"
7112 [140485403006656] INFO perfrun.perfcollector <> - PERF_STAT : "     0.575451537;CPU0;1825;;UNC_M_CAS_COUNT.RD[UNIT5];10360833;100.00;;"
7112 [140485403006656] INFO perfrun.perfcollector <> - PERF_STAT : "     0.575451537;CPU10;230;;UNC_M_CAS_COUNT.RD[UNIT5];10362486;100.00;;"
7112 [140485403006656] INFO perfrun.perfcollector <> - PERF_STAT : "     0.575451537;CPU0;802;;UNC_M_CAS_COUNT.WR[UNIT0];10360982;100.00;;"
7112 [140485403006656] INFO perfrun.perfcollector <> - PERF_STAT : "     0.575451537;CPU10;60;;UNC_M_CAS_COUNT.WR[UNIT0];10362663;100.00;;"
7112 [140485403006656] INFO perfrun.perfcollector <> - PERF_STAT : "     0.575451537;CPU0;1385;;UNC_M_CAS_COUNT.WR[UNIT1];10360948;100.00;;"
7112 [140485403006656] INFO perfrun.perfcollector <> - PERF_STAT : "     0.575451537;CPU10;116;;UNC_M_CAS_COUNT.WR[UNIT1];10362654;100.00;;"
7112 [140485403006656] INFO perfrun.perfcollector <> - PERF_STAT : "     0.575451537;CPU0;875;;UNC_M_CAS_COUNT.WR[UNIT4];10360986;100.00;;"
7112 [140485403006656] INFO perfrun.perfcollector <> - PERF_STAT : "     0.575451537;CPU10;68;;UNC_M_CAS_COUNT.WR[UNIT4];10362657;100.00;;"
7112 [140485403006656] INFO perfrun.perfcollector <> - PERF_STAT : "     0.575451537;CPU0;1417;;UNC_M_CAS_COUNT.WR[UNIT5];10361002;100.00;;"
7112 [140485403006656] INFO perfrun.perfcollector <> - PERF_STAT : "     0.575451537;CPU10;134;;UNC_M_CAS_COUNT.WR[UNIT5];10362596;100.00;;"
7122 [140485403006656] INFO perfrun.perfcollector <> - PERF_STAT : "     0.585787529;CPU0;1430;;UNC_M_CAS_COUNT.RD[UNIT0];10316281;100.00;;"
7122 [140485403006656] INFO perfrun.perfcollector <> - PERF_STAT : "     0.585787529;CPU10;122;;UNC_M_CAS_COUNT.RD[UNIT0];10309516;100.00;;"
7122 [140485403006656] INFO perfrun.perfcollector <> - PERF_STAT : "     0.585787529;CPU0;1909;;UNC_M_CAS_COUNT.RD[UNIT1];10316298;100.00;;"
7122 [140485403006656] INFO perfrun.perfcollector <> - PERF_STAT : "     0.585787529;CPU10;180;;UNC_M_CAS_COUNT.RD[UNIT1];10306705;100.00;;"
7122 [140485403006656] INFO perfrun.perfcollector <> - PERF_STAT : "     0.585787529;CPU0;1399;;UNC_M_CAS_COUNT.RD[UNIT4];10316299;100.00;;"
7122 [140485403006656] INFO perfrun.perfcollector <> - PERF_STAT : "     0.585787529;CPU10;128;;UNC_M_CAS_COUNT.RD[UNIT4];10304869;100.00;;"
7122 [140485403006656] INFO perfrun.perfcollector <> - PERF_STAT : "     0.585787529;CPU0;1924;;UNC_M_CAS_COUNT.RD[UNIT5];10316209;100.00;;"
7122 [140485403006656] INFO perfrun.perfcollector <> - PERF_STAT : "     0.585787529;CPU10;191;;UNC_M_CAS_COUNT.RD[UNIT5];10303257;100.00;;"
7122 [140485403006656] INFO perfrun.perfcollector <> - PERF_STAT : "     0.585787529;CPU0;869;;UNC_M_CAS_COUNT.WR[UNIT0];10316046;100.00;;"
7122 [140485403006656] INFO perfrun.perfcollector <> - PERF_STAT : "     0.585787529;CPU10;79;;UNC_M_CAS_COUNT.WR[UNIT0];10301255;100.00;;"
7122 [140485403006656] INFO perfrun.perfcollector <> - PERF_STAT : "     0.585787529;CPU0;1467;;UNC_M_CAS_COUNT.WR[UNIT1];10316199;100.00;;"
7122 [140485403006656] INFO perfrun.perfcollector <> - PERF_STAT : "     0.585787529;CPU10;125;;UNC_M_CAS_COUNT.WR[UNIT1];10299472;100.00;;"
7122 [140485403006656] INFO perfrun.perfcollector <> - PERF_STAT : "     0.585787529;CPU0;875;;UNC_M_CAS_COUNT.WR[UNIT4];10316138;100.00;;"
7122 [140485403006656] INFO perfrun.perfcollector <> - PERF_STAT : "     0.585787529;CPU10;64;;UNC_M_CAS_COUNT.WR[UNIT4];10297694;100.00;;"
7122 [140485403006656] INFO perfrun.perfcollector <> - PERF_STAT : "     0.585787529;CPU0;1434;;UNC_M_CAS_COUNT.WR[UNIT5];10316130;100.00;;"
7122 [140485403006656] INFO perfrun.perfcollector <> - PERF_STAT : "     0.585787529;CPU10;126;;UNC_M_CAS_COUNT.WR[UNIT5];10295965;100.00;;"
7132 [140485403006656] INFO perfrun.perfcollector <> - PERF_STAT : "     0.596066718;CPU0;1560;;UNC_M_CAS_COUNT.RD[UNIT0];10281116;100.00;;"
7132 [140485403006656] INFO perfrun.perfcollector <> - PERF_STAT : "     0.596066718;CPU10;222;;UNC_M_CAS_COUNT.RD[UNIT0];10279656;100.00;;"
7132 [140485403006656] INFO perfrun.perfcollector <> - PERF_STAT : "     0.596066718;CPU0;2045;;UNC_M_CAS_COUNT.RD[UNIT1];10280970;100.00;;"
7132 [140485403006656] INFO perfrun.perfcollector <> - PERF_STAT : "     0.596066718;CPU10;279;;UNC_M_CAS_COUNT.RD[UNIT1];10279840;100.00;;"
7132 [140485403006656] INFO perfrun.perfcollector <> - PERF_STAT : "     0.596066718;CPU0;1553;;UNC_M_CAS_COUNT.RD[UNIT4];10280761;100.00;;"
7132 [140485403006656] INFO perfrun.perfcollector <> - PERF_STAT : "     0.596066718;CPU10;302;;UNC_M_CAS_COUNT.RD[UNIT4];10279866;100.00;;"
7132 [140485403006656] INFO perfrun.perfcollector <> - PERF_STAT : "     0.596066718;CPU0;2056;;UNC_M_CAS_COUNT.RD[UNIT5];10280628;100.00;;"
7132 [140485403006656] INFO perfrun.perfcollector <> - PERF_STAT : "     0.596066718;CPU10;347;;UNC_M_CAS_COUNT.RD[UNIT5];10279651;100.00;;"
7132 [140485403006656] INFO perfrun.perfcollector <> - PERF_STAT : "     0.596066718;CPU0;947;;UNC_M_CAS_COUNT.WR[UNIT0];10280621;100.00;;"
7132 [140485403006656] INFO perfrun.perfcollector <> - PERF_STAT : "     0.596066718;CPU10;56;;UNC_M_CAS_COUNT.WR[UNIT0];10279630;100.00;;"
7133 [140485403006656] INFO perfrun.perfcollector <> - PERF_STAT : "     0.596066718;CPU0;1497;;UNC_M_CAS_COUNT.WR[UNIT1];10280689;100.00;;"
7133 [140485403006656] INFO perfrun.perfcollector <> - PERF_STAT : "     0.596066718;CPU10;99;;UNC_M_CAS_COUNT.WR[UNIT1];10279580;100.00;;"
7133 [140485403006656] INFO perfrun.perfcollector <> - PERF_STAT : "     0.596066718;CPU0;989;;UNC_M_CAS_COUNT.WR[UNIT4];10280688;100.00;;"
7133 [140485403006656] INFO perfrun.perfcollector <> - PERF_STAT : "     0.596066718;CPU10;71;;UNC_M_CAS_COUNT.WR[UNIT4];10279599;100.00;;"
7133 [140485403006656] INFO perfrun.perfcollector <> - PERF_STAT : "     0.596066718;CPU0;1526;;UNC_M_CAS_COUNT.WR[UNIT5];10280700;100.00;;"
7133 [140485403006656] INFO perfrun.perfcollector <> - PERF_STAT : "     0.596066718;CPU10;124;;UNC_M_CAS_COUNT.WR[UNIT5];10279601;100.00;;"
7143 [140485403006656] INFO perfrun.perfcollector <> - PERF_STAT : "     0.606335292;CPU0;1323;;UNC_M_CAS_COUNT.RD[UNIT0];10285821;100.00;;"
7143 [140485403006656] INFO perfrun.perfcollector <> - PERF_STAT : "     0.606335292;CPU10;176;;UNC_M_CAS_COUNT.RD[UNIT0];10292190;100.00;;"
7143 [140485403006656] INFO perfrun.perfcollector <> - PERF_STAT : "     0.606335292;CPU0;1855;;UNC_M_CAS_COUNT.RD[UNIT1];10285834;100.00;;"
7143 [140485403006656] INFO perfrun.perfcollector <> - PERF_STAT : "     0.606335292;CPU10;229;;UNC_M_CAS_COUNT.RD[UNIT1];10294767;100.00;;"
7143 [140485403006656] INFO perfrun.perfcollector <> - PERF_STAT : "     0.606335292;CPU0;1333;;UNC_M_CAS_COUNT.RD[UNIT4];10286027;100.00;;"
7143 [140485403006656] INFO perfrun.perfcollector <> - PERF_STAT : "     0.606335292;CPU10;227;;UNC_M_CAS_COUNT.RD[UNIT4];10296573;100.00;;"
7143 [140485403006656] INFO perfrun.perfcollector <> - PERF_STAT : "     0.606335292;CPU0;1873;;UNC_M_CAS_COUNT.RD[UNIT5];10286188;100.00;;"
7143 [140485403006656] INFO perfrun.perfcollector <> - PERF_STAT : "     0.606335292;CPU10;298;;UNC_M_CAS_COUNT.RD[UNIT5];10298404;100.00;;"
7143 [140485403006656] INFO perfrun.perfcollector <> - PERF_STAT : "     0.606335292;CPU0;846;;UNC_M_CAS_COUNT.WR[UNIT0];10286327;100.00;;"
7143 [140485403006656] INFO perfrun.perfcollector <> - PERF_STAT : "     0.606335292;CPU10;69;;UNC_M_CAS_COUNT.WR[UNIT0];10300263;100.00;;"
7143 [140485403006656] INFO perfrun.perfcollector <> - PERF_STAT : "     0.606335292;CPU0;1408;;UNC_M_CAS_COUNT.WR[UNIT1];10286018;100.00;;"
7143 [140485403006656] INFO perfrun.perfcollector <> - PERF_STAT : "     0.606335292;CPU10;129;;UNC_M_CAS_COUNT.WR[UNIT1];10302112;100.00;;"
7143 [140485403006656] INFO perfrun.perfcollector <> - PERF_STAT : "     0.606335292;CPU0;876;;UNC_M_CAS_COUNT.WR[UNIT4];10286022;100.00;;"
7143 [140485403006656] INFO perfrun.perfcollector <> - PERF_STAT : "     0.606335292;CPU10;82;;UNC_M_CAS_COUNT.WR[UNIT4];10303878;100.00;;"
7143 [140485403006656] INFO perfrun.perfcollector <> - PERF_STAT : "     0.606335292;CPU0;1414;;UNC_M_CAS_COUNT.WR[UNIT5];10286014;100.00;;"
7143 [140485403006656] INFO perfrun.perfcollector <> - PERF_STAT : "     0.606335292;CPU10;153;;UNC_M_CAS_COUNT.WR[UNIT5];10305669;100.00;;"
7153 [140485403006656] INFO perfrun.perfcollector <> - PERF_STAT : "     0.616638476;CPU0;1373;;UNC_M_CAS_COUNT.RD[UNIT0];10286414;100.00;;"
7153 [140485403006656] INFO perfrun.perfcollector <> - PERF_STAT : "     0.616638476;CPU10;489;;UNC_M_CAS_COUNT.RD[UNIT0];10282626;100.00;;"
7153 [140485403006656] INFO perfrun.perfcollector <> - PERF_STAT : "     0.616638476;CPU0;1910;;UNC_M_CAS_COUNT.RD[UNIT1];10286423;100.00;;"
7153 [140485403006656] INFO perfrun.perfcollector <> - PERF_STAT : "     0.616638476;CPU10;634;;UNC_M_CAS_COUNT.RD[UNIT1];10280069;100.00;;"
7153 [140485403006656] INFO perfrun.perfcollector <> - PERF_STAT : "     0.616638476;CPU0;1380;;UNC_M_CAS_COUNT.RD[UNIT4];10286291;100.00;;"
7153 [140485403006656] INFO perfrun.perfcollector <> - PERF_STAT : "     0.616638476;CPU10;637;;UNC_M_CAS_COUNT.RD[UNIT4];10278320;100.00;;"
7153 [140485403006656] INFO perfrun.perfcollector <> - PERF_STAT : "     0.616638476;CPU0;1925;;UNC_M_CAS_COUNT.RD[UNIT5];10286138;100.00;;"
7153 [140485403006656] INFO perfrun.perfcollector <> - PERF_STAT : "     0.616638476;CPU10;789;;UNC_M_CAS_COUNT.RD[UNIT5];10276862;100.00;;"
7153 [140485403006656] INFO perfrun.perfcollector <> - PERF_STAT : "     0.616638476;CPU0;897;;UNC_M_CAS_COUNT.WR[UNIT0];10286241;100.00;;"
7153 [140485403006656] INFO perfrun.perfcollector <> - PERF_STAT : "     0.616638476;CPU10;153;;UNC_M_CAS_COUNT.WR[UNIT0];10275146;100.00;;"
7153 [140485403006656] INFO perfrun.perfcollector <> - PERF_STAT : "     0.616638476;CPU0;1481;;UNC_M_CAS_COUNT.WR[UNIT1];10286200;100.00;;"
7153 [140485403006656] INFO perfrun.perfcollector <> - PERF_STAT : "     0.616638476;CPU10;251;;UNC_M_CAS_COUNT.WR[UNIT1];10273455;100.00;;"
7153 [140485403006656] INFO perfrun.perfcollector <> - PERF_STAT : "     0.616638476;CPU0;915;;UNC_M_CAS_COUNT.WR[UNIT4];10286306;100.00;;"
7153 [140485403006656] INFO perfrun.perfcollector <> - PERF_STAT : "     0.616638476;CPU10;220;;UNC_M_CAS_COUNT.WR[UNIT4];10271664;100.00;;"
7153 [140485403006656] INFO perfrun.perfcollector <> - PERF_STAT : "     0.616638476;CPU0;1418;;UNC_M_CAS_COUNT.WR[UNIT5];10286291;100.00;;"
7153 [140485403006656] INFO perfrun.perfcollector <> - PERF_STAT : "     0.616638476;CPU10;340;;UNC_M_CAS_COUNT.WR[UNIT5];10269911;100.00;;"
7163 [140485403006656] INFO perfrun.perfcollector <> - PERF_STAT : "     0.626915598;CPU0;2088;;UNC_M_CAS_COUNT.RD[UNIT0];10293356;100.00;;"
7163 [140485403006656] INFO perfrun.perfcollector <> - PERF_STAT : "     0.626915598;CPU10;421;;UNC_M_CAS_COUNT.RD[UNIT0];10299379;100.00;;"
7163 [140485403006656] INFO perfrun.perfcollector <> - PERF_STAT : "     0.626915598;CPU0;2504;;UNC_M_CAS_COUNT.RD[UNIT1];10293603;100.00;;"
7163 [140485403006656] INFO perfrun.perfcollector <> - PERF_STAT : "     0.626915598;CPU10;522;;UNC_M_CAS_COUNT.RD[UNIT1];10301956;100.00;;"
7163 [140485403006656] INFO perfrun.perfcollector <> - PERF_STAT : "     0.626915598;CPU0;2112;;UNC_M_CAS_COUNT.RD[UNIT4];10293661;100.00;;"
7163 [140485403006656] INFO perfrun.perfcollector <> - PERF_STAT : "     0.626915598;CPU10;492;;UNC_M_CAS_COUNT.RD[UNIT4];10303822;100.00;;"
7163 [140485403006656] INFO perfrun.perfcollector <> - PERF_STAT : "     0.626915598;CPU0;2482;;UNC_M_CAS_COUNT.RD[UNIT5];10293594;100.00;;"
7163 [140485403006656] INFO perfrun.perfcollector <> - PERF_STAT : "     0.626915598;CPU10;620;;UNC_M_CAS_COUNT.RD[UNIT5];10305397;100.00;;"
7163 [140485403006656] INFO perfrun.perfcollector <> - PERF_STAT : "     0.626915598;CPU0;919;;UNC_M_CAS_COUNT.WR[UNIT0];10293342;100.00;;"
7163 [140485403006656] INFO perfrun.perfcollector <> - PERF_STAT : "     0.626915598;CPU10;106;;UNC_M_CAS_COUNT.WR[UNIT0];10307106;100.00;;"
7163 [140485403006656] INFO perfrun.perfcollector <> - PERF_STAT : "     0.626915598;CPU0;1484;;UNC_M_CAS_COUNT.WR[UNIT1];10293355;100.00;;"
7163 [140485403006656] INFO perfrun.perfcollector <> - PERF_STAT : "     0.626915598;CPU10;192;;UNC_M_CAS_COUNT.WR[UNIT1];10308910;100.00;;"
7163 [140485403006656] INFO perfrun.perfcollector <> - PERF_STAT : "     0.626915598;CPU0;913;;UNC_M_CAS_COUNT.WR[UNIT4];10293225;100.00;;"
7163 [140485403006656] INFO perfrun.perfcollector <> - PERF_STAT : "     0.626915598;CPU10;104;;UNC_M_CAS_COUNT.WR[UNIT4];10310695;100.00;;"
7163 [140485403006656] INFO perfrun.perfcollector <> - PERF_STAT : "     0.626915598;CPU0;1439;;UNC_M_CAS_COUNT.WR[UNIT5];10293233;100.00;;"
7164 [140485403006656] INFO perfrun.perfcollector <> - PERF_STAT : "     0.626915598;CPU10;190;;UNC_M_CAS_COUNT.WR[UNIT5];10312451;100.00;;"
7174 [140485403006656] INFO perfrun.perfcollector <> - PERF_STAT : "     0.637273979;CPU0;1375;;UNC_M_CAS_COUNT.RD[UNIT0];10359072;100.00;;"
7174 [140485403006656] INFO perfrun.perfcollector <> - PERF_STAT : "     0.637273979;CPU10;137;;UNC_M_CAS_COUNT.RD[UNIT0];10358379;100.00;;"
7174 [140485403006656] INFO perfrun.perfcollector <> - PERF_STAT : "     0.637273979;CPU0;1907;;UNC_M_CAS_COUNT.RD[UNIT1];10358888;100.00;;"
7174 [140485403006656] INFO perfrun.perfcollector <> - PERF_STAT : "     0.637273979;CPU10;187;;UNC_M_CAS_COUNT.RD[UNIT1];10358398;100.00;;"
7174 [140485403006656] INFO perfrun.perfcollector <> - PERF_STAT : "     0.637273979;CPU0;1384;;UNC_M_CAS_COUNT.RD[UNIT4];10358796;100.00;;"
7174 [140485403006656] INFO perfrun.perfcollector <> - PERF_STAT : "     0.637273979;CPU10;148;;UNC_M_CAS_COUNT.RD[UNIT4];10358412;100.00;;"
7174 [140485403006656] INFO perfrun.perfcollector <> - PERF_STAT : "     0.637273979;CPU0;1913;;UNC_M_CAS_COUNT.RD[UNIT5];10358967;100.00;;"
7174 [140485403006656] INFO perfrun.perfcollector <> - PERF_STAT : "     0.637273979;CPU10;209;;UNC_M_CAS_COUNT.RD[UNIT5];10358342;100.00;;"
7174 [140485403006656] INFO perfrun.perfcollector <> - PERF_STAT : "     0.637273979;CPU0;869;;UNC_M_CAS_COUNT.WR[UNIT0];10359008;100.00;;"
7174 [140485403006656] INFO perfrun.perfcollector <> - PERF_STAT : "     0.637273979;CPU10;65;;UNC_M_CAS_COUNT.WR[UNIT0];10358488;100.00;;"
7174 [140485403006656] INFO perfrun.perfcollector <> - PERF_STAT : "     0.637273979;CPU0;1452;;UNC_M_CAS_COUNT.WR[UNIT1];10359210;100.00;;"
7174 [140485403006656] INFO perfrun.perfcollector <> - PERF_STAT : "     0.637273979;CPU10;112;;UNC_M_CAS_COUNT.WR[UNIT1];10358389;100.00;;"
7174 [140485403006656] INFO perfrun.perfcollector <> - PERF_STAT : "     0.637273979;CPU0;867;;UNC_M_CAS_COUNT.WR[UNIT4];10359373;100.00;;"
7174 [140485403006656] INFO perfrun.perfcollector <> - PERF_STAT : "     0.637273979;CPU10;72;;UNC_M_CAS_COUNT.WR[UNIT4];10358385;100.00;;"
7174 [140485403006656] INFO perfrun.perfcollector <> - PERF_STAT : "     0.637273979;CPU0;1439;;UNC_M_CAS_COUNT.WR[UNIT5];10359477;100.00;;"
7174 [140485403006656] INFO perfrun.perfcollector <> - PERF_STAT : "     0.637273979;CPU10;114;;UNC_M_CAS_COUNT.WR[UNIT5];10358446;100.00;;"
7184 [140485403006656] INFO perfrun.perfcollector <> - PERF_STAT : "     0.647628323;CPU0;1425;;UNC_M_CAS_COUNT.RD[UNIT0];10353817;100.00;;"
7184 [140485403006656] INFO perfrun.perfcollector <> - PERF_STAT : "     0.647628323;CPU10;596;;UNC_M_CAS_COUNT.RD[UNIT0];10353446;100.00;;"
7184 [140485403006656] INFO perfrun.perfcollector <> - PERF_STAT : "     0.647628323;CPU0;1978;;UNC_M_CAS_COUNT.RD[UNIT1];10353962;100.00;;"
7184 [140485403006656] INFO perfrun.perfcollector <> - PERF_STAT : "     0.647628323;CPU10;709;;UNC_M_CAS_COUNT.RD[UNIT1];10353436;100.00;;"
7184 [140485403006656] INFO perfrun.perfcollector <> - PERF_STAT : "     0.647628323;CPU0;1458;;UNC_M_CAS_COUNT.RD[UNIT4];10354180;100.00;;"
7184 [140485403006656] INFO perfrun.perfcollector <> - PERF_STAT : "     0.647628323;CPU10;646;;UNC_M_CAS_COUNT.RD[UNIT4];10353339;100.00;;"
7184 [140485403006656] INFO perfrun.perfcollector <> - PERF_STAT : "     0.647628323;CPU0;1976;;UNC_M_CAS_COUNT.RD[UNIT5];10354189;100.00;;"
7184 [140485403006656] INFO perfrun.perfcollector <> - PERF_STAT : "     0.647628323;CPU10;728;;UNC_M_CAS_COUNT.RD[UNIT5];10353289;100.00;;"
7184 [140485403006656] INFO perfrun.perfcollector <> - PERF_STAT : "     0.647628323;CPU0;1019;;UNC_M_CAS_COUNT.WR[UNIT0];10354178;100.00;;"
7184 [140485403006656] INFO perfrun.perfcollector <> - PERF_STAT : "     0.647628323;CPU10;203;;UNC_M_CAS_COUNT.WR[UNIT0];10353157;100.00;;"
7184 [140485403006656] INFO perfrun.perfcollector <> - PERF_STAT : "     0.647628323;CPU0;1584;;UNC_M_CAS_COUNT.WR[UNIT1];10354174;100.00;;"
7184 [140485403006656] INFO perfrun.perfcollector <> - PERF_STAT : "     0.647628323;CPU10;263;;UNC_M_CAS_COUNT.WR[UNIT1];10353157;100.00;;"
7184 [140485403006656] INFO perfrun.perfcollector <> - PERF_STAT : "     0.647628323;CPU0;1117;;UNC_M_CAS_COUNT.WR[UNIT4];10354046;100.00;;"
7184 [140485403006656] INFO perfrun.perfcollector <> - PERF_STAT : "     0.647628323;CPU10;197;;UNC_M_CAS_COUNT.WR[UNIT4];10353172;100.00;;"
7184 [140485403006656] INFO perfrun.perfcollector <> - PERF_STAT : "     0.647628323;CPU0;1686;;UNC_M_CAS_COUNT.WR[UNIT5];10353939;100.00;;"
7184 [140485403006656] INFO perfrun.perfcollector <> - PERF_STAT : "     0.647628323;CPU10;263;;UNC_M_CAS_COUNT.WR[UNIT5];10353085;100.00;;"
7194 [140485403006656] INFO perfrun.perfcollector <> - PERF_STAT : "     0.657988583;CPU0;1421;;UNC_M_CAS_COUNT.RD[UNIT0];10362104;100.00;;"
7194 [140485403006656] INFO perfrun.perfcollector <> - PERF_STAT : "     0.657988583;CPU10;190;;UNC_M_CAS_COUNT.RD[UNIT0];10362083;100.00;;"
7194 [140485403006656] INFO perfrun.perfcollector <> - PERF_STAT : "     0.657988583;CPU0;1952;;UNC_M_CAS_COUNT.RD[UNIT1];10361941;100.00;;"
7194 [140485403006656] INFO perfrun.perfcollector <> - PERF_STAT : "     0.657988583;CPU10;250;;UNC_M_CAS_COUNT.RD[UNIT1];10362063;100.00;;"
7194 [140485403006656] INFO perfrun.perfcollector <> - PERF_STAT : "     0.657988583;CPU0;1474;;UNC_M_CAS_COUNT.RD[UNIT4];10361803;100.00;;"
7195 [140485403006656] INFO perfrun.perfcollector <> - PERF_STAT : "     0.657988583;CPU10;259;;UNC_M_CAS_COUNT.RD[UNIT4];10362180;100.00;;"
7195 [140485403006656] INFO perfrun.perfcollector <> - PERF_STAT : "     0.657988583;CPU0;1990;;UNC_M_CAS_COUNT.RD[UNIT5];10361939;100.00;;"
7195 [140485403006656] INFO perfrun.perfcollector <> - PERF_STAT : "     0.657988583;CPU10;316;;UNC_M_CAS_COUNT.RD[UNIT5];10362347;100.00;;"
7195 [140485403006656] INFO perfrun.perfcollector <> - PERF_STAT : "     0.657988583;CPU0;946;;UNC_M_CAS_COUNT.WR[UNIT0];10362108;100.00;;"
7195 [140485403006656] INFO perfrun.perfcollector <> - PERF_STAT : "     0.657988583;CPU10;83;;UNC_M_CAS_COUNT.WR[UNIT0];10362346;100.00;;"
7195 [140485403006656] INFO perfrun.perfcollector <> - PERF_STAT : "     0.657988583;CPU0;1461;;UNC_M_CAS_COUNT.WR[UNIT1];10362033;100.00;;"
7195 [140485403006656] INFO perfrun.perfcollector <> - PERF_STAT : "     0.657988583;CPU10;133;;UNC_M_CAS_COUNT.WR[UNIT1];10362323;100.00;;"
7195 [140485403006656] INFO perfrun.perfcollector <> - PERF_STAT : "     0.657988583;CPU0;916;;UNC_M_CAS_COUNT.WR[UNIT4];10362022;100.00;;"
7195 [140485403006656] INFO perfrun.perfcollector <> - PERF_STAT : "     0.657988583;CPU10;94;;UNC_M_CAS_COUNT.WR[UNIT4];10362331;100.00;;"
7195 [140485403006656] INFO perfrun.perfcollector <> - PERF_STAT : "     0.657988583;CPU0;1496;;UNC_M_CAS_COUNT.WR[UNIT5];10362188;100.00;;"
7195 [140485403006656] INFO perfrun.perfcollector <> - PERF_STAT : "     0.657988583;CPU10;143;;UNC_M_CAS_COUNT.WR[UNIT5];10362724;100.00;;"
7207 [140485403006656] INFO perfrun.perfcollector <> - PERF_STAT : "     0.668349153;CPU0;1648;;UNC_M_CAS_COUNT.RD[UNIT0];12683731;100.00;;"
7207 [140485403006656] INFO perfrun.perfcollector <> - PERF_STAT : "     0.668349153;CPU10;141;;UNC_M_CAS_COUNT.RD[UNIT0];12725702;100.00;;"
7207 [140485403006656] INFO perfrun.perfcollector <> - PERF_STAT : "     0.668349153;CPU0;2292;;UNC_M_CAS_COUNT.RD[UNIT1];12683746;100.00;;"
7207 [140485403006656] INFO perfrun.perfcollector <> - PERF_STAT : "     0.668349153;CPU10;203;;UNC_M_CAS_COUNT.RD[UNIT1];12725963;100.00;;"
7207 [140485403006656] INFO perfrun.perfcollector <> - PERF_STAT : "     0.668349153;CPU0;1657;;UNC_M_CAS_COUNT.RD[UNIT4];12683713;100.00;;"
7207 [140485403006656] INFO perfrun.perfcollector <> - PERF_STAT : "     0.668349153;CPU10;185;;UNC_M_CAS_COUNT.RD[UNIT4];12725836;100.00;;"
7207 [140485403006656] INFO perfrun.perfcollector <> - PERF_STAT : "     0.668349153;CPU0;2295;;UNC_M_CAS_COUNT.RD[UNIT5];12683466;100.00;;"
7207 [140485403006656] INFO perfrun.perfcollector <> - PERF_STAT : "     0.668349153;CPU10;252;;UNC_M_CAS_COUNT.RD[UNIT5];12725748;100.00;;"
7207 [140485403006656] INFO perfrun.perfcollector <> - PERF_STAT : "     0.668349153;CPU0;1112;;UNC_M_CAS_COUNT.WR[UNIT0];12683260;100.00;;"
7207 [140485403006656] INFO perfrun.perfcollector <> - PERF_STAT : "     0.668349153;CPU10;69;;UNC_M_CAS_COUNT.WR[UNIT0];12725809;100.00;;"
7207 [140485403006656] INFO perfrun.perfcollector <> - PERF_STAT : "     0.668349153;CPU0;1697;;UNC_M_CAS_COUNT.WR[UNIT1];12683129;100.00;;"
7207 [140485403006656] INFO perfrun.perfcollector <> - PERF_STAT : "     0.668349153;CPU10;118;;UNC_M_CAS_COUNT.WR[UNIT1];12725839;100.00;;"
7207 [140485403006656] INFO perfrun.perfcollector <> - PERF_STAT : "     0.668349153;CPU0;1073;;UNC_M_CAS_COUNT.WR[UNIT4];12683218;100.00;;"
7207 [140485403006656] INFO perfrun.perfcollector <> - PERF_STAT : "     0.668349153;CPU10;90;;UNC_M_CAS_COUNT.WR[UNIT4];12725828;100.00;;"
7207 [140485403006656] INFO perfrun.perfcollector <> - PERF_STAT : "     0.668349153;CPU0;1632;;UNC_M_CAS_COUNT.WR[UNIT5];12683066;100.00;;"
7207 [140485403006656] INFO perfrun.perfcollector <> - PERF_STAT : "     0.668349153;CPU10;146;;UNC_M_CAS_COUNT.WR[UNIT5];12725448;100.00;;"
7223 [140485403006656] INFO perfrun.perfcollector <> - PERF_STAT : "     0.681049922;CPU0;2122;;UNC_M_CAS_COUNT.RD[UNIT0];15997600;100.00;;"
7223 [140485403006656] INFO perfrun.perfcollector <> - PERF_STAT : "     0.681049922;CPU10;174;;UNC_M_CAS_COUNT.RD[UNIT0];15995473;100.00;;"
7223 [140485403006656] INFO perfrun.perfcollector <> - PERF_STAT : "     0.681049922;CPU0;2959;;UNC_M_CAS_COUNT.RD[UNIT1];15997793;100.00;;"
7223 [140485403006656] INFO perfrun.perfcollector <> - PERF_STAT : "     0.681049922;CPU10;211;;UNC_M_CAS_COUNT.RD[UNIT1];15995419;100.00;;"
7223 [140485403006656] INFO perfrun.perfcollector <> - PERF_STAT : "     0.681049922;CPU0;2148;;UNC_M_CAS_COUNT.RD[UNIT4];15997918;100.00;;"
7223 [140485403006656] INFO perfrun.perfcollector <> - PERF_STAT : "     0.681049922;CPU10;190;;UNC_M_CAS_COUNT.RD[UNIT4];15995486;100.00;;"
7223 [140485403006656] INFO perfrun.perfcollector <> - PERF_STAT : "     0.681049922;CPU0;2958;;UNC_M_CAS_COUNT.RD[UNIT5];15997960;100.00;;"
7223 [140485403006656] INFO perfrun.perfcollector <> - PERF_STAT : "     0.681049922;CPU10;258;;UNC_M_CAS_COUNT.RD[UNIT5];15995580;100.00;;"
7223 [140485403006656] INFO perfrun.perfcollector <> - PERF_STAT : "     0.681049922;CPU0;1413;;UNC_M_CAS_COUNT.WR[UNIT0];15997949;100.00;;"
7223 [140485403006656] INFO perfrun.perfcollector <> - PERF_STAT : "     0.681049922;CPU10;88;;UNC_M_CAS_COUNT.WR[UNIT0];15995576;100.00;;"
7223 [140485403006656] INFO perfrun.perfcollector <> - PERF_STAT : "     0.681049922;CPU0;2262;;UNC_M_CAS_COUNT.WR[UNIT1];15997948;100.00;;"
7223 [140485403006656] INFO perfrun.perfcollector <> - PERF_STAT : "     0.681049922;CPU10;144;;UNC_M_CAS_COUNT.WR[UNIT1];15995569;100.00;;"
7223 [140485403006656] INFO perfrun.perfcollector <> - PERF_STAT : "     0.681049922;CPU0;1438;;UNC_M_CAS_COUNT.WR[UNIT4];15997865;100.00;;"
7223 [140485403006656] INFO perfrun.perfcollector <> - PERF_STAT : "     0.681049922;CPU10;84;;UNC_M_CAS_COUNT.WR[UNIT4];15995581;100.00;;"
7223 [140485403006656] INFO perfrun.perfcollector <> - PERF_STAT : "     0.681049922;CPU0;2199;;UNC_M_CAS_COUNT.WR[UNIT5];15997860;100.00;;"
7223 [140485403006656] INFO perfrun.perfcollector <> - PERF_STAT : "     0.681049922;CPU10;141;;UNC_M_CAS_COUNT.WR[UNIT5];15995600;100.00;;"
7239 [140485403006656] INFO perfrun.perfcollector <> - PERF_STAT : "     0.697053410;CPU0;2104;;UNC_M_CAS_COUNT.RD[UNIT0];15997398;100.00;;"
7239 [140485403006656] INFO perfrun.perfcollector <> - PERF_STAT : "     0.697053410;CPU10;175;;UNC_M_CAS_COUNT.RD[UNIT0];15994411;100.00;;"
7239 [140485403006656] INFO perfrun.perfcollector <> - PERF_STAT : "     0.697053410;CPU0;2885;;UNC_M_CAS_COUNT.RD[UNIT1];15997208;100.00;;"
7239 [140485403006656] INFO perfrun.perfcollector <> - PERF_STAT : "     0.697053410;CPU10;228;;UNC_M_CAS_COUNT.RD[UNIT1];15994402;100.00;;"
7239 [140485403006656] INFO perfrun.perfcollector <> - PERF_STAT : "     0.697053410;CPU0;2082;;UNC_M_CAS_COUNT.RD[UNIT4];15997048;100.00;;"
7239 [140485403006656] INFO perfrun.perfcollector <> - PERF_STAT : "     0.697053410;CPU10;198;;UNC_M_CAS_COUNT.RD[UNIT4];15994462;100.00;;"
7239 [140485403006656] INFO perfrun.perfcollector <> - PERF_STAT : "     0.697053410;CPU0;2945;;UNC_M_CAS_COUNT.RD[UNIT5];15997038;100.00;;"
7239 [140485403006656] INFO perfrun.perfcollector <> - PERF_STAT : "     0.697053410;CPU10;291;;UNC_M_CAS_COUNT.RD[UNIT5];15994445;100.00;;"
7239 [140485403006656] INFO perfrun.perfcollector <> - PERF_STAT : "     0.697053410;CPU0;1377;;UNC_M_CAS_COUNT.WR[UNIT0];15997053;100.00;;"
7239 [140485403006656] INFO perfrun.perfcollector <> - PERF_STAT : "     0.697053410;CPU10;77;;UNC_M_CAS_COUNT.WR[UNIT0];15994409;100.00;;"
7239 [140485403006656] INFO perfrun.perfcollector <> - PERF_STAT : "     0.697053410;CPU0;2149;;UNC_M_CAS_COUNT.WR[UNIT1];15997060;100.00;;"
7239 [140485403006656] INFO perfrun.perfcollector <> - PERF_STAT : "     0.697053410;CPU10;132;;UNC_M_CAS_COUNT.WR[UNIT1];15994399;100.00;;"
7239 [140485403006656] INFO perfrun.perfcollector <> - PERF_STAT : "     0.697053410;CPU0;1275;;UNC_M_CAS_COUNT.WR[UNIT4];15997035;100.00;;"
7239 [140485403006656] INFO perfrun.perfcollector <> - PERF_STAT : "     0.697053410;CPU10;86;;UNC_M_CAS_COUNT.WR[UNIT4];15994374;100.00;;"
7239 [140485403006656] INFO perfrun.perfcollector <> - PERF_STAT : "     0.697053410;CPU0;2026;;UNC_M_CAS_COUNT.WR[UNIT5];15997027;100.00;;"
7239 [140485403006656] INFO perfrun.perfcollector <> - PERF_STAT : "     0.697053410;CPU10;162;;UNC_M_CAS_COUNT.WR[UNIT5];15994512;100.00;;"
7259 [140485403006656] INFO perfrun.perfcollector <> - PERF_STAT : "     0.713062070;CPU0;2784;;UNC_M_CAS_COUNT.RD[UNIT0];20001465;100.00;;"
7259 [140485403006656] INFO perfrun.perfcollector <> - PERF_STAT : "     0.713062070;CPU10;308;;UNC_M_CAS_COUNT.RD[UNIT0];20003446;100.00;;"
7259 [140485403006656] INFO perfrun.perfcollector <> - PERF_STAT : "     0.713062070;CPU0;3831;;UNC_M_CAS_COUNT.RD[UNIT1];20001494;100.00;;"
7259 [140485403006656] INFO perfrun.perfcollector <> - PERF_STAT : "     0.713062070;CPU10;367;;UNC_M_CAS_COUNT.RD[UNIT1];20003482;100.00;;"
7259 [140485403006656] INFO perfrun.perfcollector <> - PERF_STAT : "     0.713062070;CPU0;2764;;UNC_M_CAS_COUNT.RD[UNIT4];20001489;100.00;;"
7259 [140485403006656] INFO perfrun.perfcollector <> - PERF_STAT : "     0.713062070;CPU10;332;;UNC_M_CAS_COUNT.RD[UNIT4];20003329;100.00;;"
7259 [140485403006656] INFO perfrun.perfcollector <> - PERF_STAT : "     0.713062070;CPU0;3806;;UNC_M_CAS_COUNT.RD[UNIT5];20001482;100.00;;"
7259 [140485403006656] INFO perfrun.perfcollector <> - PERF_STAT : "     0.713062070;CPU10;393;;UNC_M_CAS_COUNT.RD[UNIT5];20003386;100.00;;"
7259 [140485403006656] INFO perfrun.perfcollector <> - PERF_STAT : "     0.713062070;CPU0;1799;;UNC_M_CAS_COUNT.WR[UNIT0];20001507;100.00;;"
7259 [140485403006656] INFO perfrun.perfcollector <> - PERF_STAT : "     0.713062070;CPU10;103;;UNC_M_CAS_COUNT.WR[UNIT0];20003389;100.00;;"
7259 [140485403006656] INFO perfrun.perfcollector <> - PERF_STAT : "     0.713062070;CPU0;2719;;UNC_M_CAS_COUNT.WR[UNIT1];20001615;100.00;;"
7259 [140485403006656] INFO perfrun.perfcollector <> - PERF_STAT : "     0.713062070;CPU10;177;;UNC_M_CAS_COUNT.WR[UNIT1];20003404;100.00;;"
7259 [140485403006656] INFO perfrun.perfcollector <> - PERF_STAT : "     0.713062070;CPU0;1730;;UNC_M_CAS_COUNT.WR[UNIT4];20001649;100.00;;"
7259 [140485403006656] INFO perfrun.perfcollector <> - PERF_STAT : "     0.713062070;CPU10;86;;UNC_M_CAS_COUNT.WR[UNIT4];20003405;100.00;;"
7259 [140485403006656] INFO perfrun.perfcollector <> - PERF_STAT : "     0.713062070;CPU0;2813;;UNC_M_CAS_COUNT.WR[UNIT5];20001651;100.00;;"
7259 [140485403006656] INFO perfrun.perfcollector <> - PERF_STAT : "     0.713062070;CPU10;182;;UNC_M_CAS_COUNT.WR[UNIT5];20003259;100.00;;"
7275 [140485403006656] INFO perfrun.perfcollector <> - PERF_STAT : "     0.733075928;CPU0;1950;;UNC_M_CAS_COUNT.RD[UNIT0];15999409;100.00;;"
7275 [140485403006656] INFO perfrun.perfcollector <> - PERF_STAT : "     0.733075928;CPU10;120;;UNC_M_CAS_COUNT.RD[UNIT0];16000829;100.00;;"
7275 [140485403006656] INFO perfrun.perfcollector <> - PERF_STAT : "     0.733075928;CPU0;2784;;UNC_M_CAS_COUNT.RD[UNIT1];15999420;100.00;;"
7275 [140485403006656] INFO perfrun.perfcollector <> - PERF_STAT : "     0.733075928;CPU10;191;;UNC_M_CAS_COUNT.RD[UNIT1];16000786;100.00;;"
7275 [140485403006656] INFO perfrun.perfcollector <> - PERF_STAT : "     0.733075928;CPU0;1977;;UNC_M_CAS_COUNT.RD[UNIT4];15999450;100.00;;"
7275 [140485403006656] INFO perfrun.perfcollector <> - PERF_STAT : "     0.733075928;CPU10;161;;UNC_M_CAS_COUNT.RD[UNIT4];16000799;100.00;;"
7275 [140485403006656] INFO perfrun.perfcollector <> - PERF_STAT : "     0.733075928;CPU0;2813;;UNC_M_CAS_COUNT.RD[UNIT5];15999327;100.00;;"
7275 [140485403006656] INFO perfrun.perfcollector <> - PERF_STAT : "     0.733075928;CPU10;231;;UNC_M_CAS_COUNT.RD[UNIT5];16000772;100.00;;"
7275 [140485403006656] INFO perfrun.perfcollector <> - PERF_STAT : "     0.733075928;CPU0;1167;;UNC_M_CAS_COUNT.WR[UNIT0];15999290;100.00;;"
7275 [140485403006656] INFO perfrun.perfcollector <> - PERF_STAT : "     0.733075928;CPU10;59;;UNC_M_CAS_COUNT.WR[UNIT0];16000795;100.00;;"
7275 [140485403006656] INFO perfrun.perfcollector <> - PERF_STAT : "     0.733075928;CPU0;2033;;UNC_M_CAS_COUNT.WR[UNIT1];15999173;100.00;;"
7275 [140485403006656] INFO perfrun.perfcollector <> - PERF_STAT : "     0.733075928;CPU10;116;;UNC_M_CAS_COUNT.WR[UNIT1];16000804;100.00;;"
7275 [140485403006656] INFO perfrun.perfcollector <> - PERF_STAT : "     0.733075928;CPU0;1222;;UNC_M_CAS_COUNT.WR[UNIT4];15999161;100.00;;"
7275 [140485403006656] INFO perfrun.perfcollector <> - PERF_STAT : "     0.733075928;CPU10;77;;UNC_M_CAS_COUNT.WR[UNIT4];16000786;100.00;;"
7275 [140485403006656] INFO perfrun.perfcollector <> - PERF_STAT : "     0.733075928;CPU0;2017;;UNC_M_CAS_COUNT.WR[UNIT5];15999165;100.00;;"
7275 [140485403006656] INFO perfrun.perfcollector <> - PERF_STAT : "     0.733075928;CPU10;127;;UNC_M_CAS_COUNT.WR[UNIT5];16000795;100.00;;"
7295 [140485403006656] INFO perfrun.perfcollector <> - PERF_STAT : "     0.749068545;CPU0;3500;;UNC_M_CAS_COUNT.RD[UNIT0];20020956;100.00;;"
7295 [140485403006656] INFO perfrun.perfcollector <> - PERF_STAT : "     0.749068545;CPU10;609;;UNC_M_CAS_COUNT.RD[UNIT0];20023789;100.00;;"
7295 [140485403006656] INFO perfrun.perfcollector <> - PERF_STAT : "     0.749068545;CPU0;4392;;UNC_M_CAS_COUNT.RD[UNIT1];20021359;100.00;;"
7295 [140485403006656] INFO perfrun.perfcollector <> - PERF_STAT : "     0.749068545;CPU10;812;;UNC_M_CAS_COUNT.RD[UNIT1];20023845;100.00;;"
7295 [140485403006656] INFO perfrun.perfcollector <> - PERF_STAT : "     0.749068545;CPU0;3493;;UNC_M_CAS_COUNT.RD[UNIT4];20021421;100.00;;"
7295 [140485403006656] INFO perfrun.perfcollector <> - PERF_STAT : "     0.749068545;CPU10;679;;UNC_M_CAS_COUNT.RD[UNIT4];20023858;100.00;;"
7295 [140485403006656] INFO perfrun.perfcollector <> - PERF_STAT : "     0.749068545;CPU0;4313;;UNC_M_CAS_COUNT.RD[UNIT5];20021488;100.00;;"
7295 [140485403006656] INFO perfrun.perfcollector <> - PERF_STAT : "     0.749068545;CPU10;916;;UNC_M_CAS_COUNT.RD[UNIT5];20023752;100.00;;"
7295 [140485403006656] INFO perfrun.perfcollector <> - PERF_STAT : "     0.749068545;CPU0;1703;;UNC_M_CAS_COUNT.WR[UNIT0];20021584;100.00;;"
7295 [140485403006656] INFO perfrun.perfcollector <> - PERF_STAT : "     0.749068545;CPU10;248;;UNC_M_CAS_COUNT.WR[UNIT0];20023946;100.00;;"
7295 [140485403006656] INFO perfrun.perfcollector <> - PERF_STAT : "     0.749068545;CPU0;2658;;UNC_M_CAS_COUNT.WR[UNIT1];20021681;100.00;;"
7295 [140485403006656] INFO perfrun.perfcollector <> - PERF_STAT : "     0.749068545;CPU10;426;;UNC_M_CAS_COUNT.WR[UNIT1];20023925;100.00;;"
7295 [140485403006656] INFO perfrun.perfcollector <> - PERF_STAT : "     0.749068545;CPU0;1623;;UNC_M_CAS_COUNT.WR[UNIT4];20021774;100.00;;"
7295 [140485403006656] INFO perfrun.perfcollector <> - PERF_STAT : "     0.749068545;CPU10;258;;UNC_M_CAS_COUNT.WR[UNIT4];20023986;100.00;;"
7295 [140485403006656] INFO perfrun.perfcollector <> - PERF_STAT : "     0.749068545;CPU0;2648;;UNC_M_CAS_COUNT.WR[UNIT5];20021890;100.00;;"
7295 [140485403006656] INFO perfrun.perfcollector <> - PERF_STAT : "     0.749068545;CPU10;466;;UNC_M_CAS_COUNT.WR[UNIT5];20023963;100.00;;"
7310 [140485403006656] INFO perfrun.perfcollector <> - PERF_STAT : "     0.769094961;CPU0;1903;;UNC_M_CAS_COUNT.RD[UNIT0];15206108;100.00;;"
7310 [140485403006656] INFO perfrun.perfcollector <> - PERF_STAT : "     0.769094961;CPU10;152;;UNC_M_CAS_COUNT.RD[UNIT0];15201941;100.00;;"
7310 [140485403006656] INFO perfrun.perfcollector <> - PERF_STAT : "     0.769094961;CPU0;2675;;UNC_M_CAS_COUNT.RD[UNIT1];15205750;100.00;;"
7310 [140485403006656] INFO perfrun.perfcollector <> - PERF_STAT : "     0.769094961;CPU10;231;;UNC_M_CAS_COUNT.RD[UNIT1];15201978;100.00;;"
7310 [140485403006656] INFO perfrun.perfcollector <> - PERF_STAT : "     0.769094961;CPU0;1909;;UNC_M_CAS_COUNT.RD[UNIT4];15205621;100.00;;"
7310 [140485403006656] INFO perfrun.perfcollector <> - PERF_STAT : "     0.769094961;CPU10;149;;UNC_M_CAS_COUNT.RD[UNIT4];15201988;100.00;;"
7311 [140485403006656] INFO perfrun.perfcollector <> - PERF_STAT : "     0.769094961;CPU0;2690;;UNC_M_CAS_COUNT.RD[UNIT5];15205463;100.00;;"
7311 [140485403006656] INFO perfrun.perfcollector <> - PERF_STAT : "     0.769094961;CPU10;239;;UNC_M_CAS_COUNT.RD[UNIT5];15201885;100.00;;"
7311 [140485403006656] INFO perfrun.perfcollector <> - PERF_STAT : "     0.769094961;CPU0;1106;;UNC_M_CAS_COUNT.WR[UNIT0];15205372;100.00;;"
7311 [140485403006656] INFO perfrun.perfcollector <> - PERF_STAT : "     0.769094961;CPU10;55;;UNC_M_CAS_COUNT.WR[UNIT0];15201704;100.00;;"
7311 [140485403006656] INFO perfrun.perfcollector <> - PERF_STAT : "     0.769094961;CPU0;1906;;UNC_M_CAS_COUNT.WR[UNIT1];15205307;100.00;;"
7311 [140485403006656] INFO perfrun.perfcollector <> - PERF_STAT : "     0.769094961;CPU10;110;;UNC_M_CAS_COUNT.WR[UNIT1];15201704;100.00;;"
7311 [140485403006656] INFO perfrun.perfcollector <> - PERF_STAT : "     0.769094961;CPU0;1165;;UNC_M_CAS_COUNT.WR[UNIT4];15205215;100.00;;"
7311 [140485403006656] INFO perfrun.perfcollector <> - PERF_STAT : "     0.769094961;CPU10;57;;UNC_M_CAS_COUNT.WR[UNIT4];15201657;100.00;;"
7311 [140485403006656] INFO perfrun.perfcollector <> - PERF_STAT : "     0.769094961;CPU0;1953;;UNC_M_CAS_COUNT.WR[UNIT5];15205106;100.00;;"
7311 [140485403006656] INFO perfrun.perfcollector <> - PERF_STAT : "     0.769094961;CPU10;105;;UNC_M_CAS_COUNT.WR[UNIT5];15201637;100.00;;"
7327 [140485403006656] INFO perfrun.perfcollector <> - PERF_STAT : "     0.784300835;CPU0;2112;;UNC_M_CAS_COUNT.RD[UNIT0];16774614;100.00;;"
7327 [140485403006656] INFO perfrun.perfcollector <> - PERF_STAT : "     0.784300835;CPU10;429;;UNC_M_CAS_COUNT.RD[UNIT0];16777945;100.00;;"
7327 [140485403006656] INFO perfrun.perfcollector <> - PERF_STAT : "     0.784300835;CPU0;2988;;UNC_M_CAS_COUNT.RD[UNIT1];16774564;100.00;;"
7327 [140485403006656] INFO perfrun.perfcollector <> - PERF_STAT : "     0.784300835;CPU10;494;;UNC_M_CAS_COUNT.RD[UNIT1];16777839;100.00;;"
7327 [140485403006656] INFO perfrun.perfcollector <> - PERF_STAT : "     0.784300835;CPU0;2175;;UNC_M_CAS_COUNT.RD[UNIT4];16774627;100.00;;"
7327 [140485403006656] INFO perfrun.perfcollector <> - PERF_STAT : "     0.784300835;CPU10;525;;UNC_M_CAS_COUNT.RD[UNIT4];16777792;100.00;;"
7327 [140485403006656] INFO perfrun.perfcollector <> - PERF_STAT : "     0.784300835;CPU0;3036;;UNC_M_CAS_COUNT.RD[UNIT5];16774938;100.00;;"
7327 [140485403006656] INFO perfrun.perfcollector <> - PERF_STAT : "     0.784300835;CPU10;637;;UNC_M_CAS_COUNT.RD[UNIT5];16777835;100.00;;"
7327 [140485403006656] INFO perfrun.perfcollector <> - PERF_STAT : "     0.784300835;CPU0;1261;;UNC_M_CAS_COUNT.WR[UNIT0];16774921;100.00;;"
7327 [140485403006656] INFO perfrun.perfcollector <> - PERF_STAT : "     0.784300835;CPU10;112;;UNC_M_CAS_COUNT.WR[UNIT0];16777808;100.00;;"
7327 [140485403006656] INFO perfrun.perfcollector <> - PERF_STAT : "     0.784300835;CPU0;2122;;UNC_M_CAS_COUNT.WR[UNIT1];16775096;100.00;;"
7327 [140485403006656] INFO perfrun.perfcollector <> - PERF_STAT : "     0.784300835;CPU10;170;;UNC_M_CAS_COUNT.WR[UNIT1];16777902;100.00;;"
7327 [140485403006656] INFO perfrun.perfcollector <> - PERF_STAT : "     0.784300835;CPU0;1270;;UNC_M_CAS_COUNT.WR[UNIT4];16775100;100.00;;"
7327 [140485403006656] INFO perfrun.perfcollector <> - PERF_STAT : "     0.784300835;CPU10;129;;UNC_M_CAS_COUNT.WR[UNIT4];16777889;100.00;;"
7327 [140485403006656] INFO perfrun.perfcollector <> - PERF_STAT : "     0.784300835;CPU0;2104;;UNC_M_CAS_COUNT.WR[UNIT5];16775089;100.00;;"
7327 [140485403006656] INFO perfrun.perfcollector <> - PERF_STAT : "     0.784300835;CPU10;207;;UNC_M_CAS_COUNT.WR[UNIT5];16777922;100.00;;"
7343 [140485403006656] INFO perfrun.perfcollector <> - PERF_STAT : "     0.801072787;CPU0;2032;;UNC_M_CAS_COUNT.RD[UNIT0];15998224;100.00;;"
7343 [140485403006656] INFO perfrun.perfcollector <> - PERF_STAT : "     0.801072787;CPU10;176;;UNC_M_CAS_COUNT.RD[UNIT0];15997272;100.00;;"
7343 [140485403006656] INFO perfrun.perfcollector <> - PERF_STAT : "     0.801072787;CPU0;2852;;UNC_M_CAS_COUNT.RD[UNIT1];15998142;100.00;;"
7343 [140485403006656] INFO perfrun.perfcollector <> - PERF_STAT : "     0.801072787;CPU10;228;;UNC_M_CAS_COUNT.RD[UNIT1];15997369;100.00;;"
7343 [140485403006656] INFO perfrun.perfcollector <> - PERF_STAT : "     0.801072787;CPU0;2045;;UNC_M_CAS_COUNT.RD[UNIT4];15998572;100.00;;"
7343 [140485403006656] INFO perfrun.perfcollector <> - PERF_STAT : "     0.801072787;CPU10;174;;UNC_M_CAS_COUNT.RD[UNIT4];15997392;100.00;;"
7343 [140485403006656] INFO perfrun.perfcollector <> - PERF_STAT : "     0.801072787;CPU0;2834;;UNC_M_CAS_COUNT.RD[UNIT5];15998358;100.00;;"
7343 [140485403006656] INFO perfrun.perfcollector <> - PERF_STAT : "     0.801072787;CPU10;275;;UNC_M_CAS_COUNT.RD[UNIT5];15997382;100.00;;"
7343 [140485403006656] INFO perfrun.perfcollector <> - PERF_STAT : "     0.801072787;CPU0;1226;;UNC_M_CAS_COUNT.WR[UNIT0];15998389;100.00;;"
7343 [140485403006656] INFO perfrun.perfcollector <> - PERF_STAT : "     0.801072787;CPU10;68;;UNC_M_CAS_COUNT.WR[UNIT0];15997440;100.00;;"
7343 [140485403006656] INFO perfrun.perfcollector <> - PERF_STAT : "     0.801072787;CPU0;2015;;UNC_M_CAS_COUNT.WR[UNIT1];15998187;100.00;;"
7343 [140485403006656] INFO perfrun.perfcollector <> - PERF_STAT : "     0.801072787;CPU10;128;;UNC_M_CAS_COUNT.WR[UNIT1];15997335;100.00;;"
7343 [140485403006656] INFO perfrun.perfcollector <> - PERF_STAT : "     0.801072787;CPU0;1164;;UNC_M_CAS_COUNT.WR[UNIT4];15998185;100.00;;"
7343 [140485403006656] INFO perfrun.perfcollector <> - PERF_STAT : "     0.801072787;CPU10;62;;UNC_M_CAS_COUNT.WR[UNIT4];15997352;100.00;;"
7343 [140485403006656] INFO perfrun.perfcollector <> - PERF_STAT : "     0.801072787;CPU0;2026;;UNC_M_CAS_COUNT.WR[UNIT5];15998187;100.00;;"
7343 [140485403006656] INFO perfrun.perfcollector <> - PERF_STAT : "     0.801072787;CPU10;155;;UNC_M_CAS_COUNT.WR[UNIT5];15997362;100.00;;"
7359 [140485403006656] INFO perfrun.perfcollector <> - PERF_STAT : "     0.817075434;CPU0;1971;;UNC_M_CAS_COUNT.RD[UNIT0];16001759;100.00;;"
7359 [140485403006656] INFO perfrun.perfcollector <> - PERF_STAT : "     0.817075434;CPU10;169;;UNC_M_CAS_COUNT.RD[UNIT0];15983038;100.00;;"
7359 [140485403006656] INFO perfrun.perfcollector <> - PERF_STAT : "     0.817075434;CPU0;2809;;UNC_M_CAS_COUNT.RD[UNIT1];16001782;100.00;;"
7359 [140485403006656] INFO perfrun.perfcollector <> - PERF_STAT : "     0.817075434;CPU10;231;;UNC_M_CAS_COUNT.RD[UNIT1];15980199;100.00;;"
7359 [140485403006656] INFO perfrun.perfcollector <> - PERF_STAT : "     0.817075434;CPU0;1988;;UNC_M_CAS_COUNT.RD[UNIT4];16001374;100.00;;"
7359 [140485403006656] INFO perfrun.perfcollector <> - PERF_STAT : "     0.817075434;CPU10;212;;UNC_M_CAS_COUNT.RD[UNIT4];15978413;100.00;;"
7359 [140485403006656] INFO perfrun.perfcollector <> - PERF_STAT : "     0.817075434;CPU0;2822;;UNC_M_CAS_COUNT.RD[UNIT5];16001509;100.00;;"
7359 [140485403006656] INFO perfrun.perfcollector <> - PERF_STAT : "     0.817075434;CPU10;305;;UNC_M_CAS_COUNT.RD[UNIT5];15976680;100.00;;"
7359 [140485403006656] INFO perfrun.perfcollector <> - PERF_STAT : "     0.817075434;CPU0;1152;;UNC_M_CAS_COUNT.WR[UNIT0];16001494;100.00;;"
7359 [140485403006656] INFO perfrun.perfcollector <> - PERF_STAT : "     0.817075434;CPU10;69;;UNC_M_CAS_COUNT.WR[UNIT0];15974777;100.00;;"
7359 [140485403006656] INFO perfrun.perfcollector <> - PERF_STAT : "     0.817075434;CPU0;2019;;UNC_M_CAS_COUNT.WR[UNIT1];16001501;100.00;;"
7359 [140485403006656] INFO perfrun.perfcollector <> - PERF_STAT : "     0.817075434;CPU10;122;;UNC_M_CAS_COUNT.WR[UNIT1];15972932;100.00;;"
7359 [140485403006656] INFO perfrun.perfcollector <> - PERF_STAT : "     0.817075434;CPU0;1140;;UNC_M_CAS_COUNT.WR[UNIT4];16001491;100.00;;"
7359 [140485403006656] INFO perfrun.perfcollector <> - PERF_STAT : "     0.817075434;CPU10;68;;UNC_M_CAS_COUNT.WR[UNIT4];15971201;100.00;;"
7359 [140485403006656] INFO perfrun.perfcollector <> - PERF_STAT : "     0.817075434;CPU0;1983;;UNC_M_CAS_COUNT.WR[UNIT5];16001635;100.00;;"
7359 [140485403006656] INFO perfrun.perfcollector <> - PERF_STAT : "     0.817075434;CPU10;141;;UNC_M_CAS_COUNT.WR[UNIT5];15969403;100.00;;"
7370 [140485403006656] INFO perfrun.perfcollector <> - PERF_STAT : "     0.832986133;CPU0;1578;;UNC_M_CAS_COUNT.RD[UNIT0];10821579;100.00;;"
7370 [140485403006656] INFO perfrun.perfcollector <> - PERF_STAT : "     0.832986133;CPU10;341;;UNC_M_CAS_COUNT.RD[UNIT0];10835805;100.00;;"
7370 [140485403006656] INFO perfrun.perfcollector <> - PERF_STAT : "     0.832986133;CPU0;2081;;UNC_M_CAS_COUNT.RD[UNIT1];10821510;100.00;;"
7370 [140485403006656] INFO perfrun.perfcollector <> - PERF_STAT : "     0.832986133;CPU10;404;;UNC_M_CAS_COUNT.RD[UNIT1];10838707;100.00;;"
7370 [140485403006656] INFO perfrun.perfcollector <> - PERF_STAT : "     0.832986133;CPU0;1528;;UNC_M_CAS_COUNT.RD[UNIT4];10821388;100.00;;"
7370 [140485403006656] INFO perfrun.perfcollector <> - PERF_STAT : "     0.832986133;CPU10;353;;UNC_M_CAS_COUNT.RD[UNIT4];10840594;100.00;;"
7370 [140485403006656] INFO perfrun.perfcollector <> - PERF_STAT : "     0.832986133;CPU0;2058;;UNC_M_CAS_COUNT.RD[UNIT5];10821271;100.00;;"
7370 [140485403006656] INFO perfrun.perfcollector <> - PERF_STAT : "     0.832986133;CPU10;443;;UNC_M_CAS_COUNT.RD[UNIT5];10842297;100.00;;"
7370 [140485403006656] INFO perfrun.perfcollector <> - PERF_STAT : "     0.832986133;CPU0;873;;UNC_M_CAS_COUNT.WR[UNIT0];10821296;100.00;;"
7370 [140485403006656] INFO perfrun.perfcollector <> - PERF_STAT : "     0.832986133;CPU10;54;;UNC_M_CAS_COUNT.WR[UNIT0];10844146;100.00;;"
7370 [140485403006656] INFO perfrun.perfcollector <> - PERF_STAT : "     0.832986133;CPU0;1446;;UNC_M_CAS_COUNT.WR[UNIT1];10821405;100.00;;"
7370 [140485403006656] INFO perfrun.perfcollector <> - PERF_STAT : "     0.832986133;CPU10;111;;UNC_M_CAS_COUNT.WR[UNIT1];10846011;100.00;;"
7370 [140485403006656] INFO perfrun.perfcollector <> - PERF_STAT : "     0.832986133;CPU0;870;;UNC_M_CAS_COUNT.WR[UNIT4];10821417;100.00;;"
7370 [140485403006656] INFO perfrun.perfcollector <> - PERF_STAT : "     0.832986133;CPU10;71;;UNC_M_CAS_COUNT.WR[UNIT4];10847816;100.00;;"
7370 [140485403006656] INFO perfrun.perfcollector <> - PERF_STAT : "     0.832986133;CPU0;1500;;UNC_M_CAS_COUNT.WR[UNIT5];10821276;100.00;;"
7370 [140485403006656] INFO perfrun.perfcollector <> - PERF_STAT : "     0.832986133;CPU10;127;;UNC_M_CAS_COUNT.WR[UNIT5];10849607;100.00;;"
7383 [140485403006656] INFO perfrun.perfcollector <> - PERF_STAT : "     0.843894641;CPU0;1617;;UNC_M_CAS_COUNT.RD[UNIT0];13182777;100.00;;"
7383 [140485403006656] INFO perfrun.perfcollector <> - PERF_STAT : "     0.843894641;CPU10;134;;UNC_M_CAS_COUNT.RD[UNIT0];13184123;100.00;;"
7383 [140485403006656] INFO perfrun.perfcollector <> - PERF_STAT : "     0.843894641;CPU0;2295;;UNC_M_CAS_COUNT.RD[UNIT1];13182889;100.00;;"
7383 [140485403006656] INFO perfrun.perfcollector <> - PERF_STAT : "     0.843894641;CPU10;194;;UNC_M_CAS_COUNT.RD[UNIT1];13183976;100.00;;"
7383 [140485403006656] INFO perfrun.perfcollector <> - PERF_STAT : "     0.843894641;CPU0;1619;;UNC_M_CAS_COUNT.RD[UNIT4];13182850;100.00;;"
7383 [140485403006656] INFO perfrun.perfcollector <> - PERF_STAT : "     0.843894641;CPU10;161;;UNC_M_CAS_COUNT.RD[UNIT4];13183929;100.00;;"
7383 [140485403006656] INFO perfrun.perfcollector <> - PERF_STAT : "     0.843894641;CPU0;2320;;UNC_M_CAS_COUNT.RD[UNIT5];13182835;100.00;;"
7383 [140485403006656] INFO perfrun.perfcollector <> - PERF_STAT : "     0.843894641;CPU10;239;;UNC_M_CAS_COUNT.RD[UNIT5];13184085;100.00;;"
7383 [140485403006656] INFO perfrun.perfcollector <> - PERF_STAT : "     0.843894641;CPU0;902;;UNC_M_CAS_COUNT.WR[UNIT0];13182793;100.00;;"
7383 [140485403006656] INFO perfrun.perfcollector <> - PERF_STAT : "     0.843894641;CPU10;43;;UNC_M_CAS_COUNT.WR[UNIT0];13184222;100.00;;"
7383 [140485403006656] INFO perfrun.perfcollector <> - PERF_STAT : "     0.843894641;CPU0;1655;;UNC_M_CAS_COUNT.WR[UNIT1];13182682;100.00;;"
7383 [140485403006656] INFO perfrun.perfcollector <> - PERF_STAT : "     0.843894641;CPU10;109;;UNC_M_CAS_COUNT.WR[UNIT1];13184390;100.00;;"
7383 [140485403006656] INFO perfrun.perfcollector <> - PERF_STAT : "     0.843894641;CPU0;937;;UNC_M_CAS_COUNT.WR[UNIT4];13182675;100.00;;"
7383 [140485403006656] INFO perfrun.perfcollector <> - PERF_STAT : "     0.843894641;CPU10;56;;UNC_M_CAS_COUNT.WR[UNIT4];13184312;100.00;;"
7383 [140485403006656] INFO perfrun.perfcollector <> - PERF_STAT : "     0.843894641;CPU0;1615;;UNC_M_CAS_COUNT.WR[UNIT5];13182675;100.00;;"
7383 [140485403006656] INFO perfrun.perfcollector <> - PERF_STAT : "     0.843894641;CPU10;136;;UNC_M_CAS_COUNT.WR[UNIT5];13184296;100.00;;"
7399 [140485403006656] INFO perfrun.perfcollector <> - PERF_STAT : "     0.857074582;CPU0;1976;;UNC_M_CAS_COUNT.RD[UNIT0];15994661;100.00;;"
7399 [140485403006656] INFO perfrun.perfcollector <> - PERF_STAT : "     0.857074582;CPU10;143;;UNC_M_CAS_COUNT.RD[UNIT0];15995129;100.00;;"
7399 [140485403006656] INFO perfrun.perfcollector <> - PERF_STAT : "     0.857074582;CPU0;2786;;UNC_M_CAS_COUNT.RD[UNIT1];15994580;100.00;;"
7399 [140485403006656] INFO perfrun.perfcollector <> - PERF_STAT : "     0.857074582;CPU10;208;;UNC_M_CAS_COUNT.RD[UNIT1];15995082;100.00;;"
7399 [140485403006656] INFO perfrun.perfcollector <> - PERF_STAT : "     0.857074582;CPU0;2001;;UNC_M_CAS_COUNT.RD[UNIT4];15994597;100.00;;"
7399 [140485403006656] INFO perfrun.perfcollector <> - PERF_STAT : "     0.857074582;CPU10;162;;UNC_M_CAS_COUNT.RD[UNIT4];15995152;100.00;;"
7399 [140485403006656] INFO perfrun.perfcollector <> - PERF_STAT : "     0.857074582;CPU0;2817;;UNC_M_CAS_COUNT.RD[UNIT5];15994596;100.00;;"
7399 [140485403006656] INFO perfrun.perfcollector <> - PERF_STAT : "     0.857074582;CPU10;242;;UNC_M_CAS_COUNT.RD[UNIT5];15995063;100.00;;"
7399 [140485403006656] INFO perfrun.perfcollector <> - PERF_STAT : "     0.857074582;CPU0;1174;;UNC_M_CAS_COUNT.WR[UNIT0];15994622;100.00;;"
7399 [140485403006656] INFO perfrun.perfcollector <> - PERF_STAT : "     0.857074582;CPU10;69;;UNC_M_CAS_COUNT.WR[UNIT0];15994946;100.00;;"
7399 [140485403006656] INFO perfrun.perfcollector <> - PERF_STAT : "     0.857074582;CPU0;1973;;UNC_M_CAS_COUNT.WR[UNIT1];15994728;100.00;;"
7399 [140485403006656] INFO perfrun.perfcollector <> - PERF_STAT : "     0.857074582;CPU10;118;;UNC_M_CAS_COUNT.WR[UNIT1];15994739;100.00;;"
7399 [140485403006656] INFO perfrun.perfcollector <> - PERF_STAT : "     0.857074582;CPU0;1141;;UNC_M_CAS_COUNT.WR[UNIT4];15994780;100.00;;"
7399 [140485403006656] INFO perfrun.perfcollector <> - PERF_STAT : "     0.857074582;CPU10;78;;UNC_M_CAS_COUNT.WR[UNIT4];15994763;100.00;;"
7399 [140485403006656] INFO perfrun.perfcollector <> - PERF_STAT : "     0.857074582;CPU0;1958;;UNC_M_CAS_COUNT.WR[UNIT5];15994787;100.00;;"
7399 [140485403006656] INFO perfrun.perfcollector <> - PERF_STAT : "     0.857074582;CPU10;134;;UNC_M_CAS_COUNT.WR[UNIT5];15994799;100.00;;"
7410 [140485403006656] INFO perfrun.perfcollector <> - PERF_STAT : "     0.873067318;CPU0;2219;;UNC_M_CAS_COUNT.RD[UNIT0];11453428;100.00;;"
7411 [140485403006656] INFO perfrun.perfcollector <> - PERF_STAT : "     0.873067318;CPU10;148;;UNC_M_CAS_COUNT.RD[UNIT0];11454838;100.00;;"
7411 [140485403006656] INFO perfrun.perfcollector <> - PERF_STAT : "     0.873067318;CPU0;2675;;UNC_M_CAS_COUNT.RD[UNIT1];11453483;100.00;;"
7411 [140485403006656] INFO perfrun.perfcollector <> - PERF_STAT : "     0.873067318;CPU10;265;;UNC_M_CAS_COUNT.RD[UNIT1];11454885;100.00;;"
7411 [140485403006656] INFO perfrun.perfcollector <> - PERF_STAT : "     0.873067318;CPU0;2184;;UNC_M_CAS_COUNT.RD[UNIT4];11453635;100.00;;"
7411 [140485403006656] INFO perfrun.perfcollector <> - PERF_STAT : "     0.873067318;CPU10;170;;UNC_M_CAS_COUNT.RD[UNIT4];11454811;100.00;;"
7411 [140485403006656] INFO perfrun.perfcollector <> - PERF_STAT : "     0.873067318;CPU0;2603;;UNC_M_CAS_COUNT.RD[UNIT5];11453773;100.00;;"
7411 [140485403006656] INFO perfrun.perfcollector <> - PERF_STAT : "     0.873067318;CPU10;309;;UNC_M_CAS_COUNT.RD[UNIT5];11454787;100.00;;"
7411 [140485403006656] INFO perfrun.perfcollector <> - PERF_STAT : "     0.873067318;CPU0;931;;UNC_M_CAS_COUNT.WR[UNIT0];11453783;100.00;;"
7411 [140485403006656] INFO perfrun.perfcollector <> - PERF_STAT : "     0.873067318;CPU10;62;;UNC_M_CAS_COUNT.WR[UNIT0];11454818;100.00;;"
7411 [140485403006656] INFO perfrun.perfcollector <> - PERF_STAT : "     0.873067318;CPU0;1523;;UNC_M_CAS_COUNT.WR[UNIT1];11453931;100.00;;"
7411 [140485403006656] INFO perfrun.perfcollector <> - PERF_STAT : "     0.873067318;CPU10;186;;UNC_M_CAS_COUNT.WR[UNIT1];11454888;100.00;;"
7411 [140485403006656] INFO perfrun.perfcollector <> - PERF_STAT : "     0.873067318;CPU0;916;;UNC_M_CAS_COUNT.WR[UNIT4];11453882;100.00;;"
7411 [140485403006656] INFO perfrun.perfcollector <> - PERF_STAT : "     0.873067318;CPU10;66;;UNC_M_CAS_COUNT.WR[UNIT4];11454897;100.00;;"
7411 [140485403006656] INFO perfrun.perfcollector <> - PERF_STAT : "     0.873067318;CPU0;1535;;UNC_M_CAS_COUNT.WR[UNIT5];11453869;100.00;;"
7411 [140485403006656] INFO perfrun.perfcollector <> - PERF_STAT : "     0.873067318;CPU10;181;;UNC_M_CAS_COUNT.WR[UNIT5];11454841;100.00;;"
7423 [140485403006656] INFO perfrun.perfcollector <> - PERF_STAT : "     0.884494843;CPU0;1554;;UNC_M_CAS_COUNT.RD[UNIT0];12551774;100.00;;"
7423 [140485403006656] INFO perfrun.perfcollector <> - PERF_STAT : "     0.884494843;CPU10;176;;UNC_M_CAS_COUNT.RD[UNIT0];12553516;100.00;;"
7423 [140485403006656] INFO perfrun.perfcollector <> - PERF_STAT : "     0.884494843;CPU0;2207;;UNC_M_CAS_COUNT.RD[UNIT1];12551864;100.00;;"
7423 [140485403006656] INFO perfrun.perfcollector <> - PERF_STAT : "     0.884494843;CPU10;228;;UNC_M_CAS_COUNT.RD[UNIT1];12553626;100.00;;"
7423 [140485403006656] INFO perfrun.perfcollector <> - PERF_STAT : "     0.884494843;CPU0;1582;;UNC_M_CAS_COUNT.RD[UNIT4];12551702;100.00;;"
7423 [140485403006656] INFO perfrun.perfcollector <> - PERF_STAT : "     0.884494843;CPU10;237;;UNC_M_CAS_COUNT.RD[UNIT4];12553847;100.00;;"
7423 [140485403006656] INFO perfrun.perfcollector <> - PERF_STAT : "     0.884494843;CPU0;2224;;UNC_M_CAS_COUNT.RD[UNIT5];12551631;100.00;;"
7423 [140485403006656] INFO perfrun.perfcollector <> - PERF_STAT : "     0.884494843;CPU10;317;;UNC_M_CAS_COUNT.RD[UNIT5];12553834;100.00;;"
7423 [140485403006656] INFO perfrun.perfcollector <> - PERF_STAT : "     0.884494843;CPU0;829;;UNC_M_CAS_COUNT.WR[UNIT0];12551629;100.00;;"
7423 [140485403006656] INFO perfrun.perfcollector <> - PERF_STAT : "     0.884494843;CPU10;51;;UNC_M_CAS_COUNT.WR[UNIT0];12553773;100.00;;"
7423 [140485403006656] INFO perfrun.perfcollector <> - PERF_STAT : "     0.884494843;CPU0;1536;;UNC_M_CAS_COUNT.WR[UNIT1];12551497;100.00;;"
7423 [140485403006656] INFO perfrun.perfcollector <> - PERF_STAT : "     0.884494843;CPU10;107;;UNC_M_CAS_COUNT.WR[UNIT1];12553716;100.00;;"
7423 [140485403006656] INFO perfrun.perfcollector <> - PERF_STAT : "     0.884494843;CPU0;938;;UNC_M_CAS_COUNT.WR[UNIT4];12551555;100.00;;"
7423 [140485403006656] INFO perfrun.perfcollector <> - PERF_STAT : "     0.884494843;CPU10;76;;UNC_M_CAS_COUNT.WR[UNIT4];12553673;100.00;;"
7423 [140485403006656] INFO perfrun.perfcollector <> - PERF_STAT : "     0.884494843;CPU0;1554;;UNC_M_CAS_COUNT.WR[UNIT5];12551554;100.00;;"
7423 [140485403006656] INFO perfrun.perfcollector <> - PERF_STAT : "     0.884494843;CPU10;136;;UNC_M_CAS_COUNT.WR[UNIT5];12553707;100.00;;"
7439 [140485403006656] INFO perfrun.perfcollector <> - PERF_STAT : "     0.897069377;CPU0;2119;;UNC_M_CAS_COUNT.RD[UNIT0];16020991;100.00;;"
7439 [140485403006656] INFO perfrun.perfcollector <> - PERF_STAT : "     0.897069377;CPU10;644;;UNC_M_CAS_COUNT.RD[UNIT0];16019434;100.00;;"
7439 [140485403006656] INFO perfrun.perfcollector <> - PERF_STAT : "     0.897069377;CPU0;2975;;UNC_M_CAS_COUNT.RD[UNIT1];16021156;100.00;;"
7439 [140485403006656] INFO perfrun.perfcollector <> - PERF_STAT : "     0.897069377;CPU10;715;;UNC_M_CAS_COUNT.RD[UNIT1];16019297;100.00;;"
7439 [140485403006656] INFO perfrun.perfcollector <> - PERF_STAT : "     0.897069377;CPU0;2115;;UNC_M_CAS_COUNT.RD[UNIT4];16021435;100.00;;"
7439 [140485403006656] INFO perfrun.perfcollector <> - PERF_STAT : "     0.897069377;CPU10;666;;UNC_M_CAS_COUNT.RD[UNIT4];16018997;100.00;;"
7439 [140485403006656] INFO perfrun.perfcollector <> - PERF_STAT : "     0.897069377;CPU0;2966;;UNC_M_CAS_COUNT.RD[UNIT5];16021520;100.00;;"
7439 [140485403006656] INFO perfrun.perfcollector <> - PERF_STAT : "     0.897069377;CPU10;757;;UNC_M_CAS_COUNT.RD[UNIT5];16019063;100.00;;"
7439 [140485403006656] INFO perfrun.perfcollector <> - PERF_STAT : "     0.897069377;CPU0;1403;;UNC_M_CAS_COUNT.WR[UNIT0];16021644;100.00;;"
7439 [140485403006656] INFO perfrun.perfcollector <> - PERF_STAT : "     0.897069377;CPU10;106;;UNC_M_CAS_COUNT.WR[UNIT0];16019097;100.00;;"
7439 [140485403006656] INFO perfrun.perfcollector <> - PERF_STAT : "     0.897069377;CPU0;2242;;UNC_M_CAS_COUNT.WR[UNIT1];16021643;100.00;;"
7439 [140485403006656] INFO perfrun.perfcollector <> - PERF_STAT : "     0.897069377;CPU10;164;;UNC_M_CAS_COUNT.WR[UNIT1];16019114;100.00;;"
7439 [140485403006656] INFO perfrun.perfcollector <> - PERF_STAT : "     0.897069377;CPU0;1370;;UNC_M_CAS_COUNT.WR[UNIT4];16021692;100.00;;"
7439 [140485403006656] INFO perfrun.perfcollector <> - PERF_STAT : "     0.897069377;CPU10;102;;UNC_M_CAS_COUNT.WR[UNIT4];16019117;100.00;;"
7439 [140485403006656] INFO perfrun.perfcollector <> - PERF_STAT : "     0.897069377;CPU0;2235;;UNC_M_CAS_COUNT.WR[UNIT5];16021835;100.00;;"
7439 [140485403006656] INFO perfrun.perfcollector <> - PERF_STAT : "     0.897069377;CPU10;183;;UNC_M_CAS_COUNT.WR[UNIT5];16019130;100.00;;"
7455 [140485403006656] INFO perfrun.perfcollector <> - PERF_STAT : "     0.913096546;CPU0;2617;;UNC_M_CAS_COUNT.RD[UNIT0];15975782;100.00;;"
7455 [140485403006656] INFO perfrun.perfcollector <> - PERF_STAT : "     0.913096546;CPU10;482;;UNC_M_CAS_COUNT.RD[UNIT0];15978523;100.00;;"
7455 [140485403006656] INFO perfrun.perfcollector <> - PERF_STAT : "     0.913096546;CPU0;3446;;UNC_M_CAS_COUNT.RD[UNIT1];15975585;100.00;;"
7455 [140485403006656] INFO perfrun.perfcollector <> - PERF_STAT : "     0.913096546;CPU10;665;;UNC_M_CAS_COUNT.RD[UNIT1];15978554;100.00;;"
7455 [140485403006656] INFO perfrun.perfcollector <> - PERF_STAT : "     0.913096546;CPU0;2584;;UNC_M_CAS_COUNT.RD[UNIT4];15975442;100.00;;"
7455 [140485403006656] INFO perfrun.perfcollector <> - PERF_STAT : "     0.913096546;CPU10;504;;UNC_M_CAS_COUNT.RD[UNIT4];15978684;100.00;;"
7455 [140485403006656] INFO perfrun.perfcollector <> - PERF_STAT : "     0.913096546;CPU0;3405;;UNC_M_CAS_COUNT.RD[UNIT5];15975291;100.00;;"
7455 [140485403006656] INFO perfrun.perfcollector <> - PERF_STAT : "     0.913096546;CPU10;717;;UNC_M_CAS_COUNT.RD[UNIT5];15978737;100.00;;"
7455 [140485403006656] INFO perfrun.perfcollector <> - PERF_STAT : "     0.913096546;CPU0;1342;;UNC_M_CAS_COUNT.WR[UNIT0];15975155;100.00;;"
7455 [140485403006656] INFO perfrun.perfcollector <> - PERF_STAT : "     0.913096546;CPU10;222;;UNC_M_CAS_COUNT.WR[UNIT0];15978730;100.00;;"
7455 [140485403006656] INFO perfrun.perfcollector <> - PERF_STAT : "     0.913096546;CPU0;2143;;UNC_M_CAS_COUNT.WR[UNIT1];15975153;100.00;;"
7455 [140485403006656] INFO perfrun.perfcollector <> - PERF_STAT : "     0.913096546;CPU10;374;;UNC_M_CAS_COUNT.WR[UNIT1];15978706;100.00;;"
7455 [140485403006656] INFO perfrun.perfcollector <> - PERF_STAT : "     0.913096546;CPU0;1283;;UNC_M_CAS_COUNT.WR[UNIT4];15975102;100.00;;"
7455 [140485403006656] INFO perfrun.perfcollector <> - PERF_STAT : "     0.913096546;CPU10;226;;UNC_M_CAS_COUNT.WR[UNIT4];15978694;100.00;;"
7455 [140485403006656] INFO perfrun.perfcollector <> - PERF_STAT : "     0.913096546;CPU0;2135;;UNC_M_CAS_COUNT.WR[UNIT5];15975087;100.00;;"
7455 [140485403006656] INFO perfrun.perfcollector <> - PERF_STAT : "     0.913096546;CPU10;404;;UNC_M_CAS_COUNT.WR[UNIT5];15978690;100.00;;"
7471 [140485403006656] INFO perfrun.perfcollector <> - PERF_STAT : "     0.929074325;CPU0;2238;;UNC_M_CAS_COUNT.RD[UNIT0];15999416;100.00;;"
7471 [140485403006656] INFO perfrun.perfcollector <> - PERF_STAT : "     0.929074325;CPU10;135;;UNC_M_CAS_COUNT.RD[UNIT0];15996772;100.00;;"
7471 [140485403006656] INFO perfrun.perfcollector <> - PERF_STAT : "     0.929074325;CPU0;3060;;UNC_M_CAS_COUNT.RD[UNIT1];15999390;100.00;;"
7471 [140485403006656] INFO perfrun.perfcollector <> - PERF_STAT : "     0.929074325;CPU10;204;;UNC_M_CAS_COUNT.RD[UNIT1];15996891;100.00;;"
7471 [140485403006656] INFO perfrun.perfcollector <> - PERF_STAT : "     0.929074325;CPU0;2251;;UNC_M_CAS_COUNT.RD[UNIT4];15999254;100.00;;"
7471 [140485403006656] INFO perfrun.perfcollector <> - PERF_STAT : "     0.929074325;CPU10;130;;UNC_M_CAS_COUNT.RD[UNIT4];15996814;100.00;;"
7471 [140485403006656] INFO perfrun.perfcollector <> - PERF_STAT : "     0.929074325;CPU0;3030;;UNC_M_CAS_COUNT.RD[UNIT5];15999365;100.00;;"
7471 [140485403006656] INFO perfrun.perfcollector <> - PERF_STAT : "     0.929074325;CPU10;217;;UNC_M_CAS_COUNT.RD[UNIT5];15996814;100.00;;"
7471 [140485403006656] INFO perfrun.perfcollector <> - PERF_STAT : "     0.929074325;CPU0;1191;;UNC_M_CAS_COUNT.WR[UNIT0];15999370;100.00;;"
7471 [140485403006656] INFO perfrun.perfcollector <> - PERF_STAT : "     0.929074325;CPU10;62;;UNC_M_CAS_COUNT.WR[UNIT0];15996828;100.00;;"
7471 [140485403006656] INFO perfrun.perfcollector <> - PERF_STAT : "     0.929074325;CPU0;1963;;UNC_M_CAS_COUNT.WR[UNIT1];15999471;100.00;;"
7471 [140485403006656] INFO perfrun.perfcollector <> - PERF_STAT : "     0.929074325;CPU10;128;;UNC_M_CAS_COUNT.WR[UNIT1];15996862;100.00;;"
7471 [140485403006656] INFO perfrun.perfcollector <> - PERF_STAT : "     0.929074325;CPU0;1206;;UNC_M_CAS_COUNT.WR[UNIT4];15999422;100.00;;"
7471 [140485403006656] INFO perfrun.perfcollector <> - PERF_STAT : "     0.929074325;CPU10;64;;UNC_M_CAS_COUNT.WR[UNIT4];15996852;100.00;;"
7471 [140485403006656] INFO perfrun.perfcollector <> - PERF_STAT : "     0.929074325;CPU0;2038;;UNC_M_CAS_COUNT.WR[UNIT5];15999370;100.00;;"
7471 [140485403006656] INFO perfrun.perfcollector <> - PERF_STAT : "     0.929074325;CPU10;122;;UNC_M_CAS_COUNT.WR[UNIT5];15996868;100.00;;"
7487 [140485403006656] INFO perfrun.perfcollector <> - PERF_STAT : "     0.945071012;CPU0;2231;;UNC_M_CAS_COUNT.RD[UNIT0];15999133;100.00;;"
7487 [140485403006656] INFO perfrun.perfcollector <> - PERF_STAT : "     0.945071012;CPU10;113;;UNC_M_CAS_COUNT.RD[UNIT0];15999350;100.00;;"
7487 [140485403006656] INFO perfrun.perfcollector <> - PERF_STAT : "     0.945071012;CPU0;3077;;UNC_M_CAS_COUNT.RD[UNIT1];15999123;100.00;;"
7487 [140485403006656] INFO perfrun.perfcollector <> - PERF_STAT : "     0.945071012;CPU10;175;;UNC_M_CAS_COUNT.RD[UNIT1];15999198;100.00;;"
7487 [140485403006656] INFO perfrun.perfcollector <> - PERF_STAT : "     0.945071012;CPU0;2242;;UNC_M_CAS_COUNT.RD[UNIT4];15999156;100.00;;"
7487 [140485403006656] INFO perfrun.perfcollector <> - PERF_STAT : "     0.945071012;CPU10;110;;UNC_M_CAS_COUNT.RD[UNIT4];15999348;100.00;;"
7487 [140485403006656] INFO perfrun.perfcollector <> - PERF_STAT : "     0.945071012;CPU0;3077;;UNC_M_CAS_COUNT.RD[UNIT5];15999046;100.00;;"
7487 [140485403006656] INFO perfrun.perfcollector <> - PERF_STAT : "     0.945071012;CPU10;206;;UNC_M_CAS_COUNT.RD[UNIT5];15999278;100.00;;"
7487 [140485403006656] INFO perfrun.perfcollector <> - PERF_STAT : "     0.945071012;CPU0;1207;;UNC_M_CAS_COUNT.WR[UNIT0];15999128;100.00;;"
7487 [140485403006656] INFO perfrun.perfcollector <> - PERF_STAT : "     0.945071012;CPU10;42;;UNC_M_CAS_COUNT.WR[UNIT0];15999291;100.00;;"
7487 [140485403006656] INFO perfrun.perfcollector <> - PERF_STAT : "     0.945071012;CPU0;2067;;UNC_M_CAS_COUNT.WR[UNIT1];15998896;100.00;;"
7487 [140485403006656] INFO perfrun.perfcollector <> - PERF_STAT : "     0.945071012;CPU10;118;;UNC_M_CAS_COUNT.WR[UNIT1];15999377;100.00;;"
7487 [140485403006656] INFO perfrun.perfcollector <> - PERF_STAT : "     0.945071012;CPU0;1179;;UNC_M_CAS_COUNT.WR[UNIT4];15998962;100.00;;"
7487 [140485403006656] INFO perfrun.perfcollector <> - PERF_STAT : "     0.945071012;CPU10;44;;UNC_M_CAS_COUNT.WR[UNIT4];15999453;100.00;;"
7487 [140485403006656] INFO perfrun.perfcollector <> - PERF_STAT : "     0.945071012;CPU0;2029;;UNC_M_CAS_COUNT.WR[UNIT5];15998883;100.00;;"
7487 [140485403006656] INFO perfrun.perfcollector <> - PERF_STAT : "     0.945071012;CPU10;111;;UNC_M_CAS_COUNT.WR[UNIT5];15999421;100.00;;"
7503 [140485403006656] INFO perfrun.perfcollector <> - PERF_STAT : "     0.961039831;CPU0;2044;;UNC_M_CAS_COUNT.RD[UNIT0];16013273;100.00;;"
7503 [140485403006656] INFO perfrun.perfcollector <> - PERF_STAT : "     0.961039831;CPU10;116;;UNC_M_CAS_COUNT.RD[UNIT0];16014265;100.00;;"
7503 [140485403006656] INFO perfrun.perfcollector <> - PERF_STAT : "     0.961039831;CPU0;2874;;UNC_M_CAS_COUNT.RD[UNIT1];16013256;100.00;;"
7503 [140485403006656] INFO perfrun.perfcollector <> - PERF_STAT : "     0.961039831;CPU10;180;;UNC_M_CAS_COUNT.RD[UNIT1];16014264;100.00;;"
7503 [140485403006656] INFO perfrun.perfcollector <> - PERF_STAT : "     0.961039831;CPU0;2071;;UNC_M_CAS_COUNT.RD[UNIT4];16013493;100.00;;"
7503 [140485403006656] INFO perfrun.perfcollector <> - PERF_STAT : "     0.961039831;CPU10;141;;UNC_M_CAS_COUNT.RD[UNIT4];16014087;100.00;;"
7503 [140485403006656] INFO perfrun.perfcollector <> - PERF_STAT : "     0.961039831;CPU0;2881;;UNC_M_CAS_COUNT.RD[UNIT5];16013685;100.00;;"
7503 [140485403006656] INFO perfrun.perfcollector <> - PERF_STAT : "     0.961039831;CPU10;218;;UNC_M_CAS_COUNT.RD[UNIT5];16014034;100.00;;"
7503 [140485403006656] INFO perfrun.perfcollector <> - PERF_STAT : "     0.961039831;CPU0;1101;;UNC_M_CAS_COUNT.WR[UNIT0];16013750;100.00;;"
7503 [140485403006656] INFO perfrun.perfcollector <> - PERF_STAT : "     0.961039831;CPU10;37;;UNC_M_CAS_COUNT.WR[UNIT0];16013971;100.00;;"
7503 [140485403006656] INFO perfrun.perfcollector <> - PERF_STAT : "     0.961039831;CPU0;1983;;UNC_M_CAS_COUNT.WR[UNIT1];16013839;100.00;;"
7503 [140485403006656] INFO perfrun.perfcollector <> - PERF_STAT : "     0.961039831;CPU10;106;;UNC_M_CAS_COUNT.WR[UNIT1];16013915;100.00;;"
7503 [140485403006656] INFO perfrun.perfcollector <> - PERF_STAT : "     0.961039831;CPU0;1104;;UNC_M_CAS_COUNT.WR[UNIT4];16013876;100.00;;"
7503 [140485403006656] INFO perfrun.perfcollector <> - PERF_STAT : "     0.961039831;CPU10;49;;UNC_M_CAS_COUNT.WR[UNIT4];16013898;100.00;;"
7503 [140485403006656] INFO perfrun.perfcollector <> - PERF_STAT : "     0.961039831;CPU0;1938;;UNC_M_CAS_COUNT.WR[UNIT5];16013986;100.00;;"
7503 [140485403006656] INFO perfrun.perfcollector <> - PERF_STAT : "     0.961039831;CPU10;110;;UNC_M_CAS_COUNT.WR[UNIT5];16013887;100.00;;"
7523 [140485403006656] INFO perfrun.perfcollector <> - PERF_STAT : "     0.977082795;CPU0;2775;;UNC_M_CAS_COUNT.RD[UNIT0];19987170;100.00;;"
7523 [140485403006656] INFO perfrun.perfcollector <> - PERF_STAT : "     0.977082795;CPU10;231;;UNC_M_CAS_COUNT.RD[UNIT0];20001799;100.00;;"
7523 [140485403006656] INFO perfrun.perfcollector <> - PERF_STAT : "     0.977082795;CPU0;3821;;UNC_M_CAS_COUNT.RD[UNIT1];19987306;100.00;;"
7523 [140485403006656] INFO perfrun.perfcollector <> - PERF_STAT : "     0.977082795;CPU10;330;;UNC_M_CAS_COUNT.RD[UNIT1];19999158;100.00;;"
7523 [140485403006656] INFO perfrun.perfcollector <> - PERF_STAT : "     0.977082795;CPU0;2829;;UNC_M_CAS_COUNT.RD[UNIT4];19987187;100.00;;"
7523 [140485403006656] INFO perfrun.perfcollector <> - PERF_STAT : "     0.977082795;CPU10;240;;UNC_M_CAS_COUNT.RD[UNIT4];19997334;100.00;;"
7523 [140485403006656] INFO perfrun.perfcollector <> - PERF_STAT : "     0.977082795;CPU0;3837;;UNC_M_CAS_COUNT.RD[UNIT5];19987121;100.00;;"
7523 [140485403006656] INFO perfrun.perfcollector <> - PERF_STAT : "     0.977082795;CPU10;345;;UNC_M_CAS_COUNT.RD[UNIT5];19995505;100.00;;"
7523 [140485403006656] INFO perfrun.perfcollector <> - PERF_STAT : "     0.977082795;CPU0;1526;;UNC_M_CAS_COUNT.WR[UNIT0];19986964;100.00;;"
7523 [140485403006656] INFO perfrun.perfcollector <> - PERF_STAT : "     0.977082795;CPU10;64;;UNC_M_CAS_COUNT.WR[UNIT0];19993684;100.00;;"
7523 [140485403006656] INFO perfrun.perfcollector <> - PERF_STAT : "     0.977082795;CPU0;2524;;UNC_M_CAS_COUNT.WR[UNIT1];19986880;100.00;;"
7523 [140485403006656] INFO perfrun.perfcollector <> - PERF_STAT : "     0.977082795;CPU10;137;;UNC_M_CAS_COUNT.WR[UNIT1];19991797;100.00;;"
7523 [140485403006656] INFO perfrun.perfcollector <> - PERF_STAT : "     0.977082795;CPU0;1559;;UNC_M_CAS_COUNT.WR[UNIT4];19986767;100.00;;"
7523 [140485403006656] INFO perfrun.perfcollector <> - PERF_STAT : "     0.977082795;CPU10;66;;UNC_M_CAS_COUNT.WR[UNIT4];19990042;100.00;;"
7523 [140485403006656] INFO perfrun.perfcollector <> - PERF_STAT : "     0.977082795;CPU0;2595;;UNC_M_CAS_COUNT.WR[UNIT5];19986664;100.00;;"
7523 [140485403006656] INFO perfrun.perfcollector <> - PERF_STAT : "     0.977082795;CPU10;138;;UNC_M_CAS_COUNT.WR[UNIT5];19988280;100.00;;"
7539 [140485403006656] INFO perfrun.perfcollector <> - PERF_STAT : "     0.997019097;CPU0;2837;;UNC_M_CAS_COUNT.RD[UNIT0];16002050;100.00;;"
7539 [140485403006656] INFO perfrun.perfcollector <> - PERF_STAT : "     0.997019097;CPU10;121;;UNC_M_CAS_COUNT.RD[UNIT0];15987064;100.00;;"
7539 [140485403006656] INFO perfrun.perfcollector <> - PERF_STAT : "     0.997019097;CPU0;3535;;UNC_M_CAS_COUNT.RD[UNIT1];16001907;100.00;;"
7539 [140485403006656] INFO perfrun.perfcollector <> - PERF_STAT : "     0.997019097;CPU10;235;;UNC_M_CAS_COUNT.RD[UNIT1];15989792;100.00;;"
7539 [140485403006656] INFO perfrun.perfcollector <> - PERF_STAT : "     0.997019097;CPU0;2796;;UNC_M_CAS_COUNT.RD[UNIT4];16001801;100.00;;"
7539 [140485403006656] INFO perfrun.perfcollector <> - PERF_STAT : "     0.997019097;CPU10;129;;UNC_M_CAS_COUNT.RD[UNIT4];15991613;100.00;;"
7539 [140485403006656] INFO perfrun.perfcollector <> - PERF_STAT : "     0.997019097;CPU0;3461;;UNC_M_CAS_COUNT.RD[UNIT5];16001883;100.00;;"
7539 [140485403006656] INFO perfrun.perfcollector <> - PERF_STAT : "     0.997019097;CPU10;281;;UNC_M_CAS_COUNT.RD[UNIT5];15993559;100.00;;"
7539 [140485403006656] INFO perfrun.perfcollector <> - PERF_STAT : "     0.997019097;CPU0;1062;;UNC_M_CAS_COUNT.WR[UNIT0];16001896;100.00;;"
7539 [140485403006656] INFO perfrun.perfcollector <> - PERF_STAT : "     0.997019097;CPU10;48;;UNC_M_CAS_COUNT.WR[UNIT0];15995433;100.00;;"
7539 [140485403006656] INFO perfrun.perfcollector <> - PERF_STAT : "     0.997019097;CPU0;1898;;UNC_M_CAS_COUNT.WR[UNIT1];16002022;100.00;;"
7539 [140485403006656] INFO perfrun.perfcollector <> - PERF_STAT : "     0.997019097;CPU10;145;;UNC_M_CAS_COUNT.WR[UNIT1];15997296;100.00;;"
7539 [140485403006656] INFO perfrun.perfcollector <> - PERF_STAT : "     0.997019097;CPU0;1121;;UNC_M_CAS_COUNT.WR[UNIT4];16002006;100.00;;"
7539 [140485403006656] INFO perfrun.perfcollector <> - PERF_STAT : "     0.997019097;CPU10;57;;UNC_M_CAS_COUNT.WR[UNIT4];16011904;100.00;;"
7539 [140485403006656] INFO perfrun.perfcollector <> - PERF_STAT : "     0.997019097;CPU0;1922;;UNC_M_CAS_COUNT.WR[UNIT5];16002006;100.00;;"
7539 [140485403006656] INFO perfrun.perfcollector <> - PERF_STAT : "     0.997019097;CPU10;161;;UNC_M_CAS_COUNT.WR[UNIT5];16011968;100.00;;"
7555 [140485403006656] INFO perfrun.perfcollector <> - PERF_STAT : "     1.013037189;CPU0;2034;;UNC_M_CAS_COUNT.RD[UNIT0];16003667;100.00;;"
7555 [140485403006656] INFO perfrun.perfcollector <> - PERF_STAT : "     1.013037189;CPU10;185;;UNC_M_CAS_COUNT.RD[UNIT0];16004481;100.00;;"
7555 [140485403006656] INFO perfrun.perfcollector <> - PERF_STAT : "     1.013037189;CPU0;2856;;UNC_M_CAS_COUNT.RD[UNIT1];16003581;100.00;;"
7555 [140485403006656] INFO perfrun.perfcollector <> - PERF_STAT : "     1.013037189;CPU10;265;;UNC_M_CAS_COUNT.RD[UNIT1];16004443;100.00;;"
7555 [140485403006656] INFO perfrun.perfcollector <> - PERF_STAT : "     1.013037189;CPU0;2027;;UNC_M_CAS_COUNT.RD[UNIT4];16003730;100.00;;"
7555 [140485403006656] INFO perfrun.perfcollector <> - PERF_STAT : "     1.013037189;CPU10;217;;UNC_M_CAS_COUNT.RD[UNIT4];16004470;100.00;;"
7555 [140485403006656] INFO perfrun.perfcollector <> - PERF_STAT : "     1.013037189;CPU0;2875;;UNC_M_CAS_COUNT.RD[UNIT5];16003415;100.00;;"
7555 [140485403006656] INFO perfrun.perfcollector <> - PERF_STAT : "     1.013037189;CPU10;337;;UNC_M_CAS_COUNT.RD[UNIT5];16004363;100.00;;"
7555 [140485403006656] INFO perfrun.perfcollector <> - PERF_STAT : "     1.013037189;CPU0;1209;;UNC_M_CAS_COUNT.WR[UNIT0];16003465;100.00;;"
7555 [140485403006656] INFO perfrun.perfcollector <> - PERF_STAT : "     1.013037189;CPU10;53;;UNC_M_CAS_COUNT.WR[UNIT0];16004350;100.00;;"
7555 [140485403006656] INFO perfrun.perfcollector <> - PERF_STAT : "     1.013037189;CPU0;1964;;UNC_M_CAS_COUNT.WR[UNIT1];16003470;100.00;;"
7555 [140485403006656] INFO perfrun.perfcollector <> - PERF_STAT : "     1.013037189;CPU10;120;;UNC_M_CAS_COUNT.WR[UNIT1];16004344;100.00;;"
7555 [140485403006656] INFO perfrun.perfcollector <> - PERF_STAT : "     1.013037189;CPU0;1152;;UNC_M_CAS_COUNT.WR[UNIT4];16003484;100.00;;"
7555 [140485403006656] INFO perfrun.perfcollector <> - PERF_STAT : "     1.013037189;CPU10;60;;UNC_M_CAS_COUNT.WR[UNIT4];15991511;100.00;;"
7555 [140485403006656] INFO perfrun.perfcollector <> - PERF_STAT : "     1.013037189;CPU0;1941;;UNC_M_CAS_COUNT.WR[UNIT5];16003482;100.00;;"
7555 [140485403006656] INFO perfrun.perfcollector <> - PERF_STAT : "     1.013037189;CPU10;145;;UNC_M_CAS_COUNT.WR[UNIT5];15993219;100.00;;"
7571 [140485403006656] INFO perfrun.perfcollector <> - PERF_STAT : "     1.029078004;CPU0;2029;;UNC_M_CAS_COUNT.RD[UNIT0];15994674;100.00;;"
7571 [140485403006656] INFO perfrun.perfcollector <> - PERF_STAT : "     1.029078004;CPU10;172;;UNC_M_CAS_COUNT.RD[UNIT0];15991862;100.00;;"
7571 [140485403006656] INFO perfrun.perfcollector <> - PERF_STAT : "     1.029078004;CPU0;2853;;UNC_M_CAS_COUNT.RD[UNIT1];15994990;100.00;;"
7571 [140485403006656] INFO perfrun.perfcollector <> - PERF_STAT : "     1.029078004;CPU10;263;;UNC_M_CAS_COUNT.RD[UNIT1];15991889;100.00;;"
7571 [140485403006656] INFO perfrun.perfcollector <> - PERF_STAT : "     1.029078004;CPU0;2025;;UNC_M_CAS_COUNT.RD[UNIT4];15994812;100.00;;"
7571 [140485403006656] INFO perfrun.perfcollector <> - PERF_STAT : "     1.029078004;CPU10;190;;UNC_M_CAS_COUNT.RD[UNIT4];15991962;100.00;;"
7571 [140485403006656] INFO perfrun.perfcollector <> - PERF_STAT : "     1.029078004;CPU0;2865;;UNC_M_CAS_COUNT.RD[UNIT5];15994904;100.00;;"
7571 [140485403006656] INFO perfrun.perfcollector <> - PERF_STAT : "     1.029078004;CPU10;292;;UNC_M_CAS_COUNT.RD[UNIT5];15992026;100.00;;"
7571 [140485403006656] INFO perfrun.perfcollector <> - PERF_STAT : "     1.029078004;CPU0;1148;;UNC_M_CAS_COUNT.WR[UNIT0];15994835;100.00;;"
7571 [140485403006656] INFO perfrun.perfcollector <> - PERF_STAT : "     1.029078004;CPU10;83;;UNC_M_CAS_COUNT.WR[UNIT0];15992039;100.00;;"
7571 [140485403006656] INFO perfrun.perfcollector <> - PERF_STAT : "     1.029078004;CPU0;1938;;UNC_M_CAS_COUNT.WR[UNIT1];15994704;100.00;;"
7571 [140485403006656] INFO perfrun.perfcollector <> - PERF_STAT : "     1.029078004;CPU10;147;;UNC_M_CAS_COUNT.WR[UNIT1];15992029;100.00;;"
7571 [140485403006656] INFO perfrun.perfcollector <> - PERF_STAT : "     1.029078004;CPU0;1069;;UNC_M_CAS_COUNT.WR[UNIT4];15994727;100.00;;"
7571 [140485403006656] INFO perfrun.perfcollector <> - PERF_STAT : "     1.029078004;CPU10;83;;UNC_M_CAS_COUNT.WR[UNIT4];15992139;100.00;;"
7571 [140485403006656] INFO perfrun.perfcollector <> - PERF_STAT : "     1.029078004;CPU0;1907;;UNC_M_CAS_COUNT.WR[UNIT5];15994736;100.00;;"
7571 [140485403006656] INFO perfrun.perfcollector <> - PERF_STAT : "     1.029078004;CPU10;173;;UNC_M_CAS_COUNT.WR[UNIT5];15992153;100.00;;"
7587 [140485403006656] INFO perfrun.perfcollector <> - PERF_STAT : "     1.045075822;CPU0;2033;;UNC_M_CAS_COUNT.RD[UNIT0];16002259;100.00;;"
7587 [140485403006656] INFO perfrun.perfcollector <> - PERF_STAT : "     1.045075822;CPU10;107;;UNC_M_CAS_COUNT.RD[UNIT0];16007086;100.00;;"
7587 [140485403006656] INFO perfrun.perfcollector <> - PERF_STAT : "     1.045075822;CPU0;2851;;UNC_M_CAS_COUNT.RD[UNIT1];16001947;100.00;;"
7587 [140485403006656] INFO perfrun.perfcollector <> - PERF_STAT : "     1.045075822;CPU10;195;;UNC_M_CAS_COUNT.RD[UNIT1];16007107;100.00;;"
7587 [140485403006656] INFO perfrun.perfcollector <> - PERF_STAT : "     1.045075822;CPU0;2032;;UNC_M_CAS_COUNT.RD[UNIT4];16002083;100.00;;"
7587 [140485403006656] INFO perfrun.perfcollector <> - PERF_STAT : "     1.045075822;CPU10;118;;UNC_M_CAS_COUNT.RD[UNIT4];16007033;100.00;;"
7587 [140485403006656] INFO perfrun.perfcollector <> - PERF_STAT : "     1.045075822;CPU0;2856;;UNC_M_CAS_COUNT.RD[UNIT5];16002319;100.00;;"
7587 [140485403006656] INFO perfrun.perfcollector <> - PERF_STAT : "     1.045075822;CPU10;200;;UNC_M_CAS_COUNT.RD[UNIT5];16006940;100.00;;"
7587 [140485403006656] INFO perfrun.perfcollector <> - PERF_STAT : "     1.045075822;CPU0;1050;;UNC_M_CAS_COUNT.WR[UNIT0];16002460;100.00;;"
7587 [140485403006656] INFO perfrun.perfcollector <> - PERF_STAT : "     1.045075822;CPU10;38;;UNC_M_CAS_COUNT.WR[UNIT0];16006889;100.00;;"
7587 [140485403006656] INFO perfrun.perfcollector <> - PERF_STAT : "     1.045075822;CPU0;1952;;UNC_M_CAS_COUNT.WR[UNIT1];16002464;100.00;;"
7587 [140485403006656] INFO perfrun.perfcollector <> - PERF_STAT : "     1.045075822;CPU10;105;;UNC_M_CAS_COUNT.WR[UNIT1];16006993;100.00;;"
7587 [140485403006656] INFO perfrun.perfcollector <> - PERF_STAT : "     1.045075822;CPU0;1073;;UNC_M_CAS_COUNT.WR[UNIT4];16002438;100.00;;"
7587 [140485403006656] INFO perfrun.perfcollector <> - PERF_STAT : "     1.045075822;CPU10;34;;UNC_M_CAS_COUNT.WR[UNIT4];16006823;100.00;;"
7587 [140485403006656] INFO perfrun.perfcollector <> - PERF_STAT : "     1.045075822;CPU0;1906;;UNC_M_CAS_COUNT.WR[UNIT5];16002425;100.00;;"
7587 [140485403006656] INFO perfrun.perfcollector <> - PERF_STAT : "     1.045075822;CPU10;97;;UNC_M_CAS_COUNT.WR[UNIT5];16006772;100.00;;"
7603 [140485403006656] INFO perfrun.perfcollector <> - PERF_STAT : "     1.061043873;CPU0;2516;;UNC_M_CAS_COUNT.RD[UNIT0];16018884;100.00;;"
7603 [140485403006656] INFO perfrun.perfcollector <> - PERF_STAT : "     1.061043873;CPU10;183;;UNC_M_CAS_COUNT.RD[UNIT0];16031531;100.00;;"
7603 [140485403006656] INFO perfrun.perfcollector <> - PERF_STAT : "     1.061043873;CPU0;3321;;UNC_M_CAS_COUNT.RD[UNIT1];16019176;100.00;;"
7603 [140485403006656] INFO perfrun.perfcollector <> - PERF_STAT : "     1.061043873;CPU10;277;;UNC_M_CAS_COUNT.RD[UNIT1];16028602;100.00;;"
7603 [140485403006656] INFO perfrun.perfcollector <> - PERF_STAT : "     1.061043873;CPU0;2497;;UNC_M_CAS_COUNT.RD[UNIT4];16019236;100.00;;"
7603 [140485403006656] INFO perfrun.perfcollector <> - PERF_STAT : "     1.061043873;CPU10;165;;UNC_M_CAS_COUNT.RD[UNIT4];16026830;100.00;;"
7603 [140485403006656] INFO perfrun.perfcollector <> - PERF_STAT : "     1.061043873;CPU0;3354;;UNC_M_CAS_COUNT.RD[UNIT5];16019197;100.00;;"
7603 [140485403006656] INFO perfrun.perfcollector <> - PERF_STAT : "     1.061043873;CPU10;283;;UNC_M_CAS_COUNT.RD[UNIT5];16025014;100.00;;"
7603 [140485403006656] INFO perfrun.perfcollector <> - PERF_STAT : "     1.061043873;CPU0;1375;;UNC_M_CAS_COUNT.WR[UNIT0];16019286;100.00;;"
7603 [140485403006656] INFO perfrun.perfcollector <> - PERF_STAT : "     1.061043873;CPU10;43;;UNC_M_CAS_COUNT.WR[UNIT0];16023185;100.00;;"
7603 [140485403006656] INFO perfrun.perfcollector <> - PERF_STAT : "     1.061043873;CPU0;2246;;UNC_M_CAS_COUNT.WR[UNIT1];16019471;100.00;;"
7603 [140485403006656] INFO perfrun.perfcollector <> - PERF_STAT : "     1.061043873;CPU10;128;;UNC_M_CAS_COUNT.WR[UNIT1];16021231;100.00;;"
7603 [140485403006656] INFO perfrun.perfcollector <> - PERF_STAT : "     1.061043873;CPU0;1292;;UNC_M_CAS_COUNT.WR[UNIT4];16019825;100.00;;"
7603 [140485403006656] INFO perfrun.perfcollector <> - PERF_STAT : "     1.061043873;CPU10;42;;UNC_M_CAS_COUNT.WR[UNIT4];16019504;100.00;;"
7603 [140485403006656] INFO perfrun.perfcollector <> - PERF_STAT : "     1.061043873;CPU0;2185;;UNC_M_CAS_COUNT.WR[UNIT5];16020019;100.00;;"
7603 [140485403006656] INFO perfrun.perfcollector <> - PERF_STAT : "     1.061043873;CPU10;146;;UNC_M_CAS_COUNT.WR[UNIT5];16017750;100.00;;"
7623 [140485403006656] INFO perfrun.perfcollector <> - PERF_STAT : "     1.077040043;CPU0;3144;;UNC_M_CAS_COUNT.RD[UNIT0];19981362;100.00;;"
7623 [140485403006656] INFO perfrun.perfcollector <> - PERF_STAT : "     1.077040043;CPU10;200;;UNC_M_CAS_COUNT.RD[UNIT0];19968612;100.00;;"
7623 [140485403006656] INFO perfrun.perfcollector <> - PERF_STAT : "     1.077040043;CPU0;4190;;UNC_M_CAS_COUNT.RD[UNIT1];19981257;100.00;;"
7623 [140485403006656] INFO perfrun.perfcollector <> - PERF_STAT : "     1.077040043;CPU10;295;;UNC_M_CAS_COUNT.RD[UNIT1];19971518;100.00;;"
7623 [140485403006656] INFO perfrun.perfcollector <> - PERF_STAT : "     1.077040043;CPU0;3151;;UNC_M_CAS_COUNT.RD[UNIT4];19981160;100.00;;"
7623 [140485403006656] INFO perfrun.perfcollector <> - PERF_STAT : "     1.077040043;CPU10;208;;UNC_M_CAS_COUNT.RD[UNIT4];19973310;100.00;;"
7623 [140485403006656] INFO perfrun.perfcollector <> - PERF_STAT : "     1.077040043;CPU0;4225;;UNC_M_CAS_COUNT.RD[UNIT5];19980985;100.00;;"
7623 [140485403006656] INFO perfrun.perfcollector <> - PERF_STAT : "     1.077040043;CPU10;289;;UNC_M_CAS_COUNT.RD[UNIT5];19975242;100.00;;"
7623 [140485403006656] INFO perfrun.perfcollector <> - PERF_STAT : "     1.077040043;CPU0;1666;;UNC_M_CAS_COUNT.WR[UNIT0];19980816;100.00;;"
7623 [140485403006656] INFO perfrun.perfcollector <> - PERF_STAT : "     1.077040043;CPU10;55;;UNC_M_CAS_COUNT.WR[UNIT0];19977189;100.00;;"
7623 [140485403006656] INFO perfrun.perfcollector <> - PERF_STAT : "     1.077040043;CPU0;2735;;UNC_M_CAS_COUNT.WR[UNIT1];19980889;100.00;;"
7623 [140485403006656] INFO perfrun.perfcollector <> - PERF_STAT : "     1.077040043;CPU10;124;;UNC_M_CAS_COUNT.WR[UNIT1];19979031;100.00;;"
7623 [140485403006656] INFO perfrun.perfcollector <> - PERF_STAT : "     1.077040043;CPU0;1644;;UNC_M_CAS_COUNT.WR[UNIT4];19980548;100.00;;"
7623 [140485403006656] INFO perfrun.perfcollector <> - PERF_STAT : "     1.077040043;CPU10;64;;UNC_M_CAS_COUNT.WR[UNIT4];19980736;100.00;;"
7623 [140485403006656] INFO perfrun.perfcollector <> - PERF_STAT : "     1.077040043;CPU0;2692;;UNC_M_CAS_COUNT.WR[UNIT5];19980443;100.00;;"
7623 [140485403006656] INFO perfrun.perfcollector <> - PERF_STAT : "     1.077040043;CPU10;125;;UNC_M_CAS_COUNT.WR[UNIT5];19982547;100.00;;"
7639 [140485403006656] INFO perfrun.perfcollector <> - PERF_STAT : "     1.097078827;CPU0;2299;;UNC_M_CAS_COUNT.RD[UNIT0];15999902;100.00;;"
7639 [140485403006656] INFO perfrun.perfcollector <> - PERF_STAT : "     1.097078827;CPU10;124;;UNC_M_CAS_COUNT.RD[UNIT0];15997088;100.00;;"
7639 [140485403006656] INFO perfrun.perfcollector <> - PERF_STAT : "     1.097078827;CPU0;3143;;UNC_M_CAS_COUNT.RD[UNIT1];15999777;100.00;;"
7639 [140485403006656] INFO perfrun.perfcollector <> - PERF_STAT : "     1.097078827;CPU10;188;;UNC_M_CAS_COUNT.RD[UNIT1];15996995;100.00;;"
7639 [140485403006656] INFO perfrun.perfcollector <> - PERF_STAT : "     1.097078827;CPU0;2290;;UNC_M_CAS_COUNT.RD[UNIT4];15999755;100.00;;"
7639 [140485403006656] INFO perfrun.perfcollector <> - PERF_STAT : "     1.097078827;CPU10;131;;UNC_M_CAS_COUNT.RD[UNIT4];15997025;100.00;;"
7639 [140485403006656] INFO perfrun.perfcollector <> - PERF_STAT : "     1.097078827;CPU0;3176;;UNC_M_CAS_COUNT.RD[UNIT5];15999841;100.00;;"
7639 [140485403006656] INFO perfrun.perfcollector <> - PERF_STAT : "     1.097078827;CPU10;230;;UNC_M_CAS_COUNT.RD[UNIT5];15997169;100.00;;"
7639 [140485403006656] INFO perfrun.perfcollector <> - PERF_STAT : "     1.097078827;CPU0;1137;;UNC_M_CAS_COUNT.WR[UNIT0];15999808;100.00;;"
7639 [140485403006656] INFO perfrun.perfcollector <> - PERF_STAT : "     1.097078827;CPU10;52;;UNC_M_CAS_COUNT.WR[UNIT0];15997111;100.00;;"
7639 [140485403006656] INFO perfrun.perfcollector <> - PERF_STAT : "     1.097078827;CPU0;2039;;UNC_M_CAS_COUNT.WR[UNIT1];15999680;100.00;;"
7639 [140485403006656] INFO perfrun.perfcollector <> - PERF_STAT : "     1.097078827;CPU10;108;;UNC_M_CAS_COUNT.WR[UNIT1];15997309;100.00;;"
7639 [140485403006656] INFO perfrun.perfcollector <> - PERF_STAT : "     1.097078827;CPU0;1214;;UNC_M_CAS_COUNT.WR[UNIT4];15999677;100.00;;"
7639 [140485403006656] INFO perfrun.perfcollector <> - PERF_STAT : "     1.097078827;CPU10;60;;UNC_M_CAS_COUNT.WR[UNIT4];15997411;100.00;;"
7639 [140485403006656] INFO perfrun.perfcollector <> - PERF_STAT : "     1.097078827;CPU0;2028;;UNC_M_CAS_COUNT.WR[UNIT5];15999629;100.00;;"
7639 [140485403006656] INFO perfrun.perfcollector <> - PERF_STAT : "     1.097078827;CPU10;125;;UNC_M_CAS_COUNT.WR[UNIT5];15997392;100.00;;"
7655 [140485403006656] INFO perfrun.perfcollector <> - PERF_STAT : "     1.113080226;CPU0;2958;;UNC_M_CAS_COUNT.RD[UNIT0];16001372;100.00;;"
7655 [140485403006656] INFO perfrun.perfcollector <> - PERF_STAT : "     1.113080226;CPU10;187;;UNC_M_CAS_COUNT.RD[UNIT0];15988119;100.00;;"
7655 [140485403006656] INFO perfrun.perfcollector <> - PERF_STAT : "     1.113080226;CPU0;3663;;UNC_M_CAS_COUNT.RD[UNIT1];16001563;100.00;;"
7655 [140485403006656] INFO perfrun.perfcollector <> - PERF_STAT : "     1.113080226;CPU10;281;;UNC_M_CAS_COUNT.RD[UNIT1];15985454;100.00;;"
7655 [140485403006656] INFO perfrun.perfcollector <> - PERF_STAT : "     1.113080226;CPU0;2950;;UNC_M_CAS_COUNT.RD[UNIT4];16001591;100.00;;"
7655 [140485403006656] INFO perfrun.perfcollector <> - PERF_STAT : "     1.113080226;CPU10;238;;UNC_M_CAS_COUNT.RD[UNIT4];15983529;100.00;;"
7655 [140485403006656] INFO perfrun.perfcollector <> - PERF_STAT : "     1.113080226;CPU0;3639;;UNC_M_CAS_COUNT.RD[UNIT5];16001475;100.00;;"
7655 [140485403006656] INFO perfrun.perfcollector <> - PERF_STAT : "     1.113080226;CPU10;351;;UNC_M_CAS_COUNT.RD[UNIT5];15981455;100.00;;"
7655 [140485403006656] INFO perfrun.perfcollector <> - PERF_STAT : "     1.113080226;CPU0;1182;;UNC_M_CAS_COUNT.WR[UNIT0];16001497;100.00;;"
7655 [140485403006656] INFO perfrun.perfcollector <> - PERF_STAT : "     1.113080226;CPU10;47;;UNC_M_CAS_COUNT.WR[UNIT0];15979566;100.00;;"
7655 [140485403006656] INFO perfrun.perfcollector <> - PERF_STAT : "     1.113080226;CPU0;2054;;UNC_M_CAS_COUNT.WR[UNIT1];16001484;100.00;;"
7655 [140485403006656] INFO perfrun.perfcollector <> - PERF_STAT : "     1.113080226;CPU10;138;;UNC_M_CAS_COUNT.WR[UNIT1];15977523;100.00;;"
7655 [140485403006656] INFO perfrun.perfcollector <> - PERF_STAT : "     1.113080226;CPU0;1226;;UNC_M_CAS_COUNT.WR[UNIT4];16001656;100.00;;"
7655 [140485403006656] INFO perfrun.perfcollector <> - PERF_STAT : "     1.113080226;CPU10;52;;UNC_M_CAS_COUNT.WR[UNIT4];15975885;100.00;;"
7655 [140485403006656] INFO perfrun.perfcollector <> - PERF_STAT : "     1.113080226;CPU0;1995;;UNC_M_CAS_COUNT.WR[UNIT5];16001751;100.00;;"
7655 [140485403006656] INFO perfrun.perfcollector <> - PERF_STAT : "     1.113080226;CPU10;153;;UNC_M_CAS_COUNT.WR[UNIT5];15974245;100.00;;"
7671 [140485403006656] INFO perfrun.perfcollector <> - PERF_STAT : "     1.128992583;CPU0;2417;;UNC_M_CAS_COUNT.RD[UNIT0];15999969;100.00;;"
7671 [140485403006656] INFO perfrun.perfcollector <> - PERF_STAT : "     1.128992583;CPU10;181;;UNC_M_CAS_COUNT.RD[UNIT0];16012823;100.00;;"
7671 [140485403006656] INFO perfrun.perfcollector <> - PERF_STAT : "     1.128992583;CPU0;3225;;UNC_M_CAS_COUNT.RD[UNIT1];15999771;100.00;;"
7671 [140485403006656] INFO perfrun.perfcollector <> - PERF_STAT : "     1.128992583;CPU10;291;;UNC_M_CAS_COUNT.RD[UNIT1];16015623;100.00;;"
7671 [140485403006656] INFO perfrun.perfcollector <> - PERF_STAT : "     1.128992583;CPU0;2394;;UNC_M_CAS_COUNT.RD[UNIT4];15999683;100.00;;"
7671 [140485403006656] INFO perfrun.perfcollector <> - PERF_STAT : "     1.128992583;CPU10;209;;UNC_M_CAS_COUNT.RD[UNIT4];16017622;100.00;;"
7671 [140485403006656] INFO perfrun.perfcollector <> - PERF_STAT : "     1.128992583;CPU0;3210;;UNC_M_CAS_COUNT.RD[UNIT5];15999707;100.00;;"
7671 [140485403006656] INFO perfrun.perfcollector <> - PERF_STAT : "     1.128992583;CPU10;328;;UNC_M_CAS_COUNT.RD[UNIT5];16019616;100.00;;"
7671 [140485403006656] INFO perfrun.perfcollector <> - PERF_STAT : "     1.128992583;CPU0;1198;;UNC_M_CAS_COUNT.WR[UNIT0];15999655;100.00;;"
7671 [140485403006656] INFO perfrun.perfcollector <> - PERF_STAT : "     1.128992583;CPU10;61;;UNC_M_CAS_COUNT.WR[UNIT0];16021485;100.00;;"
7671 [140485403006656] INFO perfrun.perfcollector <> - PERF_STAT : "     1.128992583;CPU0;2008;;UNC_M_CAS_COUNT.WR[UNIT1];15999535;100.00;;"
7671 [140485403006656] INFO perfrun.perfcollector <> - PERF_STAT : "     1.128992583;CPU10;151;;UNC_M_CAS_COUNT.WR[UNIT1];16023371;100.00;;"
7671 [140485403006656] INFO perfrun.perfcollector <> - PERF_STAT : "     1.128992583;CPU0;1253;;UNC_M_CAS_COUNT.WR[UNIT4];15999351;100.00;;"
7671 [140485403006656] INFO perfrun.perfcollector <> - PERF_STAT : "     1.128992583;CPU10;77;;UNC_M_CAS_COUNT.WR[UNIT4];16024933;100.00;;"
7671 [140485403006656] INFO perfrun.perfcollector <> - PERF_STAT : "     1.128992583;CPU0;2105;;UNC_M_CAS_COUNT.WR[UNIT5];15999219;100.00;;"
7671 [140485403006656] INFO perfrun.perfcollector <> - PERF_STAT : "     1.128992583;CPU10;169;;UNC_M_CAS_COUNT.WR[UNIT5];16026636;100.00;;"
7687 [140485403006656] INFO perfrun.perfcollector <> - PERF_STAT : "     1.145051809;CPU0;2289;;UNC_M_CAS_COUNT.RD[UNIT0];15997602;100.00;;"
7687 [140485403006656] INFO perfrun.perfcollector <> - PERF_STAT : "     1.145051809;CPU10;115;;UNC_M_CAS_COUNT.RD[UNIT0];15981419;100.00;;"
7687 [140485403006656] INFO perfrun.perfcollector <> - PERF_STAT : "     1.145051809;CPU0;3130;;UNC_M_CAS_COUNT.RD[UNIT1];15997550;100.00;;"
7687 [140485403006656] INFO perfrun.perfcollector <> - PERF_STAT : "     1.145051809;CPU10;189;;UNC_M_CAS_COUNT.RD[UNIT1];15978864;100.00;;"
7687 [140485403006656] INFO perfrun.perfcollector <> - PERF_STAT : "     1.145051809;CPU0;2313;;UNC_M_CAS_COUNT.RD[UNIT4];15997725;100.00;;"
7687 [140485403006656] INFO perfrun.perfcollector <> - PERF_STAT : "     1.145051809;CPU10;113;;UNC_M_CAS_COUNT.RD[UNIT4];15976880;100.00;;"
7687 [140485403006656] INFO perfrun.perfcollector <> - PERF_STAT : "     1.145051809;CPU0;3117;;UNC_M_CAS_COUNT.RD[UNIT5];15997801;100.00;;"
7687 [140485403006656] INFO perfrun.perfcollector <> - PERF_STAT : "     1.145051809;CPU10;200;;UNC_M_CAS_COUNT.RD[UNIT5];15974879;100.00;;"
7687 [140485403006656] INFO perfrun.perfcollector <> - PERF_STAT : "     1.145051809;CPU0;1207;;UNC_M_CAS_COUNT.WR[UNIT0];15997822;100.00;;"
7687 [140485403006656] INFO perfrun.perfcollector <> - PERF_STAT : "     1.145051809;CPU10;37;;UNC_M_CAS_COUNT.WR[UNIT0];15973144;100.00;;"
7687 [140485403006656] INFO perfrun.perfcollector <> - PERF_STAT : "     1.145051809;CPU0;1977;;UNC_M_CAS_COUNT.WR[UNIT1];15997956;100.00;;"
7687 [140485403006656] INFO perfrun.perfcollector <> - PERF_STAT : "     1.145051809;CPU10;102;;UNC_M_CAS_COUNT.WR[UNIT1];15971258;100.00;;"
7687 [140485403006656] INFO perfrun.perfcollector <> - PERF_STAT : "     1.145051809;CPU0;1160;;UNC_M_CAS_COUNT.WR[UNIT4];15997985;100.00;;"
7687 [140485403006656] INFO perfrun.perfcollector <> - PERF_STAT : "     1.145051809;CPU10;35;;UNC_M_CAS_COUNT.WR[UNIT4];15969520;100.00;;"
7687 [140485403006656] INFO perfrun.perfcollector <> - PERF_STAT : "     1.145051809;CPU0;1979;;UNC_M_CAS_COUNT.WR[UNIT5];15998097;100.00;;"
7687 [140485403006656] INFO perfrun.perfcollector <> - PERF_STAT : "     1.145051809;CPU10;104;;UNC_M_CAS_COUNT.WR[UNIT5];15967684;100.00;;"
7707 [140485403006656] INFO perfrun.perfcollector <> - PERF_STAT : "     1.160988814;CPU0;62595;;UNC_M_CAS_COUNT.RD[UNIT0];20023420;100.00;;"
7707 [140485403006656] INFO perfrun.perfcollector <> - PERF_STAT : "     1.160988814;CPU10;6075;;UNC_M_CAS_COUNT.RD[UNIT0];20047831;100.00;;"
7707 [140485403006656] INFO perfrun.perfcollector <> - PERF_STAT : "     1.160988814;CPU0;63844;;UNC_M_CAS_COUNT.RD[UNIT1];20024206;100.00;;"
7707 [140485403006656] INFO perfrun.perfcollector <> - PERF_STAT : "     1.160988814;CPU10;6132;;UNC_M_CAS_COUNT.RD[UNIT1];20050242;100.00;;"
7707 [140485403006656] INFO perfrun.perfcollector <> - PERF_STAT : "     1.160988814;CPU0;62605;;UNC_M_CAS_COUNT.RD[UNIT4];20024586;100.00;;"
7707 [140485403006656] INFO perfrun.perfcollector <> - PERF_STAT : "     1.160988814;CPU10;6045;;UNC_M_CAS_COUNT.RD[UNIT4];20052126;100.00;;"
7707 [140485403006656] INFO perfrun.perfcollector <> - PERF_STAT : "     1.160988814;CPU0;63866;;UNC_M_CAS_COUNT.RD[UNIT5];20024919;100.00;;"
7707 [140485403006656] INFO perfrun.perfcollector <> - PERF_STAT : "     1.160988814;CPU10;6353;;UNC_M_CAS_COUNT.RD[UNIT5];20053920;100.00;;"
7707 [140485403006656] INFO perfrun.perfcollector <> - PERF_STAT : "     1.160988814;CPU0;32527;;UNC_M_CAS_COUNT.WR[UNIT0];20025525;100.00;;"
7707 [140485403006656] INFO perfrun.perfcollector <> - PERF_STAT : "     1.160988814;CPU10;939;;UNC_M_CAS_COUNT.WR[UNIT0];20055782;100.00;;"
7707 [140485403006656] INFO perfrun.perfcollector <> - PERF_STAT : "     1.160988814;CPU0;33727;;UNC_M_CAS_COUNT.WR[UNIT1];20025869;100.00;;"
7707 [140485403006656] INFO perfrun.perfcollector <> - PERF_STAT : "     1.160988814;CPU10;945;;UNC_M_CAS_COUNT.WR[UNIT1];20057616;100.00;;"
7707 [140485403006656] INFO perfrun.perfcollector <> - PERF_STAT : "     1.160988814;CPU0;32683;;UNC_M_CAS_COUNT.WR[UNIT4];20026190;100.00;;"
7707 [140485403006656] INFO perfrun.perfcollector <> - PERF_STAT : "     1.160988814;CPU10;956;;UNC_M_CAS_COUNT.WR[UNIT4];20059413;100.00;;"
7707 [140485403006656] INFO perfrun.perfcollector <> - PERF_STAT : "     1.160988814;CPU0;33952;;UNC_M_CAS_COUNT.WR[UNIT5];20026535;100.00;;"
7707 [140485403006656] INFO perfrun.perfcollector <> - PERF_STAT : "     1.160988814;CPU10;1001;;UNC_M_CAS_COUNT.WR[UNIT5];20061149;100.00;;"
7727 [140485403006656] INFO perfrun.perfcollector <> - PERF_STAT : "     1.181107841;CPU0;48115;;UNC_M_CAS_COUNT.RD[UNIT0];19984924;100.00;;"
7727 [140485403006656] INFO perfrun.perfcollector <> - PERF_STAT : "     1.181107841;CPU10;787;;UNC_M_CAS_COUNT.RD[UNIT0];19992599;100.00;;"
7727 [140485403006656] INFO perfrun.perfcollector <> - PERF_STAT : "     1.181107841;CPU0;48829;;UNC_M_CAS_COUNT.RD[UNIT1];19987026;100.00;;"
7727 [140485403006656] INFO perfrun.perfcollector <> - PERF_STAT : "     1.181107841;CPU10;834;;UNC_M_CAS_COUNT.RD[UNIT1];19992764;100.00;;"
7727 [140485403006656] INFO perfrun.perfcollector <> - PERF_STAT : "     1.181107841;CPU0;47642;;UNC_M_CAS_COUNT.RD[UNIT4];19987413;100.00;;"
7727 [140485403006656] INFO perfrun.perfcollector <> - PERF_STAT : "     1.181107841;CPU10;806;;UNC_M_CAS_COUNT.RD[UNIT4];19992827;100.00;;"
7727 [140485403006656] INFO perfrun.perfcollector <> - PERF_STAT : "     1.181107841;CPU0;48744;;UNC_M_CAS_COUNT.RD[UNIT5];19988000;100.00;;"
7727 [140485403006656] INFO perfrun.perfcollector <> - PERF_STAT : "     1.181107841;CPU10;925;;UNC_M_CAS_COUNT.RD[UNIT5];19992793;100.00;;"
7727 [140485403006656] INFO perfrun.perfcollector <> - PERF_STAT : "     1.181107841;CPU0;4341;;UNC_M_CAS_COUNT.WR[UNIT0];19988338;100.00;;"
7727 [140485403006656] INFO perfrun.perfcollector <> - PERF_STAT : "     1.181107841;CPU10;705;;UNC_M_CAS_COUNT.WR[UNIT0];19992653;100.00;;"
7727 [140485403006656] INFO perfrun.perfcollector <> - PERF_STAT : "     1.181107841;CPU0;5251;;UNC_M_CAS_COUNT.WR[UNIT1];19988590;100.00;;"
7727 [140485403006656] INFO perfrun.perfcollector <> - PERF_STAT : "     1.181107841;CPU10;771;;UNC_M_CAS_COUNT.WR[UNIT1];19992655;100.00;;"
7727 [140485403006656] INFO perfrun.perfcollector <> - PERF_STAT : "     1.181107841;CPU0;4195;;UNC_M_CAS_COUNT.WR[UNIT4];19988559;100.00;;"
7727 [140485403006656] INFO perfrun.perfcollector <> - PERF_STAT : "     1.181107841;CPU10;690;;UNC_M_CAS_COUNT.WR[UNIT4];19992573;100.00;;"
7727 [140485403006656] INFO perfrun.perfcollector <> - PERF_STAT : "     1.181107841;CPU0;5291;;UNC_M_CAS_COUNT.WR[UNIT5];19988396;100.00;;"
7727 [140485403006656] INFO perfrun.perfcollector <> - PERF_STAT : "     1.181107841;CPU10;833;;UNC_M_CAS_COUNT.WR[UNIT5];19992582;100.00;;"
7743 [140485403006656] INFO perfrun.perfcollector <> - PERF_STAT : "     1.201073784;CPU0;23887;;UNC_M_CAS_COUNT.RD[UNIT0];16032425;100.00;;"
7743 [140485403006656] INFO perfrun.perfcollector <> - PERF_STAT : "     1.201073784;CPU10;584;;UNC_M_CAS_COUNT.RD[UNIT0];16031347;100.00;;"
7743 [140485403006656] INFO perfrun.perfcollector <> - PERF_STAT : "     1.201073784;CPU0;24501;;UNC_M_CAS_COUNT.RD[UNIT1];16031955;100.00;;"
7743 [140485403006656] INFO perfrun.perfcollector <> - PERF_STAT : "     1.201073784;CPU10;664;;UNC_M_CAS_COUNT.RD[UNIT1];16031314;100.00;;"
7743 [140485403006656] INFO perfrun.perfcollector <> - PERF_STAT : "     1.201073784;CPU0;23319;;UNC_M_CAS_COUNT.RD[UNIT4];16032128;100.00;;"
7743 [140485403006656] INFO perfrun.perfcollector <> - PERF_STAT : "     1.201073784;CPU10;599;;UNC_M_CAS_COUNT.RD[UNIT4];16031261;100.00;;"
7743 [140485403006656] INFO perfrun.perfcollector <> - PERF_STAT : "     1.201073784;CPU0;24292;;UNC_M_CAS_COUNT.RD[UNIT5];16032524;100.00;;"
7743 [140485403006656] INFO perfrun.perfcollector <> - PERF_STAT : "     1.201073784;CPU10;704;;UNC_M_CAS_COUNT.RD[UNIT5];16031421;100.00;;"
7743 [140485403006656] INFO perfrun.perfcollector <> - PERF_STAT : "     1.201073784;CPU0;1317;;UNC_M_CAS_COUNT.WR[UNIT0];16032489;100.00;;"
7743 [140485403006656] INFO perfrun.perfcollector <> - PERF_STAT : "     1.201073784;CPU10;93;;UNC_M_CAS_COUNT.WR[UNIT0];16031398;100.00;;"
7743 [140485403006656] INFO perfrun.perfcollector <> - PERF_STAT : "     1.201073784;CPU0;2048;;UNC_M_CAS_COUNT.WR[UNIT1];16032148;100.00;;"
7743 [140485403006656] INFO perfrun.perfcollector <> - PERF_STAT : "     1.201073784;CPU10;147;;UNC_M_CAS_COUNT.WR[UNIT1];16031575;100.00;;"
7743 [140485403006656] INFO perfrun.perfcollector <> - PERF_STAT : "     1.201073784;CPU0;1204;;UNC_M_CAS_COUNT.WR[UNIT4];16032143;100.00;;"
7743 [140485403006656] INFO perfrun.perfcollector <> - PERF_STAT : "     1.201073784;CPU10;94;;UNC_M_CAS_COUNT.WR[UNIT4];16031634;100.00;;"
7743 [140485403006656] INFO perfrun.perfcollector <> - PERF_STAT : "     1.201073784;CPU0;2049;;UNC_M_CAS_COUNT.WR[UNIT5];16032127;100.00;;"
7743 [140485403006656] INFO perfrun.perfcollector <> - PERF_STAT : "     1.201073784;CPU10;150;;UNC_M_CAS_COUNT.WR[UNIT5];16031685;100.00;;"
7759 [140485403006656] INFO perfrun.perfcollector <> - PERF_STAT : "     1.217126622;CPU0;23103;;UNC_M_CAS_COUNT.RD[UNIT0];15977949;100.00;;"
7759 [140485403006656] INFO perfrun.perfcollector <> - PERF_STAT : "     1.217126622;CPU10;268;;UNC_M_CAS_COUNT.RD[UNIT0];15953282;100.00;;"
7759 [140485403006656] INFO perfrun.perfcollector <> - PERF_STAT : "     1.217126622;CPU0;23716;;UNC_M_CAS_COUNT.RD[UNIT1];15977282;100.00;;"
7759 [140485403006656] INFO perfrun.perfcollector <> - PERF_STAT : "     1.217126622;CPU10;354;;UNC_M_CAS_COUNT.RD[UNIT1];15950389;100.00;;"
7759 [140485403006656] INFO perfrun.perfcollector <> - PERF_STAT : "     1.217126622;CPU0;22737;;UNC_M_CAS_COUNT.RD[UNIT4];15976982;100.00;;"
7759 [140485403006656] INFO perfrun.perfcollector <> - PERF_STAT : "     1.217126622;CPU10;287;;UNC_M_CAS_COUNT.RD[UNIT4];15948480;100.00;;"
7759 [140485403006656] INFO perfrun.perfcollector <> - PERF_STAT : "     1.217126622;CPU0;23738;;UNC_M_CAS_COUNT.RD[UNIT5];15976256;100.00;;"
7759 [140485403006656] INFO perfrun.perfcollector <> - PERF_STAT : "     1.217126622;CPU10;379;;UNC_M_CAS_COUNT.RD[UNIT5];15946582;100.00;;"
7759 [140485403006656] INFO perfrun.perfcollector <> - PERF_STAT : "     1.217126622;CPU0;1330;;UNC_M_CAS_COUNT.WR[UNIT0];15976168;100.00;;"
7759 [140485403006656] INFO perfrun.perfcollector <> - PERF_STAT : "     1.217126622;CPU10;38;;UNC_M_CAS_COUNT.WR[UNIT0];15944872;100.00;;"
7759 [140485403006656] INFO perfrun.perfcollector <> - PERF_STAT : "     1.217126622;CPU0;2100;;UNC_M_CAS_COUNT.WR[UNIT1];15976282;100.00;;"
7759 [140485403006656] INFO perfrun.perfcollector <> - PERF_STAT : "     1.217126622;CPU10;106;;UNC_M_CAS_COUNT.WR[UNIT1];15942848;100.00;;"
7759 [140485403006656] INFO perfrun.perfcollector <> - PERF_STAT : "     1.217126622;CPU0;1281;;UNC_M_CAS_COUNT.WR[UNIT4];15976183;100.00;;"
7759 [140485403006656] INFO perfrun.perfcollector <> - PERF_STAT : "     1.217126622;CPU10;44;;UNC_M_CAS_COUNT.WR[UNIT4];15941071;100.00;;"
7759 [140485403006656] INFO perfrun.perfcollector <> - PERF_STAT : "     1.217126622;CPU0;2142;;UNC_M_CAS_COUNT.WR[UNIT5];15976251;100.00;;"
7759 [140485403006656] INFO perfrun.perfcollector <> - PERF_STAT : "     1.217126622;CPU10;114;;UNC_M_CAS_COUNT.WR[UNIT5];15939270;100.00;;"
7775 [140485403006656] INFO perfrun.perfcollector <> - PERF_STAT : "     1.233016720;CPU0;23857;;UNC_M_CAS_COUNT.RD[UNIT0];15993484;100.00;;"
7775 [140485403006656] INFO perfrun.perfcollector <> - PERF_STAT : "     1.233016720;CPU10;1009;;UNC_M_CAS_COUNT.RD[UNIT0];16013186;100.00;;"
7775 [140485403006656] INFO perfrun.perfcollector <> - PERF_STAT : "     1.233016720;CPU0;24566;;UNC_M_CAS_COUNT.RD[UNIT1];15993742;100.00;;"
7775 [140485403006656] INFO perfrun.perfcollector <> - PERF_STAT : "     1.233016720;CPU10;1182;;UNC_M_CAS_COUNT.RD[UNIT1];16016049;100.00;;"
7775 [140485403006656] INFO perfrun.perfcollector <> - PERF_STAT : "     1.233016720;CPU0;23318;;UNC_M_CAS_COUNT.RD[UNIT4];15994198;100.00;;"
7775 [140485403006656] INFO perfrun.perfcollector <> - PERF_STAT : "     1.233016720;CPU10;1020;;UNC_M_CAS_COUNT.RD[UNIT4];16017888;100.00;;"
7775 [140485403006656] INFO perfrun.perfcollector <> - PERF_STAT : "     1.233016720;CPU0;24309;;UNC_M_CAS_COUNT.RD[UNIT5];15994404;100.00;;"
7775 [140485403006656] INFO perfrun.perfcollector <> - PERF_STAT : "     1.233016720;CPU10;1244;;UNC_M_CAS_COUNT.RD[UNIT5];16019709;100.00;;"
7775 [140485403006656] INFO perfrun.perfcollector <> - PERF_STAT : "     1.233016720;CPU0;1007;;UNC_M_CAS_COUNT.WR[UNIT0];15994303;100.00;;"
7775 [140485403006656] INFO perfrun.perfcollector <> - PERF_STAT : "     1.233016720;CPU10;94;;UNC_M_CAS_COUNT.WR[UNIT0];16021443;100.00;;"
7775 [140485403006656] INFO perfrun.perfcollector <> - PERF_STAT : "     1.233016720;CPU0;1890;;UNC_M_CAS_COUNT.WR[UNIT1];15994508;100.00;;"
7775 [140485403006656] INFO perfrun.perfcollector <> - PERF_STAT : "     1.233016720;CPU10;239;;UNC_M_CAS_COUNT.WR[UNIT1];16023296;100.00;;"
7775 [140485403006656] INFO perfrun.perfcollector <> - PERF_STAT : "     1.233016720;CPU0;1017;;UNC_M_CAS_COUNT.WR[UNIT4];15994505;100.00;;"
7775 [140485403006656] INFO perfrun.perfcollector <> - PERF_STAT : "     1.233016720;CPU10;94;;UNC_M_CAS_COUNT.WR[UNIT4];16025020;100.00;;"
7775 [140485403006656] INFO perfrun.perfcollector <> - PERF_STAT : "     1.233016720;CPU0;1896;;UNC_M_CAS_COUNT.WR[UNIT5];15994672;100.00;;"
7775 [140485403006656] INFO perfrun.perfcollector <> - PERF_STAT : "     1.233016720;CPU10;244;;UNC_M_CAS_COUNT.WR[UNIT5];16026757;100.00;;"
7791 [140485403006656] INFO perfrun.perfcollector <> - PERF_STAT : "     1.249094224;CPU0;29545;;UNC_M_CAS_COUNT.RD[UNIT0];16026417;100.00;;"
7791 [140485403006656] INFO perfrun.perfcollector <> - PERF_STAT : "     1.249094224;CPU10;363;;UNC_M_CAS_COUNT.RD[UNIT0];16008746;100.00;;"
7791 [140485403006656] INFO perfrun.perfcollector <> - PERF_STAT : "     1.249094224;CPU0;30035;;UNC_M_CAS_COUNT.RD[UNIT1];16026103;100.00;;"
7791 [140485403006656] INFO perfrun.perfcollector <> - PERF_STAT : "     1.249094224;CPU10;451;;UNC_M_CAS_COUNT.RD[UNIT1];16005915;100.00;;"
7791 [140485403006656] INFO perfrun.perfcollector <> - PERF_STAT : "     1.249094224;CPU0;29012;;UNC_M_CAS_COUNT.RD[UNIT4];16026098;100.00;;"
7791 [140485403006656] INFO perfrun.perfcollector <> - PERF_STAT : "     1.249094224;CPU10;356;;UNC_M_CAS_COUNT.RD[UNIT4];16004249;100.00;;"
7791 [140485403006656] INFO perfrun.perfcollector <> - PERF_STAT : "     1.249094224;CPU0;29684;;UNC_M_CAS_COUNT.RD[UNIT5];16026167;100.00;;"
7791 [140485403006656] INFO perfrun.perfcollector <> - PERF_STAT : "     1.249094224;CPU10;494;;UNC_M_CAS_COUNT.RD[UNIT5];16002607;100.00;;"
7791 [140485403006656] INFO perfrun.perfcollector <> - PERF_STAT : "     1.249094224;CPU0;1622;;UNC_M_CAS_COUNT.WR[UNIT0];16026101;100.00;;"
7791 [140485403006656] INFO perfrun.perfcollector <> - PERF_STAT : "     1.249094224;CPU10;231;;UNC_M_CAS_COUNT.WR[UNIT0];16000738;100.00;;"
7791 [140485403006656] INFO perfrun.perfcollector <> - PERF_STAT : "     1.249094224;CPU0;2468;;UNC_M_CAS_COUNT.WR[UNIT1];16025788;100.00;;"
7791 [140485403006656] INFO perfrun.perfcollector <> - PERF_STAT : "     1.249094224;CPU10;316;;UNC_M_CAS_COUNT.WR[UNIT1];15998893;100.00;;"
7791 [140485403006656] INFO perfrun.perfcollector <> - PERF_STAT : "     1.249094224;CPU0;1557;;UNC_M_CAS_COUNT.WR[UNIT4];16025926;100.00;;"
7791 [140485403006656] INFO perfrun.perfcollector <> - PERF_STAT : "     1.249094224;CPU10;219;;UNC_M_CAS_COUNT.WR[UNIT4];15997184;100.00;;"
7791 [140485403006656] INFO perfrun.perfcollector <> - PERF_STAT : "     1.249094224;CPU0;2381;;UNC_M_CAS_COUNT.WR[UNIT5];16025772;100.00;;"
7791 [140485403006656] INFO perfrun.perfcollector <> - PERF_STAT : "     1.249094224;CPU10;330;;UNC_M_CAS_COUNT.WR[UNIT5];15995446;100.00;;"
7807 [140485403006656] INFO perfrun.perfcollector <> - PERF_STAT : "     1.265036465;CPU0;22342;;UNC_M_CAS_COUNT.RD[UNIT0];15967995;100.00;;"
7810 [140485403006656] INFO perfrun.perfcollector <> - PERF_STAT : "     1.265036465;CPU10;2628;;UNC_M_CAS_COUNT.RD[UNIT0];15991881;100.00;;"
7810 [140485403006656] INFO perfrun.perfcollector <> - PERF_STAT : "     1.265036465;CPU0;22972;;UNC_M_CAS_COUNT.RD[UNIT1];15968131;100.00;;"
7810 [140485403006656] INFO perfrun.perfcollector <> - PERF_STAT : "     1.265036465;CPU10;2748;;UNC_M_CAS_COUNT.RD[UNIT1];15994862;100.00;;"
7810 [140485403006656] INFO perfrun.perfcollector <> - PERF_STAT : "     1.265036465;CPU0;22057;;UNC_M_CAS_COUNT.RD[UNIT4];15968063;100.00;;"
7810 [140485403006656] INFO perfrun.perfcollector <> - PERF_STAT : "     1.265036465;CPU10;2602;;UNC_M_CAS_COUNT.RD[UNIT4];15996604;100.00;;"
7811 [140485403006656] INFO perfrun.perfcollector <> - PERF_STAT : "     1.265036465;CPU0;22807;;UNC_M_CAS_COUNT.RD[UNIT5];15979649;100.00;;"
7811 [140485403006656] INFO perfrun.perfcollector <> - PERF_STAT : "     1.265036465;CPU10;2877;;UNC_M_CAS_COUNT.RD[UNIT5];15998237;100.00;;"
7811 [140485403006656] INFO perfrun.perfcollector <> - PERF_STAT : "     1.265036465;CPU0;1605;;UNC_M_CAS_COUNT.WR[UNIT0];15980171;100.00;;"
7811 [140485403006656] INFO perfrun.perfcollector <> - PERF_STAT : "     1.265036465;CPU10;732;;UNC_M_CAS_COUNT.WR[UNIT0];16000282;100.00;;"
7811 [140485403006656] INFO perfrun.perfcollector <> - PERF_STAT : "     1.265036465;CPU0;2526;;UNC_M_CAS_COUNT.WR[UNIT1];15980480;100.00;;"
7811 [140485403006656] INFO perfrun.perfcollector <> - PERF_STAT : "     1.265036465;CPU10;860;;UNC_M_CAS_COUNT.WR[UNIT1];16002228;100.00;;"
7811 [140485403006656] INFO perfrun.perfcollector <> - PERF_STAT : "     1.265036465;CPU0;1616;;UNC_M_CAS_COUNT.WR[UNIT4];15980503;100.00;;"
7811 [140485403006656] INFO perfrun.perfcollector <> - PERF_STAT : "     1.265036465;CPU10;763;;UNC_M_CAS_COUNT.WR[UNIT4];16003998;100.00;;"
7811 [140485403006656] INFO perfrun.perfcollector <> - PERF_STAT : "     1.265036465;CPU0;2516;;UNC_M_CAS_COUNT.WR[UNIT5];15980556;100.00;;"
7811 [140485403006656] INFO perfrun.perfcollector <> - PERF_STAT : "     1.265036465;CPU10;954;;UNC_M_CAS_COUNT.WR[UNIT5];16005910;100.00;;"
7827 [140485403006656] INFO perfrun.perfcollector <> - PERF_STAT : "     1.281099183;CPU0;39448;;UNC_M_CAS_COUNT.RD[UNIT0];20015978;100.00;;"
7827 [140485403006656] INFO perfrun.perfcollector <> - PERF_STAT : "     1.281099183;CPU10;2661;;UNC_M_CAS_COUNT.RD[UNIT0];20012075;100.00;;"
7827 [140485403006656] INFO perfrun.perfcollector <> - PERF_STAT : "     1.281099183;CPU0;40373;;UNC_M_CAS_COUNT.RD[UNIT1];20017058;100.00;;"
7827 [140485403006656] INFO perfrun.perfcollector <> - PERF_STAT : "     1.281099183;CPU10;2938;;UNC_M_CAS_COUNT.RD[UNIT1];20011838;100.00;;"
7827 [140485403006656] INFO perfrun.perfcollector <> - PERF_STAT : "     1.281099183;CPU0;39268;;UNC_M_CAS_COUNT.RD[UNIT4];20017468;100.00;;"
7827 [140485403006656] INFO perfrun.perfcollector <> - PERF_STAT : "     1.281099183;CPU10;2691;;UNC_M_CAS_COUNT.RD[UNIT4];20011749;100.00;;"
7827 [140485403006656] INFO perfrun.perfcollector <> - PERF_STAT : "     1.281099183;CPU0;40361;;UNC_M_CAS_COUNT.RD[UNIT5];20006032;100.00;;"
7827 [140485403006656] INFO perfrun.perfcollector <> - PERF_STAT : "     1.281099183;CPU10;3047;;UNC_M_CAS_COUNT.RD[UNIT5];20011722;100.00;;"
7827 [140485403006656] INFO perfrun.perfcollector <> - PERF_STAT : "     1.281099183;CPU0;2541;;UNC_M_CAS_COUNT.WR[UNIT0];20006092;100.00;;"
7827 [140485403006656] INFO perfrun.perfcollector <> - PERF_STAT : "     1.281099183;CPU10;386;;UNC_M_CAS_COUNT.WR[UNIT0];20011632;100.00;;"
7827 [140485403006656] INFO perfrun.perfcollector <> - PERF_STAT : "     1.281099183;CPU0;3617;;UNC_M_CAS_COUNT.WR[UNIT1];20006085;100.00;;"
7827 [140485403006656] INFO perfrun.perfcollector <> - PERF_STAT : "     1.281099183;CPU10;681;;UNC_M_CAS_COUNT.WR[UNIT1];20011548;100.00;;"
7827 [140485403006656] INFO perfrun.perfcollector <> - PERF_STAT : "     1.281099183;CPU0;2513;;UNC_M_CAS_COUNT.WR[UNIT4];20006093;100.00;;"
7827 [140485403006656] INFO perfrun.perfcollector <> - PERF_STAT : "     1.281099183;CPU10;447;;UNC_M_CAS_COUNT.WR[UNIT4];20011497;100.00;;"
7827 [140485403006656] INFO perfrun.perfcollector <> - PERF_STAT : "     1.281099183;CPU0;3610;;UNC_M_CAS_COUNT.WR[UNIT5];20006159;100.00;;"
7827 [140485403006656] INFO perfrun.perfcollector <> - PERF_STAT : "     1.281099183;CPU10;746;;UNC_M_CAS_COUNT.WR[UNIT5];20011310;100.00;;"
7843 [140485403006656] INFO perfrun.perfcollector <> - PERF_STAT : "     1.301088247;CPU0;25174;;UNC_M_CAS_COUNT.RD[UNIT0];15987286;100.00;;"
7843 [140485403006656] INFO perfrun.perfcollector <> - PERF_STAT : "     1.301088247;CPU10;412;;UNC_M_CAS_COUNT.RD[UNIT0];15984144;100.00;;"
7843 [140485403006656] INFO perfrun.perfcollector <> - PERF_STAT : "     1.301088247;CPU0;25812;;UNC_M_CAS_COUNT.RD[UNIT1];15985797;100.00;;"
7843 [140485403006656] INFO perfrun.perfcollector <> - PERF_STAT : "     1.301088247;CPU10;528;;UNC_M_CAS_COUNT.RD[UNIT1];15984187;100.00;;"
7843 [140485403006656] INFO perfrun.perfcollector <> - PERF_STAT : "     1.301088247;CPU0;25068;;UNC_M_CAS_COUNT.RD[UNIT4];15985059;100.00;;"
7843 [140485403006656] INFO perfrun.perfcollector <> - PERF_STAT : "     1.301088247;CPU10;450;;UNC_M_CAS_COUNT.RD[UNIT4];15984233;100.00;;"
7843 [140485403006656] INFO perfrun.perfcollector <> - PERF_STAT : "     1.301088247;CPU0;25836;;UNC_M_CAS_COUNT.RD[UNIT5];15984873;100.00;;"
7843 [140485403006656] INFO perfrun.perfcollector <> - PERF_STAT : "     1.301088247;CPU10;564;;UNC_M_CAS_COUNT.RD[UNIT5];15984380;100.00;;"
7843 [140485403006656] INFO perfrun.perfcollector <> - PERF_STAT : "     1.301088247;CPU0;855;;UNC_M_CAS_COUNT.WR[UNIT0];15984549;100.00;;"
7843 [140485403006656] INFO perfrun.perfcollector <> - PERF_STAT : "     1.301088247;CPU10;99;;UNC_M_CAS_COUNT.WR[UNIT0];15984280;100.00;;"
7843 [140485403006656] INFO perfrun.perfcollector <> - PERF_STAT : "     1.301088247;CPU0;1640;;UNC_M_CAS_COUNT.WR[UNIT1];15984529;100.00;;"
7843 [140485403006656] INFO perfrun.perfcollector <> - PERF_STAT : "     1.301088247;CPU10;161;;UNC_M_CAS_COUNT.WR[UNIT1];15984277;100.00;;"
7843 [140485403006656] INFO perfrun.perfcollector <> - PERF_STAT : "     1.301088247;CPU0;806;;UNC_M_CAS_COUNT.WR[UNIT4];15984452;100.00;;"
7843 [140485403006656] INFO perfrun.perfcollector <> - PERF_STAT : "     1.301088247;CPU10;106;;UNC_M_CAS_COUNT.WR[UNIT4];15984337;100.00;;"
7843 [140485403006656] INFO perfrun.perfcollector <> - PERF_STAT : "     1.301088247;CPU0;1701;;UNC_M_CAS_COUNT.WR[UNIT5];15984627;100.00;;"
7843 [140485403006656] INFO perfrun.perfcollector <> - PERF_STAT : "     1.301088247;CPU10;174;;UNC_M_CAS_COUNT.WR[UNIT5];15984401;100.00;;"
7859 [140485403006656] INFO perfrun.perfcollector <> - PERF_STAT : "     1.317102128;CPU0;22362;;UNC_M_CAS_COUNT.RD[UNIT0];15997997;100.00;;"
7859 [140485403006656] INFO perfrun.perfcollector <> - PERF_STAT : "     1.317102128;CPU10;426;;UNC_M_CAS_COUNT.RD[UNIT0];15999884;100.00;;"
7859 [140485403006656] INFO perfrun.perfcollector <> - PERF_STAT : "     1.317102128;CPU0;23108;;UNC_M_CAS_COUNT.RD[UNIT1];15998235;100.00;;"
7859 [140485403006656] INFO perfrun.perfcollector <> - PERF_STAT : "     1.317102128;CPU10;509;;UNC_M_CAS_COUNT.RD[UNIT1];15999865;100.00;;"
7859 [140485403006656] INFO perfrun.perfcollector <> - PERF_STAT : "     1.317102128;CPU0;22306;;UNC_M_CAS_COUNT.RD[UNIT4];15998275;100.00;;"
7859 [140485403006656] INFO perfrun.perfcollector <> - PERF_STAT : "     1.317102128;CPU10;454;;UNC_M_CAS_COUNT.RD[UNIT4];15999862;100.00;;"
7859 [140485403006656] INFO perfrun.perfcollector <> - PERF_STAT : "     1.317102128;CPU0;23061;;UNC_M_CAS_COUNT.RD[UNIT5];15998034;100.00;;"
7859 [140485403006656] INFO perfrun.perfcollector <> - PERF_STAT : "     1.317102128;CPU10;534;;UNC_M_CAS_COUNT.RD[UNIT5];15999898;100.00;;"
7859 [140485403006656] INFO perfrun.perfcollector <> - PERF_STAT : "     1.317102128;CPU0;848;;UNC_M_CAS_COUNT.WR[UNIT0];15998005;100.00;;"
7859 [140485403006656] INFO perfrun.perfcollector <> - PERF_STAT : "     1.317102128;CPU10;36;;UNC_M_CAS_COUNT.WR[UNIT0];15999891;100.00;;"
7859 [140485403006656] INFO perfrun.perfcollector <> - PERF_STAT : "     1.317102128;CPU0;1717;;UNC_M_CAS_COUNT.WR[UNIT1];15997905;100.00;;"
7859 [140485403006656] INFO perfrun.perfcollector <> - PERF_STAT : "     1.317102128;CPU10;104;;UNC_M_CAS_COUNT.WR[UNIT1];15999864;100.00;;"
7859 [140485403006656] INFO perfrun.perfcollector <> - PERF_STAT : "     1.317102128;CPU0;840;;UNC_M_CAS_COUNT.WR[UNIT4];15997817;100.00;;"
7859 [140485403006656] INFO perfrun.perfcollector <> - PERF_STAT : "     1.317102128;CPU10;49;;UNC_M_CAS_COUNT.WR[UNIT4];15999908;100.00;;"
7859 [140485403006656] INFO perfrun.perfcollector <> - PERF_STAT : "     1.317102128;CPU0;1734;;UNC_M_CAS_COUNT.WR[UNIT5];15997438;100.00;;"
7859 [140485403006656] INFO perfrun.perfcollector <> - PERF_STAT : "     1.317102128;CPU10;111;;UNC_M_CAS_COUNT.WR[UNIT5];15999861;100.00;;"
7875 [140485403006656] INFO perfrun.perfcollector <> - PERF_STAT : "     1.333068238;CPU0;23150;;UNC_M_CAS_COUNT.RD[UNIT0];16002744;100.00;;"
7875 [140485403006656] INFO perfrun.perfcollector <> - PERF_STAT : "     1.333068238;CPU10;365;;UNC_M_CAS_COUNT.RD[UNIT0];16008841;100.00;;"
7875 [140485403006656] INFO perfrun.perfcollector <> - PERF_STAT : "     1.333068238;CPU0;24011;;UNC_M_CAS_COUNT.RD[UNIT1];16003035;100.00;;"
7875 [140485403006656] INFO perfrun.perfcollector <> - PERF_STAT : "     1.333068238;CPU10;478;;UNC_M_CAS_COUNT.RD[UNIT1];16005967;100.00;;"
7875 [140485403006656] INFO perfrun.perfcollector <> - PERF_STAT : "     1.333068238;CPU0;23225;;UNC_M_CAS_COUNT.RD[UNIT4];16003125;100.00;;"
7875 [140485403006656] INFO perfrun.perfcollector <> - PERF_STAT : "     1.333068238;CPU10;407;;UNC_M_CAS_COUNT.RD[UNIT4];16004079;100.00;;"
7875 [140485403006656] INFO perfrun.perfcollector <> - PERF_STAT : "     1.333068238;CPU0;23943;;UNC_M_CAS_COUNT.RD[UNIT5];16003107;100.00;;"
7875 [140485403006656] INFO perfrun.perfcollector <> - PERF_STAT : "     1.333068238;CPU10;522;;UNC_M_CAS_COUNT.RD[UNIT5];16002299;100.00;;"
7875 [140485403006656] INFO perfrun.perfcollector <> - PERF_STAT : "     1.333068238;CPU0;563;;UNC_M_CAS_COUNT.WR[UNIT0];16003048;100.00;;"
7875 [140485403006656] INFO perfrun.perfcollector <> - PERF_STAT : "     1.333068238;CPU10;31;;UNC_M_CAS_COUNT.WR[UNIT0];16000599;100.00;;"
7875 [140485403006656] INFO perfrun.perfcollector <> - PERF_STAT : "     1.333068238;CPU0;1413;;UNC_M_CAS_COUNT.WR[UNIT1];16003215;100.00;;"
7875 [140485403006656] INFO perfrun.perfcollector <> - PERF_STAT : "     1.333068238;CPU10;111;;UNC_M_CAS_COUNT.WR[UNIT1];15998758;100.00;;"
7875 [140485403006656] INFO perfrun.perfcollector <> - PERF_STAT : "     1.333068238;CPU0;554;;UNC_M_CAS_COUNT.WR[UNIT4];16003241;100.00;;"
7875 [140485403006656] INFO perfrun.perfcollector <> - PERF_STAT : "     1.333068238;CPU10;43;;UNC_M_CAS_COUNT.WR[UNIT4];15996894;100.00;;"
7875 [140485403006656] INFO perfrun.perfcollector <> - PERF_STAT : "     1.333068238;CPU0;1400;;UNC_M_CAS_COUNT.WR[UNIT5];16003116;100.00;;"
7875 [140485403006656] INFO perfrun.perfcollector <> - PERF_STAT : "     1.333068238;CPU10;123;;UNC_M_CAS_COUNT.WR[UNIT5];15995128;100.00;;"
7891 [140485403006656] INFO perfrun.perfcollector <> - PERF_STAT : "     1.349028296;CPU0;21841;;UNC_M_CAS_COUNT.RD[UNIT0];15997504;100.00;;"
7891 [140485403006656] INFO perfrun.perfcollector <> - PERF_STAT : "     1.349028296;CPU10;264;;UNC_M_CAS_COUNT.RD[UNIT0];15990001;100.00;;"
7891 [140485403006656] INFO perfrun.perfcollector <> - PERF_STAT : "     1.349028296;CPU0;22518;;UNC_M_CAS_COUNT.RD[UNIT1];15996968;100.00;;"
7891 [140485403006656] INFO perfrun.perfcollector <> - PERF_STAT : "     1.349028296;CPU10;307;;UNC_M_CAS_COUNT.RD[UNIT1];15992934;100.00;;"
7891 [140485403006656] INFO perfrun.perfcollector <> - PERF_STAT : "     1.349028296;CPU0;21685;;UNC_M_CAS_COUNT.RD[UNIT4];15996853;100.00;;"
7891 [140485403006656] INFO perfrun.perfcollector <> - PERF_STAT : "     1.349028296;CPU10;279;;UNC_M_CAS_COUNT.RD[UNIT4];15994822;100.00;;"
7891 [140485403006656] INFO perfrun.perfcollector <> - PERF_STAT : "     1.349028296;CPU0;22325;;UNC_M_CAS_COUNT.RD[UNIT5];15996886;100.00;;"
7891 [140485403006656] INFO perfrun.perfcollector <> - PERF_STAT : "     1.349028296;CPU10;363;;UNC_M_CAS_COUNT.RD[UNIT5];15996449;100.00;;"
7891 [140485403006656] INFO perfrun.perfcollector <> - PERF_STAT : "     1.349028296;CPU0;543;;UNC_M_CAS_COUNT.WR[UNIT0];15997289;100.00;;"
7891 [140485403006656] INFO perfrun.perfcollector <> - PERF_STAT : "     1.349028296;CPU10;38;;UNC_M_CAS_COUNT.WR[UNIT0];15998346;100.00;;"
7891 [140485403006656] INFO perfrun.perfcollector <> - PERF_STAT : "     1.349028296;CPU0;1342;;UNC_M_CAS_COUNT.WR[UNIT1];15997129;100.00;;"
7891 [140485403006656] INFO perfrun.perfcollector <> - PERF_STAT : "     1.349028296;CPU10;89;;UNC_M_CAS_COUNT.WR[UNIT1];16000245;100.00;;"
7891 [140485403006656] INFO perfrun.perfcollector <> - PERF_STAT : "     1.349028296;CPU0;495;;UNC_M_CAS_COUNT.WR[UNIT4];15997140;100.00;;"
7891 [140485403006656] INFO perfrun.perfcollector <> - PERF_STAT : "     1.349028296;CPU10;37;;UNC_M_CAS_COUNT.WR[UNIT4];16002008;100.00;;"
7891 [140485403006656] INFO perfrun.perfcollector <> - PERF_STAT : "     1.349028296;CPU0;1350;;UNC_M_CAS_COUNT.WR[UNIT5];15997138;100.00;;"
7891 [140485403006656] INFO perfrun.perfcollector <> - PERF_STAT : "     1.349028296;CPU10;108;;UNC_M_CAS_COUNT.WR[UNIT5];16003820;100.00;;"
7907 [140485403006656] INFO perfrun.perfcollector <> - PERF_STAT : "     1.365088866;CPU0;21999;;UNC_M_CAS_COUNT.RD[UNIT0];16000736;100.00;;"
7907 [140485403006656] INFO perfrun.perfcollector <> - PERF_STAT : "     1.365088866;CPU10;442;;UNC_M_CAS_COUNT.RD[UNIT0];16006106;100.00;;"
7907 [140485403006656] INFO perfrun.perfcollector <> - PERF_STAT : "     1.365088866;CPU0;22585;;UNC_M_CAS_COUNT.RD[UNIT1];16001457;100.00;;"
7907 [140485403006656] INFO perfrun.perfcollector <> - PERF_STAT : "     1.365088866;CPU10;550;;UNC_M_CAS_COUNT.RD[UNIT1];16003173;100.00;;"
7907 [140485403006656] INFO perfrun.perfcollector <> - PERF_STAT : "     1.365088866;CPU0;21980;;UNC_M_CAS_COUNT.RD[UNIT4];16001464;100.00;;"
7907 [140485403006656] INFO perfrun.perfcollector <> - PERF_STAT : "     1.365088866;CPU10;492;;UNC_M_CAS_COUNT.RD[UNIT4];16001307;100.00;;"
7907 [140485403006656] INFO perfrun.perfcollector <> - PERF_STAT : "     1.365088866;CPU0;22660;;UNC_M_CAS_COUNT.RD[UNIT5];16001447;100.00;;"
7907 [140485403006656] INFO perfrun.perfcollector <> - PERF_STAT : "     1.365088866;CPU10;619;;UNC_M_CAS_COUNT.RD[UNIT5];15999734;100.00;;"
7907 [140485403006656] INFO perfrun.perfcollector <> - PERF_STAT : "     1.365088866;CPU0;819;;UNC_M_CAS_COUNT.WR[UNIT0];16001568;100.00;;"
7907 [140485403006656] INFO perfrun.perfcollector <> - PERF_STAT : "     1.365088866;CPU10;40;;UNC_M_CAS_COUNT.WR[UNIT0];15997791;100.00;;"
7907 [140485403006656] INFO perfrun.perfcollector <> - PERF_STAT : "     1.365088866;CPU0;1652;;UNC_M_CAS_COUNT.WR[UNIT1];16001489;100.00;;"
7907 [140485403006656] INFO perfrun.perfcollector <> - PERF_STAT : "     1.365088866;CPU10;140;;UNC_M_CAS_COUNT.WR[UNIT1];15995898;100.00;;"
7907 [140485403006656] INFO perfrun.perfcollector <> - PERF_STAT : "     1.365088866;CPU0;811;;UNC_M_CAS_COUNT.WR[UNIT4];16001485;100.00;;"
7907 [140485403006656] INFO perfrun.perfcollector <> - PERF_STAT : "     1.365088866;CPU10;58;;UNC_M_CAS_COUNT.WR[UNIT4];15994155;100.00;;"
7907 [140485403006656] INFO perfrun.perfcollector <> - PERF_STAT : "     1.365088866;CPU0;1656;;UNC_M_CAS_COUNT.WR[UNIT5];16001603;100.00;;"
7907 [140485403006656] INFO perfrun.perfcollector <> - PERF_STAT : "     1.365088866;CPU10;158;;UNC_M_CAS_COUNT.WR[UNIT5];15992356;100.00;;"
7927 [140485403006656] INFO perfrun.perfcollector <> - PERF_STAT : "     1.381026879;CPU0;31220;;UNC_M_CAS_COUNT.RD[UNIT0];20001204;100.00;;"
7927 [140485403006656] INFO perfrun.perfcollector <> - PERF_STAT : "     1.381026879;CPU10;883;;UNC_M_CAS_COUNT.RD[UNIT0];20001102;100.00;;"
7927 [140485403006656] INFO perfrun.perfcollector <> - PERF_STAT : "     1.381026879;CPU0;32074;;UNC_M_CAS_COUNT.RD[UNIT1];20001666;100.00;;"
7927 [140485403006656] INFO perfrun.perfcollector <> - PERF_STAT : "     1.381026879;CPU10;934;;UNC_M_CAS_COUNT.RD[UNIT1];20004018;100.00;;"
7927 [140485403006656] INFO perfrun.perfcollector <> - PERF_STAT : "     1.381026879;CPU0;30974;;UNC_M_CAS_COUNT.RD[UNIT4];20002196;100.00;;"
7927 [140485403006656] INFO perfrun.perfcollector <> - PERF_STAT : "     1.381026879;CPU10;858;;UNC_M_CAS_COUNT.RD[UNIT4];20005831;100.00;;"
7927 [140485403006656] INFO perfrun.perfcollector <> - PERF_STAT : "     1.381026879;CPU0;31964;;UNC_M_CAS_COUNT.RD[UNIT5];20002491;100.00;;"
7927 [140485403006656] INFO perfrun.perfcollector <> - PERF_STAT : "     1.381026879;CPU10;988;;UNC_M_CAS_COUNT.RD[UNIT5];20007524;100.00;;"
7927 [140485403006656] INFO perfrun.perfcollector <> - PERF_STAT : "     1.381026879;CPU0;1061;;UNC_M_CAS_COUNT.WR[UNIT0];20002076;100.00;;"
7927 [140485403006656] INFO perfrun.perfcollector <> - PERF_STAT : "     1.381026879;CPU10;118;;UNC_M_CAS_COUNT.WR[UNIT0];20009474;100.00;;"
7927 [140485403006656] INFO perfrun.perfcollector <> - PERF_STAT : "     1.381026879;CPU0;2065;;UNC_M_CAS_COUNT.WR[UNIT1];20002081;100.00;;"
7927 [140485403006656] INFO perfrun.perfcollector <> - PERF_STAT : "     1.381026879;CPU10;165;;UNC_M_CAS_COUNT.WR[UNIT1];20011356;100.00;;"
7927 [140485403006656] INFO perfrun.perfcollector <> - PERF_STAT : "     1.381026879;CPU0;943;;UNC_M_CAS_COUNT.WR[UNIT4];20002049;100.00;;"
7927 [140485403006656] INFO perfrun.perfcollector <> - PERF_STAT : "     1.381026879;CPU10;115;;UNC_M_CAS_COUNT.WR[UNIT4];20013216;100.00;;"
7927 [140485403006656] INFO perfrun.perfcollector <> - PERF_STAT : "     1.381026879;CPU0;2039;;UNC_M_CAS_COUNT.WR[UNIT5];20002167;100.00;;"
7927 [140485403006656] INFO perfrun.perfcollector <> - PERF_STAT : "     1.381026879;CPU10;183;;UNC_M_CAS_COUNT.WR[UNIT5];20015009;100.00;;"
7943 [140485403006656] INFO perfrun.perfcollector <> - PERF_STAT : "     1.401095584;CPU0;20967;;UNC_M_CAS_COUNT.RD[UNIT0];15998633;100.00;;"
7943 [140485403006656] INFO perfrun.perfcollector <> - PERF_STAT : "     1.401095584;CPU10;564;;UNC_M_CAS_COUNT.RD[UNIT0];15992123;100.00;;"
7943 [140485403006656] INFO perfrun.perfcollector <> - PERF_STAT : "     1.401095584;CPU0;21703;;UNC_M_CAS_COUNT.RD[UNIT1];15997997;100.00;;"
7943 [140485403006656] INFO perfrun.perfcollector <> - PERF_STAT : "     1.401095584;CPU10;621;;UNC_M_CAS_COUNT.RD[UNIT1];15992183;100.00;;"
7943 [140485403006656] INFO perfrun.perfcollector <> - PERF_STAT : "     1.401095584;CPU0;20755;;UNC_M_CAS_COUNT.RD[UNIT4];15997259;100.00;;"
7943 [140485403006656] INFO perfrun.perfcollector <> - PERF_STAT : "     1.401095584;CPU10;512;;UNC_M_CAS_COUNT.RD[UNIT4];15992306;100.00;;"
7943 [140485403006656] INFO perfrun.perfcollector <> - PERF_STAT : "     1.401095584;CPU0;21507;;UNC_M_CAS_COUNT.RD[UNIT5];15997042;100.00;;"
7943 [140485403006656] INFO perfrun.perfcollector <> - PERF_STAT : "     1.401095584;CPU10;612;;UNC_M_CAS_COUNT.RD[UNIT5];15992436;100.00;;"
7943 [140485403006656] INFO perfrun.perfcollector <> - PERF_STAT : "     1.401095584;CPU0;703;;UNC_M_CAS_COUNT.WR[UNIT0];15997259;100.00;;"
7943 [140485403006656] INFO perfrun.perfcollector <> - PERF_STAT : "     1.401095584;CPU10;53;;UNC_M_CAS_COUNT.WR[UNIT0];15992243;100.00;;"
7943 [140485403006656] INFO perfrun.perfcollector <> - PERF_STAT : "     1.401095584;CPU0;1525;;UNC_M_CAS_COUNT.WR[UNIT1];15997321;100.00;;"
7943 [140485403006656] INFO perfrun.perfcollector <> - PERF_STAT : "     1.401095584;CPU10;116;;UNC_M_CAS_COUNT.WR[UNIT1];15992346;100.00;;"
7943 [140485403006656] INFO perfrun.perfcollector <> - PERF_STAT : "     1.401095584;CPU0;683;;UNC_M_CAS_COUNT.WR[UNIT4];15997221;100.00;;"
7943 [140485403006656] INFO perfrun.perfcollector <> - PERF_STAT : "     1.401095584;CPU10;44;;UNC_M_CAS_COUNT.WR[UNIT4];15992279;100.00;;"
7943 [140485403006656] INFO perfrun.perfcollector <> - PERF_STAT : "     1.401095584;CPU0;1531;;UNC_M_CAS_COUNT.WR[UNIT5];15997170;100.00;;"
7943 [140485403006656] INFO perfrun.perfcollector <> - PERF_STAT : "     1.401095584;CPU10;117;;UNC_M_CAS_COUNT.WR[UNIT5];15992253;100.00;;"
7959 [140485403006656] INFO perfrun.perfcollector <> - PERF_STAT : "     1.417039111;CPU0;24200;;UNC_M_CAS_COUNT.RD[UNIT0];16000210;100.00;;"
7959 [140485403006656] INFO perfrun.perfcollector <> - PERF_STAT : "     1.417039111;CPU10;1055;;UNC_M_CAS_COUNT.RD[UNIT0];16005421;100.00;;"
7959 [140485403006656] INFO perfrun.perfcollector <> - PERF_STAT : "     1.417039111;CPU0;24929;;UNC_M_CAS_COUNT.RD[UNIT1];16000077;100.00;;"
7959 [140485403006656] INFO perfrun.perfcollector <> - PERF_STAT : "     1.417039111;CPU10;1190;;UNC_M_CAS_COUNT.RD[UNIT1];16005301;100.00;;"
7959 [140485403006656] INFO perfrun.perfcollector <> - PERF_STAT : "     1.417039111;CPU0;23894;;UNC_M_CAS_COUNT.RD[UNIT4];16000604;100.00;;"
7959 [140485403006656] INFO perfrun.perfcollector <> - PERF_STAT : "     1.417039111;CPU10;1096;;UNC_M_CAS_COUNT.RD[UNIT4];16005194;100.00;;"
7959 [140485403006656] INFO perfrun.perfcollector <> - PERF_STAT : "     1.417039111;CPU0;24815;;UNC_M_CAS_COUNT.RD[UNIT5];16000980;100.00;;"
7959 [140485403006656] INFO perfrun.perfcollector <> - PERF_STAT : "     1.417039111;CPU10;1265;;UNC_M_CAS_COUNT.RD[UNIT5];16004944;100.00;;"
7959 [140485403006656] INFO perfrun.perfcollector <> - PERF_STAT : "     1.417039111;CPU0;892;;UNC_M_CAS_COUNT.WR[UNIT0];16000794;100.00;;"
7959 [140485403006656] INFO perfrun.perfcollector <> - PERF_STAT : "     1.417039111;CPU10;122;;UNC_M_CAS_COUNT.WR[UNIT0];16004994;100.00;;"
7959 [140485403006656] INFO perfrun.perfcollector <> - PERF_STAT : "     1.417039111;CPU0;1741;;UNC_M_CAS_COUNT.WR[UNIT1];16000720;100.00;;"
7959 [140485403006656] INFO perfrun.perfcollector <> - PERF_STAT : "     1.417039111;CPU10;246;;UNC_M_CAS_COUNT.WR[UNIT1];16004817;100.00;;"
7959 [140485403006656] INFO perfrun.perfcollector <> - PERF_STAT : "     1.417039111;CPU0;862;;UNC_M_CAS_COUNT.WR[UNIT4];16000864;100.00;;"
7959 [140485403006656] INFO perfrun.perfcollector <> - PERF_STAT : "     1.417039111;CPU10;120;;UNC_M_CAS_COUNT.WR[UNIT4];16004734;100.00;;"
7959 [140485403006656] INFO perfrun.perfcollector <> - PERF_STAT : "     1.417039111;CPU0;1756;;UNC_M_CAS_COUNT.WR[UNIT5];16000863;100.00;;"
7959 [140485403006656] INFO perfrun.perfcollector <> - PERF_STAT : "     1.417039111;CPU10;265;;UNC_M_CAS_COUNT.WR[UNIT5];16004810;100.00;;"
7975 [140485403006656] INFO perfrun.perfcollector <> - PERF_STAT : "     1.433091913;CPU0;25125;;UNC_M_CAS_COUNT.RD[UNIT0];16008160;100.00;;"
7975 [140485403006656] INFO perfrun.perfcollector <> - PERF_STAT : "     1.433091913;CPU10;247;;UNC_M_CAS_COUNT.RD[UNIT0];16006806;100.00;;"
7975 [140485403006656] INFO perfrun.perfcollector <> - PERF_STAT : "     1.433091913;CPU0;25739;;UNC_M_CAS_COUNT.RD[UNIT1];16008269;100.00;;"
7975 [140485403006656] INFO perfrun.perfcollector <> - PERF_STAT : "     1.433091913;CPU10;330;;UNC_M_CAS_COUNT.RD[UNIT1];16006869;100.00;;"
7975 [140485403006656] INFO perfrun.perfcollector <> - PERF_STAT : "     1.433091913;CPU0;24888;;UNC_M_CAS_COUNT.RD[UNIT4];16008109;100.00;;"
7975 [140485403006656] INFO perfrun.perfcollector <> - PERF_STAT : "     1.433091913;CPU10;275;;UNC_M_CAS_COUNT.RD[UNIT4];16006966;100.00;;"
7975 [140485403006656] INFO perfrun.perfcollector <> - PERF_STAT : "     1.433091913;CPU0;25695;;UNC_M_CAS_COUNT.RD[UNIT5];16007834;100.00;;"
7975 [140485403006656] INFO perfrun.perfcollector <> - PERF_STAT : "     1.433091913;CPU10;356;;UNC_M_CAS_COUNT.RD[UNIT5];16007036;100.00;;"
7975 [140485403006656] INFO perfrun.perfcollector <> - PERF_STAT : "     1.433091913;CPU0;858;;UNC_M_CAS_COUNT.WR[UNIT0];16007858;100.00;;"
7975 [140485403006656] INFO perfrun.perfcollector <> - PERF_STAT : "     1.433091913;CPU10;104;;UNC_M_CAS_COUNT.WR[UNIT0];16006986;100.00;;"
7975 [140485403006656] INFO perfrun.perfcollector <> - PERF_STAT : "     1.433091913;CPU0;1692;;UNC_M_CAS_COUNT.WR[UNIT1];16008047;100.00;;"
7975 [140485403006656] INFO perfrun.perfcollector <> - PERF_STAT : "     1.433091913;CPU10;178;;UNC_M_CAS_COUNT.WR[UNIT1];16007030;100.00;;"
7975 [140485403006656] INFO perfrun.perfcollector <> - PERF_STAT : "     1.433091913;CPU0;788;;UNC_M_CAS_COUNT.WR[UNIT4];16007924;100.00;;"
7975 [140485403006656] INFO perfrun.perfcollector <> - PERF_STAT : "     1.433091913;CPU10;95;;UNC_M_CAS_COUNT.WR[UNIT4];16007151;100.00;;"
7975 [140485403006656] INFO perfrun.perfcollector <> - PERF_STAT : "     1.433091913;CPU0;1667;;UNC_M_CAS_COUNT.WR[UNIT5];16007914;100.00;;"
7975 [140485403006656] INFO perfrun.perfcollector <> - PERF_STAT : "     1.433091913;CPU10;180;;UNC_M_CAS_COUNT.WR[UNIT5];16007234;100.00;;"
7991 [140485403006656] INFO perfrun.perfcollector <> - PERF_STAT : "     1.449100773;CPU0;20166;;UNC_M_CAS_COUNT.RD[UNIT0];15990298;100.00;;"
7991 [140485403006656] INFO perfrun.perfcollector <> - PERF_STAT : "     1.449100773;CPU10;377;;UNC_M_CAS_COUNT.RD[UNIT0];15988091;100.00;;"
7991 [140485403006656] INFO perfrun.perfcollector <> - PERF_STAT : "     1.449100773;CPU0;20853;;UNC_M_CAS_COUNT.RD[UNIT1];15989911;100.00;;"
7991 [140485403006656] INFO perfrun.perfcollector <> - PERF_STAT : "     1.449100773;CPU10;447;;UNC_M_CAS_COUNT.RD[UNIT1];15988082;100.00;;"
7991 [140485403006656] INFO perfrun.perfcollector <> - PERF_STAT : "     1.449100773;CPU0;19968;;UNC_M_CAS_COUNT.RD[UNIT4];15989939;100.00;;"
7991 [140485403006656] INFO perfrun.perfcollector <> - PERF_STAT : "     1.449100773;CPU10;375;;UNC_M_CAS_COUNT.RD[UNIT4];15988012;100.00;;"
7991 [140485403006656] INFO perfrun.perfcollector <> - PERF_STAT : "     1.449100773;CPU0;20762;;UNC_M_CAS_COUNT.RD[UNIT5];15990055;100.00;;"
7991 [140485403006656] INFO perfrun.perfcollector <> - PERF_STAT : "     1.449100773;CPU10;482;;UNC_M_CAS_COUNT.RD[UNIT5];15988002;100.00;;"
7991 [140485403006656] INFO perfrun.perfcollector <> - PERF_STAT : "     1.449100773;CPU0;627;;UNC_M_CAS_COUNT.WR[UNIT0];15990358;100.00;;"
7991 [140485403006656] INFO perfrun.perfcollector <> - PERF_STAT : "     1.449100773;CPU10;28;;UNC_M_CAS_COUNT.WR[UNIT0];15987998;100.00;;"
7991 [140485403006656] INFO perfrun.perfcollector <> - PERF_STAT : "     1.449100773;CPU0;1463;;UNC_M_CAS_COUNT.WR[UNIT1];15990070;100.00;;"
7991 [140485403006656] INFO perfrun.perfcollector <> - PERF_STAT : "     1.449100773;CPU10;98;;UNC_M_CAS_COUNT.WR[UNIT1];15988081;100.00;;"
7991 [140485403006656] INFO perfrun.perfcollector <> - PERF_STAT : "     1.449100773;CPU0;576;;UNC_M_CAS_COUNT.WR[UNIT4];15990179;100.00;;"
7991 [140485403006656] INFO perfrun.perfcollector <> - PERF_STAT : "     1.449100773;CPU10;40;;UNC_M_CAS_COUNT.WR[UNIT4];15988130;100.00;;"
7991 [140485403006656] INFO perfrun.perfcollector <> - PERF_STAT : "     1.449100773;CPU0;1437;;UNC_M_CAS_COUNT.WR[UNIT5];15990015;100.00;;"
7991 [140485403006656] INFO perfrun.perfcollector <> - PERF_STAT : "     1.449100773;CPU10;110;;UNC_M_CAS_COUNT.WR[UNIT5];15988014;100.00;;"
8007 [140485403006656] INFO perfrun.perfcollector <> - PERF_STAT : "     1.465094805;CPU0;22263;;UNC_M_CAS_COUNT.RD[UNIT0];16002774;100.00;;"
8007 [140485403006656] INFO perfrun.perfcollector <> - PERF_STAT : "     1.465094805;CPU10;1379;;UNC_M_CAS_COUNT.RD[UNIT0];16003943;100.00;;"
8007 [140485403006656] INFO perfrun.perfcollector <> - PERF_STAT : "     1.465094805;CPU0;22912;;UNC_M_CAS_COUNT.RD[UNIT1];16002565;100.00;;"
8007 [140485403006656] INFO perfrun.perfcollector <> - PERF_STAT : "     1.465094805;CPU10;1509;;UNC_M_CAS_COUNT.RD[UNIT1];16003873;100.00;;"
8007 [140485403006656] INFO perfrun.perfcollector <> - PERF_STAT : "     1.465094805;CPU0;22174;;UNC_M_CAS_COUNT.RD[UNIT4];16002815;100.00;;"
8007 [140485403006656] INFO perfrun.perfcollector <> - PERF_STAT : "     1.465094805;CPU10;1432;;UNC_M_CAS_COUNT.RD[UNIT4];16004083;100.00;;"
8007 [140485403006656] INFO perfrun.perfcollector <> - PERF_STAT : "     1.465094805;CPU0;22944;;UNC_M_CAS_COUNT.RD[UNIT5];16002598;100.00;;"
8007 [140485403006656] INFO perfrun.perfcollector <> - PERF_STAT : "     1.465094805;CPU10;1593;;UNC_M_CAS_COUNT.RD[UNIT5];16004033;100.00;;"
8007 [140485403006656] INFO perfrun.perfcollector <> - PERF_STAT : "     1.465094805;CPU0;877;;UNC_M_CAS_COUNT.WR[UNIT0];16002559;100.00;;"
8007 [140485403006656] INFO perfrun.perfcollector <> - PERF_STAT : "     1.465094805;CPU10;124;;UNC_M_CAS_COUNT.WR[UNIT0];16016411;100.00;;"
8007 [140485403006656] INFO perfrun.perfcollector <> - PERF_STAT : "     1.465094805;CPU0;1691;;UNC_M_CAS_COUNT.WR[UNIT1];16002696;100.00;;"
8007 [140485403006656] INFO perfrun.perfcollector <> - PERF_STAT : "     1.465094805;CPU10;212;;UNC_M_CAS_COUNT.WR[UNIT1];16014555;100.00;;"
8007 [140485403006656] INFO perfrun.perfcollector <> - PERF_STAT : "     1.465094805;CPU0;863;;UNC_M_CAS_COUNT.WR[UNIT4];16003032;100.00;;"
8007 [140485403006656] INFO perfrun.perfcollector <> - PERF_STAT : "     1.465094805;CPU10;129;;UNC_M_CAS_COUNT.WR[UNIT4];16012607;100.00;;"
8007 [140485403006656] INFO perfrun.perfcollector <> - PERF_STAT : "     1.465094805;CPU0;1697;;UNC_M_CAS_COUNT.WR[UNIT5];16003102;100.00;;"
8007 [140485403006656] INFO perfrun.perfcollector <> - PERF_STAT : "     1.465094805;CPU10;233;;UNC_M_CAS_COUNT.WR[UNIT5];16010755;100.00;;"
8027 [140485403006656] INFO perfrun.perfcollector <> - PERF_STAT : "     1.481046527;CPU0;29268;;UNC_M_CAS_COUNT.RD[UNIT0];20000495;100.00;;"
8027 [140485403006656] INFO perfrun.perfcollector <> - PERF_STAT : "     1.481046527;CPU10;814;;UNC_M_CAS_COUNT.RD[UNIT0];20004446;100.00;;"
8027 [140485403006656] INFO perfrun.perfcollector <> - PERF_STAT : "     1.481046527;CPU0;30355;;UNC_M_CAS_COUNT.RD[UNIT1];20001236;100.00;;"
8027 [140485403006656] INFO perfrun.perfcollector <> - PERF_STAT : "     1.481046527;CPU10;884;;UNC_M_CAS_COUNT.RD[UNIT1];20004500;100.00;;"
8027 [140485403006656] INFO perfrun.perfcollector <> - PERF_STAT : "     1.481046527;CPU0;29164;;UNC_M_CAS_COUNT.RD[UNIT4];20001036;100.00;;"
8027 [140485403006656] INFO perfrun.perfcollector <> - PERF_STAT : "     1.481046527;CPU10;746;;UNC_M_CAS_COUNT.RD[UNIT4];20004373;100.00;;"
8027 [140485403006656] INFO perfrun.perfcollector <> - PERF_STAT : "     1.481046527;CPU0;30148;;UNC_M_CAS_COUNT.RD[UNIT5];20001161;100.00;;"
8027 [140485403006656] INFO perfrun.perfcollector <> - PERF_STAT : "     1.481046527;CPU10;830;;UNC_M_CAS_COUNT.RD[UNIT5];20004523;100.00;;"
8027 [140485403006656] INFO perfrun.perfcollector <> - PERF_STAT : "     1.481046527;CPU0;837;;UNC_M_CAS_COUNT.WR[UNIT0];20000999;100.00;;"
8027 [140485403006656] INFO perfrun.perfcollector <> - PERF_STAT : "     1.481046527;CPU10;132;;UNC_M_CAS_COUNT.WR[UNIT0];19992288;100.00;;"
8027 [140485403006656] INFO perfrun.perfcollector <> - PERF_STAT : "     1.481046527;CPU0;1921;;UNC_M_CAS_COUNT.WR[UNIT1];20000932;100.00;;"
8027 [140485403006656] INFO perfrun.perfcollector <> - PERF_STAT : "     1.481046527;CPU10;193;;UNC_M_CAS_COUNT.WR[UNIT1];19994044;100.00;;"
8027 [140485403006656] INFO perfrun.perfcollector <> - PERF_STAT : "     1.481046527;CPU0;798;;UNC_M_CAS_COUNT.WR[UNIT4];20000602;100.00;;"
8027 [140485403006656] INFO perfrun.perfcollector <> - PERF_STAT : "     1.481046527;CPU10;132;;UNC_M_CAS_COUNT.WR[UNIT4];19995913;100.00;;"
8027 [140485403006656] INFO perfrun.perfcollector <> - PERF_STAT : "     1.481046527;CPU0;1878;;UNC_M_CAS_COUNT.WR[UNIT5];20000802;100.00;;"
8027 [140485403006656] INFO perfrun.perfcollector <> - PERF_STAT : "     1.481046527;CPU10;212;;UNC_M_CAS_COUNT.WR[UNIT5];19997771;100.00;;"
8043 [140485403006656] INFO perfrun.perfcollector <> - PERF_STAT : "     1.501101122;CPU0;24045;;UNC_M_CAS_COUNT.RD[UNIT0];15998749;100.00;;"
8043 [140485403006656] INFO perfrun.perfcollector <> - PERF_STAT : "     1.501101122;CPU10;372;;UNC_M_CAS_COUNT.RD[UNIT0];15998694;100.00;;"
8043 [140485403006656] INFO perfrun.perfcollector <> - PERF_STAT : "     1.501101122;CPU0;24676;;UNC_M_CAS_COUNT.RD[UNIT1];15998521;100.00;;"
8043 [140485403006656] INFO perfrun.perfcollector <> - PERF_STAT : "     1.501101122;CPU10;483;;UNC_M_CAS_COUNT.RD[UNIT1];15995820;100.00;;"
8043 [140485403006656] INFO perfrun.perfcollector <> - PERF_STAT : "     1.501101122;CPU0;23857;;UNC_M_CAS_COUNT.RD[UNIT4];15998339;100.00;;"
8043 [140485403006656] INFO perfrun.perfcollector <> - PERF_STAT : "     1.501101122;CPU10;448;;UNC_M_CAS_COUNT.RD[UNIT4];15993857;100.00;;"
8043 [140485403006656] INFO perfrun.perfcollector <> - PERF_STAT : "     1.501101122;CPU0;24410;;UNC_M_CAS_COUNT.RD[UNIT5];15998481;100.00;;"
8043 [140485403006656] INFO perfrun.perfcollector <> - PERF_STAT : "     1.501101122;CPU10;550;;UNC_M_CAS_COUNT.RD[UNIT5];15991969;100.00;;"
8043 [140485403006656] INFO perfrun.perfcollector <> - PERF_STAT : "     1.501101122;CPU0;989;;UNC_M_CAS_COUNT.WR[UNIT0];15998377;100.00;;"
8043 [140485403006656] INFO perfrun.perfcollector <> - PERF_STAT : "     1.501101122;CPU10;70;;UNC_M_CAS_COUNT.WR[UNIT0];15989972;100.00;;"
8043 [140485403006656] INFO perfrun.perfcollector <> - PERF_STAT : "     1.501101122;CPU0;1762;;UNC_M_CAS_COUNT.WR[UNIT1];15998574;100.00;;"
8043 [140485403006656] INFO perfrun.perfcollector <> - PERF_STAT : "     1.501101122;CPU10;165;;UNC_M_CAS_COUNT.WR[UNIT1];15988139;100.00;;"
8043 [140485403006656] INFO perfrun.perfcollector <> - PERF_STAT : "     1.501101122;CPU0;905;;UNC_M_CAS_COUNT.WR[UNIT4];15998575;100.00;;"
8043 [140485403006656] INFO perfrun.perfcollector <> - PERF_STAT : "     1.501101122;CPU10;81;;UNC_M_CAS_COUNT.WR[UNIT4];15986358;100.00;;"
8043 [140485403006656] INFO perfrun.perfcollector <> - PERF_STAT : "     1.501101122;CPU0;1756;;UNC_M_CAS_COUNT.WR[UNIT5];15998731;100.00;;"
8043 [140485403006656] INFO perfrun.perfcollector <> - PERF_STAT : "     1.501101122;CPU10;167;;UNC_M_CAS_COUNT.WR[UNIT5];15984534;100.00;;"
8063 [140485403006656] INFO perfrun.perfcollector <> - PERF_STAT : "     1.517025696;CPU0;27293;;UNC_M_CAS_COUNT.RD[UNIT0];19999251;100.00;;"
8063 [140485403006656] INFO perfrun.perfcollector <> - PERF_STAT : "     1.517025696;CPU10;383;;UNC_M_CAS_COUNT.RD[UNIT0];19997422;100.00;;"
8063 [140485403006656] INFO perfrun.perfcollector <> - PERF_STAT : "     1.517025696;CPU0;28146;;UNC_M_CAS_COUNT.RD[UNIT1];19999632;100.00;;"
8063 [140485403006656] INFO perfrun.perfcollector <> - PERF_STAT : "     1.517025696;CPU10;452;;UNC_M_CAS_COUNT.RD[UNIT1];20000237;100.00;;"
8063 [140485403006656] INFO perfrun.perfcollector <> - PERF_STAT : "     1.517025696;CPU0;27251;;UNC_M_CAS_COUNT.RD[UNIT4];20000039;100.00;;"
8063 [140485403006656] INFO perfrun.perfcollector <> - PERF_STAT : "     1.517025696;CPU10;399;;UNC_M_CAS_COUNT.RD[UNIT4];20002227;100.00;;"
8063 [140485403006656] INFO perfrun.perfcollector <> - PERF_STAT : "     1.517025696;CPU0;28251;;UNC_M_CAS_COUNT.RD[UNIT5];19999960;100.00;;"
8063 [140485403006656] INFO perfrun.perfcollector <> - PERF_STAT : "     1.517025696;CPU10;467;;UNC_M_CAS_COUNT.RD[UNIT5];20004025;100.00;;"
8063 [140485403006656] INFO perfrun.perfcollector <> - PERF_STAT : "     1.517025696;CPU0;670;;UNC_M_CAS_COUNT.WR[UNIT0];19999936;100.00;;"
8063 [140485403006656] INFO perfrun.perfcollector <> - PERF_STAT : "     1.517025696;CPU10;65;;UNC_M_CAS_COUNT.WR[UNIT0];20005913;100.00;;"
8063 [140485403006656] INFO perfrun.perfcollector <> - PERF_STAT : "     1.517025696;CPU0;1642;;UNC_M_CAS_COUNT.WR[UNIT1];19999659;100.00;;"
8063 [140485403006656] INFO perfrun.perfcollector <> - PERF_STAT : "     1.517025696;CPU10;142;;UNC_M_CAS_COUNT.WR[UNIT1];20007747;100.00;;"
8063 [140485403006656] INFO perfrun.perfcollector <> - PERF_STAT : "     1.517025696;CPU0;592;;UNC_M_CAS_COUNT.WR[UNIT4];19999533;100.00;;"
8063 [140485403006656] INFO perfrun.perfcollector <> - PERF_STAT : "     1.517025696;CPU10;80;;UNC_M_CAS_COUNT.WR[UNIT4];20009486;100.00;;"
8063 [140485403006656] INFO perfrun.perfcollector <> - PERF_STAT : "     1.517025696;CPU0;1650;;UNC_M_CAS_COUNT.WR[UNIT5];19999107;100.00;;"
8063 [140485403006656] INFO perfrun.perfcollector <> - PERF_STAT : "     1.517025696;CPU10;157;;UNC_M_CAS_COUNT.WR[UNIT5];20011257;100.00;;"
8079 [140485403006656] INFO perfrun.perfcollector <> - PERF_STAT : "     1.537096807;CPU0;21361;;UNC_M_CAS_COUNT.RD[UNIT0];16020339;100.00;;"
8079 [140485403006656] INFO perfrun.perfcollector <> - PERF_STAT : "     1.537096807;CPU10;546;;UNC_M_CAS_COUNT.RD[UNIT0];16013163;100.00;;"
8079 [140485403006656] INFO perfrun.perfcollector <> - PERF_STAT : "     1.537096807;CPU0;22071;;UNC_M_CAS_COUNT.RD[UNIT1];16019696;100.00;;"
8079 [140485403006656] INFO perfrun.perfcollector <> - PERF_STAT : "     1.537096807;CPU10;604;;UNC_M_CAS_COUNT.RD[UNIT1];16013464;100.00;;"
8079 [140485403006656] INFO perfrun.perfcollector <> - PERF_STAT : "     1.537096807;CPU0;21250;;UNC_M_CAS_COUNT.RD[UNIT4];16019380;100.00;;"
8079 [140485403006656] INFO perfrun.perfcollector <> - PERF_STAT : "     1.537096807;CPU10;579;;UNC_M_CAS_COUNT.RD[UNIT4];16013314;100.00;;"
8079 [140485403006656] INFO perfrun.perfcollector <> - PERF_STAT : "     1.537096807;CPU0;22024;;UNC_M_CAS_COUNT.RD[UNIT5];16019248;100.00;;"
8079 [140485403006656] INFO perfrun.perfcollector <> - PERF_STAT : "     1.537096807;CPU10;674;;UNC_M_CAS_COUNT.RD[UNIT5];16013244;100.00;;"
8079 [140485403006656] INFO perfrun.perfcollector <> - PERF_STAT : "     1.537096807;CPU0;722;;UNC_M_CAS_COUNT.WR[UNIT0];16019249;100.00;;"
8079 [140485403006656] INFO perfrun.perfcollector <> - PERF_STAT : "     1.537096807;CPU10;40;;UNC_M_CAS_COUNT.WR[UNIT0];16013230;100.00;;"
8079 [140485403006656] INFO perfrun.perfcollector <> - PERF_STAT : "     1.537096807;CPU0;1613;;UNC_M_CAS_COUNT.WR[UNIT1];16019393;100.00;;"
8079 [140485403006656] INFO perfrun.perfcollector <> - PERF_STAT : "     1.537096807;CPU10;95;;UNC_M_CAS_COUNT.WR[UNIT1];16013256;100.00;;"
8079 [140485403006656] INFO perfrun.perfcollector <> - PERF_STAT : "     1.537096807;CPU0;751;;UNC_M_CAS_COUNT.WR[UNIT4];16019497;100.00;;"
8079 [140485403006656] INFO perfrun.perfcollector <> - PERF_STAT : "     1.537096807;CPU10;61;;UNC_M_CAS_COUNT.WR[UNIT4];16013271;100.00;;"
8079 [140485403006656] INFO perfrun.perfcollector <> - PERF_STAT : "     1.537096807;CPU0;1579;;UNC_M_CAS_COUNT.WR[UNIT5];16019496;100.00;;"
8080 [140485403006656] INFO perfrun.perfcollector <> - PERF_STAT : "     1.537096807;CPU10;128;;UNC_M_CAS_COUNT.WR[UNIT5];16013264;100.00;;"
8095 [140485403006656] INFO perfrun.perfcollector <> - PERF_STAT : "     1.553105067;CPU0;23371;;UNC_M_CAS_COUNT.RD[UNIT0];15986978;100.00;;"
8095 [140485403006656] INFO perfrun.perfcollector <> - PERF_STAT : "     1.553105067;CPU10;269;;UNC_M_CAS_COUNT.RD[UNIT0];15990337;100.00;;"
8095 [140485403006656] INFO perfrun.perfcollector <> - PERF_STAT : "     1.553105067;CPU0;23946;;UNC_M_CAS_COUNT.RD[UNIT1];15986990;100.00;;"
8095 [140485403006656] INFO perfrun.perfcollector <> - PERF_STAT : "     1.553105067;CPU10;368;;UNC_M_CAS_COUNT.RD[UNIT1];15990131;100.00;;"
8095 [140485403006656] INFO perfrun.perfcollector <> - PERF_STAT : "     1.553105067;CPU0;23285;;UNC_M_CAS_COUNT.RD[UNIT4];15987028;100.00;;"
8095 [140485403006656] INFO perfrun.perfcollector <> - PERF_STAT : "     1.553105067;CPU10;276;;UNC_M_CAS_COUNT.RD[UNIT4];15990147;100.00;;"
8095 [140485403006656] INFO perfrun.perfcollector <> - PERF_STAT : "     1.553105067;CPU0;24031;;UNC_M_CAS_COUNT.RD[UNIT5];15987130;100.00;;"
8095 [140485403006656] INFO perfrun.perfcollector <> - PERF_STAT : "     1.553105067;CPU10;368;;UNC_M_CAS_COUNT.RD[UNIT5];15990177;100.00;;"
8095 [140485403006656] INFO perfrun.perfcollector <> - PERF_STAT : "     1.553105067;CPU0;510;;UNC_M_CAS_COUNT.WR[UNIT0];15987218;100.00;;"
8095 [140485403006656] INFO perfrun.perfcollector <> - PERF_STAT : "     1.553105067;CPU10;34;;UNC_M_CAS_COUNT.WR[UNIT0];15990327;100.00;;"
8095 [140485403006656] INFO perfrun.perfcollector <> - PERF_STAT : "     1.553105067;CPU0;1344;;UNC_M_CAS_COUNT.WR[UNIT1];15986941;100.00;;"
8095 [140485403006656] INFO perfrun.perfcollector <> - PERF_STAT : "     1.553105067;CPU10;110;;UNC_M_CAS_COUNT.WR[UNIT1];15990364;100.00;;"
8095 [140485403006656] INFO perfrun.perfcollector <> - PERF_STAT : "     1.553105067;CPU0;509;;UNC_M_CAS_COUNT.WR[UNIT4];15986881;100.00;;"
8095 [140485403006656] INFO perfrun.perfcollector <> - PERF_STAT : "     1.553105067;CPU10;41;;UNC_M_CAS_COUNT.WR[UNIT4];15990403;100.00;;"
8095 [140485403006656] INFO perfrun.perfcollector <> - PERF_STAT : "     1.553105067;CPU0;1291;;UNC_M_CAS_COUNT.WR[UNIT5];15986879;100.00;;"
8095 [140485403006656] INFO perfrun.perfcollector <> - PERF_STAT : "     1.553105067;CPU10;115;;UNC_M_CAS_COUNT.WR[UNIT5];15990437;100.00;;"
8111 [140485403006656] INFO perfrun.perfcollector <> - PERF_STAT : "     1.569096140;CPU0;20422;;UNC_M_CAS_COUNT.RD[UNIT0];16011131;100.00;;"
8111 [140485403006656] INFO perfrun.perfcollector <> - PERF_STAT : "     1.569096140;CPU10;285;;UNC_M_CAS_COUNT.RD[UNIT0];16009570;100.00;;"
8111 [140485403006656] INFO perfrun.perfcollector <> - PERF_STAT : "     1.569096140;CPU0;21004;;UNC_M_CAS_COUNT.RD[UNIT1];16011445;100.00;;"
8111 [140485403006656] INFO perfrun.perfcollector <> - PERF_STAT : "     1.569096140;CPU10;364;;UNC_M_CAS_COUNT.RD[UNIT1];16009522;100.00;;"
8111 [140485403006656] INFO perfrun.perfcollector <> - PERF_STAT : "     1.569096140;CPU0;20124;;UNC_M_CAS_COUNT.RD[UNIT4];16011329;100.00;;"
8111 [140485403006656] INFO perfrun.perfcollector <> - PERF_STAT : "     1.569096140;CPU10;294;;UNC_M_CAS_COUNT.RD[UNIT4];16009673;100.00;;"
8111 [140485403006656] INFO perfrun.perfcollector <> - PERF_STAT : "     1.569096140;CPU0;20971;;UNC_M_CAS_COUNT.RD[UNIT5];16011325;100.00;;"
8111 [140485403006656] INFO perfrun.perfcollector <> - PERF_STAT : "     1.569096140;CPU10;363;;UNC_M_CAS_COUNT.RD[UNIT5];16009766;100.00;;"
8111 [140485403006656] INFO perfrun.perfcollector <> - PERF_STAT : "     1.569096140;CPU0;497;;UNC_M_CAS_COUNT.WR[UNIT0];16011359;100.00;;"
8111 [140485403006656] INFO perfrun.perfcollector <> - PERF_STAT : "     1.569096140;CPU10;18;;UNC_M_CAS_COUNT.WR[UNIT0];16009609;100.00;;"
8111 [140485403006656] INFO perfrun.perfcollector <> - PERF_STAT : "     1.569096140;CPU0;1327;;UNC_M_CAS_COUNT.WR[UNIT1];16011783;100.00;;"
8111 [140485403006656] INFO perfrun.perfcollector <> - PERF_STAT : "     1.569096140;CPU10;80;;UNC_M_CAS_COUNT.WR[UNIT1];16009583;100.00;;"
8111 [140485403006656] INFO perfrun.perfcollector <> - PERF_STAT : "     1.569096140;CPU0;472;;UNC_M_CAS_COUNT.WR[UNIT4];16011748;100.00;;"
8111 [140485403006656] INFO perfrun.perfcollector <> - PERF_STAT : "     1.569096140;CPU10;18;;UNC_M_CAS_COUNT.WR[UNIT4];16009573;100.00;;"
8111 [140485403006656] INFO perfrun.perfcollector <> - PERF_STAT : "     1.569096140;CPU0;1312;;UNC_M_CAS_COUNT.WR[UNIT5];16011752;100.00;;"
8111 [140485403006656] INFO perfrun.perfcollector <> - PERF_STAT : "     1.569096140;CPU10;83;;UNC_M_CAS_COUNT.WR[UNIT5];16009536;100.00;;"
8127 [140485403006656] INFO perfrun.perfcollector <> - PERF_STAT : "     1.585106492;CPU0;22379;;UNC_M_CAS_COUNT.RD[UNIT0];15983925;100.00;;"
8127 [140485403006656] INFO perfrun.perfcollector <> - PERF_STAT : "     1.585106492;CPU10;755;;UNC_M_CAS_COUNT.RD[UNIT0];15968978;100.00;;"
8127 [140485403006656] INFO perfrun.perfcollector <> - PERF_STAT : "     1.585106492;CPU0;22818;;UNC_M_CAS_COUNT.RD[UNIT1];15984101;100.00;;"
8127 [140485403006656] INFO perfrun.perfcollector <> - PERF_STAT : "     1.585106492;CPU10;791;;UNC_M_CAS_COUNT.RD[UNIT1];15966107;100.00;;"
8127 [140485403006656] INFO perfrun.perfcollector <> - PERF_STAT : "     1.585106492;CPU0;22140;;UNC_M_CAS_COUNT.RD[UNIT4];15984185;100.00;;"
8127 [140485403006656] INFO perfrun.perfcollector <> - PERF_STAT : "     1.585106492;CPU10;735;;UNC_M_CAS_COUNT.RD[UNIT4];15964101;100.00;;"
8127 [140485403006656] INFO perfrun.perfcollector <> - PERF_STAT : "     1.585106492;CPU0;22895;;UNC_M_CAS_COUNT.RD[UNIT5];15984224;100.00;;"
8127 [140485403006656] INFO perfrun.perfcollector <> - PERF_STAT : "     1.585106492;CPU10;798;;UNC_M_CAS_COUNT.RD[UNIT5];15962419;100.00;;"
8127 [140485403006656] INFO perfrun.perfcollector <> - PERF_STAT : "     1.585106492;CPU0;808;;UNC_M_CAS_COUNT.WR[UNIT0];15983860;100.00;;"
8127 [140485403006656] INFO perfrun.perfcollector <> - PERF_STAT : "     1.585106492;CPU10;102;;UNC_M_CAS_COUNT.WR[UNIT0];15960551;100.00;;"
8127 [140485403006656] INFO perfrun.perfcollector <> - PERF_STAT : "     1.585106492;CPU0;1618;;UNC_M_CAS_COUNT.WR[UNIT1];15983603;100.00;;"
8127 [140485403006656] INFO perfrun.perfcollector <> - PERF_STAT : "     1.585106492;CPU10;138;;UNC_M_CAS_COUNT.WR[UNIT1];15958755;100.00;;"
8127 [140485403006656] INFO perfrun.perfcollector <> - PERF_STAT : "     1.585106492;CPU0;788;;UNC_M_CAS_COUNT.WR[UNIT4];15983613;100.00;;"
8127 [140485403006656] INFO perfrun.perfcollector <> - PERF_STAT : "     1.585106492;CPU10;111;;UNC_M_CAS_COUNT.WR[UNIT4];15956912;100.00;;"
8127 [140485403006656] INFO perfrun.perfcollector <> - PERF_STAT : "     1.585106492;CPU0;1668;;UNC_M_CAS_COUNT.WR[UNIT5];15983722;100.00;;"
8127 [140485403006656] INFO perfrun.perfcollector <> - PERF_STAT : "     1.585106492;CPU10;178;;UNC_M_CAS_COUNT.WR[UNIT5];15955130;100.00;;"
8143 [140485403006656] INFO perfrun.perfcollector <> - PERF_STAT : "     1.601004880;CPU0;23263;;UNC_M_CAS_COUNT.RD[UNIT0];16001066;100.00;;"
8143 [140485403006656] INFO perfrun.perfcollector <> - PERF_STAT : "     1.601004880;CPU10;491;;UNC_M_CAS_COUNT.RD[UNIT0];16020886;100.00;;"
8143 [140485403006656] INFO perfrun.perfcollector <> - PERF_STAT : "     1.601004880;CPU0;23784;;UNC_M_CAS_COUNT.RD[UNIT1];16001204;100.00;;"
8143 [140485403006656] INFO perfrun.perfcollector <> - PERF_STAT : "     1.601004880;CPU10;524;;UNC_M_CAS_COUNT.RD[UNIT1];16061899;100.00;;"
8143 [140485403006656] INFO perfrun.perfcollector <> - PERF_STAT : "     1.601004880;CPU0;22859;;UNC_M_CAS_COUNT.RD[UNIT4];16001682;100.00;;"
8143 [140485403006656] INFO perfrun.perfcollector <> - PERF_STAT : "     1.601004880;CPU10;494;;UNC_M_CAS_COUNT.RD[UNIT4];16064194;100.00;;"
8143 [140485403006656] INFO perfrun.perfcollector <> - PERF_STAT : "     1.601004880;CPU0;23809;;UNC_M_CAS_COUNT.RD[UNIT5];16001641;100.00;;"
8143 [140485403006656] INFO perfrun.perfcollector <> - PERF_STAT : "     1.601004880;CPU10;607;;UNC_M_CAS_COUNT.RD[UNIT5];16065794;100.00;;"
8143 [140485403006656] INFO perfrun.perfcollector <> - PERF_STAT : "     1.601004880;CPU0;498;;UNC_M_CAS_COUNT.WR[UNIT0];16001929;100.00;;"
8143 [140485403006656] INFO perfrun.perfcollector <> - PERF_STAT : "     1.601004880;CPU10;47;;UNC_M_CAS_COUNT.WR[UNIT0];16067896;100.00;;"
8143 [140485403006656] INFO perfrun.perfcollector <> - PERF_STAT : "     1.601004880;CPU0;1340;;UNC_M_CAS_COUNT.WR[UNIT1];16002166;100.00;;"
8143 [140485403006656] INFO perfrun.perfcollector <> - PERF_STAT : "     1.601004880;CPU10;111;;UNC_M_CAS_COUNT.WR[UNIT1];16069674;100.00;;"
8143 [140485403006656] INFO perfrun.perfcollector <> - PERF_STAT : "     1.601004880;CPU0;499;;UNC_M_CAS_COUNT.WR[UNIT4];16002447;100.00;;"
8143 [140485403006656] INFO perfrun.perfcollector <> - PERF_STAT : "     1.601004880;CPU10;47;;UNC_M_CAS_COUNT.WR[UNIT4];16071434;100.00;;"
8143 [140485403006656] INFO perfrun.perfcollector <> - PERF_STAT : "     1.601004880;CPU0;1365;;UNC_M_CAS_COUNT.WR[UNIT5];16002719;100.00;;"
8143 [140485403006656] INFO perfrun.perfcollector <> - PERF_STAT : "     1.601004880;CPU10;102;;UNC_M_CAS_COUNT.WR[UNIT5];16073226;100.00;;"
8159 [140485403006656] INFO perfrun.perfcollector <> - PERF_STAT : "     1.617132597;CPU0;24708;;UNC_M_CAS_COUNT.RD[UNIT0];16000334;100.00;;"
8159 [140485403006656] INFO perfrun.perfcollector <> - PERF_STAT : "     1.617132597;CPU10;418;;UNC_M_CAS_COUNT.RD[UNIT0];16005962;100.00;;"
8159 [140485403006656] INFO perfrun.perfcollector <> - PERF_STAT : "     1.617132597;CPU0;24980;;UNC_M_CAS_COUNT.RD[UNIT1];16000724;100.00;;"
8159 [140485403006656] INFO perfrun.perfcollector <> - PERF_STAT : "     1.617132597;CPU10;546;;UNC_M_CAS_COUNT.RD[UNIT1];15965070;100.00;;"
8159 [140485403006656] INFO perfrun.perfcollector <> - PERF_STAT : "     1.617132597;CPU0;24503;;UNC_M_CAS_COUNT.RD[UNIT4];16000784;100.00;;"
8159 [140485403006656] INFO perfrun.perfcollector <> - PERF_STAT : "     1.617132597;CPU10;399;;UNC_M_CAS_COUNT.RD[UNIT4];15962814;100.00;;"
8159 [140485403006656] INFO perfrun.perfcollector <> - PERF_STAT : "     1.617132597;CPU0;25163;;UNC_M_CAS_COUNT.RD[UNIT5];16000605;100.00;;"
8159 [140485403006656] INFO perfrun.perfcollector <> - PERF_STAT : "     1.617132597;CPU10;580;;UNC_M_CAS_COUNT.RD[UNIT5];15960943;100.00;;"
8159 [140485403006656] INFO perfrun.perfcollector <> - PERF_STAT : "     1.617132597;CPU0;1081;;UNC_M_CAS_COUNT.WR[UNIT0];16000409;100.00;;"
8159 [140485403006656] INFO perfrun.perfcollector <> - PERF_STAT : "     1.617132597;CPU10;124;;UNC_M_CAS_COUNT.WR[UNIT0];15958816;100.00;;"
8159 [140485403006656] INFO perfrun.perfcollector <> - PERF_STAT : "     1.617132597;CPU0;1838;;UNC_M_CAS_COUNT.WR[UNIT1];16000334;100.00;;"
8159 [140485403006656] INFO perfrun.perfcollector <> - PERF_STAT : "     1.617132597;CPU10;218;;UNC_M_CAS_COUNT.WR[UNIT1];15956965;100.00;;"
8159 [140485403006656] INFO perfrun.perfcollector <> - PERF_STAT : "     1.617132597;CPU0;1020;;UNC_M_CAS_COUNT.WR[UNIT4];16000152;100.00;;"
8159 [140485403006656] INFO perfrun.perfcollector <> - PERF_STAT : "     1.617132597;CPU10;106;;UNC_M_CAS_COUNT.WR[UNIT4];15955355;100.00;;"
8159 [140485403006656] INFO perfrun.perfcollector <> - PERF_STAT : "     1.617132597;CPU0;1866;;UNC_M_CAS_COUNT.WR[UNIT5];15999995;100.00;;"
8159 [140485403006656] INFO perfrun.perfcollector <> - PERF_STAT : "     1.617132597;CPU10;249;;UNC_M_CAS_COUNT.WR[UNIT5];15953580;100.00;;"
8175 [140485403006656] INFO perfrun.perfcollector <> - PERF_STAT : "     1.633032460;CPU0;23437;;UNC_M_CAS_COUNT.RD[UNIT0];15997333;100.00;;"
8175 [140485403006656] INFO perfrun.perfcollector <> - PERF_STAT : "     1.633032460;CPU10;339;;UNC_M_CAS_COUNT.RD[UNIT0];15989406;100.00;;"
8175 [140485403006656] INFO perfrun.perfcollector <> - PERF_STAT : "     1.633032460;CPU0;23983;;UNC_M_CAS_COUNT.RD[UNIT1];15996484;100.00;;"
8175 [140485403006656] INFO perfrun.perfcollector <> - PERF_STAT : "     1.633032460;CPU10;409;;UNC_M_CAS_COUNT.RD[UNIT1];16003601;100.00;;"
8175 [140485403006656] INFO perfrun.perfcollector <> - PERF_STAT : "     1.633032460;CPU0;23184;;UNC_M_CAS_COUNT.RD[UNIT4];15995700;100.00;;"
8175 [140485403006656] INFO perfrun.perfcollector <> - PERF_STAT : "     1.633032460;CPU10;353;;UNC_M_CAS_COUNT.RD[UNIT4];16003659;100.00;;"
8175 [140485403006656] INFO perfrun.perfcollector <> - PERF_STAT : "     1.633032460;CPU0;24172;;UNC_M_CAS_COUNT.RD[UNIT5];15995657;100.00;;"
8175 [140485403006656] INFO perfrun.perfcollector <> - PERF_STAT : "     1.633032460;CPU10;431;;UNC_M_CAS_COUNT.RD[UNIT5];16003654;100.00;;"
8175 [140485403006656] INFO perfrun.perfcollector <> - PERF_STAT : "     1.633032460;CPU0;988;;UNC_M_CAS_COUNT.WR[UNIT0];15995997;100.00;;"
8175 [140485403006656] INFO perfrun.perfcollector <> - PERF_STAT : "     1.633032460;CPU10;79;;UNC_M_CAS_COUNT.WR[UNIT0];16003844;100.00;;"
8175 [140485403006656] INFO perfrun.perfcollector <> - PERF_STAT : "     1.633032460;CPU0;1795;;UNC_M_CAS_COUNT.WR[UNIT1];15996150;100.00;;"
8175 [140485403006656] INFO perfrun.perfcollector <> - PERF_STAT : "     1.633032460;CPU10;139;;UNC_M_CAS_COUNT.WR[UNIT1];16003970;100.00;;"
8175 [140485403006656] INFO perfrun.perfcollector <> - PERF_STAT : "     1.633032460;CPU0;939;;UNC_M_CAS_COUNT.WR[UNIT4];15996811;100.00;;"
8175 [140485403006656] INFO perfrun.perfcollector <> - PERF_STAT : "     1.633032460;CPU10;73;;UNC_M_CAS_COUNT.WR[UNIT4];16003859;100.00;;"
8175 [140485403006656] INFO perfrun.perfcollector <> - PERF_STAT : "     1.633032460;CPU0;1801;;UNC_M_CAS_COUNT.WR[UNIT5];15996596;100.00;;"
8175 [140485403006656] INFO perfrun.perfcollector <> - PERF_STAT : "     1.633032460;CPU10;149;;UNC_M_CAS_COUNT.WR[UNIT5];16003840;100.00;;"
8191 [140485403006656] INFO perfrun.perfcollector <> - PERF_STAT : "     1.649036669;CPU0;22417;;UNC_M_CAS_COUNT.RD[UNIT0];16001609;100.00;;"
8191 [140485403006656] INFO perfrun.perfcollector <> - PERF_STAT : "     1.649036669;CPU10;259;;UNC_M_CAS_COUNT.RD[UNIT0];16000105;100.00;;"
8191 [140485403006656] INFO perfrun.perfcollector <> - PERF_STAT : "     1.649036669;CPU0;23142;;UNC_M_CAS_COUNT.RD[UNIT1];16001337;100.00;;"
8191 [140485403006656] INFO perfrun.perfcollector <> - PERF_STAT : "     1.649036669;CPU10;338;;UNC_M_CAS_COUNT.RD[UNIT1];15988560;100.00;;"
8191 [140485403006656] INFO perfrun.perfcollector <> - PERF_STAT : "     1.649036669;CPU0;22281;;UNC_M_CAS_COUNT.RD[UNIT4];16001457;100.00;;"
8191 [140485403006656] INFO perfrun.perfcollector <> - PERF_STAT : "     1.649036669;CPU10;293;;UNC_M_CAS_COUNT.RD[UNIT4];15990446;100.00;;"
8191 [140485403006656] INFO perfrun.perfcollector <> - PERF_STAT : "     1.649036669;CPU0;23037;;UNC_M_CAS_COUNT.RD[UNIT5];16001876;100.00;;"
8191 [140485403006656] INFO perfrun.perfcollector <> - PERF_STAT : "     1.649036669;CPU10;386;;UNC_M_CAS_COUNT.RD[UNIT5];15992508;100.00;;"
8191 [140485403006656] INFO perfrun.perfcollector <> - PERF_STAT : "     1.649036669;CPU0;601;;UNC_M_CAS_COUNT.WR[UNIT0];16001846;100.00;;"
8191 [140485403006656] INFO perfrun.perfcollector <> - PERF_STAT : "     1.649036669;CPU10;28;;UNC_M_CAS_COUNT.WR[UNIT0];15994348;100.00;;"
8191 [140485403006656] INFO perfrun.perfcollector <> - PERF_STAT : "     1.649036669;CPU0;1403;;UNC_M_CAS_COUNT.WR[UNIT1];16001764;100.00;;"
8191 [140485403006656] INFO perfrun.perfcollector <> - PERF_STAT : "     1.649036669;CPU10;83;;UNC_M_CAS_COUNT.WR[UNIT1];15996030;100.00;;"
8191 [140485403006656] INFO perfrun.perfcollector <> - PERF_STAT : "     1.649036669;CPU0;568;;UNC_M_CAS_COUNT.WR[UNIT4];16000991;100.00;;"
8191 [140485403006656] INFO perfrun.perfcollector <> - PERF_STAT : "     1.649036669;CPU10;27;;UNC_M_CAS_COUNT.WR[UNIT4];15997731;100.00;;"
8191 [140485403006656] INFO perfrun.perfcollector <> - PERF_STAT : "     1.649036669;CPU0;1431;;UNC_M_CAS_COUNT.WR[UNIT5];16000989;100.00;;"
8191 [140485403006656] INFO perfrun.perfcollector <> - PERF_STAT : "     1.649036669;CPU10;86;;UNC_M_CAS_COUNT.WR[UNIT5];15999491;100.00;;"
8207 [140485403006656] INFO perfrun.perfcollector <> - PERF_STAT : "     1.665087713;CPU0;22126;;UNC_M_CAS_COUNT.RD[UNIT0];16015234;100.00;;"
8207 [140485403006656] INFO perfrun.perfcollector <> - PERF_STAT : "     1.665087713;CPU10;554;;UNC_M_CAS_COUNT.RD[UNIT0];16025170;100.00;;"
8207 [140485403006656] INFO perfrun.perfcollector <> - PERF_STAT : "     1.665087713;CPU0;22677;;UNC_M_CAS_COUNT.RD[UNIT1];16015389;100.00;;"
8207 [140485403006656] INFO perfrun.perfcollector <> - PERF_STAT : "     1.665087713;CPU10;592;;UNC_M_CAS_COUNT.RD[UNIT1];16022495;100.00;;"
8207 [140485403006656] INFO perfrun.perfcollector <> - PERF_STAT : "     1.665087713;CPU0;21996;;UNC_M_CAS_COUNT.RD[UNIT4];16015548;100.00;;"
8207 [140485403006656] INFO perfrun.perfcollector <> - PERF_STAT : "     1.665087713;CPU10;546;;UNC_M_CAS_COUNT.RD[UNIT4];16020568;100.00;;"
8207 [140485403006656] INFO perfrun.perfcollector <> - PERF_STAT : "     1.665087713;CPU0;22717;;UNC_M_CAS_COUNT.RD[UNIT5];16015509;100.00;;"
8207 [140485403006656] INFO perfrun.perfcollector <> - PERF_STAT : "     1.665087713;CPU10;630;;UNC_M_CAS_COUNT.RD[UNIT5];16018692;100.00;;"
8207 [140485403006656] INFO perfrun.perfcollector <> - PERF_STAT : "     1.665087713;CPU0;531;;UNC_M_CAS_COUNT.WR[UNIT0];16015518;100.00;;"
8207 [140485403006656] INFO perfrun.perfcollector <> - PERF_STAT : "     1.665087713;CPU10;47;;UNC_M_CAS_COUNT.WR[UNIT0];16016763;100.00;;"
8207 [140485403006656] INFO perfrun.perfcollector <> - PERF_STAT : "     1.665087713;CPU0;1358;;UNC_M_CAS_COUNT.WR[UNIT1];16015236;100.00;;"
8207 [140485403006656] INFO perfrun.perfcollector <> - PERF_STAT : "     1.665087713;CPU10;105;;UNC_M_CAS_COUNT.WR[UNIT1];16014961;100.00;;"
8207 [140485403006656] INFO perfrun.perfcollector <> - PERF_STAT : "     1.665087713;CPU0;509;;UNC_M_CAS_COUNT.WR[UNIT4];16015430;100.00;;"
8207 [140485403006656] INFO perfrun.perfcollector <> - PERF_STAT : "     1.665087713;CPU10;46;;UNC_M_CAS_COUNT.WR[UNIT4];16013301;100.00;;"
8207 [140485403006656] INFO perfrun.perfcollector <> - PERF_STAT : "     1.665087713;CPU0;1325;;UNC_M_CAS_COUNT.WR[UNIT5];16015498;100.00;;"
8207 [140485403006656] INFO perfrun.perfcollector <> - PERF_STAT : "     1.665087713;CPU10;117;;UNC_M_CAS_COUNT.WR[UNIT5];16011576;100.00;;"
8227 [140485403006656] INFO perfrun.perfcollector <> - PERF_STAT : "     1.681027018;CPU0;27286;;UNC_M_CAS_COUNT.RD[UNIT0];19985641;100.00;;"
8227 [140485403006656] INFO perfrun.perfcollector <> - PERF_STAT : "     1.681027018;CPU10;717;;UNC_M_CAS_COUNT.RD[UNIT0];19978637;100.00;;"
8227 [140485403006656] INFO perfrun.perfcollector <> - PERF_STAT : "     1.681027018;CPU0;28185;;UNC_M_CAS_COUNT.RD[UNIT1];19986064;100.00;;"
8227 [140485403006656] INFO perfrun.perfcollector <> - PERF_STAT : "     1.681027018;CPU10;762;;UNC_M_CAS_COUNT.RD[UNIT1];19981456;100.00;;"
8227 [140485403006656] INFO perfrun.perfcollector <> - PERF_STAT : "     1.681027018;CPU0;27419;;UNC_M_CAS_COUNT.RD[UNIT4];19985991;100.00;;"
8227 [140485403006656] INFO perfrun.perfcollector <> - PERF_STAT : "     1.681027018;CPU10;681;;UNC_M_CAS_COUNT.RD[UNIT4];19983373;100.00;;"
8227 [140485403006656] INFO perfrun.perfcollector <> - PERF_STAT : "     1.681027018;CPU0;28277;;UNC_M_CAS_COUNT.RD[UNIT5];19985720;100.00;;"
8227 [140485403006656] INFO perfrun.perfcollector <> - PERF_STAT : "     1.681027018;CPU10;765;;UNC_M_CAS_COUNT.RD[UNIT5];19985005;100.00;;"
8227 [140485403006656] INFO perfrun.perfcollector <> - PERF_STAT : "     1.681027018;CPU0;856;;UNC_M_CAS_COUNT.WR[UNIT0];19985550;100.00;;"
8227 [140485403006656] INFO perfrun.perfcollector <> - PERF_STAT : "     1.681027018;CPU10;108;;UNC_M_CAS_COUNT.WR[UNIT0];19986801;100.00;;"
8227 [140485403006656] INFO perfrun.perfcollector <> - PERF_STAT : "     1.681027018;CPU0;1862;;UNC_M_CAS_COUNT.WR[UNIT1];19985725;100.00;;"
8227 [140485403006656] INFO perfrun.perfcollector <> - PERF_STAT : "     1.681027018;CPU10;148;;UNC_M_CAS_COUNT.WR[UNIT1];19988619;100.00;;"
8227 [140485403006656] INFO perfrun.perfcollector <> - PERF_STAT : "     1.681027018;CPU0;866;;UNC_M_CAS_COUNT.WR[UNIT4];19986124;100.00;;"
8227 [140485403006656] INFO perfrun.perfcollector <> - PERF_STAT : "     1.681027018;CPU10;102;;UNC_M_CAS_COUNT.WR[UNIT4];19990339;100.00;;"
8227 [140485403006656] INFO perfrun.perfcollector <> - PERF_STAT : "     1.681027018;CPU0;1855;;UNC_M_CAS_COUNT.WR[UNIT5];19986116;100.00;;"
8227 [140485403006656] INFO perfrun.perfcollector <> - PERF_STAT : "     1.681027018;CPU10;162;;UNC_M_CAS_COUNT.WR[UNIT5];19992105;100.00;;"
8243 [140485403006656] INFO perfrun.perfcollector <> - PERF_STAT : "     1.701095755;CPU0;23628;;UNC_M_CAS_COUNT.RD[UNIT0];15998915;100.00;;"
8243 [140485403006656] INFO perfrun.perfcollector <> - PERF_STAT : "     1.701095755;CPU10;401;;UNC_M_CAS_COUNT.RD[UNIT0];15998086;100.00;;"
8243 [140485403006656] INFO perfrun.perfcollector <> - PERF_STAT : "     1.701095755;CPU0;24397;;UNC_M_CAS_COUNT.RD[UNIT1];15998645;100.00;;"
8243 [140485403006656] INFO perfrun.perfcollector <> - PERF_STAT : "     1.701095755;CPU10;477;;UNC_M_CAS_COUNT.RD[UNIT1];15998036;100.00;;"
8243 [140485403006656] INFO perfrun.perfcollector <> - PERF_STAT : "     1.701095755;CPU0;23466;;UNC_M_CAS_COUNT.RD[UNIT4];15998808;100.00;;"
8243 [140485403006656] INFO perfrun.perfcollector <> - PERF_STAT : "     1.701095755;CPU10;438;;UNC_M_CAS_COUNT.RD[UNIT4];15997942;100.00;;"
8243 [140485403006656] INFO perfrun.perfcollector <> - PERF_STAT : "     1.701095755;CPU0;24097;;UNC_M_CAS_COUNT.RD[UNIT5];15999250;100.00;;"
8243 [140485403006656] INFO perfrun.perfcollector <> - PERF_STAT : "     1.701095755;CPU10;524;;UNC_M_CAS_COUNT.RD[UNIT5];15997936;100.00;;"
8243 [140485403006656] INFO perfrun.perfcollector <> - PERF_STAT : "     1.701095755;CPU0;617;;UNC_M_CAS_COUNT.WR[UNIT0];15999083;100.00;;"
8243 [140485403006656] INFO perfrun.perfcollector <> - PERF_STAT : "     1.701095755;CPU10;74;;UNC_M_CAS_COUNT.WR[UNIT0];15997992;100.00;;"
8243 [140485403006656] INFO perfrun.perfcollector <> - PERF_STAT : "     1.701095755;CPU0;1461;;UNC_M_CAS_COUNT.WR[UNIT1];15999058;100.00;;"
8243 [140485403006656] INFO perfrun.perfcollector <> - PERF_STAT : "     1.701095755;CPU10;115;;UNC_M_CAS_COUNT.WR[UNIT1];15998036;100.00;;"
8243 [140485403006656] INFO perfrun.perfcollector <> - PERF_STAT : "     1.701095755;CPU0;610;;UNC_M_CAS_COUNT.WR[UNIT4];15998691;100.00;;"
8243 [140485403006656] INFO perfrun.perfcollector <> - PERF_STAT : "     1.701095755;CPU10;79;;UNC_M_CAS_COUNT.WR[UNIT4];15998036;100.00;;"
8243 [140485403006656] INFO perfrun.perfcollector <> - PERF_STAT : "     1.701095755;CPU0;1452;;UNC_M_CAS_COUNT.WR[UNIT5];15998746;100.00;;"
8243 [140485403006656] INFO perfrun.perfcollector <> - PERF_STAT : "     1.701095755;CPU10;148;;UNC_M_CAS_COUNT.WR[UNIT5];15998089;100.00;;"
8259 [140485403006656] INFO perfrun.perfcollector <> - PERF_STAT : "     1.717090056;CPU0;19956;;UNC_M_CAS_COUNT.RD[UNIT0];16002155;100.00;;"
8259 [140485403006656] INFO perfrun.perfcollector <> - PERF_STAT : "     1.717090056;CPU10;285;;UNC_M_CAS_COUNT.RD[UNIT0];16004023;100.00;;"
8259 [140485403006656] INFO perfrun.perfcollector <> - PERF_STAT : "     1.717090056;CPU0;20790;;UNC_M_CAS_COUNT.RD[UNIT1];16002150;100.00;;"
8259 [140485403006656] INFO perfrun.perfcollector <> - PERF_STAT : "     1.717090056;CPU10;355;;UNC_M_CAS_COUNT.RD[UNIT1];16001239;100.00;;"
8259 [140485403006656] INFO perfrun.perfcollector <> - PERF_STAT : "     1.717090056;CPU0;19997;;UNC_M_CAS_COUNT.RD[UNIT4];16001835;100.00;;"
8259 [140485403006656] INFO perfrun.perfcollector <> - PERF_STAT : "     1.717090056;CPU10;304;;UNC_M_CAS_COUNT.RD[UNIT4];15999354;100.00;;"
8259 [140485403006656] INFO perfrun.perfcollector <> - PERF_STAT : "     1.717090056;CPU0;20576;;UNC_M_CAS_COUNT.RD[UNIT5];16001424;100.00;;"
8259 [140485403006656] INFO perfrun.perfcollector <> - PERF_STAT : "     1.717090056;CPU10;360;;UNC_M_CAS_COUNT.RD[UNIT5];15997563;100.00;;"
8259 [140485403006656] INFO perfrun.perfcollector <> - PERF_STAT : "     1.717090056;CPU0;598;;UNC_M_CAS_COUNT.WR[UNIT0];16001294;100.00;;"
8259 [140485403006656] INFO perfrun.perfcollector <> - PERF_STAT : "     1.717090056;CPU10;31;;UNC_M_CAS_COUNT.WR[UNIT0];15995645;100.00;;"
8259 [140485403006656] INFO perfrun.perfcollector <> - PERF_STAT : "     1.717090056;CPU0;1455;;UNC_M_CAS_COUNT.WR[UNIT1];16001141;100.00;;"
8259 [140485403006656] INFO perfrun.perfcollector <> - PERF_STAT : "     1.717090056;CPU10;98;;UNC_M_CAS_COUNT.WR[UNIT1];15993776;100.00;;"
8259 [140485403006656] INFO perfrun.perfcollector <> - PERF_STAT : "     1.717090056;CPU0;579;;UNC_M_CAS_COUNT.WR[UNIT4];16000972;100.00;;"
8259 [140485403006656] INFO perfrun.perfcollector <> - PERF_STAT : "     1.717090056;CPU10;41;;UNC_M_CAS_COUNT.WR[UNIT4];15992047;100.00;;"
8259 [140485403006656] INFO perfrun.perfcollector <> - PERF_STAT : "     1.717090056;CPU0;1381;;UNC_M_CAS_COUNT.WR[UNIT5];16000852;100.00;;"
8259 [140485403006656] INFO perfrun.perfcollector <> - PERF_STAT : "     1.717090056;CPU10;105;;UNC_M_CAS_COUNT.WR[UNIT5];15990188;100.00;;"
8275 [140485403006656] INFO perfrun.perfcollector <> - PERF_STAT : "     1.733025800;CPU0;21511;;UNC_M_CAS_COUNT.RD[UNIT0];16004821;100.00;;"
8275 [140485403006656] INFO perfrun.perfcollector <> - PERF_STAT : "     1.733025800;CPU10;254;;UNC_M_CAS_COUNT.RD[UNIT0];15985989;100.00;;"
8275 [140485403006656] INFO perfrun.perfcollector <> - PERF_STAT : "     1.733025800;CPU0;22280;;UNC_M_CAS_COUNT.RD[UNIT1];16004726;100.00;;"
8275 [140485403006656] INFO perfrun.perfcollector <> - PERF_STAT : "     1.733025800;CPU10;350;;UNC_M_CAS_COUNT.RD[UNIT1];15986063;100.00;;"
8275 [140485403006656] INFO perfrun.perfcollector <> - PERF_STAT : "     1.733025800;CPU0;21449;;UNC_M_CAS_COUNT.RD[UNIT4];16004881;100.00;;"
8275 [140485403006656] INFO perfrun.perfcollector <> - PERF_STAT : "     1.733025800;CPU10;248;;UNC_M_CAS_COUNT.RD[UNIT4];15986214;100.00;;"
8275 [140485403006656] INFO perfrun.perfcollector <> - PERF_STAT : "     1.733025800;CPU0;22219;;UNC_M_CAS_COUNT.RD[UNIT5];16004988;100.00;;"
8275 [140485403006656] INFO perfrun.perfcollector <> - PERF_STAT : "     1.733025800;CPU10;333;;UNC_M_CAS_COUNT.RD[UNIT5];15986195;100.00;;"
8275 [140485403006656] INFO perfrun.perfcollector <> - PERF_STAT : "     1.733025800;CPU0;573;;UNC_M_CAS_COUNT.WR[UNIT0];16005338;100.00;;"
8275 [140485403006656] INFO perfrun.perfcollector <> - PERF_STAT : "     1.733025800;CPU10;25;;UNC_M_CAS_COUNT.WR[UNIT0];15986179;100.00;;"
8275 [140485403006656] INFO perfrun.perfcollector <> - PERF_STAT : "     1.733025800;CPU0;1390;;UNC_M_CAS_COUNT.WR[UNIT1];16005657;100.00;;"
8275 [140485403006656] INFO perfrun.perfcollector <> - PERF_STAT : "     1.733025800;CPU10;77;;UNC_M_CAS_COUNT.WR[UNIT1];15986171;100.00;;"
8275 [140485403006656] INFO perfrun.perfcollector <> - PERF_STAT : "     1.733025800;CPU0;543;;UNC_M_CAS_COUNT.WR[UNIT4];16005599;100.00;;"
8275 [140485403006656] INFO perfrun.perfcollector <> - PERF_STAT : "     1.733025800;CPU10;28;;UNC_M_CAS_COUNT.WR[UNIT4];15986121;100.00;;"
8275 [140485403006656] INFO perfrun.perfcollector <> - PERF_STAT : "     1.733025800;CPU0;1385;;UNC_M_CAS_COUNT.WR[UNIT5];16005645;100.00;;"
8275 [140485403006656] INFO perfrun.perfcollector <> - PERF_STAT : "     1.733025800;CPU10;91;;UNC_M_CAS_COUNT.WR[UNIT5];15986129;100.00;;"
8291 [140485403006656] INFO perfrun.perfcollector <> - PERF_STAT : "     1.749014031;CPU0;24781;;UNC_M_CAS_COUNT.RD[UNIT0];15995375;100.00;;"
8291 [140485403006656] INFO perfrun.perfcollector <> - PERF_STAT : "     1.749014031;CPU10;374;;UNC_M_CAS_COUNT.RD[UNIT0];16014361;100.00;;"
8291 [140485403006656] INFO perfrun.perfcollector <> - PERF_STAT : "     1.749014031;CPU0;25210;;UNC_M_CAS_COUNT.RD[UNIT1];15996126;100.00;;"
8291 [140485403006656] INFO perfrun.perfcollector <> - PERF_STAT : "     1.749014031;CPU10;439;;UNC_M_CAS_COUNT.RD[UNIT1];16017102;100.00;;"
8291 [140485403006656] INFO perfrun.perfcollector <> - PERF_STAT : "     1.749014031;CPU0;24493;;UNC_M_CAS_COUNT.RD[UNIT4];15996702;100.00;;"
8291 [140485403006656] INFO perfrun.perfcollector <> - PERF_STAT : "     1.749014031;CPU10;363;;UNC_M_CAS_COUNT.RD[UNIT4];16018832;100.00;;"
8291 [140485403006656] INFO perfrun.perfcollector <> - PERF_STAT : "     1.749014031;CPU0;24966;;UNC_M_CAS_COUNT.RD[UNIT5];15996814;100.00;;"
8291 [140485403006656] INFO perfrun.perfcollector <> - PERF_STAT : "     1.749014031;CPU10;499;;UNC_M_CAS_COUNT.RD[UNIT5];16020655;100.00;;"
8291 [140485403006656] INFO perfrun.perfcollector <> - PERF_STAT : "     1.749014031;CPU0;717;;UNC_M_CAS_COUNT.WR[UNIT0];15997127;100.00;;"
8291 [140485403006656] INFO perfrun.perfcollector <> - PERF_STAT : "     1.749014031;CPU10;30;;UNC_M_CAS_COUNT.WR[UNIT0];16022526;100.00;;"
8291 [140485403006656] INFO perfrun.perfcollector <> - PERF_STAT : "     1.749014031;CPU0;1521;;UNC_M_CAS_COUNT.WR[UNIT1];15996812;100.00;;"
8291 [140485403006656] INFO perfrun.perfcollector <> - PERF_STAT : "     1.749014031;CPU10;110;;UNC_M_CAS_COUNT.WR[UNIT1];16024543;100.00;;"
8291 [140485403006656] INFO perfrun.perfcollector <> - PERF_STAT : "     1.749014031;CPU0;688;;UNC_M_CAS_COUNT.WR[UNIT4];15996920;100.00;;"
8291 [140485403006656] INFO perfrun.perfcollector <> - PERF_STAT : "     1.749014031;CPU10;34;;UNC_M_CAS_COUNT.WR[UNIT4];16026372;100.00;;"
8291 [140485403006656] INFO perfrun.perfcollector <> - PERF_STAT : "     1.749014031;CPU0;1512;;UNC_M_CAS_COUNT.WR[UNIT5];15997226;100.00;;"
8291 [140485403006656] INFO perfrun.perfcollector <> - PERF_STAT : "     1.749014031;CPU10;117;;UNC_M_CAS_COUNT.WR[UNIT5];16028133;100.00;;"
8307 [140485403006656] INFO perfrun.perfcollector <> - PERF_STAT : "     1.765094048;CPU0;19890;;UNC_M_CAS_COUNT.RD[UNIT0];15998031;100.00;;"
8307 [140485403006656] INFO perfrun.perfcollector <> - PERF_STAT : "     1.765094048;CPU10;332;;UNC_M_CAS_COUNT.RD[UNIT0];15992693;100.00;;"
8307 [140485403006656] INFO perfrun.perfcollector <> - PERF_STAT : "     1.765094048;CPU0;20610;;UNC_M_CAS_COUNT.RD[UNIT1];15997123;100.00;;"
8307 [140485403006656] INFO perfrun.perfcollector <> - PERF_STAT : "     1.765094048;CPU10;398;;UNC_M_CAS_COUNT.RD[UNIT1];15992666;100.00;;"
8307 [140485403006656] INFO perfrun.perfcollector <> - PERF_STAT : "     1.765094048;CPU0;19913;;UNC_M_CAS_COUNT.RD[UNIT4];15996522;100.00;;"
8307 [140485403006656] INFO perfrun.perfcollector <> - PERF_STAT : "     1.765094048;CPU10;335;;UNC_M_CAS_COUNT.RD[UNIT4];15992664;100.00;;"
8307 [140485403006656] INFO perfrun.perfcollector <> - PERF_STAT : "     1.765094048;CPU0;20659;;UNC_M_CAS_COUNT.RD[UNIT5];15996339;100.00;;"
8307 [140485403006656] INFO perfrun.perfcollector <> - PERF_STAT : "     1.765094048;CPU10;445;;UNC_M_CAS_COUNT.RD[UNIT5];15992677;100.00;;"
8307 [140485403006656] INFO perfrun.perfcollector <> - PERF_STAT : "     1.765094048;CPU0;622;;UNC_M_CAS_COUNT.WR[UNIT0];15996034;100.00;;"
8307 [140485403006656] INFO perfrun.perfcollector <> - PERF_STAT : "     1.765094048;CPU10;24;;UNC_M_CAS_COUNT.WR[UNIT0];15992696;100.00;;"
8307 [140485403006656] INFO perfrun.perfcollector <> - PERF_STAT : "     1.765094048;CPU0;1448;;UNC_M_CAS_COUNT.WR[UNIT1];15996091;100.00;;"
8307 [140485403006656] INFO perfrun.perfcollector <> - PERF_STAT : "     1.765094048;CPU10;90;;UNC_M_CAS_COUNT.WR[UNIT1];15992560;100.00;;"
8307 [140485403006656] INFO perfrun.perfcollector <> - PERF_STAT : "     1.765094048;CPU0;582;;UNC_M_CAS_COUNT.WR[UNIT4];15996088;100.00;;"
8307 [140485403006656] INFO perfrun.perfcollector <> - PERF_STAT : "     1.765094048;CPU10;34;;UNC_M_CAS_COUNT.WR[UNIT4];15992614;100.00;;"
8307 [140485403006656] INFO perfrun.perfcollector <> - PERF_STAT : "     1.765094048;CPU0;1435;;UNC_M_CAS_COUNT.WR[UNIT5];15995929;100.00;;"
8307 [140485403006656] INFO perfrun.perfcollector <> - PERF_STAT : "     1.765094048;CPU10;106;;UNC_M_CAS_COUNT.WR[UNIT5];15992707;100.00;;"
8327 [140485403006656] INFO perfrun.perfcollector <> - PERF_STAT : "     1.781085308;CPU0;30442;;UNC_M_CAS_COUNT.RD[UNIT0];20000112;100.00;;"
8327 [140485403006656] INFO perfrun.perfcollector <> - PERF_STAT : "     1.781085308;CPU10;1035;;UNC_M_CAS_COUNT.RD[UNIT0];20005324;100.00;;"
8327 [140485403006656] INFO perfrun.perfcollector <> - PERF_STAT : "     1.781085308;CPU0;31347;;UNC_M_CAS_COUNT.RD[UNIT1];20001037;100.00;;"
8327 [140485403006656] INFO perfrun.perfcollector <> - PERF_STAT : "     1.781085308;CPU10;1093;;UNC_M_CAS_COUNT.RD[UNIT1];20005358;100.00;;"
8327 [140485403006656] INFO perfrun.perfcollector <> - PERF_STAT : "     1.781085308;CPU0;30301;;UNC_M_CAS_COUNT.RD[UNIT4];20001034;100.00;;"
8327 [140485403006656] INFO perfrun.perfcollector <> - PERF_STAT : "     1.781085308;CPU10;1033;;UNC_M_CAS_COUNT.RD[UNIT4];20005420;100.00;;"
8327 [140485403006656] INFO perfrun.perfcollector <> - PERF_STAT : "     1.781085308;CPU0;31267;;UNC_M_CAS_COUNT.RD[UNIT5];20000971;100.00;;"
8327 [140485403006656] INFO perfrun.perfcollector <> - PERF_STAT : "     1.781085308;CPU10;1091;;UNC_M_CAS_COUNT.RD[UNIT5];20005484;100.00;;"
8327 [140485403006656] INFO perfrun.perfcollector <> - PERF_STAT : "     1.781085308;CPU0;876;;UNC_M_CAS_COUNT.WR[UNIT0];20000702;100.00;;"
8327 [140485403006656] INFO perfrun.perfcollector <> - PERF_STAT : "     1.781085308;CPU10;119;;UNC_M_CAS_COUNT.WR[UNIT0];20005448;100.00;;"
8327 [140485403006656] INFO perfrun.perfcollector <> - PERF_STAT : "     1.781085308;CPU0;1913;;UNC_M_CAS_COUNT.WR[UNIT1];20000700;100.00;;"
8327 [140485403006656] INFO perfrun.perfcollector <> - PERF_STAT : "     1.781085308;CPU10;164;;UNC_M_CAS_COUNT.WR[UNIT1];20005434;100.00;;"
8327 [140485403006656] INFO perfrun.perfcollector <> - PERF_STAT : "     1.781085308;CPU0;852;;UNC_M_CAS_COUNT.WR[UNIT4];20000834;100.00;;"
8327 [140485403006656] INFO perfrun.perfcollector <> - PERF_STAT : "     1.781085308;CPU10;106;;UNC_M_CAS_COUNT.WR[UNIT4];20005330;100.00;;"
8327 [140485403006656] INFO perfrun.perfcollector <> - PERF_STAT : "     1.781085308;CPU0;1918;;UNC_M_CAS_COUNT.WR[UNIT5];20000723;100.00;;"
8327 [140485403006656] INFO perfrun.perfcollector <> - PERF_STAT : "     1.781085308;CPU10;186;;UNC_M_CAS_COUNT.WR[UNIT5];20005424;100.00;;"
8343 [140485403006656] INFO perfrun.perfcollector <> - PERF_STAT : "     1.801067550;CPU0;20217;;UNC_M_CAS_COUNT.RD[UNIT0];16011339;100.00;;"
8343 [140485403006656] INFO perfrun.perfcollector <> - PERF_STAT : "     1.801067550;CPU10;508;;UNC_M_CAS_COUNT.RD[UNIT0];16030724;100.00;;"
8343 [140485403006656] INFO perfrun.perfcollector <> - PERF_STAT : "     1.801067550;CPU0;21046;;UNC_M_CAS_COUNT.RD[UNIT1];16022148;100.00;;"
8343 [140485403006656] INFO perfrun.perfcollector <> - PERF_STAT : "     1.801067550;CPU10;538;;UNC_M_CAS_COUNT.RD[UNIT1];16030797;100.00;;"
8343 [140485403006656] INFO perfrun.perfcollector <> - PERF_STAT : "     1.801067550;CPU0;20195;;UNC_M_CAS_COUNT.RD[UNIT4];16022436;100.00;;"
8343 [140485403006656] INFO perfrun.perfcollector <> - PERF_STAT : "     1.801067550;CPU10;536;;UNC_M_CAS_COUNT.RD[UNIT4];16030918;100.00;;"
8343 [140485403006656] INFO perfrun.perfcollector <> - PERF_STAT : "     1.801067550;CPU0;20848;;UNC_M_CAS_COUNT.RD[UNIT5];16022601;100.00;;"
8343 [140485403006656] INFO perfrun.perfcollector <> - PERF_STAT : "     1.801067550;CPU10;659;;UNC_M_CAS_COUNT.RD[UNIT5];16031001;100.00;;"
8343 [140485403006656] INFO perfrun.perfcollector <> - PERF_STAT : "     1.801067550;CPU0;588;;UNC_M_CAS_COUNT.WR[UNIT0];16034616;100.00;;"
8343 [140485403006656] INFO perfrun.perfcollector <> - PERF_STAT : "     1.801067550;CPU10;69;;UNC_M_CAS_COUNT.WR[UNIT0];16031078;100.00;;"
8343 [140485403006656] INFO perfrun.perfcollector <> - PERF_STAT : "     1.801067550;CPU0;1400;;UNC_M_CAS_COUNT.WR[UNIT1];16034879;100.00;;"
8343 [140485403006656] INFO perfrun.perfcollector <> - PERF_STAT : "     1.801067550;CPU10;105;;UNC_M_CAS_COUNT.WR[UNIT1];16031074;100.00;;"
8343 [140485403006656] INFO perfrun.perfcollector <> - PERF_STAT : "     1.801067550;CPU0;560;;UNC_M_CAS_COUNT.WR[UNIT4];16034912;100.00;;"
8343 [140485403006656] INFO perfrun.perfcollector <> - PERF_STAT : "     1.801067550;CPU10;79;;UNC_M_CAS_COUNT.WR[UNIT4];16031098;100.00;;"
8343 [140485403006656] INFO perfrun.perfcollector <> - PERF_STAT : "     1.801067550;CPU0;1393;;UNC_M_CAS_COUNT.WR[UNIT5];16034985;100.00;;"
8343 [140485403006656] INFO perfrun.perfcollector <> - PERF_STAT : "     1.801067550;CPU10;140;;UNC_M_CAS_COUNT.WR[UNIT5];16030994;100.00;;"
8359 [140485403006656] INFO perfrun.perfcollector <> - PERF_STAT : "     1.817123216;CPU0;23816;;UNC_M_CAS_COUNT.RD[UNIT0];15990067;100.00;;"
8359 [140485403006656] INFO perfrun.perfcollector <> - PERF_STAT : "     1.817123216;CPU10;410;;UNC_M_CAS_COUNT.RD[UNIT0];15966677;100.00;;"
8359 [140485403006656] INFO perfrun.perfcollector <> - PERF_STAT : "     1.817123216;CPU0;24439;;UNC_M_CAS_COUNT.RD[UNIT1];15978776;100.00;;"
8359 [140485403006656] INFO perfrun.perfcollector <> - PERF_STAT : "     1.817123216;CPU10;496;;UNC_M_CAS_COUNT.RD[UNIT1];15966542;100.00;;"
8359 [140485403006656] INFO perfrun.perfcollector <> - PERF_STAT : "     1.817123216;CPU0;23673;;UNC_M_CAS_COUNT.RD[UNIT4];15978376;100.00;;"
8359 [140485403006656] INFO perfrun.perfcollector <> - PERF_STAT : "     1.817123216;CPU10;379;;UNC_M_CAS_COUNT.RD[UNIT4];15966335;100.00;;"
8359 [140485403006656] INFO perfrun.perfcollector <> - PERF_STAT : "     1.817123216;CPU0;24242;;UNC_M_CAS_COUNT.RD[UNIT5];15978099;100.00;;"
8359 [140485403006656] INFO perfrun.perfcollector <> - PERF_STAT : "     1.817123216;CPU10;508;;UNC_M_CAS_COUNT.RD[UNIT5];15966165;100.00;;"
8359 [140485403006656] INFO perfrun.perfcollector <> - PERF_STAT : "     1.817123216;CPU0;1096;;UNC_M_CAS_COUNT.WR[UNIT0];15966097;100.00;;"
8359 [140485403006656] INFO perfrun.perfcollector <> - PERF_STAT : "     1.817123216;CPU10;97;;UNC_M_CAS_COUNT.WR[UNIT0];15966075;100.00;;"
8359 [140485403006656] INFO perfrun.perfcollector <> - PERF_STAT : "     1.817123216;CPU0;1948;;UNC_M_CAS_COUNT.WR[UNIT1];15965992;100.00;;"
8359 [140485403006656] INFO perfrun.perfcollector <> - PERF_STAT : "     1.817123216;CPU10;191;;UNC_M_CAS_COUNT.WR[UNIT1];15966183;100.00;;"
8359 [140485403006656] INFO perfrun.perfcollector <> - PERF_STAT : "     1.817123216;CPU0;1066;;UNC_M_CAS_COUNT.WR[UNIT4];15965939;100.00;;"
8359 [140485403006656] INFO perfrun.perfcollector <> - PERF_STAT : "     1.817123216;CPU10;91;;UNC_M_CAS_COUNT.WR[UNIT4];15966325;100.00;;"
8359 [140485403006656] INFO perfrun.perfcollector <> - PERF_STAT : "     1.817123216;CPU0;1974;;UNC_M_CAS_COUNT.WR[UNIT5];15965901;100.00;;"
8359 [140485403006656] INFO perfrun.perfcollector <> - PERF_STAT : "     1.817123216;CPU10;207;;UNC_M_CAS_COUNT.WR[UNIT5];15966276;100.00;;"
8370 [140485403006656] INFO perfrun.perfcollector <> - PERF_STAT : "     1.833091304;CPU0;15713;;UNC_M_CAS_COUNT.RD[UNIT0];10819864;100.00;;"
8370 [140485403006656] INFO perfrun.perfcollector <> - PERF_STAT : "     1.833091304;CPU10;449;;UNC_M_CAS_COUNT.RD[UNIT0];10814629;100.00;;"
8370 [140485403006656] INFO perfrun.perfcollector <> - PERF_STAT : "     1.833091304;CPU0;16130;;UNC_M_CAS_COUNT.RD[UNIT1];10818832;100.00;;"
8370 [140485403006656] INFO perfrun.perfcollector <> - PERF_STAT : "     1.833091304;CPU10;543;;UNC_M_CAS_COUNT.RD[UNIT1];10814634;100.00;;"
8370 [140485403006656] INFO perfrun.perfcollector <> - PERF_STAT : "     1.833091304;CPU0;15595;;UNC_M_CAS_COUNT.RD[UNIT4];10818348;100.00;;"
8370 [140485403006656] INFO perfrun.perfcollector <> - PERF_STAT : "     1.833091304;CPU10;473;;UNC_M_CAS_COUNT.RD[UNIT4];10814744;100.00;;"
8370 [140485403006656] INFO perfrun.perfcollector <> - PERF_STAT : "     1.833091304;CPU0;16151;;UNC_M_CAS_COUNT.RD[UNIT5];10817931;100.00;;"
8370 [140485403006656] INFO perfrun.perfcollector <> - PERF_STAT : "     1.833091304;CPU10;571;;UNC_M_CAS_COUNT.RD[UNIT5];10814744;100.00;;"
8370 [140485403006656] INFO perfrun.perfcollector <> - PERF_STAT : "     1.833091304;CPU0;512;;UNC_M_CAS_COUNT.WR[UNIT0];10817775;100.00;;"
8370 [140485403006656] INFO perfrun.perfcollector <> - PERF_STAT : "     1.833091304;CPU10;66;;UNC_M_CAS_COUNT.WR[UNIT0];10814744;100.00;;"
8370 [140485403006656] INFO perfrun.perfcollector <> - PERF_STAT : "     1.833091304;CPU0;1056;;UNC_M_CAS_COUNT.WR[UNIT1];10817324;100.00;;"
8370 [140485403006656] INFO perfrun.perfcollector <> - PERF_STAT : "     1.833091304;CPU10;151;;UNC_M_CAS_COUNT.WR[UNIT1];10814743;100.00;;"
8370 [140485403006656] INFO perfrun.perfcollector <> - PERF_STAT : "     1.833091304;CPU0;500;;UNC_M_CAS_COUNT.WR[UNIT4];10817261;100.00;;"
8370 [140485403006656] INFO perfrun.perfcollector <> - PERF_STAT : "     1.833091304;CPU10;81;;UNC_M_CAS_COUNT.WR[UNIT4];10814627;100.00;;"
8370 [140485403006656] INFO perfrun.perfcollector <> - PERF_STAT : "     1.833091304;CPU0;1062;;UNC_M_CAS_COUNT.WR[UNIT5];10817159;100.00;;"
8370 [140485403006656] INFO perfrun.perfcollector <> - PERF_STAT : "     1.833091304;CPU10;142;;UNC_M_CAS_COUNT.WR[UNIT5];10814603;100.00;;"
8383 [140485403006656] INFO perfrun.perfcollector <> - PERF_STAT : "     1.843905940;CPU0;17802;;UNC_M_CAS_COUNT.RD[UNIT0];13179249;100.00;;"
8383 [140485403006656] INFO perfrun.perfcollector <> - PERF_STAT : "     1.843905940;CPU10;213;;UNC_M_CAS_COUNT.RD[UNIT0];13186770;100.00;;"
8383 [140485403006656] INFO perfrun.perfcollector <> - PERF_STAT : "     1.843905940;CPU0;18366;;UNC_M_CAS_COUNT.RD[UNIT1];13179517;100.00;;"
8383 [140485403006656] INFO perfrun.perfcollector <> - PERF_STAT : "     1.843905940;CPU10;314;;UNC_M_CAS_COUNT.RD[UNIT1];13183906;100.00;;"
8383 [140485403006656] INFO perfrun.perfcollector <> - PERF_STAT : "     1.843905940;CPU0;17626;;UNC_M_CAS_COUNT.RD[UNIT4];13180249;100.00;;"
8383 [140485403006656] INFO perfrun.perfcollector <> - PERF_STAT : "     1.843905940;CPU10;235;;UNC_M_CAS_COUNT.RD[UNIT4];13182386;100.00;;"
8383 [140485403006656] INFO perfrun.perfcollector <> - PERF_STAT : "     1.843905940;CPU0;18216;;UNC_M_CAS_COUNT.RD[UNIT5];13180798;100.00;;"
8383 [140485403006656] INFO perfrun.perfcollector <> - PERF_STAT : "     1.843905940;CPU10;345;;UNC_M_CAS_COUNT.RD[UNIT5];13180573;100.00;;"
8383 [140485403006656] INFO perfrun.perfcollector <> - PERF_STAT : "     1.843905940;CPU0;534;;UNC_M_CAS_COUNT.WR[UNIT0];13180785;100.00;;"
8383 [140485403006656] INFO perfrun.perfcollector <> - PERF_STAT : "     1.843905940;CPU10;23;;UNC_M_CAS_COUNT.WR[UNIT0];13178731;100.00;;"
8383 [140485403006656] INFO perfrun.perfcollector <> - PERF_STAT : "     1.843905940;CPU0;1189;;UNC_M_CAS_COUNT.WR[UNIT1];13181011;100.00;;"
8383 [140485403006656] INFO perfrun.perfcollector <> - PERF_STAT : "     1.843905940;CPU10;109;;UNC_M_CAS_COUNT.WR[UNIT1];13176872;100.00;;"
8383 [140485403006656] INFO perfrun.perfcollector <> - PERF_STAT : "     1.843905940;CPU0;517;;UNC_M_CAS_COUNT.WR[UNIT4];13180968;100.00;;"
8383 [140485403006656] INFO perfrun.perfcollector <> - PERF_STAT : "     1.843905940;CPU10;40;;UNC_M_CAS_COUNT.WR[UNIT4];13175507;100.00;;"
8383 [140485403006656] INFO perfrun.perfcollector <> - PERF_STAT : "     1.843905940;CPU0;1165;;UNC_M_CAS_COUNT.WR[UNIT5];13181073;100.00;;"
8383 [140485403006656] INFO perfrun.perfcollector <> - PERF_STAT : "     1.843905940;CPU10;105;;UNC_M_CAS_COUNT.WR[UNIT5];13173728;100.00;;"
8399 [140485403006656] INFO perfrun.perfcollector <> - PERF_STAT : "     1.857023973;CPU0;22777;;UNC_M_CAS_COUNT.RD[UNIT0];16001817;100.00;;"
8399 [140485403006656] INFO perfrun.perfcollector <> - PERF_STAT : "     1.857023973;CPU10;275;;UNC_M_CAS_COUNT.RD[UNIT0];16003926;100.00;;"
8399 [140485403006656] INFO perfrun.perfcollector <> - PERF_STAT : "     1.857023973;CPU0;23278;;UNC_M_CAS_COUNT.RD[UNIT1];16002508;100.00;;"
8399 [140485403006656] INFO perfrun.perfcollector <> - PERF_STAT : "     1.857023973;CPU10;351;;UNC_M_CAS_COUNT.RD[UNIT1];16003976;100.00;;"
8399 [140485403006656] INFO perfrun.perfcollector <> - PERF_STAT : "     1.857023973;CPU0;22492;;UNC_M_CAS_COUNT.RD[UNIT4];16002641;100.00;;"
8399 [140485403006656] INFO perfrun.perfcollector <> - PERF_STAT : "     1.857023973;CPU10;314;;UNC_M_CAS_COUNT.RD[UNIT4];16003814;100.00;;"
8399 [140485403006656] INFO perfrun.perfcollector <> - PERF_STAT : "     1.857023973;CPU0;23397;;UNC_M_CAS_COUNT.RD[UNIT5];16002397;100.00;;"
8399 [140485403006656] INFO perfrun.perfcollector <> - PERF_STAT : "     1.857023973;CPU10;374;;UNC_M_CAS_COUNT.RD[UNIT5];16003839;100.00;;"
8399 [140485403006656] INFO perfrun.perfcollector <> - PERF_STAT : "     1.857023973;CPU0;433;;UNC_M_CAS_COUNT.WR[UNIT0];16003169;100.00;;"
8399 [140485403006656] INFO perfrun.perfcollector <> - PERF_STAT : "     1.857023973;CPU10;30;;UNC_M_CAS_COUNT.WR[UNIT0];16003833;100.00;;"
8399 [140485403006656] INFO perfrun.perfcollector <> - PERF_STAT : "     1.857023973;CPU0;1214;;UNC_M_CAS_COUNT.WR[UNIT1];16003618;100.00;;"
8399 [140485403006656] INFO perfrun.perfcollector <> - PERF_STAT : "     1.857023973;CPU10;81;;UNC_M_CAS_COUNT.WR[UNIT1];16003713;100.00;;"
8399 [140485403006656] INFO perfrun.perfcollector <> - PERF_STAT : "     1.857023973;CPU0;417;;UNC_M_CAS_COUNT.WR[UNIT4];16003612;100.00;;"
8399 [140485403006656] INFO perfrun.perfcollector <> - PERF_STAT : "     1.857023973;CPU10;32;;UNC_M_CAS_COUNT.WR[UNIT4];16003249;100.00;;"
8399 [140485403006656] INFO perfrun.perfcollector <> - PERF_STAT : "     1.857023973;CPU0;1253;;UNC_M_CAS_COUNT.WR[UNIT5];16003483;100.00;;"
8399 [140485403006656] INFO perfrun.perfcollector <> - PERF_STAT : "     1.857023973;CPU10;94;;UNC_M_CAS_COUNT.WR[UNIT5];16003297;100.00;;"
8413 [140485403006656] INFO perfrun.perfcollector <> - PERF_STAT : "     1.873025052;CPU0;33416;;UNC_M_CAS_COUNT.RD[UNIT0];13661679;100.00;;"
8417 [140485403006656] INFO perfrun.perfcollector <> - PERF_STAT : "     1.873025052;CPU10;3112;;UNC_M_CAS_COUNT.RD[UNIT0];13669627;100.00;;"
8417 [140485403006656] INFO perfrun.perfcollector <> - PERF_STAT : "     1.873025052;CPU0;33776;;UNC_M_CAS_COUNT.RD[UNIT1];13661991;100.00;;"
8417 [140485403006656] INFO perfrun.perfcollector <> - PERF_STAT : "     1.873025052;CPU10;3282;;UNC_M_CAS_COUNT.RD[UNIT1];13669653;100.00;;"
8417 [140485403006656] INFO perfrun.perfcollector <> - PERF_STAT : "     1.873025052;CPU0;33485;;UNC_M_CAS_COUNT.RD[UNIT4];13661935;100.00;;"
8417 [140485403006656] INFO perfrun.perfcollector <> - PERF_STAT : "     1.873025052;CPU10;3166;;UNC_M_CAS_COUNT.RD[UNIT4];13669408;100.00;;"
8417 [140485403006656] INFO perfrun.perfcollector <> - PERF_STAT : "     1.873025052;CPU0;33853;;UNC_M_CAS_COUNT.RD[UNIT5];13662278;100.00;;"
8417 [140485403006656] INFO perfrun.perfcollector <> - PERF_STAT : "     1.873025052;CPU10;3380;;UNC_M_CAS_COUNT.RD[UNIT5];13669410;100.00;;"
8417 [140485403006656] INFO perfrun.perfcollector <> - PERF_STAT : "     1.873025052;CPU0;3898;;UNC_M_CAS_COUNT.WR[UNIT0];13661864;100.00;;"
8417 [140485403006656] INFO perfrun.perfcollector <> - PERF_STAT : "     1.873025052;CPU10;293;;UNC_M_CAS_COUNT.WR[UNIT0];13669435;100.00;;"
8417 [140485403006656] INFO perfrun.perfcollector <> - PERF_STAT : "     1.873025052;CPU0;4726;;UNC_M_CAS_COUNT.WR[UNIT1];13661761;100.00;;"
8417 [140485403006656] INFO perfrun.perfcollector <> - PERF_STAT : "     1.873025052;CPU10;373;;UNC_M_CAS_COUNT.WR[UNIT1];13669839;100.00;;"
8417 [140485403006656] INFO perfrun.perfcollector <> - PERF_STAT : "     1.873025052;CPU0;3888;;UNC_M_CAS_COUNT.WR[UNIT4];13661762;100.00;;"
8417 [140485403006656] INFO perfrun.perfcollector <> - PERF_STAT : "     1.873025052;CPU10;282;;UNC_M_CAS_COUNT.WR[UNIT4];13669874;100.00;;"
8417 [140485403006656] INFO perfrun.perfcollector <> - PERF_STAT : "     1.873025052;CPU0;4568;;UNC_M_CAS_COUNT.WR[UNIT5];13662163;100.00;;"
8417 [140485403006656] INFO perfrun.perfcollector <> - PERF_STAT : "     1.873025052;CPU10;401;;UNC_M_CAS_COUNT.WR[UNIT5];13670112;100.00;;"
8420 [140485673358016] INFO perfrun.launcher <> - Launcher: the profiled application was terminated  with exit code = 0
8423 [140485403006656] INFO perfrun.perfcollector <> - PERF_STAT : "     1.886652397;CPU0;11026;;UNC_M_CAS_COUNT.RD[UNIT0];10356608;100.00;;"
8423 [140485403006656] INFO perfrun.perfcollector <> - PERF_STAT : "     1.886652397;CPU10;12285;;UNC_M_CAS_COUNT.RD[UNIT0];10338246;100.00;;"
8423 [140485403006656] INFO perfrun.perfcollector <> - PERF_STAT : "     1.886652397;CPU0;11730;;UNC_M_CAS_COUNT.RD[UNIT1];10358054;100.00;;"
8423 [140485403006656] INFO perfrun.perfcollector <> - PERF_STAT : "     1.886652397;CPU10;12966;;UNC_M_CAS_COUNT.RD[UNIT1];10341013;100.00;;"
8423 [140485403006656] INFO perfrun.perfcollector <> - PERF_STAT : "     1.886652397;CPU0;10731;;UNC_M_CAS_COUNT.RD[UNIT4];10358870;100.00;;"
8423 [140485403006656] INFO perfrun.perfcollector <> - PERF_STAT : "     1.886652397;CPU10;11154;;UNC_M_CAS_COUNT.RD[UNIT4];10342866;100.00;;"
8423 [140485403006656] INFO perfrun.perfcollector <> - PERF_STAT : "     1.886652397;CPU0;10479;;UNC_M_CAS_COUNT.RD[UNIT5];10359957;100.00;;"
8423 [140485403006656] INFO perfrun.perfcollector <> - PERF_STAT : "     1.886652397;CPU10;12672;;UNC_M_CAS_COUNT.RD[UNIT5];10344689;100.00;;"
8423 [140485403006656] INFO perfrun.perfcollector <> - PERF_STAT : "     1.886652397;CPU0;6485;;UNC_M_CAS_COUNT.WR[UNIT0];10360905;100.00;;"
8423 [140485403006656] INFO perfrun.perfcollector <> - PERF_STAT : "     1.886652397;CPU10;1746;;UNC_M_CAS_COUNT.WR[UNIT0];10346379;100.00;;"
8423 [140485403006656] INFO perfrun.perfcollector <> - PERF_STAT : "     1.886652397;CPU0;6973;;UNC_M_CAS_COUNT.WR[UNIT1];10362310;100.00;;"
8423 [140485403006656] INFO perfrun.perfcollector <> - PERF_STAT : "     1.886652397;CPU10;2120;;UNC_M_CAS_COUNT.WR[UNIT1];10347778;100.00;;"
8423 [140485403006656] INFO perfrun.perfcollector <> - PERF_STAT : "     1.886652397;CPU0;6679;;UNC_M_CAS_COUNT.WR[UNIT4];10364007;100.00;;"
8423 [140485403006656] INFO perfrun.perfcollector <> - PERF_STAT : "     1.886652397;CPU10;1757;;UNC_M_CAS_COUNT.WR[UNIT4];10349348;100.00;;"
8423 [140485403006656] INFO perfrun.perfcollector <> - PERF_STAT : "     1.886652397;CPU0;6961;;UNC_M_CAS_COUNT.WR[UNIT5];10365380;100.00;;"
8423 [140485403006656] INFO perfrun.perfcollector <> - PERF_STAT : "     1.886652397;CPU10;2129;;UNC_M_CAS_COUNT.WR[UNIT5];10350988;100.00;;"
8430 [140485517633216] INFO perfrun.itt <> - stop itt controller
8430 [140485517633216] INFO perfrun.itt <> - detach itt controller
8435 [140485403006656] INFO perfrun.perfcollector <> - PERF_STAT : "     1.897077769;CPU0;6645;;UNC_M_CAS_COUNT.RD[UNIT0];11999747;100.00;;"
8435 [140485403006656] INFO perfrun.perfcollector <> - PERF_STAT : "     1.897077769;CPU10;5123;;UNC_M_CAS_COUNT.RD[UNIT0];11966837;100.00;;"
8435 [140485403006656] INFO perfrun.perfcollector <> - PERF_STAT : "     1.897077769;CPU0;7405;;UNC_M_CAS_COUNT.RD[UNIT1];11996824;100.00;;"
8435 [140485403006656] INFO perfrun.perfcollector <> - PERF_STAT : "     1.897077769;CPU10;5524;;UNC_M_CAS_COUNT.RD[UNIT1];11966904;100.00;;"
8435 [140485403006656] INFO perfrun.perfcollector <> - PERF_STAT : "     1.897077769;CPU0;6576;;UNC_M_CAS_COUNT.RD[UNIT4];11995313;100.00;;"
8435 [140485403006656] INFO perfrun.perfcollector <> - PERF_STAT : "     1.897077769;CPU10;5037;;UNC_M_CAS_COUNT.RD[UNIT4];11966821;100.00;;"
8435 [140485403006656] INFO perfrun.perfcollector <> - PERF_STAT : "     1.897077769;CPU0;7327;;UNC_M_CAS_COUNT.RD[UNIT5];11993567;100.00;;"
8435 [140485403006656] INFO perfrun.perfcollector <> - PERF_STAT : "     1.897077769;CPU10;5594;;UNC_M_CAS_COUNT.RD[UNIT5];11966858;100.00;;"
8435 [140485403006656] INFO perfrun.perfcollector <> - PERF_STAT : "     1.897077769;CPU0;7120;;UNC_M_CAS_COUNT.WR[UNIT0];11991856;100.00;;"
8435 [140485403006656] INFO perfrun.perfcollector <> - PERF_STAT : "     1.897077769;CPU10;335;;UNC_M_CAS_COUNT.WR[UNIT0];11966900;100.00;;"
8435 [140485403006656] INFO perfrun.perfcollector <> - PERF_STAT : "     1.897077769;CPU0;7571;;UNC_M_CAS_COUNT.WR[UNIT1];11990220;100.00;;"
8435 [140485403006656] INFO perfrun.perfcollector <> - PERF_STAT : "     1.897077769;CPU10;817;;UNC_M_CAS_COUNT.WR[UNIT1];11967010;100.00;;"
8435 [140485403006656] INFO perfrun.perfcollector <> - PERF_STAT : "     1.897077769;CPU0;6992;;UNC_M_CAS_COUNT.WR[UNIT4];11988543;100.00;;"
8435 [140485403006656] INFO perfrun.perfcollector <> - PERF_STAT : "     1.897077769;CPU10;332;;UNC_M_CAS_COUNT.WR[UNIT4];11967084;100.00;;"
8435 [140485403006656] INFO perfrun.perfcollector <> - PERF_STAT : "     1.897077769;CPU0;7653;;UNC_M_CAS_COUNT.WR[UNIT5];11986905;100.00;;"
8435 [140485403006656] INFO perfrun.perfcollector <> - PERF_STAT : "     1.897077769;CPU10;806;;UNC_M_CAS_COUNT.WR[UNIT5];11966963;100.00;;"
8445 [140485403006656] INFO perfrun.perfcollector <> - PERF_STAT : "     1.909019330;CPU0;3036;;UNC_M_CAS_COUNT.RD[UNIT0];10358156;100.00;;"
8445 [140485403006656] INFO perfrun.perfcollector <> - PERF_STAT : "     1.909019330;CPU10;7640;;UNC_M_CAS_COUNT.RD[UNIT0];10391168;100.00;;"
8445 [140485403006656] INFO perfrun.perfcollector <> - PERF_STAT : "     1.909019330;CPU0;3635;;UNC_M_CAS_COUNT.RD[UNIT1];10361139;100.00;;"
8445 [140485403006656] INFO perfrun.perfcollector <> - PERF_STAT : "     1.909019330;CPU10;7777;;UNC_M_CAS_COUNT.RD[UNIT1];10388620;100.00;;"
8445 [140485403006656] INFO perfrun.perfcollector <> - PERF_STAT : "     1.909019330;CPU0;3225;;UNC_M_CAS_COUNT.RD[UNIT4];10362767;100.00;;"
8445 [140485403006656] INFO perfrun.perfcollector <> - PERF_STAT : "     1.909019330;CPU10;7651;;UNC_M_CAS_COUNT.RD[UNIT4];10387038;100.00;;"
8446 [140485403006656] INFO perfrun.perfcollector <> - PERF_STAT : "     1.909019330;CPU0;3742;;UNC_M_CAS_COUNT.RD[UNIT5];10364680;100.00;;"
8446 [140485403006656] INFO perfrun.perfcollector <> - PERF_STAT : "     1.909019330;CPU10;7862;;UNC_M_CAS_COUNT.RD[UNIT5];10385162;100.00;;"
8446 [140485403006656] INFO perfrun.perfcollector <> - PERF_STAT : "     1.909019330;CPU0;4669;;UNC_M_CAS_COUNT.WR[UNIT0];10366532;100.00;;"
8446 [140485403006656] INFO perfrun.perfcollector <> - PERF_STAT : "     1.909019330;CPU10;639;;UNC_M_CAS_COUNT.WR[UNIT0];10383622;100.00;;"
8446 [140485403006656] INFO perfrun.perfcollector <> - PERF_STAT : "     1.909019330;CPU0;5082;;UNC_M_CAS_COUNT.WR[UNIT1];10368297;100.00;;"
8446 [140485403006656] INFO perfrun.perfcollector <> - PERF_STAT : "     1.909019330;CPU10;821;;UNC_M_CAS_COUNT.WR[UNIT1];10381816;100.00;;"
8446 [140485403006656] INFO perfrun.perfcollector <> - PERF_STAT : "     1.909019330;CPU0;4707;;UNC_M_CAS_COUNT.WR[UNIT4];10370075;100.00;;"
8446 [140485403006656] INFO perfrun.perfcollector <> - PERF_STAT : "     1.909019330;CPU10;690;;UNC_M_CAS_COUNT.WR[UNIT4];10380069;100.00;;"
8446 [140485403006656] INFO perfrun.perfcollector <> - PERF_STAT : "     1.909019330;CPU0;5142;;UNC_M_CAS_COUNT.WR[UNIT5];10371949;100.00;;"
8446 [140485403006656] INFO perfrun.perfcollector <> - PERF_STAT : "     1.909019330;CPU10;886;;UNC_M_CAS_COUNT.WR[UNIT5];10378283;100.00;;"
8456 [140485403006656] INFO perfrun.perfcollector <> - PERF_STAT : "     1.919353496;CPU0;4234;;UNC_M_CAS_COUNT.RD[UNIT0];10284239;100.00;;"
8462 [140485403006656] INFO perfrun.perfcollector <> - PERF_STAT : "     1.919353496;CPU10;3131;;UNC_M_CAS_COUNT.RD[UNIT0];10242468;100.00;;"
8462 [140485403006656] INFO perfrun.perfcollector <> - PERF_STAT : "     1.919353496;CPU0;4774;;UNC_M_CAS_COUNT.RD[UNIT1];10281370;100.00;;"
8462 [140485403006656] INFO perfrun.perfcollector <> - PERF_STAT : "     1.919353496;CPU10;3620;;UNC_M_CAS_COUNT.RD[UNIT1];10242533;100.00;;"
8462 [140485403006656] INFO perfrun.perfcollector <> - PERF_STAT : "     1.919353496;CPU0;1024;;UNC_M_CAS_COUNT.RD[UNIT4];10279543;100.00;;"
8462 [140485403006656] INFO perfrun.perfcollector <> - PERF_STAT : "     1.919353496;CPU10;2879;;UNC_M_CAS_COUNT.RD[UNIT4];10242445;100.00;;"
8462 [140485403006656] INFO perfrun.perfcollector <> - PERF_STAT : "     1.919353496;CPU0;1587;;UNC_M_CAS_COUNT.RD[UNIT5];10277682;100.00;;"
8462 [140485403006656] INFO perfrun.perfcollector <> - PERF_STAT : "     1.919353496;CPU10;3355;;UNC_M_CAS_COUNT.RD[UNIT5];10242669;100.00;;"
8462 [140485369435840] INFO perfrun.perfcollector <> - Monitor: runCmd RC = true
8462 [140485403006656] INFO perfrun.perfcollector <> - PERF_STAT : "     1.919353496;CPU0;1258;;UNC_M_CAS_COUNT.WR[UNIT0];10275956;100.00;;"
8462 [140485403006656] INFO perfrun.perfcollector <> - PERF_STAT : "     1.919353496;CPU10;542;;UNC_M_CAS_COUNT.WR[UNIT0];10242544;100.00;;"
8462 [140485403006656] INFO perfrun.perfcollector <> - PERF_STAT : "     1.919353496;CPU0;1767;;UNC_M_CAS_COUNT.WR[UNIT1];10274177;100.00;;"
8462 [140485403006656] INFO perfrun.perfcollector <> - PERF_STAT : "     1.919353496;CPU10;1089;;UNC_M_CAS_COUNT.WR[UNIT1];10242617;100.00;;"
8462 [140485517633216] INFO perfrun.perfcollector <> - Monitor: state = 3, error = 1
8462 [140485403006656] INFO perfrun.perfcollector <> - PERF_STAT : "     1.919353496;CPU0;1242;;UNC_M_CAS_COUNT.WR[UNIT4];10272285;100.00;;"
8462 [140485403006656] INFO perfrun.perfcollector <> - PERF_STAT : "     1.919353496;CPU10;533;;UNC_M_CAS_COUNT.WR[UNIT4];10242700;100.00;;"
8462 [140485403006656] INFO perfrun.perfcollector <> - PERF_STAT : "     1.919353496;CPU0;1718;;UNC_M_CAS_COUNT.WR[UNIT5];10270421;100.00;;"
8462 [140485403006656] INFO perfrun.perfcollector <> - PERF_STAT : "     1.919353496;CPU10;1051;;UNC_M_CAS_COUNT.WR[UNIT5];10242756;100.00;;"
8466 [140485403006656] INFO perfrun.perfcollector <> - PERF_STAT : "     1.929494900;CPU0;1243;;UNC_M_CAS_COUNT.RD[UNIT0];10140065;100.00;;"
8466 [140485403006656] INFO perfrun.perfcollector <> - PERF_STAT : "     1.929494900;CPU10;1933;;UNC_M_CAS_COUNT.RD[UNIT0];10135955;100.00;;"
8466 [140485403006656] INFO perfrun.perfcollector <> - PERF_STAT : "     1.929494900;CPU0;1563;;UNC_M_CAS_COUNT.RD[UNIT1];10139875;100.00;;"
8466 [140485403006656] INFO perfrun.perfcollector <> - PERF_STAT : "     1.929494900;CPU10;1907;;UNC_M_CAS_COUNT.RD[UNIT1];10135320;100.00;;"
8466 [140485403006656] INFO perfrun.perfcollector <> - PERF_STAT : "     1.929494900;CPU0;1229;;UNC_M_CAS_COUNT.RD[UNIT4];10139866;100.00;;"
8466 [140485403006656] INFO perfrun.perfcollector <> - PERF_STAT : "     1.929494900;CPU10;1801;;UNC_M_CAS_COUNT.RD[UNIT4];10135308;100.00;;"
8466 [140485403006656] INFO perfrun.perfcollector <> - PERF_STAT : "     1.929494900;CPU0;1629;;UNC_M_CAS_COUNT.RD[UNIT5];10139864;100.00;;"
8466 [140485403006656] INFO perfrun.perfcollector <> - PERF_STAT : "     1.929494900;CPU10;2034;;UNC_M_CAS_COUNT.RD[UNIT5];10134985;100.00;;"
8466 [140485403006656] INFO perfrun.perfcollector <> - PERF_STAT : "     1.929494900;CPU0;907;;UNC_M_CAS_COUNT.WR[UNIT0];10139625;100.00;;"
8466 [140485403006656] INFO perfrun.perfcollector <> - PERF_STAT : "     1.929494900;CPU10;521;;UNC_M_CAS_COUNT.WR[UNIT0];10134834;100.00;;"
8466 [140485403006656] INFO perfrun.perfcollector <> - PERF_STAT : "     1.929494900;CPU0;1290;;UNC_M_CAS_COUNT.WR[UNIT1];10139271;100.00;;"
8466 [140485403006656] INFO perfrun.perfcollector <> - PERF_STAT : "     1.929494900;CPU10;715;;UNC_M_CAS_COUNT.WR[UNIT1];10134609;100.00;;"
8466 [140485403006656] INFO perfrun.perfcollector <> - PERF_STAT : "     1.929494900;CPU0;982;;UNC_M_CAS_COUNT.WR[UNIT4];10139205;100.00;;"
8466 [140485403006656] INFO perfrun.perfcollector <> - PERF_STAT : "     1.929494900;CPU10;499;;UNC_M_CAS_COUNT.WR[UNIT4];10134546;100.00;;"
8466 [140485403006656] INFO perfrun.perfcollector <> - PERF_STAT : "     1.929494900;CPU0;1323;;UNC_M_CAS_COUNT.WR[UNIT5];10138996;100.00;;"
8466 [140485403006656] INFO perfrun.perfcollector <> - PERF_STAT : "     1.929494900;CPU10;735;;UNC_M_CAS_COUNT.WR[UNIT5];10134444;100.00;;"
8493 [140485293242048] INFO perfrun.perfcollector <> - Monitor: runCmd RC = true
8493 [140485517633216] INFO perfrun.perfcollector <> - Monitor: state = 3, error = 1
8493 [140485517633216] INFO perfrun.sdk <> - De-allocating TMU: /tmp/amplxe-tmp-dhamorim/amplxe-res-1444187-16359795852225590/data.0/systemcollector-1444187-hype1.sc
8493 [140485517633216] INFO perfrun.system <> - closed the system trace file: /tmp/amplxe-tmp-dhamorim/amplxe-res-1444187-16359795852225590/data.0/systemcollector-1444187-hype1.sc
8494 [140485673358016] INFO perfrun.launcher <> - Launcher: all plugins were stopped.
8494 [140485673358016] INFO perfrun.launcher <> - DeadlineTimer is going to be destroyed
8494 [140485673358016] INFO perfrun.launcher <> - DeadlineTimer was destroyed
8494 [140485673358016] INFO perfrun.launcher <> - DirectoryMonitor object was destroyed
8494 [140485673358016] WARN perfrun.launcher <> - Stop command is ignored because it is received when collection is already stopped, at file: vcs/perfrun1/launcher/src/command_handler.cpp:212
8814 [140485673358016] INFO perfrun.launcher <> - Application exit code: 0
8814 [140485673358016] INFO perfrun.launcher <> - Exit code: 0
