37 [139721932821184] INFO perfrun.launcher <> - Launcher main begin
40 [139721932821184] INFO perfrun.launcher <> - MessageCatalogInit finished
40 [139721932821184] INFO perfrun.launcher <> - Launcher instance created
40 [139721932821184] INFO perfrun.launcher <> - argc = 7; cmdline = /home/intel/oneapi/vtune/2021.1.1/bin64/amplxe-runss --ui-output-format xml --ui-output-fd 5 --option-file /home/users/dhamorim/pagerank-openmp/results/hpc-performance_web-Stanford_16/config/runsa.options 
56 [139721932821184] INFO perfrun.launcher <> - plugin remoteplug has been added successfully
56 [139721932821184] INFO perfrun.launcher <> - plugin system has been added successfully
56 [139721932821184] INFO perfrun.launcher <> - plugin vdso has been added successfully
56 [139721932821184] INFO perfrun.launcher <> - plugin itt has been added successfully
56 [139721932821184] INFO perfrun.launcher <> - plugin ptracecollector has been added successfully
56 [139721932821184] INFO perfrun.launcher <> - plugin gpu has been added successfully
56 [139721932821184] INFO perfrun.launcher <> - plugin  has been added successfully
56 [139721932821184] INFO perfrun.launcher <> - plugin  has been added successfully
56 [139721932821184] INFO perfrun.launcher <> - plugin  has been added successfully
56 [139721932821184] INFO perfrun.launcher <> - plugin mrte has been added successfully
56 [139721932821184] INFO perfrun.launcher <> - plugin emon has been added successfully
56 [139721932821184] INFO perfrun.launcher <> - plugin cuscol has been added successfully
56 [139721932821184] INFO perfrun.launcher <> - plugin stdsrc has been added successfully
57 [139721932821184] INFO perfrun.launcher <> - plugin sep has been added successfully
57 [139721932821184] INFO perfrun.launcher <> - plugin vtsspp has been added successfully
57 [139721932821184] INFO perfrun.sdk <> - Reading value (-1) from file: /proc/sys/kernel/perf_event_paranoid
57 [139721932821184] INFO perfrun.perfcollector <> - checking access to: /home/intel/oneapi/vtune/2021.1.1/bin64/amplxe-perf-priv
60 [139721932821184] INFO perfrun.perfcollector <> - cpu: family = 6 model = 63
60 [139721932821184] INFO perfrun.perfcollector <> - dir found : /sys/bus/event_source/devices/software
60 [139721932821184] WARN perfrun.perfcollector <> - format subdir doesn't exist, at file: vcs/perfrun1/plugins/perfcollector/src/controller.cpp:725
60 [139721932821184] WARN perfrun.perfcollector <> - pmu hwInfo is not set, at file: vcs/perfrun1/plugins/perfcollector/src/controller.cpp:819
60 [139721932821184] INFO perfrun.perfcollector <> - pmu added : family : software , id : 0
60 [139721932821184] INFO perfrun.perfcollector <> - dir found : /sys/bus/event_source/devices/uncore_imc_5
61 [139721932821184] INFO perfrun.perfcollector <> - format: event config:0-7 mask:0-7
61 [139721932821184] INFO perfrun.perfcollector <> - format: edge config:18 mask:18
61 [139721932821184] INFO perfrun.perfcollector <> - format: inv config:23 mask:23
61 [139721932821184] INFO perfrun.perfcollector <> - format: umask config:8-15 mask:8-15
61 [139721932821184] INFO perfrun.perfcollector <> - format: thresh config:24-31 mask:24-31
61 [139721932821184] INFO perfrun.perfcollector <> - hwInfo : PERF_IMC_PMU_DETAILS
61 [139721932821184] INFO perfrun.perfcollector <> - pmu added : family : uncore_imc , id : 5
61 [139721932821184] INFO perfrun.perfcollector <> - dir found : /sys/bus/event_source/devices/uncore_sbox_2
61 [139721932821184] INFO perfrun.perfcollector <> - format: event config:0-7 mask:0-7
61 [139721932821184] INFO perfrun.perfcollector <> - format: edge config:18 mask:18
61 [139721932821184] INFO perfrun.perfcollector <> - format: inv config:23 mask:23
61 [139721932821184] INFO perfrun.perfcollector <> - format: umask config:8-15 mask:8-15
61 [139721932821184] INFO perfrun.perfcollector <> - format: tid_en config:19 mask:19
61 [139721932821184] INFO perfrun.perfcollector <> - format: thresh config:24-31 mask:24-31
61 [139721932821184] WARN perfrun.perfcollector <> - pmu hwInfo is not set, at file: vcs/perfrun1/plugins/perfcollector/src/controller.cpp:819
61 [139721932821184] INFO perfrun.perfcollector <> - pmu added : family : uncore_sbox , id : 2
61 [139721932821184] INFO perfrun.perfcollector <> - dir found : /sys/bus/event_source/devices/uncore_cbox_8
61 [139721932821184] INFO perfrun.perfcollector <> - format: event config:0-7 mask:0-7
61 [139721932821184] INFO perfrun.perfcollector <> - format: filter_link config1:6-8 mask:6-8
61 [139721932821184] INFO perfrun.perfcollector <> - format: filter_c6 config1:61 mask:61
61 [139721932821184] INFO perfrun.perfcollector <> - format: edge config:18 mask:18
61 [139721932821184] INFO perfrun.perfcollector <> - format: filter_isoc config1:63 mask:63
61 [139721932821184] INFO perfrun.perfcollector <> - format: filter_tid config1:0-5 mask:0-5
61 [139721932821184] INFO perfrun.perfcollector <> - format: filter_nid config1:32-47 mask:32-47
61 [139721932821184] INFO perfrun.perfcollector <> - format: filter_nc config1:62 mask:62
61 [139721932821184] INFO perfrun.perfcollector <> - format: umask config:8-15 mask:8-15
61 [139721932821184] INFO perfrun.perfcollector <> - format: tid_en config:19 mask:19
61 [139721932821184] INFO perfrun.perfcollector <> - format: thresh config:24-31 mask:24-31
61 [139721932821184] INFO perfrun.perfcollector <> - format: filter_state config1:17-23 mask:17-23
61 [139721932821184] INFO perfrun.perfcollector <> - format: filter_opc config1:52-60 mask:52-60
61 [139721932821184] WARN perfrun.perfcollector <> - pmu hwInfo is not set, at file: vcs/perfrun1/plugins/perfcollector/src/controller.cpp:819
61 [139721932821184] INFO perfrun.perfcollector <> - pmu added : family : uncore_cbox , id : 8
61 [139721932821184] INFO perfrun.perfcollector <> - dir found : /sys/bus/event_source/devices/uncore_r2pcie
61 [139721932821184] INFO perfrun.perfcollector <> - format: event config:0-7 mask:0-7
61 [139721932821184] INFO perfrun.perfcollector <> - format: edge config:18 mask:18
61 [139721932821184] INFO perfrun.perfcollector <> - format: inv config:23 mask:23
61 [139721932821184] INFO perfrun.perfcollector <> - format: umask config:8-15 mask:8-15
61 [139721932821184] INFO perfrun.perfcollector <> - format: thresh config:24-31 mask:24-31
62 [139721932821184] WARN perfrun.perfcollector <> - pmu hwInfo is not set, at file: vcs/perfrun1/plugins/perfcollector/src/controller.cpp:819
62 [139721932821184] INFO perfrun.perfcollector <> - pmu added : family : uncore_r2pcie , id : 0
62 [139721932821184] INFO perfrun.perfcollector <> - dir found : /sys/bus/event_source/devices/uncore_sbox_0
62 [139721932821184] INFO perfrun.perfcollector <> - format: event config:0-7 mask:0-7
62 [139721932821184] INFO perfrun.perfcollector <> - format: edge config:18 mask:18
62 [139721932821184] INFO perfrun.perfcollector <> - format: inv config:23 mask:23
62 [139721932821184] INFO perfrun.perfcollector <> - format: umask config:8-15 mask:8-15
62 [139721932821184] INFO perfrun.perfcollector <> - format: tid_en config:19 mask:19
62 [139721932821184] INFO perfrun.perfcollector <> - format: thresh config:24-31 mask:24-31
62 [139721932821184] WARN perfrun.perfcollector <> - pmu hwInfo is not set, at file: vcs/perfrun1/plugins/perfcollector/src/controller.cpp:819
62 [139721932821184] INFO perfrun.perfcollector <> - pmu added : family : uncore_sbox , id : 0
62 [139721932821184] INFO perfrun.perfcollector <> - dir found : /sys/bus/event_source/devices/uncore_cbox_6
62 [139721932821184] INFO perfrun.perfcollector <> - format: event config:0-7 mask:0-7
62 [139721932821184] INFO perfrun.perfcollector <> - format: filter_link config1:6-8 mask:6-8
62 [139721932821184] INFO perfrun.perfcollector <> - format: filter_c6 config1:61 mask:61
62 [139721932821184] INFO perfrun.perfcollector <> - format: edge config:18 mask:18
62 [139721932821184] INFO perfrun.perfcollector <> - format: filter_isoc config1:63 mask:63
62 [139721932821184] INFO perfrun.perfcollector <> - format: filter_tid config1:0-5 mask:0-5
62 [139721932821184] INFO perfrun.perfcollector <> - format: filter_nid config1:32-47 mask:32-47
62 [139721932821184] INFO perfrun.perfcollector <> - format: filter_nc config1:62 mask:62
62 [139721932821184] INFO perfrun.perfcollector <> - format: umask config:8-15 mask:8-15
62 [139721932821184] INFO perfrun.perfcollector <> - format: tid_en config:19 mask:19
62 [139721932821184] INFO perfrun.perfcollector <> - format: thresh config:24-31 mask:24-31
62 [139721932821184] INFO perfrun.perfcollector <> - format: filter_state config1:17-23 mask:17-23
62 [139721932821184] INFO perfrun.perfcollector <> - format: filter_opc config1:52-60 mask:52-60
62 [139721932821184] WARN perfrun.perfcollector <> - pmu hwInfo is not set, at file: vcs/perfrun1/plugins/perfcollector/src/controller.cpp:819
62 [139721932821184] INFO perfrun.perfcollector <> - pmu added : family : uncore_cbox , id : 6
62 [139721932821184] INFO perfrun.perfcollector <> - dir found : /sys/bus/event_source/devices/uncore_imc_1
62 [139721932821184] INFO perfrun.perfcollector <> - format: event config:0-7 mask:0-7
62 [139721932821184] INFO perfrun.perfcollector <> - format: edge config:18 mask:18
62 [139721932821184] INFO perfrun.perfcollector <> - format: inv config:23 mask:23
62 [139721932821184] INFO perfrun.perfcollector <> - format: umask config:8-15 mask:8-15
62 [139721932821184] INFO perfrun.perfcollector <> - format: thresh config:24-31 mask:24-31
62 [139721932821184] INFO perfrun.perfcollector <> - hwInfo : PERF_IMC_PMU_DETAILS
62 [139721932821184] INFO perfrun.perfcollector <> - pmu added : family : uncore_imc , id : 1
62 [139721932821184] INFO perfrun.perfcollector <> - dir found : /sys/bus/event_source/devices/power
62 [139721932821184] INFO perfrun.perfcollector <> - format: event config:0-7 mask:0-7
62 [139721932821184] WARN perfrun.perfcollector <> - pmu hwInfo is not set, at file: vcs/perfrun1/plugins/perfcollector/src/controller.cpp:819
62 [139721932821184] INFO perfrun.perfcollector <> - pmu added : family : power , id : 0
62 [139721932821184] INFO perfrun.perfcollector <> - dir found : /sys/bus/event_source/devices/uncore_cbox_4
63 [139721932821184] INFO perfrun.perfcollector <> - format: event config:0-7 mask:0-7
63 [139721932821184] INFO perfrun.perfcollector <> - format: filter_link config1:6-8 mask:6-8
63 [139721932821184] INFO perfrun.perfcollector <> - format: filter_c6 config1:61 mask:61
63 [139721932821184] INFO perfrun.perfcollector <> - format: edge config:18 mask:18
63 [139721932821184] INFO perfrun.perfcollector <> - format: filter_isoc config1:63 mask:63
63 [139721932821184] INFO perfrun.perfcollector <> - format: filter_tid config1:0-5 mask:0-5
63 [139721932821184] INFO perfrun.perfcollector <> - format: filter_nid config1:32-47 mask:32-47
63 [139721932821184] INFO perfrun.perfcollector <> - format: filter_nc config1:62 mask:62
63 [139721932821184] INFO perfrun.perfcollector <> - format: umask config:8-15 mask:8-15
63 [139721932821184] INFO perfrun.perfcollector <> - format: tid_en config:19 mask:19
63 [139721932821184] INFO perfrun.perfcollector <> - format: thresh config:24-31 mask:24-31
63 [139721932821184] INFO perfrun.perfcollector <> - format: filter_state config1:17-23 mask:17-23
63 [139721932821184] INFO perfrun.perfcollector <> - format: filter_opc config1:52-60 mask:52-60
63 [139721932821184] WARN perfrun.perfcollector <> - pmu hwInfo is not set, at file: vcs/perfrun1/plugins/perfcollector/src/controller.cpp:819
63 [139721932821184] INFO perfrun.perfcollector <> - pmu added : family : uncore_cbox , id : 4
63 [139721932821184] INFO perfrun.perfcollector <> - dir found : /sys/bus/event_source/devices/uprobe
63 [139721932821184] INFO perfrun.perfcollector <> - format: ref_ctr_offset config:32-63 mask:32-63
63 [139721932821184] INFO perfrun.perfcollector <> - format: retprobe config:0 mask:0
63 [139721932821184] WARN perfrun.perfcollector <> - pmu hwInfo is not set, at file: vcs/perfrun1/plugins/perfcollector/src/controller.cpp:819
63 [139721932821184] INFO perfrun.perfcollector <> - pmu added : family : uprobe , id : 0
63 [139721932821184] INFO perfrun.perfcollector <> - dir found : /sys/bus/event_source/devices/cpu
63 [139721932821184] INFO perfrun.perfcollector <> - format: event config:0-7 mask:0-7
63 [139721932821184] INFO perfrun.perfcollector <> - format: pc config:19 mask:19
63 [139721932821184] INFO perfrun.perfcollector <> - format: edge config:18 mask:18
63 [139721932821184] INFO perfrun.perfcollector <> - format: any config:21 mask:21
63 [139721932821184] INFO perfrun.perfcollector <> - format: offcore_rsp config1:0-63 mask:0-63
63 [139721932821184] INFO perfrun.perfcollector <> - format: ldlat config1:0-15 mask:0-15
63 [139721932821184] INFO perfrun.perfcollector <> - format: inv config:23 mask:23
63 [139721932821184] INFO perfrun.perfcollector <> - format: umask config:8-15 mask:8-15
63 [139721932821184] INFO perfrun.perfcollector <> - format: cmask config:24-31 mask:24-31
63 [139721932821184] INFO perfrun.perfcollector <> - hwInfo : PERF_CPU_PMU_DETAILS
63 [139721932821184] INFO perfrun.perfcollector <> - pmu added : family : cpu , id : 0
63 [139721932821184] INFO perfrun.perfcollector <> - dir found : /sys/bus/event_source/devices/uncore_r3qpi_0
63 [139721932821184] INFO perfrun.perfcollector <> - format: event config:0-7 mask:0-7
63 [139721932821184] INFO perfrun.perfcollector <> - format: edge config:18 mask:18
63 [139721932821184] INFO perfrun.perfcollector <> - format: inv config:23 mask:23
63 [139721932821184] INFO perfrun.perfcollector <> - format: umask config:8-15 mask:8-15
64 [139721932821184] INFO perfrun.perfcollector <> - format: thresh config:24-31 mask:24-31
64 [139721932821184] WARN perfrun.perfcollector <> - pmu hwInfo is not set, at file: vcs/perfrun1/plugins/perfcollector/src/controller.cpp:819
64 [139721932821184] INFO perfrun.perfcollector <> - pmu added : family : uncore_r3qpi , id : 0
64 [139721932821184] INFO perfrun.perfcollector <> - dir found : /sys/bus/event_source/devices/cstate_core
64 [139721932821184] INFO perfrun.perfcollector <> - format: event config:0-63 mask:0-63
64 [139721932821184] WARN perfrun.perfcollector <> - pmu hwInfo is not set, at file: vcs/perfrun1/plugins/perfcollector/src/controller.cpp:819
64 [139721932821184] INFO perfrun.perfcollector <> - pmu added : family : cstate_core , id : 0
64 [139721932821184] INFO perfrun.perfcollector <> - dir found : /sys/bus/event_source/devices/uncore_cbox_2
64 [139721932821184] INFO perfrun.perfcollector <> - format: event config:0-7 mask:0-7
64 [139721932821184] INFO perfrun.perfcollector <> - format: filter_link config1:6-8 mask:6-8
64 [139721932821184] INFO perfrun.perfcollector <> - format: filter_c6 config1:61 mask:61
64 [139721932821184] INFO perfrun.perfcollector <> - format: edge config:18 mask:18
64 [139721932821184] INFO perfrun.perfcollector <> - format: filter_isoc config1:63 mask:63
64 [139721932821184] INFO perfrun.perfcollector <> - format: filter_tid config1:0-5 mask:0-5
64 [139721932821184] INFO perfrun.perfcollector <> - format: filter_nid config1:32-47 mask:32-47
64 [139721932821184] INFO perfrun.perfcollector <> - format: filter_nc config1:62 mask:62
64 [139721932821184] INFO perfrun.perfcollector <> - format: umask config:8-15 mask:8-15
64 [139721932821184] INFO perfrun.perfcollector <> - format: tid_en config:19 mask:19
64 [139721932821184] INFO perfrun.perfcollector <> - format: thresh config:24-31 mask:24-31
64 [139721932821184] INFO perfrun.perfcollector <> - format: filter_state config1:17-23 mask:17-23
64 [139721932821184] INFO perfrun.perfcollector <> - format: filter_opc config1:52-60 mask:52-60
64 [139721932821184] WARN perfrun.perfcollector <> - pmu hwInfo is not set, at file: vcs/perfrun1/plugins/perfcollector/src/controller.cpp:819
64 [139721932821184] INFO perfrun.perfcollector <> - pmu added : family : uncore_cbox , id : 2
64 [139721932821184] INFO perfrun.perfcollector <> - dir found : /sys/bus/event_source/devices/breakpoint
64 [139721932821184] WARN perfrun.perfcollector <> - format subdir doesn't exist, at file: vcs/perfrun1/plugins/perfcollector/src/controller.cpp:725
64 [139721932821184] WARN perfrun.perfcollector <> - pmu hwInfo is not set, at file: vcs/perfrun1/plugins/perfcollector/src/controller.cpp:819
64 [139721932821184] INFO perfrun.perfcollector <> - pmu added : family : breakpoint , id : 0
64 [139721932821184] INFO perfrun.perfcollector <> - dir found : /sys/bus/event_source/devices/uncore_ha_0
64 [139721932821184] INFO perfrun.perfcollector <> - format: event config:0-7 mask:0-7
64 [139721932821184] INFO perfrun.perfcollector <> - format: edge config:18 mask:18
64 [139721932821184] INFO perfrun.perfcollector <> - format: inv config:23 mask:23
64 [139721932821184] INFO perfrun.perfcollector <> - format: umask config:8-15 mask:8-15
64 [139721932821184] INFO perfrun.perfcollector <> - format: thresh config:24-31 mask:24-31
64 [139721932821184] WARN perfrun.perfcollector <> - pmu hwInfo is not set, at file: vcs/perfrun1/plugins/perfcollector/src/controller.cpp:819
64 [139721932821184] INFO perfrun.perfcollector <> - pmu added : family : uncore_ha , id : 0
64 [139721932821184] INFO perfrun.perfcollector <> - dir found : /sys/bus/event_source/devices/uncore_cbox_0
64 [139721932821184] INFO perfrun.perfcollector <> - format: event config:0-7 mask:0-7
64 [139721932821184] INFO perfrun.perfcollector <> - format: filter_link config1:6-8 mask:6-8
64 [139721932821184] INFO perfrun.perfcollector <> - format: filter_c6 config1:61 mask:61
64 [139721932821184] INFO perfrun.perfcollector <> - format: edge config:18 mask:18
64 [139721932821184] INFO perfrun.perfcollector <> - format: filter_isoc config1:63 mask:63
64 [139721932821184] INFO perfrun.perfcollector <> - format: filter_tid config1:0-5 mask:0-5
64 [139721932821184] INFO perfrun.perfcollector <> - format: filter_nid config1:32-47 mask:32-47
64 [139721932821184] INFO perfrun.perfcollector <> - format: filter_nc config1:62 mask:62
65 [139721932821184] INFO perfrun.perfcollector <> - format: umask config:8-15 mask:8-15
65 [139721932821184] INFO perfrun.perfcollector <> - format: tid_en config:19 mask:19
65 [139721932821184] INFO perfrun.perfcollector <> - format: thresh config:24-31 mask:24-31
65 [139721932821184] INFO perfrun.perfcollector <> - format: filter_state config1:17-23 mask:17-23
65 [139721932821184] INFO perfrun.perfcollector <> - format: filter_opc config1:52-60 mask:52-60
65 [139721932821184] WARN perfrun.perfcollector <> - pmu hwInfo is not set, at file: vcs/perfrun1/plugins/perfcollector/src/controller.cpp:819
65 [139721932821184] INFO perfrun.perfcollector <> - pmu added : family : uncore_cbox , id : 0
65 [139721932821184] INFO perfrun.perfcollector <> - dir found : /sys/bus/event_source/devices/tracepoint
65 [139721932821184] WARN perfrun.perfcollector <> - format subdir doesn't exist, at file: vcs/perfrun1/plugins/perfcollector/src/controller.cpp:725
65 [139721932821184] WARN perfrun.perfcollector <> - pmu hwInfo is not set, at file: vcs/perfrun1/plugins/perfcollector/src/controller.cpp:819
65 [139721932821184] INFO perfrun.perfcollector <> - pmu added : family : tracepoint , id : 0
65 [139721932821184] INFO perfrun.perfcollector <> - dir found : /sys/bus/event_source/devices/uncore_sbox_3
65 [139721932821184] INFO perfrun.perfcollector <> - format: event config:0-7 mask:0-7
65 [139721932821184] INFO perfrun.perfcollector <> - format: edge config:18 mask:18
65 [139721932821184] INFO perfrun.perfcollector <> - format: inv config:23 mask:23
65 [139721932821184] INFO perfrun.perfcollector <> - format: umask config:8-15 mask:8-15
65 [139721932821184] INFO perfrun.perfcollector <> - format: tid_en config:19 mask:19
65 [139721932821184] INFO perfrun.perfcollector <> - format: thresh config:24-31 mask:24-31
65 [139721932821184] WARN perfrun.perfcollector <> - pmu hwInfo is not set, at file: vcs/perfrun1/plugins/perfcollector/src/controller.cpp:819
65 [139721932821184] INFO perfrun.perfcollector <> - pmu added : family : uncore_sbox , id : 3
65 [139721932821184] INFO perfrun.perfcollector <> - dir found : /sys/bus/event_source/devices/uncore_cbox_9
65 [139721932821184] INFO perfrun.perfcollector <> - format: event config:0-7 mask:0-7
65 [139721932821184] INFO perfrun.perfcollector <> - format: filter_link config1:6-8 mask:6-8
65 [139721932821184] INFO perfrun.perfcollector <> - format: filter_c6 config1:61 mask:61
65 [139721932821184] INFO perfrun.perfcollector <> - format: edge config:18 mask:18
65 [139721932821184] INFO perfrun.perfcollector <> - format: filter_isoc config1:63 mask:63
65 [139721932821184] INFO perfrun.perfcollector <> - format: filter_tid config1:0-5 mask:0-5
65 [139721932821184] INFO perfrun.perfcollector <> - format: filter_nid config1:32-47 mask:32-47
65 [139721932821184] INFO perfrun.perfcollector <> - format: filter_nc config1:62 mask:62
65 [139721932821184] INFO perfrun.perfcollector <> - format: umask config:8-15 mask:8-15
65 [139721932821184] INFO perfrun.perfcollector <> - format: tid_en config:19 mask:19
65 [139721932821184] INFO perfrun.perfcollector <> - format: thresh config:24-31 mask:24-31
65 [139721932821184] INFO perfrun.perfcollector <> - format: filter_state config1:17-23 mask:17-23
65 [139721932821184] INFO perfrun.perfcollector <> - format: filter_opc config1:52-60 mask:52-60
65 [139721932821184] WARN perfrun.perfcollector <> - pmu hwInfo is not set, at file: vcs/perfrun1/plugins/perfcollector/src/controller.cpp:819
65 [139721932821184] INFO perfrun.perfcollector <> - pmu added : family : uncore_cbox , id : 9
65 [139721932821184] INFO perfrun.perfcollector <> - dir found : /sys/bus/event_source/devices/cstate_pkg
65 [139721932821184] INFO perfrun.perfcollector <> - format: event config:0-63 mask:0-63
65 [139721932821184] WARN perfrun.perfcollector <> - pmu hwInfo is not set, at file: vcs/perfrun1/plugins/perfcollector/src/controller.cpp:819
65 [139721932821184] INFO perfrun.perfcollector <> - pmu added : family : cstate_pkg , id : 0
65 [139721932821184] INFO perfrun.perfcollector <> - dir found : /sys/bus/event_source/devices/uncore_imc_4
65 [139721932821184] INFO perfrun.perfcollector <> - format: event config:0-7 mask:0-7
66 [139721932821184] INFO perfrun.perfcollector <> - format: edge config:18 mask:18
66 [139721932821184] INFO perfrun.perfcollector <> - format: inv config:23 mask:23
66 [139721932821184] INFO perfrun.perfcollector <> - format: umask config:8-15 mask:8-15
66 [139721932821184] INFO perfrun.perfcollector <> - format: thresh config:24-31 mask:24-31
66 [139721932821184] INFO perfrun.perfcollector <> - hwInfo : PERF_IMC_PMU_DETAILS
66 [139721932821184] INFO perfrun.perfcollector <> - pmu added : family : uncore_imc , id : 4
66 [139721932821184] INFO perfrun.perfcollector <> - dir found : /sys/bus/event_source/devices/uncore_ubox
66 [139721932821184] INFO perfrun.perfcollector <> - format: event config:0-7 mask:0-7
66 [139721932821184] INFO perfrun.perfcollector <> - format: edge config:18 mask:18
66 [139721932821184] INFO perfrun.perfcollector <> - format: filter_tid config1:0 mask:0
66 [139721932821184] INFO perfrun.perfcollector <> - format: inv config:23 mask:23
66 [139721932821184] INFO perfrun.perfcollector <> - format: umask config:8-15 mask:8-15
66 [139721932821184] INFO perfrun.perfcollector <> - format: thresh config:24-28 mask:24-28
66 [139721932821184] INFO perfrun.perfcollector <> - format: filter_cid config1:5 mask:5
66 [139721932821184] WARN perfrun.perfcollector <> - pmu hwInfo is not set, at file: vcs/perfrun1/plugins/perfcollector/src/controller.cpp:819
66 [139721932821184] INFO perfrun.perfcollector <> - pmu added : family : uncore_ubox , id : 0
66 [139721932821184] INFO perfrun.perfcollector <> - dir found : /sys/bus/event_source/devices/uncore_sbox_1
66 [139721932821184] INFO perfrun.perfcollector <> - format: event config:0-7 mask:0-7
66 [139721932821184] INFO perfrun.perfcollector <> - format: edge config:18 mask:18
66 [139721932821184] INFO perfrun.perfcollector <> - format: inv config:23 mask:23
66 [139721932821184] INFO perfrun.perfcollector <> - format: umask config:8-15 mask:8-15
66 [139721932821184] INFO perfrun.perfcollector <> - format: tid_en config:19 mask:19
66 [139721932821184] INFO perfrun.perfcollector <> - format: thresh config:24-31 mask:24-31
66 [139721932821184] WARN perfrun.perfcollector <> - pmu hwInfo is not set, at file: vcs/perfrun1/plugins/perfcollector/src/controller.cpp:819
66 [139721932821184] INFO perfrun.perfcollector <> - pmu added : family : uncore_sbox , id : 1
66 [139721932821184] INFO perfrun.perfcollector <> - dir found : /sys/bus/event_source/devices/uncore_cbox_7
66 [139721932821184] INFO perfrun.perfcollector <> - format: event config:0-7 mask:0-7
66 [139721932821184] INFO perfrun.perfcollector <> - format: filter_link config1:6-8 mask:6-8
66 [139721932821184] INFO perfrun.perfcollector <> - format: filter_c6 config1:61 mask:61
66 [139721932821184] INFO perfrun.perfcollector <> - format: edge config:18 mask:18
66 [139721932821184] INFO perfrun.perfcollector <> - format: filter_isoc config1:63 mask:63
66 [139721932821184] INFO perfrun.perfcollector <> - format: filter_tid config1:0-5 mask:0-5
66 [139721932821184] INFO perfrun.perfcollector <> - format: filter_nid config1:32-47 mask:32-47
66 [139721932821184] INFO perfrun.perfcollector <> - format: filter_nc config1:62 mask:62
66 [139721932821184] INFO perfrun.perfcollector <> - format: umask config:8-15 mask:8-15
66 [139721932821184] INFO perfrun.perfcollector <> - format: tid_en config:19 mask:19
66 [139721932821184] INFO perfrun.perfcollector <> - format: thresh config:24-31 mask:24-31
66 [139721932821184] INFO perfrun.perfcollector <> - format: filter_state config1:17-23 mask:17-23
66 [139721932821184] INFO perfrun.perfcollector <> - format: filter_opc config1:52-60 mask:52-60
66 [139721932821184] WARN perfrun.perfcollector <> - pmu hwInfo is not set, at file: vcs/perfrun1/plugins/perfcollector/src/controller.cpp:819
66 [139721932821184] INFO perfrun.perfcollector <> - pmu added : family : uncore_cbox , id : 7
66 [139721932821184] INFO perfrun.perfcollector <> - dir found : /sys/bus/event_source/devices/kprobe
67 [139721932821184] INFO perfrun.perfcollector <> - format: retprobe config:0 mask:0
67 [139721932821184] WARN perfrun.perfcollector <> - pmu hwInfo is not set, at file: vcs/perfrun1/plugins/perfcollector/src/controller.cpp:819
67 [139721932821184] INFO perfrun.perfcollector <> - pmu added : family : kprobe , id : 0
67 [139721932821184] INFO perfrun.perfcollector <> - dir found : /sys/bus/event_source/devices/uncore_cbox_5
67 [139721932821184] INFO perfrun.perfcollector <> - format: event config:0-7 mask:0-7
67 [139721932821184] INFO perfrun.perfcollector <> - format: filter_link config1:6-8 mask:6-8
67 [139721932821184] INFO perfrun.perfcollector <> - format: filter_c6 config1:61 mask:61
67 [139721932821184] INFO perfrun.perfcollector <> - format: edge config:18 mask:18
67 [139721932821184] INFO perfrun.perfcollector <> - format: filter_isoc config1:63 mask:63
67 [139721932821184] INFO perfrun.perfcollector <> - format: filter_tid config1:0-5 mask:0-5
67 [139721932821184] INFO perfrun.perfcollector <> - format: filter_nid config1:32-47 mask:32-47
67 [139721932821184] INFO perfrun.perfcollector <> - format: filter_nc config1:62 mask:62
67 [139721932821184] INFO perfrun.perfcollector <> - format: umask config:8-15 mask:8-15
67 [139721932821184] INFO perfrun.perfcollector <> - format: tid_en config:19 mask:19
67 [139721932821184] INFO perfrun.perfcollector <> - format: thresh config:24-31 mask:24-31
67 [139721932821184] INFO perfrun.perfcollector <> - format: filter_state config1:17-23 mask:17-23
67 [139721932821184] INFO perfrun.perfcollector <> - format: filter_opc config1:52-60 mask:52-60
67 [139721932821184] WARN perfrun.perfcollector <> - pmu hwInfo is not set, at file: vcs/perfrun1/plugins/perfcollector/src/controller.cpp:819
67 [139721932821184] INFO perfrun.perfcollector <> - pmu added : family : uncore_cbox , id : 5
67 [139721932821184] INFO perfrun.perfcollector <> - dir found : /sys/bus/event_source/devices/uncore_imc_0
67 [139721932821184] INFO perfrun.perfcollector <> - format: event config:0-7 mask:0-7
67 [139721932821184] INFO perfrun.perfcollector <> - format: edge config:18 mask:18
67 [139721932821184] INFO perfrun.perfcollector <> - format: inv config:23 mask:23
67 [139721932821184] INFO perfrun.perfcollector <> - format: umask config:8-15 mask:8-15
67 [139721932821184] INFO perfrun.perfcollector <> - format: thresh config:24-31 mask:24-31
67 [139721932821184] INFO perfrun.perfcollector <> - hwInfo : PERF_IMC_PMU_DETAILS
67 [139721932821184] INFO perfrun.perfcollector <> - pmu added : family : uncore_imc , id : 0
67 [139721932821184] INFO perfrun.perfcollector <> - dir found : /sys/bus/event_source/devices/uncore_pcu
67 [139721932821184] INFO perfrun.perfcollector <> - format: filter_band2 config1:16-23 mask:16-23
67 [139721932821184] INFO perfrun.perfcollector <> - format: event config:0-7 mask:0-7
67 [139721932821184] INFO perfrun.perfcollector <> - format: filter_band0 config1:0-7 mask:0-7
67 [139721932821184] INFO perfrun.perfcollector <> - format: edge config:18 mask:18
67 [139721932821184] INFO perfrun.perfcollector <> - format: occ_invert config:30 mask:30
67 [139721932821184] INFO perfrun.perfcollector <> - format: occ_edge config:14-51 mask:14-51
67 [139721932821184] INFO perfrun.perfcollector <> - format: filter_band3 config1:24-31 mask:24-31
67 [139721932821184] INFO perfrun.perfcollector <> - format: filter_band1 config1:8-15 mask:8-15
67 [139721932821184] INFO perfrun.perfcollector <> - format: inv config:23 mask:23
68 [139721932821184] INFO perfrun.perfcollector <> - format: thresh config:24-28 mask:24-28
68 [139721932821184] INFO perfrun.perfcollector <> - format: occ_sel config:14-15 mask:14-15
68 [139721932821184] WARN perfrun.perfcollector <> - pmu hwInfo is not set, at file: vcs/perfrun1/plugins/perfcollector/src/controller.cpp:819
68 [139721932821184] INFO perfrun.perfcollector <> - pmu added : family : uncore_pcu , id : 0
68 [139721932821184] INFO perfrun.perfcollector <> - dir found : /sys/bus/event_source/devices/uncore_r3qpi_1
68 [139721932821184] INFO perfrun.perfcollector <> - format: event config:0-7 mask:0-7
68 [139721932821184] INFO perfrun.perfcollector <> - format: edge config:18 mask:18
68 [139721932821184] INFO perfrun.perfcollector <> - format: inv config:23 mask:23
68 [139721932821184] INFO perfrun.perfcollector <> - format: umask config:8-15 mask:8-15
68 [139721932821184] INFO perfrun.perfcollector <> - format: thresh config:24-31 mask:24-31
68 [139721932821184] WARN perfrun.perfcollector <> - pmu hwInfo is not set, at file: vcs/perfrun1/plugins/perfcollector/src/controller.cpp:819
68 [139721932821184] INFO perfrun.perfcollector <> - pmu added : family : uncore_r3qpi , id : 1
68 [139721932821184] INFO perfrun.perfcollector <> - dir found : /sys/bus/event_source/devices/msr
68 [139721932821184] INFO perfrun.perfcollector <> - format: event config:0-63 mask:0-63
68 [139721932821184] WARN perfrun.perfcollector <> - pmu hwInfo is not set, at file: vcs/perfrun1/plugins/perfcollector/src/controller.cpp:819
68 [139721932821184] INFO perfrun.perfcollector <> - pmu added : family : msr , id : 0
68 [139721932821184] INFO perfrun.perfcollector <> - dir found : /sys/bus/event_source/devices/uncore_cbox_3
68 [139721932821184] INFO perfrun.perfcollector <> - format: event config:0-7 mask:0-7
68 [139721932821184] INFO perfrun.perfcollector <> - format: filter_link config1:6-8 mask:6-8
68 [139721932821184] INFO perfrun.perfcollector <> - format: filter_c6 config1:61 mask:61
68 [139721932821184] INFO perfrun.perfcollector <> - format: edge config:18 mask:18
68 [139721932821184] INFO perfrun.perfcollector <> - format: filter_isoc config1:63 mask:63
68 [139721932821184] INFO perfrun.perfcollector <> - format: filter_tid config1:0-5 mask:0-5
68 [139721932821184] INFO perfrun.perfcollector <> - format: filter_nid config1:32-47 mask:32-47
68 [139721932821184] INFO perfrun.perfcollector <> - format: filter_nc config1:62 mask:62
68 [139721932821184] INFO perfrun.perfcollector <> - format: umask config:8-15 mask:8-15
68 [139721932821184] INFO perfrun.perfcollector <> - format: tid_en config:19 mask:19
68 [139721932821184] INFO perfrun.perfcollector <> - format: thresh config:24-31 mask:24-31
68 [139721932821184] INFO perfrun.perfcollector <> - format: filter_state config1:17-23 mask:17-23
68 [139721932821184] INFO perfrun.perfcollector <> - format: filter_opc config1:52-60 mask:52-60
68 [139721932821184] WARN perfrun.perfcollector <> - pmu hwInfo is not set, at file: vcs/perfrun1/plugins/perfcollector/src/controller.cpp:819
68 [139721932821184] INFO perfrun.perfcollector <> - pmu added : family : uncore_cbox , id : 3
68 [139721932821184] INFO perfrun.perfcollector <> - dir found : /sys/bus/event_source/devices/uncore_ha_1
68 [139721932821184] INFO perfrun.perfcollector <> - format: event config:0-7 mask:0-7
68 [139721932821184] INFO perfrun.perfcollector <> - format: edge config:18 mask:18
68 [139721932821184] INFO perfrun.perfcollector <> - format: inv config:23 mask:23
68 [139721932821184] INFO perfrun.perfcollector <> - format: umask config:8-15 mask:8-15
68 [139721932821184] INFO perfrun.perfcollector <> - format: thresh config:24-31 mask:24-31
68 [139721932821184] WARN perfrun.perfcollector <> - pmu hwInfo is not set, at file: vcs/perfrun1/plugins/perfcollector/src/controller.cpp:819
68 [139721932821184] INFO perfrun.perfcollector <> - pmu added : family : uncore_ha , id : 1
68 [139721932821184] INFO perfrun.perfcollector <> - dir found : /sys/bus/event_source/devices/uncore_cbox_1
69 [139721932821184] INFO perfrun.perfcollector <> - format: event config:0-7 mask:0-7
69 [139721932821184] INFO perfrun.perfcollector <> - format: filter_link config1:6-8 mask:6-8
69 [139721932821184] INFO perfrun.perfcollector <> - format: filter_c6 config1:61 mask:61
69 [139721932821184] INFO perfrun.perfcollector <> - format: edge config:18 mask:18
69 [139721932821184] INFO perfrun.perfcollector <> - format: filter_isoc config1:63 mask:63
69 [139721932821184] INFO perfrun.perfcollector <> - format: filter_tid config1:0-5 mask:0-5
69 [139721932821184] INFO perfrun.perfcollector <> - format: filter_nid config1:32-47 mask:32-47
69 [139721932821184] INFO perfrun.perfcollector <> - format: filter_nc config1:62 mask:62
69 [139721932821184] INFO perfrun.perfcollector <> - format: umask config:8-15 mask:8-15
69 [139721932821184] INFO perfrun.perfcollector <> - format: tid_en config:19 mask:19
69 [139721932821184] INFO perfrun.perfcollector <> - format: thresh config:24-31 mask:24-31
69 [139721932821184] INFO perfrun.perfcollector <> - format: filter_state config1:17-23 mask:17-23
69 [139721932821184] INFO perfrun.perfcollector <> - format: filter_opc config1:52-60 mask:52-60
69 [139721932821184] WARN perfrun.perfcollector <> - pmu hwInfo is not set, at file: vcs/perfrun1/plugins/perfcollector/src/controller.cpp:819
69 [139721932821184] INFO perfrun.perfcollector <> - pmu added : family : uncore_cbox , id : 1
69 [139721932821184] INFO perfrun.launcher <> - plugin perf has been added successfully
69 [139721932821184] INFO perfrun.launcher <> - plugin aoclprofile has been added successfully
69 [139721932821184] INFO perfrun.launcher <> - plugin tpss has been added successfully
69 [139721932821184] INFO perfrun.launcher <> - plugin exprof has been added successfully
69 [139721932821184] INFO perfrun.launcher <> - plugin media has been added successfully
69 [139721932821184] INFO perfrun.launcher <> - plugin ice has been added successfully
69 [139721932821184] INFO perfrun.launcher <> - plugin  has been added successfully
69 [139721932821184] INFO perfrun.launcher <> - plugin  has been added successfully
69 [139721932821184] INFO perfrun.launcher <> - plugin parallelfs has been added successfully
69 [139721932821184] INFO perfrun.launcher <> - plugin power has been added successfully
69 [139721932821184] INFO perfrun.launcher <> - plugin hwloc has been added successfully
69 [139721932821184] INFO perfrun.launcher <> - plugin ipmwatch has been added successfully
69 [139721932821184] INFO perfrun.launcher <> - plugin os_counters has been added successfully
70 [139721932821184] INFO perfrun.launcher <> - the option was added --interval: Specify an interval of data collection (for example, sampling) in milliseconds.
70 [139721932821184] INFO perfrun.launcher <> - the option was added --follow-child: Profile process with or without children.
70 [139721932821184] INFO perfrun.launcher <> - the option was added --gelding: BADMSG: perfrun1.launcher.plugin_manager::gelding
70 [139721932821184] INFO perfrun.launcher <> - the option was added --time-source: Specify time source for measurement. Possible values: sys - wall clock time; tsc - time stamp counter; ext - time from an external source; auto - auto select accurate time source.
70 [139721932821184] INFO perfrun.launcher <> - the option was added --stack: Enable or disable collection of stacks.
70 [139721932821184] INFO perfrun.launcher <> - the option was added --stack-stitching: Enable or disable the stack stitching algorithm for Intel TBB-based applications.
70 [139721932821184] INFO perfrun.launcher <> - the option was added --type: Specify type of data to be collected. For example, --type cpu:counters,waiting:nostack,io.
70 [139721932821184] INFO perfrun.launcher <> - the option was added --mrte-mode: Specify Java/.NET/other managed runtime collection mode. Possible values: native - collect information only for native code; managed - collect information only for managed code; mixed - collect information for both managed and native code; auto - choose the mode based on binary type.
70 [139721932821184] INFO perfrun.launcher <> - the option was added --mrte-mode-list: List supported Java/.NET/other managed runtime collection modes.
70 [139721932821184] INFO perfrun.launcher <> - the option was added --mrte-type: Specify which managed runtimes to collect. Possible values: java - collect information for Java; dotnet - collect information for .NET; python - collect information for CPython. You can specify several values separated by comma.
70 [139721932821184] INFO perfrun.launcher <> - the option was added --mrte-type-list: List supported Java/.NET/other managed runtime types.
70 [139721932821184] INFO perfrun.launcher <> - the option was added --trace-strategy: Specify how to profile a process tree. <string> can be "<process>:trace:notrace" - profile the process but do not profile its children. Shorthand parameters: t - trace, nt - notrace. For example, "vtunedemo.exe:t:t".
70 [139721932821184] INFO perfrun.launcher <> - the option was added --collector: BADMSG: perfrun1.launcher.plugin_manager::collector
70 [139721932821184] INFO perfrun.launcher <> - the option was added --system-wide: Enable system-wide profiling. This mode may require additional permissions.
70 [139721932821184] INFO perfrun.launcher <> - the option was added --kvm-guest: Enable KVM guest OS profiling.
70 [139721932821184] INFO perfrun.launcher <> - the option was added --kvm-guest-kallsyms: Specify a local path to the /proc/kallsyms file copied from the guest OS for proper symbol resolution.
70 [139721932821184] INFO perfrun.launcher <> - the option was added --kvm-guest-modules: Specify a local path to the /proc/modules file copied from the guest OS for proper symbol resolution.
70 [139721932821184] INFO perfrun.launcher <> - the option was added --bandwidth-limits: Measure bandwidth limits
70 [139721932821184] INFO perfrun.launcher <> - the option was added --acrn-map-info: Collect map info for ACRN
70 [139721932821184] INFO perfrun.launcher <> - the option was added --bandwidth-strategy: Bandwidth limits determination specific properties (example: --bandwidth-strategy array-size=0,duration=500).
70 [139721932821184] INFO perfrun.launcher <> - the option was added --bandwidth-config: List of benchmarks to run.
70 [139721932821184] INFO perfrun.launcher <> - the option was added --target-gpu: target-gpu
70 [139721932821184] INFO perfrun.launcher <> - the option was added --dump-vdso: Dump [vdso] to result directory
70 [139721932821184] INFO perfrun.launcher <> - the option was added --system-collector-config: Specify subcollectors. Possible values: all, container, device-info, none. Specify subcollectors. Possible values: all, vdso.
70 [139721932821184] INFO perfrun.launcher <> - the option was added --itt-config: Specify a sub-set of ITT API to collect.
70 [139721932821184] INFO perfrun.launcher <> - the option was added --itt-debug: Set pseudo-breakpoint at ITT API collector's start to enable the debugger to attach early.
70 [139721932821184] INFO perfrun.launcher <> - the option was added --ptrace: Ptrace collector.
70 [139721932821184] INFO perfrun.launcher <> - the option was added --target-pid: BADMSG: perfrun1.ptracecollector::target-pid
70 [139721932821184] INFO perfrun.launcher <> - the option was added --ptrace-server-pid: BADMSG: perfrun1.ptracecollector::ptrace-server-pid
71 [139721932821184] INFO perfrun.launcher <> - the option was added --ptrace-trace: BADMSG: perfrun1.ptracecollector::ptrace-trace
71 [139721932821184] INFO perfrun.launcher <> - the option was added --ptrace-time-source: BADMSG: perfrun1.ptracecollector::ptrace-time-source
71 [139721932821184] INFO perfrun.launcher <> - the option was added --ptrace-start-type: BADMSG: perfrun1.ptracecollector::ptrace-start-type
71 [139721932821184] INFO perfrun.launcher <> - the option was added --gpu-config: Specify types of GPU data to be collected. Possible values: preset1, preset2.
71 [139721932821184] INFO perfrun.launcher <> - the option was added --gpu-debug: Enable self-testing of the GPGPU profiling collector.
71 [139721932821184] INFO perfrun.launcher <> - the option was added --gpu-counting: Collect GPU data in the counting mode.
71 [139721932821184] INFO perfrun.launcher <> - the option was added --emon-preset: Specify a preset for EMON collector. For available presets, run: emon -preset-list.
71 [139721932821184] INFO perfrun.launcher <> - the option was added --emon-csv-trace-format: Use CSV format for EMON trace file.
71 [139721932821184] INFO perfrun.launcher <> - the option was added --emon-machine-readable-ver: Write machine readable EMON version file.
71 [139721932821184] INFO perfrun.launcher <> - the option was added --custom-collector: Allows to provide arbitrary command line to be run on collection steps.
71 [139721932821184] INFO perfrun.launcher <> - the option was added --stdsrc-config: Specify Standard Sources category tag(s).
71 [139721932821184] INFO perfrun.launcher <> - the option was added --ftrace-config-list: List Linux Ftrace category tag(s).
71 [139721932821184] INFO perfrun.launcher <> - the option was added --ftrace-config: Specify Linux Ftrace category tag(s).
71 [139721932821184] INFO perfrun.launcher <> - the option was added --ftrace-function-groups: Enable tracing of specific groups of functions.
71 [139721932821184] INFO perfrun.launcher <> - the option was added --event-info: BADMSG: perfrun1.stdsrc::event-info
71 [139721932821184] INFO perfrun.launcher <> - the option was added --cpu-list: List supported CPUs.
71 [139721932821184] INFO perfrun.launcher <> - the option was added --target-list: List available targets for performing sampling collection.
71 [139721932821184] INFO perfrun.launcher <> - the option was added --event-value-list: Display event information.
71 [139721932821184] INFO perfrun.launcher <> - the option was added --platform-value-list: Display details of supported platforms.
71 [139721932821184] INFO perfrun.launcher <> - the option was added --uncore-event-list: List uncore events for which a sampling data collection can be performed on this platform.
71 [139721932821184] INFO perfrun.launcher <> - the option was added --modifier-list: Specify the event name <string> for which the modifiers list is requested.
71 [139721932821184] INFO perfrun.launcher <> - the option was added --pmu-list: List supported PMUs.
71 [139721932821184] INFO perfrun.launcher <> - the option was added --os-mode-only: Enable sampling data collection for OS-mode processes only.
71 [139721932821184] INFO perfrun.launcher <> - the option was added --user-mode-only: Enable sampling data collection for user-mode processes only.
71 [139721932821184] INFO perfrun.launcher <> - the option was added --event-config: Perform data collection for the events with <string> configured using the format <event name1>":modifier1=val:modifier2=val/constraint1={:modifier3=val:modifier4=val}...,"<event name2>":... Specify the events(s) to monitor and embed the event names within double quotes("). [:modifier=val] specifies individual event modifiers along with the respective values for a given platform. Note that the modifiers can be generic to an event as well as specific to a constraint (or an event qualifier). The constraint specific special modifiers appear after [/constraint=]. The modifiers can be in decimal or hexadecimal format. Only specific modifiers accept the value as a string. Each event specification is delimited by a comma (,). For a list of supported modifiers and constraints, refer to the documentation.
71 [139721932821184] INFO perfrun.launcher <> - the option was added --chipset-event-config: Perform data collection for the chipset events with <string> configured using the format "<event name1>"...,"<event name2>":... Specify the events(s) to monitor and embed the event names within double quotes(").
71 [139721932821184] INFO perfrun.launcher <> - the option was added --uncore-event-config: Perform uncore data collection in ebc count mode for the events with <string> configured using the format "<event name1>"...,"<event name2>":... Specify the events(s) to monitor and embed the event names within double quotes(").
71 [139721932821184] INFO perfrun.launcher <> - the option was added --count-emon: Enable counting mode and output the data in EMON format.
71 [139721932821184] INFO perfrun.launcher <> - the option was added --event-based-counts: Enable event-based counting mode. During sampling data collection, event counts data is collected for the list of events specified in -event-config option.
71 [139721932821184] INFO perfrun.launcher <> - the option was added --event-mux-tfactor: Specify the event multiplexing tfactor as <integer> to set the length of the interval between interrupts. The larger the tfactor value, the larger the period between interrupts. Currently this option is only available on Intel platforms codenamed Knights Corner.
71 [139721932821184] INFO perfrun.launcher <> - the option was added --full-pebs-capture: Capture full pebs information.
71 [139721932821184] INFO perfrun.launcher <> - the option was added --last-branch-records: Capture Last Branch Records information.
72 [139721932821184] INFO perfrun.launcher <> - the option was added --pmu-type: Specify the targeted PMU name as <string>.
72 [139721932821184] INFO perfrun.launcher <> - the option was added --platform-type: Specify the targeted platform number as <number>.
72 [139721932821184] INFO perfrun.launcher <> - the option was added --p-state-trigger: Specify the name of the trigger event for P-state data as <string>. The default trigger is CPU_CLK_UNHALTED.REF_TSC.
72 [139721932821184] INFO perfrun.launcher <> - the option was added --rdt-auto-rmid: Enable automatic Core pinning on RMIDs for RDT monitoring capabilities.
72 [139721932821184] INFO perfrun.launcher <> - the option was added --bts-count: Specify the <integer> number of BTS records collected after each sample or context switch (VTSS++ only).
72 [139721932821184] INFO perfrun.launcher <> - the option was added --cpu-mask: Specify which CPU(s) <string> to collect data on. For example, specify "2-8,10,12-14" to sample only CPUs 2 through 8, 10, and 12 through 14.
72 [139721932821184] INFO perfrun.launcher <> - the option was added --event-mux-alg: Specify the event multiplexing algorithm. Possible values: sequence, timer, trigger.
72 [139721932821184] INFO perfrun.launcher <> - the option was added --event-mux-timeslice: Specify the event multiplexing time slice value as <integer>. The time slice specifies the duration between cycles for each event multiplexing group. The default value is 50 milliseconds. This option is valid only for timer-based event multiplexing. Specify the event multiplexing time slice value as <integer>. The time slice specifies the duration between cycles for each event multiplexing group. The default value is 1 millisecond. This option is valid only for timer-based event multiplexing.
72 [139721932821184] INFO perfrun.launcher <> - the option was added --event-mux-factor: Specify the event multiplexing factor as <integer>. It controls the switching of event multiplexing groups. The default factor is 50. This option is valid only for trigger-based event multiplexing. Specify the event multiplexing factor as <integer>. It controls the switching of event multiplexing groups. The default factor is 1. This option is valid only for trigger-based event multiplexing.
72 [139721932821184] INFO perfrun.launcher <> - the option was added --event-mux-trigger: Specify the name of the trigger event for event multiplexing as <string>. This option is valid only for trigger-based event multiplexing. The default trigger is CPU_CLK_UNHALTED.CORE (or CPU_CLK_UNHALTED.THREAD). BADMSG: perfrun1.vtsspp::event-mux-trigger
72 [139721932821184] INFO perfrun.launcher <> - the option was added --pt-mode: BADMSG: perfrun1.vtsspp::pt-mode
72 [139721932821184] INFO perfrun.launcher <> - the option was added --sample-after-multiplier: Specify the sample after multiplier as <double>. This multiplier modifies the sample after value for all the events specified in -event-config option. The values can range from 0.1 to 100.0. SAV multiplier value
72 [139721932821184] INFO perfrun.launcher <> - the option was added --uncore-sampling-interval: Specify the uncore sampling interval as <integer>. This value set the uncore sampling interval for all the uncore events specified in -event-config option.
72 [139721932821184] INFO perfrun.launcher <> - the option was added --count: Enable counting mode. Enable counting mode
72 [139721932821184] INFO perfrun.launcher <> - the option was added --trace-mpi: Configure collector to trace MPI code.
72 [139721932821184] INFO perfrun.launcher <> - the option was added --aggregated-counting: Enable aggregated counting mode. Enable aggregated-counting mode
72 [139721932821184] INFO perfrun.launcher <> - the option was added --perf-per-cpu: System-wide collection from all CPUs
72 [139721932821184] INFO perfrun.launcher <> - the option was added --raw-perf-config: Specify a verified configuration for the Perf collector in the format: <describer>,<content>. For example: map-events-file,<path_to_map_events_file>.
72 [139721932821184] INFO perfrun.launcher <> - the option was added --sys-config: BADMSG: perfrun1.vtsspp::sys-config Specify types of system data to be collected. Supported value: cswitch - collect context switch information.
72 [139721932821184] INFO perfrun.launcher <> - the option was added --perf-event-config: Specify events for Perf collector in Perf format. For example: perf-event-config=cpu-clock.
72 [139721932821184] INFO perfrun.launcher <> - the option was added --perf-aio: Number of control blocks in asynchronous trace writing mode.
72 [139721932821184] INFO perfrun.launcher <> - the option was added --perf-compression: Specify compression of Perf collector output data. Possible levels: 0 - without compression, 1..3 - best speed, 4..22 - best compression that incurs big overhead.
72 [139721932821184] INFO perfrun.launcher <> - the option was added --perf-mmap-flush: Minimum data size read from the kernel mapped region.
72 [139721932821184] INFO perfrun.launcher <> - the option was added --perf-affinity: Adjust an affinity mask of the Perf thread to a node with an allocated memory trace buffer.
72 [139721932821184] INFO perfrun.launcher <> - the option was added --perf-threads: Setup threading mode for trace writing.
72 [139721932821184] INFO perfrun.launcher <> - the option was added --generate-platform-cmd: Get perf command line for an arbitrary target.
72 [139721932821184] INFO perfrun.launcher <> - the option was added --aocl-profile: Enable profiling and data collection through AOCL profiling tool.
72 [139721932821184] INFO perfrun.launcher <> - the option was added --aocl-source-file: Path to .source file. Find this in the compilation output directory of the FPGA application. Use this option to help attribute performance statistics to the source lines. If unspecified, AOCL profiler will attempt to locate the file in the current directory.
72 [139721932821184] INFO perfrun.launcher <> - the option was added --aocl-binary-aocx-file: Path to .aocx file (OpenCL flow) or host binary (DPC++ flow). If you do not provide this path: 1) For OpenCL flow, AOCL Profiler attempts to locate the file in the working directory. 2) For DPC++ flow, the collector assumes that host binary is used as an application to launch.
72 [139721932821184] INFO perfrun.launcher <> - the option was added --aocl-period: Specifies the number of cycles between readbacks from the device. The default value is 0 and indicates that the profiler should read back data as often as possible.
72 [139721932821184] INFO perfrun.launcher <> - the option was added --aocl-no-temporal: Disables readback during execution and only reads back non-autorun kernels once they finish executing.
72 [139721932821184] INFO perfrun.launcher <> - the option was added --aocl-no-mem-transfers: Disables the recording of memory transfer information.
73 [139721932821184] INFO perfrun.launcher <> - the option was added --stackwalk: Specify stack unwinding method. Possible values: online - unwind stacks during collection; offline - unwind stacks after collection is finished. Specify stack unwinding method. Possible value: lbr - unwind stacks during collection. Specify stack unwinding method. Possible values: online - unwind stacks during collection; offline - unwind stacks after collection is finished; lbr - enable LBR-based call stack collection. Specify stack unwinding method. Possible values: online - unwind stacks during collection; offline - unwind stacks after collection is finished. Specify stack unwinding method. Possible values: online - unwind stacks during collection; offline - unwind stacks after collection is finished.
73 [139721932821184] INFO perfrun.launcher <> - the option was added --filter-include: Filter data during collection. Possible values: contended=<on|off> - filter out uncontended events; contended_nostack=<time> - filter out stacks for contended events that take less than <time> microseconds; wait=<time> - ignore transitions and blocks with wait time less than <time> microseconds; wait_nostack=<time> - filter out stacks for waits that take less than <time> microseconds.
73 [139721932821184] INFO perfrun.launcher <> - the option was added --debug-pin: Debug PIN tool and runtime.
73 [139721932821184] INFO perfrun.launcher <> - the option was added --debug-exception: Disallow the application to set own abnormal termination handler.
73 [139721932821184] INFO perfrun.launcher <> - the option was added --trace-type: Specify the trace file granularity. Possible values: per-thread - per-thread trace file generation; per-process - per-process trace file generation.
73 [139721932821184] INFO perfrun.launcher <> - the option was added --instrumentation-type: Specify type of instrumentation.
73 [139721932821184] INFO perfrun.launcher <> - the option was added --altstack: Enable or disable usage of altstacks for profiling signal handlers.
73 [139721932821184] INFO perfrun.launcher <> - the option was added --profiling-signal: BADMSG: perfrun1.ptracecollector::profiling-signal Alternate profiling signal.
73 [139721932821184] INFO perfrun.launcher <> - the option was added --memory-strategy: Specify a minimal memory object size to be traced and a hash table size for faster objects search; for example: --memory-strategy obj-size-min=1024,hash-table-size=4096.
73 [139721932821184] INFO perfrun.launcher <> - the option was added --gpu-profiling-type: Specify a type of deep GPU profiling: none, bblatency, memlatency, instcount.
73 [139721932821184] INFO perfrun.launcher <> - the option was added --opencl-trace-mode: Specify OpenCL kernel tracing modes: 'default' to trace OpenCL kernels for Intel Graphics Driver only; 'epoch' for any non-Intel graphics, where OpenCL kernels will be traced and OpenCL profiling API timestamps will be interpreted as Unux Epoch time in nanoseconds; 'completion' to trace OpenCL kernels for any Graphics Driver and bind OpenCL profiling API timestamps to the timestamp of OpenCL completion callback.
73 [139721932821184] INFO perfrun.launcher <> - the option was added --gpu-kernels-to-profile: Specify a comma-separated list of GPU kernel names and invocations to be profiled in the following format: kernel_name[#start_idx#step#stop_idx], where kernel_name is the name of GPU kernel; start_idx is the number of the first invocation; and stop_idx is the number of the last invocation to be profiled.
73 [139721932821184] INFO perfrun.launcher <> - the option was added --exprof-com-list: List available COM ports.
73 [139721932821184] INFO perfrun.launcher <> - the option was added --exprof-dvc-list: List available DvC IDs.
73 [139721932821184] INFO perfrun.launcher <> - the option was added --exprof-trace-channel: BADMSG: perfrun1.exprof::exprof-trace-channel
73 [139721932821184] INFO perfrun.launcher <> - the option was added --exprof-event-config: Specify ExactProfiling Event Classes.
73 [139721932821184] INFO perfrun.launcher <> - the option was added --ice-pmons-list: BADMSG: perfrun1.ice::ice-pmons-list
73 [139721932821184] INFO perfrun.launcher <> - the option was added --ice-pmons-config: BADMSG: perfrun1.ice::ice-pmons-config
73 [139721932821184] INFO perfrun.launcher <> - the option was added --ice-sw-trace: Collect software traces of the Intel Neural Network Processor (NNP-I) and analyze software context of inference progress.
73 [139721932821184] INFO perfrun.launcher <> - the option was added --ice-sample-after-value: BADMSG: perfrun1.ice::ice-sample-after-value
73 [139721932821184] INFO perfrun.launcher <> - the option was added --ice-frequency: BADMSG: perfrun1.ice::ice-frequency
73 [139721932821184] INFO perfrun.launcher <> - the option was added --parallel-fs-config: Specify parallel fs counters to collect.
73 [139721932821184] INFO perfrun.launcher <> - the option was added --pwr-config: BADMSG: perfrun1.vtsspp::pwr-config Specify power metrics configuration.
73 [139721932821184] INFO perfrun.launcher <> - the option was added --pwr-sampling-interval: Specify Intel SoC Watch sampling interval.
73 [139721932821184] INFO perfrun.launcher <> - the option was added --collect-topology: Collect topology info with hwloc.
73 [139721932821184] INFO perfrun.launcher <> - the option was added --persistent-mem-metrics: Collect Persistent Memory performance counters.
73 [139721932821184] INFO perfrun.launcher <> - the option was added --os-counters: Collect OS counters
76 [139721932821184] INFO perfrun.launcher <> - create msngr2::ICliToolContext
76 [139721932821184] INFO perfrun.launcher <> - create file finder object
76 [139721932821184] INFO perfrun.launcher <> - create a result directory: pattern = /home/users/dhamorim/pagerank-openmp/results/hpc-performance_web-Stanford_16 pid = 4294967295
82 [139721932821184] INFO perfrun.sdk <> - checked that the directory /home/users/dhamorim/pagerank-openmp/results/hpc-performance_web-Stanford_16 is a local directory
82 [139721932821184] INFO perfrun.sdk <> - the directory /home/users/dhamorim/pagerank-openmp/results/hpc-performance_web-Stanford_16 is located on a share or its FS ID is unknown 26985
82 [139721932821184] INFO perfrun.sdk <> - checked that the directory /tmp/amplxe-tmp-dhamorim is a local directory
82 [139721932821184] INFO perfrun.sdk <> - the directory /tmp/amplxe-tmp-dhamorim is a local directory with FS type ID 61267
83 [139721932821184] INFO perfrun.launcher <> - Create a local result directory /tmp/amplxe-tmp-dhamorim/amplxe-res-1445957-16360307266045740 due to the user result path /home/users/dhamorim/pagerank-openmp/results/hpc-performance_web-Stanford_16 is located on a share
83 [139721932821184] INFO perfrun.launcher <> - create data directory = /tmp/amplxe-tmp-dhamorim/amplxe-res-1445957-16360307266045740/data.0
92 [139721932821184] INFO perfrun.launcher <> - create data directory = /home/users/dhamorim/pagerank-openmp/results/hpc-performance_web-Stanford_16/data.0
158 [139721932821184] INFO perfrun.launcher <> - Creating the master collection flag
190 [139721932821184] INFO perfrun.launcher <> - Done creating the master collection flag
194 [139721776817856] INFO perfrun.launcher <> - plugin [remoteplug] was disabled because it doesn't support the given collection type.
194 [139721776817856] INFO perfrun.system <> - online nodes : 0-1
194 [139721776817856] INFO perfrun.system <> - nodes with cpus : 0-1
194 [139721776817856] INFO perfrun.system <> - nodes with memory : 0-1
199 [139721776817856] INFO perfrun.sdk <> - Allocating TMU :/tmp/amplxe-tmp-dhamorim/amplxe-res-1445957-16360307266045740/data.0/systemcollector-1445957-hype1.sc
199 [139721776817856] INFO perfrun.launcher <> - plugin [ptracecollector] was disabled because it doesn't support the given collection type.
199 [139721776817856] INFO perfrun.launcher <> - plugin [gpu] was disabled because it doesn't support the given collection type.
199 [139721776817856] INFO perfrun.launcher <> - plugin [] was disabled because it doesn't support the given collection type.
199 [139721776817856] INFO perfrun.launcher <> - plugin [] was disabled because it doesn't support the given collection type.
199 [139721776817856] INFO perfrun.launcher <> - plugin [] was disabled because it doesn't support the given collection type.
199 [139721776817856] INFO perfrun.mrte <> - system-wide mode is 0
199 [139721776817856] INFO perfrun.mrte <> - Getting  mrte profiling environment ...
253 [139721776817856] INFO perfrun.mrte <> - INTEL_MRTE_DATA_DIR=/tmp/amplxe-tmp-dhamorim/amplxe-res-1445957-16360307266045740/data.0
253 [139721776817856] INFO perfrun.mrte <> - INTEL_MRTE_HOST_NAME=hype1
253 [139721776817856] INFO perfrun.mrte <> - JAVA_TOOL_OPTIONS=-agentlib:amplxe_samplingmrte_javaprof_1.0 -Dsun.boot.library.path=/home/intel/oneapi/vtune/2021.1.1/lib32/runtime:/home/intel/oneapi/vtune/2021.1.1/lib64/runtime
253 [139721776817856] INFO perfrun.mrte <> - CORECLR_ENABLE_PROFILING=1
253 [139721776817856] INFO perfrun.mrte <> - CORECLR_PROFILER={AA5E4821-E3B1-479c-B7FF-5AD047D22CED}
253 [139721776817856] INFO perfrun.mrte <> - CORECLR_PROFILER_PATH=/home/intel/oneapi/vtune/2021.1.1/lib64/libamplxe_samplingmrte_clrprof_1.0.so
253 [139721776817856] INFO perfrun.mrte <> - INTEL_MRTE_PROFILER_MODE=mixed
253 [139721776817856] INFO perfrun.mrte <> - Data directory: /tmp/amplxe-tmp-dhamorim/amplxe-res-1445957-16360307266045740/data.0
253 [139721776817856] INFO perfrun.mrte <> - Mrte plugin is initialized
253 [139721776817856] INFO perfrun.launcher <> - plugin [emon] was disabled because it doesn't support the given collection type.
253 [139721776817856] INFO perfrun.launcher <> - plugin [cuscol] was disabled because it doesn't support the given collection type.
253 [139721776817856] INFO perfrun.launcher <> - plugin [stdsrc] was disabled because it doesn't support the given collection type.
253 [139721776817856] INFO perfrun.launcher <> - plugin [sep] was disabled because it doesn't support the given collection type.
253 [139721776817856] INFO perfrun.launcher <> - plugin [vtsspp] was disabled because it doesn't support the given collection type.
253 [139721776817856] INFO perfrun.perfcollector <> - AIO blocks = 0
253 [139721776817856] INFO perfrun.perfcollector <> - compression level = 1
253 [139721776817856] INFO perfrun.perfcollector <> - Perf threads mode = CPU
253 [139721776817856] INFO perfrun.perfcollector <> - No MPI detected-1
254 [139721776817856] WARN perfrun.launcher <> - Messenger::say: To profile kernel modules during the session, make sure they are available in the /lib/modules/kernel_version/ location.
254 [139721776817856] INFO perfrun.sdk <> - runCmd: "/home/intel/oneapi/vtune/2021.1.1/bin64/sep" -dry-run -sam 5 -ec "CPU_CLK_UNHALTED.THREAD:sa=2300000,CPU_CLK_UNHALTED.REF_TSC:sample:sa=2300000,INST_RETIRED.ANY:sample:sa=2300000,CPU_CLK_UNHALTED.REF_XCLK:sa=100003,CPU_CLK_UNHALTED.ONE_THREAD_ACTIVE:sa=100003,CYCLE_ACTIVITY.CYCLES_NO_EXECUTE:sa=2000003,CYCLE_ACTIVITY.STALLS_L1D_PENDING:sa=2000003,CYCLE_ACTIVITY.STALLS_LDM_PENDING:sa=2000003,CYCLE_ACTIVITY.STALLS_L2_PENDING:sa=2000003,IDQ_UOPS_NOT_DELIVERED.CORE:sa=2000003,INT_MISC.RECOVERY_CYCLES:sa=2000003,MEM_LOAD_UOPS_RETIRED.L3_HIT_PS:sa=50003,MEM_LOAD_UOPS_RETIRED.L3_MISS_PS:sa=50003,OFFCORE_REQUESTS_OUTSTANDING.CYCLES_WITH_DATA_RD:sa=2000003,OFFCORE_REQUESTS_OUTSTANDING.ALL_DATA_RD:cmask=6:sa=2000003,RESOURCE_STALLS.SB:sa=2000003,RS_EVENTS.EMPTY_CYCLES:sa=2000003,UOPS_EXECUTED.CORE:cmask=1:sa=2000003,UOPS_EXECUTED.CORE:cmask=2:sa=2000003,UOPS_EXECUTED.CORE:cmask=3:sa=2000003,UOPS_ISSUED.ANY:sa=2000003,UOPS_RETIRED.RETIRE_SLOTS:sa=2000003,IDQ_UOPS_NOT_DELIVERED.CYCLES_0_UOPS_DELIV.CORE:sa=2000003,MEM_UOPS_RETIRED.ALL_LOADS_PS:sa=100003,MEM_UOPS_RETIRED.ALL_STORES_PS:sa=100003,MEM_LOAD_UOPS_L3_MISS_RETIRED.LOCAL_DRAM_PS:sa=100003,MEM_LOAD_UOPS_L3_MISS_RETIRED.REMOTE_DRAM_PS:sa=100003,MEM_LOAD_UOPS_L3_MISS_RETIRED.REMOTE_HITM_PS:sa=100003,MEM_LOAD_UOPS_L3_MISS_RETIRED.REMOTE_FWD_PS:sa=100003,UNC_M_CAS_COUNT.RD,UNC_M_CAS_COUNT.WR" -experimental
353 [139721776817856] INFO perfrun.perfcollector <> - SepDryRun RC = true
353 [139721776817856] INFO perfrun.perfcollector <> - DRY_RUN : "PMU type: Core (core)"
357 [139721776817856] INFO perfrun.perfcollector <> - pmu type : cpu
357 [139721776817856] INFO perfrun.perfcollector <> - DRY_RUN : "Group 0:"
357 [139721776817856] INFO perfrun.perfcollector <> - id : 0
357 [139721776817856] INFO perfrun.perfcollector <> - DRY_RUN : "INST_RETIRED.ANY: event id 2"
357 [139721776817856] INFO perfrun.perfcollector <> - eventName : INST_RETIRED.ANY , eventId : 2
357 [139721776817856] INFO perfrun.perfcollector <> - DRY_RUN : "CPU_CLK_UNHALTED.THREAD: event id 0"
357 [139721776817856] INFO perfrun.perfcollector <> - eventName : CPU_CLK_UNHALTED.THREAD , eventId : 0
357 [139721776817856] INFO perfrun.perfcollector <> - DRY_RUN : "CPU_CLK_UNHALTED.REF_TSC: event id 1"
357 [139721776817856] INFO perfrun.perfcollector <> - eventName : CPU_CLK_UNHALTED.REF_TSC , eventId : 1
357 [139721776817856] INFO perfrun.perfcollector <> - DRY_RUN : "CPU_CLK_UNHALTED.REF_XCLK: event id 4"
357 [139721776817856] INFO perfrun.perfcollector <> - eventName : CPU_CLK_UNHALTED.REF_XCLK , eventId : 4
357 [139721776817856] INFO perfrun.perfcollector <> - DRY_RUN : "CPU_CLK_UNHALTED.ONE_THREAD_ACTIVE: event id 5"
357 [139721776817856] INFO perfrun.perfcollector <> - eventName : CPU_CLK_UNHALTED.ONE_THREAD_ACTIVE , eventId : 5
357 [139721776817856] INFO perfrun.perfcollector <> - DRY_RUN : "CYCLE_ACTIVITY.STALLS_L1D_PENDING: event id 3"
357 [139721776817856] INFO perfrun.perfcollector <> - eventName : CYCLE_ACTIVITY.STALLS_L1D_PENDING , eventId : 3
357 [139721776817856] INFO perfrun.perfcollector <> - DRY_RUN : "CYCLE_ACTIVITY.CYCLES_NO_EXECUTE: event id 6"
357 [139721776817856] INFO perfrun.perfcollector <> - eventName : CYCLE_ACTIVITY.CYCLES_NO_EXECUTE , eventId : 6
357 [139721776817856] INFO perfrun.perfcollector <> - DRY_RUN : "CCCR"
357 [139721776817856] INFO perfrun.perfcollector <> - DRY_RUN : "reg_type       = 1	event_id       = g	reg_id         = 38f	reg_value      = 70000000f"
357 [139721776817856] INFO perfrun.perfcollector <> - eventId : g , ignored
357 [139721776817856] INFO perfrun.perfcollector <> - DRY_RUN : "reg_type       = 1	event_id       = g	reg_id         = 390	reg_value      = 70000000f"
357 [139721776817856] INFO perfrun.perfcollector <> - eventId : g , ignored
357 [139721776817856] INFO perfrun.perfcollector <> - DRY_RUN : "reg_type       = 1	event_id       = g	reg_id         = 3f1	reg_value      = 0"
357 [139721776817856] INFO perfrun.perfcollector <> - eventId : g , ignored
357 [139721776817856] INFO perfrun.perfcollector <> - DRY_RUN : "reg_type       = 1	event_id       = g	reg_id         = 1d9	reg_value      = 1800"
357 [139721776817856] INFO perfrun.perfcollector <> - eventId : g , ignored
357 [139721776817856] INFO perfrun.perfcollector <> - DRY_RUN : "reg_type       = 1	event_id       = g	reg_id         = 38d	reg_value      = bbb"
357 [139721776817856] INFO perfrun.perfcollector <> - eventId : g , ignored
357 [139721776817856] INFO perfrun.perfcollector <> - DRY_RUN : "reg_type       = 1	event_id       = 4	reg_id         = 186	reg_value      = 53013c"
357 [139721776817856] INFO perfrun.perfcollector <> - eventId : 4 , cccrAddr : 186 , cccrVal : 53013c
357 [139721776817856] INFO perfrun.perfcollector <> - DRY_RUN : "reg_type       = 1	event_id       = 5	reg_id         = 187	reg_value      = 53023c"
357 [139721776817856] INFO perfrun.perfcollector <> - eventId : 5 , cccrAddr : 187 , cccrVal : 53023c
357 [139721776817856] INFO perfrun.perfcollector <> - DRY_RUN : "reg_type       = 1	event_id       = 3	reg_id         = 188	reg_value      = c530ca3"
357 [139721776817856] INFO perfrun.perfcollector <> - eventId : 3 , cccrAddr : 188 , cccrVal : c530ca3
357 [139721776817856] INFO perfrun.perfcollector <> - DRY_RUN : "reg_type       = 1	event_id       = 6	reg_id         = 189	reg_value      = 45304a3"
357 [139721776817856] INFO perfrun.perfcollector <> - eventId : 6 , cccrAddr : 189 , cccrVal : 45304a3
357 [139721776817856] INFO perfrun.perfcollector <> - DRY_RUN : "ESCR"
357 [139721776817856] INFO perfrun.perfcollector <> - DRY_RUN : "reg_type       = 2	event_id       = g	reg_id         = 1c8	reg_value      = 0"
357 [139721776817856] INFO perfrun.perfcollector <> - eventId : g , ignored
357 [139721776817856] INFO perfrun.perfcollector <> - DRY_RUN : "DATA"
357 [139721776817856] INFO perfrun.perfcollector <> - DRY_RUN : "reg_type       = 4	event_id       = 2	reg_id         = 309	reg_value      = ffffff508620"
357 [139721776817856] INFO perfrun.perfcollector <> - eventId : 2 , dataAddr : 309 , dataVal : ffffff508620
357 [139721776817856] INFO perfrun.perfcollector <> - DRY_RUN : "reg_type       = 4	event_id       = 0	reg_id         = 30a	reg_value      = ffffff508620"
357 [139721776817856] INFO perfrun.perfcollector <> - eventId : 0 , dataAddr : 30a , dataVal : ffffff508620
357 [139721776817856] INFO perfrun.perfcollector <> - DRY_RUN : "reg_type       = 4	event_id       = 1	reg_id         = 30b	reg_value      = ffffff508620"
357 [139721776817856] INFO perfrun.perfcollector <> - eventId : 1 , dataAddr : 30b , dataVal : ffffff508620
357 [139721776817856] INFO perfrun.perfcollector <> - DRY_RUN : "reg_type       = 4	event_id       = 4	reg_id         = c1	reg_value      = fffffff85ed1"
357 [139721776817856] INFO perfrun.perfcollector <> - eventId : 4 , dataAddr : c1 , dataVal : fffffff85ed1
357 [139721776817856] INFO perfrun.perfcollector <> - DRY_RUN : "reg_type       = 4	event_id       = 5	reg_id         = c2	reg_value      = fffffff85ed1"
357 [139721776817856] INFO perfrun.perfcollector <> - eventId : 5 , dataAddr : c2 , dataVal : fffffff85ed1
357 [139721776817856] INFO perfrun.perfcollector <> - DRY_RUN : "reg_type       = 4	event_id       = 3	reg_id         = c3	reg_value      = ffffff676971"
357 [139721776817856] INFO perfrun.perfcollector <> - eventId : 3 , dataAddr : c3 , dataVal : ffffff676971
357 [139721776817856] INFO perfrun.perfcollector <> - DRY_RUN : "reg_type       = 4	event_id       = 6	reg_id         = c4	reg_value      = ffffff676971"
357 [139721776817856] INFO perfrun.perfcollector <> - eventId : 6 , dataAddr : c4 , dataVal : ffffff676971
357 [139721776817856] INFO perfrun.perfcollector <> - DRY_RUN : "Group 1:"
357 [139721776817856] INFO perfrun.perfcollector <> - id : 1
357 [139721776817856] INFO perfrun.perfcollector <> - DRY_RUN : "INST_RETIRED.ANY: event id 2"
357 [139721776817856] INFO perfrun.perfcollector <> - eventName : INST_RETIRED.ANY , eventId : 2
357 [139721776817856] INFO perfrun.perfcollector <> - DRY_RUN : "CPU_CLK_UNHALTED.THREAD: event id 0"
357 [139721776817856] INFO perfrun.perfcollector <> - eventName : CPU_CLK_UNHALTED.THREAD , eventId : 0
357 [139721776817856] INFO perfrun.perfcollector <> - DRY_RUN : "CPU_CLK_UNHALTED.REF_TSC: event id 1"
357 [139721776817856] INFO perfrun.perfcollector <> - eventName : CPU_CLK_UNHALTED.REF_TSC , eventId : 1
357 [139721776817856] INFO perfrun.perfcollector <> - DRY_RUN : "CYCLE_ACTIVITY.STALLS_LDM_PENDING: event id 7"
357 [139721776817856] INFO perfrun.perfcollector <> - eventName : CYCLE_ACTIVITY.STALLS_LDM_PENDING , eventId : 7
357 [139721776817856] INFO perfrun.perfcollector <> - DRY_RUN : "CYCLE_ACTIVITY.STALLS_L2_PENDING: event id 8"
357 [139721776817856] INFO perfrun.perfcollector <> - eventName : CYCLE_ACTIVITY.STALLS_L2_PENDING , eventId : 8
357 [139721776817856] INFO perfrun.perfcollector <> - DRY_RUN : "IDQ_UOPS_NOT_DELIVERED.CORE: event id 9"
357 [139721776817856] INFO perfrun.perfcollector <> - eventName : IDQ_UOPS_NOT_DELIVERED.CORE , eventId : 9
357 [139721776817856] INFO perfrun.perfcollector <> - DRY_RUN : "INT_MISC.RECOVERY_CYCLES: event id 10"
357 [139721776817856] INFO perfrun.perfcollector <> - eventName : INT_MISC.RECOVERY_CYCLES , eventId : 10
357 [139721776817856] INFO perfrun.perfcollector <> - DRY_RUN : "CCCR"
357 [139721776817856] INFO perfrun.perfcollector <> - DRY_RUN : "reg_type       = 1	event_id       = g	reg_id         = 38f	reg_value      = 70000000f"
357 [139721776817856] INFO perfrun.perfcollector <> - eventId : g , ignored
357 [139721776817856] INFO perfrun.perfcollector <> - DRY_RUN : "reg_type       = 1	event_id       = g	reg_id         = 390	reg_value      = 70000000f"
357 [139721776817856] INFO perfrun.perfcollector <> - eventId : g , ignored
357 [139721776817856] INFO perfrun.perfcollector <> - DRY_RUN : "reg_type       = 1	event_id       = g	reg_id         = 3f1	reg_value      = 0"
357 [139721776817856] INFO perfrun.perfcollector <> - eventId : g , ignored
357 [139721776817856] INFO perfrun.perfcollector <> - DRY_RUN : "reg_type       = 1	event_id       = g	reg_id         = 1d9	reg_value      = 1800"
357 [139721776817856] INFO perfrun.perfcollector <> - eventId : g , ignored
357 [139721776817856] INFO perfrun.perfcollector <> - DRY_RUN : "reg_type       = 1	event_id       = g	reg_id         = 38d	reg_value      = bbb"
357 [139721776817856] INFO perfrun.perfcollector <> - eventId : g , ignored
357 [139721776817856] INFO perfrun.perfcollector <> - DRY_RUN : "reg_type       = 1	event_id       = 7	reg_id         = 186	reg_value      = 65306a3"
357 [139721776817856] INFO perfrun.perfcollector <> - eventId : 7 , cccrAddr : 186 , cccrVal : 65306a3
357 [139721776817856] INFO perfrun.perfcollector <> - DRY_RUN : "reg_type       = 1	event_id       = 8	reg_id         = 187	reg_value      = 55305a3"
357 [139721776817856] INFO perfrun.perfcollector <> - eventId : 8 , cccrAddr : 187 , cccrVal : 55305a3
357 [139721776817856] INFO perfrun.perfcollector <> - DRY_RUN : "reg_type       = 1	event_id       = 9	reg_id         = 188	reg_value      = 53019c"
357 [139721776817856] INFO perfrun.perfcollector <> - eventId : 9 , cccrAddr : 188 , cccrVal : 53019c
357 [139721776817856] INFO perfrun.perfcollector <> - DRY_RUN : "reg_type       = 1	event_id       = 10	reg_id         = 189	reg_value      = 153030d"
357 [139721776817856] INFO perfrun.perfcollector <> - eventId : 10 , cccrAddr : 189 , cccrVal : 153030d
357 [139721776817856] INFO perfrun.perfcollector <> - DRY_RUN : "ESCR"
357 [139721776817856] INFO perfrun.perfcollector <> - DRY_RUN : "reg_type       = 2	event_id       = g	reg_id         = 1c8	reg_value      = 0"
357 [139721776817856] INFO perfrun.perfcollector <> - eventId : g , ignored
357 [139721776817856] INFO perfrun.perfcollector <> - DRY_RUN : "DATA"
357 [139721776817856] INFO perfrun.perfcollector <> - DRY_RUN : "reg_type       = 4	event_id       = 2	reg_id         = 309	reg_value      = ffffff508620"
357 [139721776817856] INFO perfrun.perfcollector <> - eventId : 2 , dataAddr : 309 , dataVal : ffffff508620
357 [139721776817856] INFO perfrun.perfcollector <> - DRY_RUN : "reg_type       = 4	event_id       = 0	reg_id         = 30a	reg_value      = ffffff508620"
357 [139721776817856] INFO perfrun.perfcollector <> - eventId : 0 , dataAddr : 30a , dataVal : ffffff508620
357 [139721776817856] INFO perfrun.perfcollector <> - DRY_RUN : "reg_type       = 4	event_id       = 1	reg_id         = 30b	reg_value      = ffffff508620"
357 [139721776817856] INFO perfrun.perfcollector <> - eventId : 1 , dataAddr : 30b , dataVal : ffffff508620
357 [139721776817856] INFO perfrun.perfcollector <> - DRY_RUN : "reg_type       = 4	event_id       = 7	reg_id         = c1	reg_value      = ffffff676971"
357 [139721776817856] INFO perfrun.perfcollector <> - eventId : 7 , dataAddr : c1 , dataVal : ffffff676971
357 [139721776817856] INFO perfrun.perfcollector <> - DRY_RUN : "reg_type       = 4	event_id       = 8	reg_id         = c2	reg_value      = ffffff676971"
357 [139721776817856] INFO perfrun.perfcollector <> - eventId : 8 , dataAddr : c2 , dataVal : ffffff676971
357 [139721776817856] INFO perfrun.perfcollector <> - DRY_RUN : "reg_type       = 4	event_id       = 9	reg_id         = c3	reg_value      = ffffff676971"
357 [139721776817856] INFO perfrun.perfcollector <> - eventId : 9 , dataAddr : c3 , dataVal : ffffff676971
357 [139721776817856] INFO perfrun.perfcollector <> - DRY_RUN : "reg_type       = 4	event_id       = 10	reg_id         = c4	reg_value      = ffffff676971"
357 [139721776817856] INFO perfrun.perfcollector <> - eventId : 10 , dataAddr : c4 , dataVal : ffffff676971
357 [139721776817856] INFO perfrun.perfcollector <> - DRY_RUN : "Group 2:"
357 [139721776817856] INFO perfrun.perfcollector <> - id : 2
357 [139721776817856] INFO perfrun.perfcollector <> - DRY_RUN : "INST_RETIRED.ANY: event id 2"
357 [139721776817856] INFO perfrun.perfcollector <> - eventName : INST_RETIRED.ANY , eventId : 2
357 [139721776817856] INFO perfrun.perfcollector <> - DRY_RUN : "CPU_CLK_UNHALTED.THREAD: event id 0"
357 [139721776817856] INFO perfrun.perfcollector <> - eventName : CPU_CLK_UNHALTED.THREAD , eventId : 0
358 [139721776817856] INFO perfrun.perfcollector <> - DRY_RUN : "CPU_CLK_UNHALTED.REF_TSC: event id 1"
358 [139721776817856] INFO perfrun.perfcollector <> - eventName : CPU_CLK_UNHALTED.REF_TSC , eventId : 1
358 [139721776817856] INFO perfrun.perfcollector <> - DRY_RUN : "MEM_LOAD_UOPS_RETIRED.L3_HIT_PS: event id 11"
358 [139721776817856] INFO perfrun.perfcollector <> - eventName : MEM_LOAD_UOPS_RETIRED.L3_HIT_PS , eventId : 11
358 [139721776817856] INFO perfrun.perfcollector <> - DRY_RUN : "MEM_LOAD_UOPS_RETIRED.L3_MISS_PS: event id 12"
358 [139721776817856] INFO perfrun.perfcollector <> - eventName : MEM_LOAD_UOPS_RETIRED.L3_MISS_PS , eventId : 12
358 [139721776817856] INFO perfrun.perfcollector <> - DRY_RUN : "OFFCORE_REQUESTS_OUTSTANDING.CYCLES_WITH_DATA_RD: event id 13"
358 [139721776817856] INFO perfrun.perfcollector <> - eventName : OFFCORE_REQUESTS_OUTSTANDING.CYCLES_WITH_DATA_RD , eventId : 13
358 [139721776817856] INFO perfrun.perfcollector <> - DRY_RUN : "OFFCORE_REQUESTS_OUTSTANDING.ALL_DATA_RD:cmask=6: event id 14"
358 [139721776817856] INFO perfrun.perfcollector <> - eventName : OFFCORE_REQUESTS_OUTSTANDING.ALL_DATA_RD:cmask=6 , eventId : 14
358 [139721776817856] INFO perfrun.perfcollector <> - DRY_RUN : "CCCR"
358 [139721776817856] INFO perfrun.perfcollector <> - DRY_RUN : "reg_type       = 1	event_id       = g	reg_id         = 38f	reg_value      = 70000000f"
358 [139721776817856] INFO perfrun.perfcollector <> - eventId : g , ignored
358 [139721776817856] INFO perfrun.perfcollector <> - DRY_RUN : "reg_type       = 1	event_id       = g	reg_id         = 390	reg_value      = 70000000f"
358 [139721776817856] INFO perfrun.perfcollector <> - eventId : g , ignored
358 [139721776817856] INFO perfrun.perfcollector <> - DRY_RUN : "reg_type       = 1	event_id       = g	reg_id         = 3f1	reg_value      = 300000003"
358 [139721776817856] INFO perfrun.perfcollector <> - eventId : g , ignored
358 [139721776817856] INFO perfrun.perfcollector <> - DRY_RUN : "reg_type       = 1	event_id       = g	reg_id         = 1d9	reg_value      = 1800"
358 [139721776817856] INFO perfrun.perfcollector <> - eventId : g , ignored
358 [139721776817856] INFO perfrun.perfcollector <> - DRY_RUN : "reg_type       = 1	event_id       = g	reg_id         = 38d	reg_value      = bbb"
358 [139721776817856] INFO perfrun.perfcollector <> - eventId : g , ignored
358 [139721776817856] INFO perfrun.perfcollector <> - DRY_RUN : "reg_type       = 1	event_id       = 11	reg_id         = 186	reg_value      = 4304d1"
358 [139721776817856] INFO perfrun.perfcollector <> - eventId : 11 , cccrAddr : 186 , cccrVal : 4304d1
358 [139721776817856] INFO perfrun.perfcollector <> - DRY_RUN : "reg_type       = 1	event_id       = 12	reg_id         = 187	reg_value      = 4320d1"
358 [139721776817856] INFO perfrun.perfcollector <> - eventId : 12 , cccrAddr : 187 , cccrVal : 4320d1
358 [139721776817856] INFO perfrun.perfcollector <> - DRY_RUN : "reg_type       = 1	event_id       = 13	reg_id         = 188	reg_value      = 1530860"
358 [139721776817856] INFO perfrun.perfcollector <> - eventId : 13 , cccrAddr : 188 , cccrVal : 1530860
358 [139721776817856] INFO perfrun.perfcollector <> - DRY_RUN : "reg_type       = 1	event_id       = 14	reg_id         = 189	reg_value      = 6530860"
358 [139721776817856] INFO perfrun.perfcollector <> - eventId : 14 , cccrAddr : 189 , cccrVal : 6530860
358 [139721776817856] INFO perfrun.perfcollector <> - DRY_RUN : "ESCR"
358 [139721776817856] INFO perfrun.perfcollector <> - DRY_RUN : "reg_type       = 2	event_id       = g	reg_id         = 1c8	reg_value      = 0"
358 [139721776817856] INFO perfrun.perfcollector <> - eventId : g , ignored
358 [139721776817856] INFO perfrun.perfcollector <> - DRY_RUN : "DATA"
358 [139721776817856] INFO perfrun.perfcollector <> - DRY_RUN : "reg_type       = 4	event_id       = 2	reg_id         = 309	reg_value      = ffffff508620"
358 [139721776817856] INFO perfrun.perfcollector <> - eventId : 2 , dataAddr : 309 , dataVal : ffffff508620
358 [139721776817856] INFO perfrun.perfcollector <> - DRY_RUN : "reg_type       = 4	event_id       = 0	reg_id         = 30a	reg_value      = ffffff508620"
358 [139721776817856] INFO perfrun.perfcollector <> - eventId : 0 , dataAddr : 30a , dataVal : ffffff508620
358 [139721776817856] INFO perfrun.perfcollector <> - DRY_RUN : "reg_type       = 4	event_id       = 1	reg_id         = 30b	reg_value      = ffffff508620"
358 [139721776817856] INFO perfrun.perfcollector <> - eventId : 1 , dataAddr : 30b , dataVal : ffffff508620
358 [139721776817856] INFO perfrun.perfcollector <> - DRY_RUN : "reg_type       = 4	event_id       = 11	reg_id         = c1	reg_value      = fffffffc2f61"
358 [139721776817856] INFO perfrun.perfcollector <> - eventId : 11 , dataAddr : c1 , dataVal : fffffffc2f61
358 [139721776817856] INFO perfrun.perfcollector <> - DRY_RUN : "reg_type       = 4	event_id       = 12	reg_id         = c2	reg_value      = fffffffc2f61"
358 [139721776817856] INFO perfrun.perfcollector <> - eventId : 12 , dataAddr : c2 , dataVal : fffffffc2f61
358 [139721776817856] INFO perfrun.perfcollector <> - DRY_RUN : "reg_type       = 4	event_id       = 13	reg_id         = c3	reg_value      = ffffff676971"
358 [139721776817856] INFO perfrun.perfcollector <> - eventId : 13 , dataAddr : c3 , dataVal : ffffff676971
358 [139721776817856] INFO perfrun.perfcollector <> - DRY_RUN : "reg_type       = 4	event_id       = 14	reg_id         = c4	reg_value      = ffffff676971"
358 [139721776817856] INFO perfrun.perfcollector <> - eventId : 14 , dataAddr : c4 , dataVal : ffffff676971
358 [139721776817856] INFO perfrun.perfcollector <> - DRY_RUN : "Group 3:"
358 [139721776817856] INFO perfrun.perfcollector <> - id : 3
358 [139721776817856] INFO perfrun.perfcollector <> - DRY_RUN : "INST_RETIRED.ANY: event id 2"
358 [139721776817856] INFO perfrun.perfcollector <> - eventName : INST_RETIRED.ANY , eventId : 2
358 [139721776817856] INFO perfrun.perfcollector <> - DRY_RUN : "CPU_CLK_UNHALTED.THREAD: event id 0"
358 [139721776817856] INFO perfrun.perfcollector <> - eventName : CPU_CLK_UNHALTED.THREAD , eventId : 0
358 [139721776817856] INFO perfrun.perfcollector <> - DRY_RUN : "CPU_CLK_UNHALTED.REF_TSC: event id 1"
358 [139721776817856] INFO perfrun.perfcollector <> - eventName : CPU_CLK_UNHALTED.REF_TSC , eventId : 1
358 [139721776817856] INFO perfrun.perfcollector <> - DRY_RUN : "RESOURCE_STALLS.SB: event id 15"
358 [139721776817856] INFO perfrun.perfcollector <> - eventName : RESOURCE_STALLS.SB , eventId : 15
358 [139721776817856] INFO perfrun.perfcollector <> - DRY_RUN : "RS_EVENTS.EMPTY_CYCLES: event id 16"
358 [139721776817856] INFO perfrun.perfcollector <> - eventName : RS_EVENTS.EMPTY_CYCLES , eventId : 16
358 [139721776817856] INFO perfrun.perfcollector <> - DRY_RUN : "UOPS_EXECUTED.CORE:cmask=1: event id 17"
358 [139721776817856] INFO perfrun.perfcollector <> - eventName : UOPS_EXECUTED.CORE:cmask=1 , eventId : 17
358 [139721776817856] INFO perfrun.perfcollector <> - DRY_RUN : "UOPS_EXECUTED.CORE:cmask=2: event id 18"
358 [139721776817856] INFO perfrun.perfcollector <> - eventName : UOPS_EXECUTED.CORE:cmask=2 , eventId : 18
358 [139721776817856] INFO perfrun.perfcollector <> - DRY_RUN : "CCCR"
358 [139721776817856] INFO perfrun.perfcollector <> - DRY_RUN : "reg_type       = 1	event_id       = g	reg_id         = 38f	reg_value      = 70000000f"
358 [139721776817856] INFO perfrun.perfcollector <> - eventId : g , ignored
358 [139721776817856] INFO perfrun.perfcollector <> - DRY_RUN : "reg_type       = 1	event_id       = g	reg_id         = 390	reg_value      = 70000000f"
358 [139721776817856] INFO perfrun.perfcollector <> - eventId : g , ignored
358 [139721776817856] INFO perfrun.perfcollector <> - DRY_RUN : "reg_type       = 1	event_id       = g	reg_id         = 3f1	reg_value      = 0"
358 [139721776817856] INFO perfrun.perfcollector <> - eventId : g , ignored
358 [139721776817856] INFO perfrun.perfcollector <> - DRY_RUN : "reg_type       = 1	event_id       = g	reg_id         = 1d9	reg_value      = 1800"
358 [139721776817856] INFO perfrun.perfcollector <> - eventId : g , ignored
358 [139721776817856] INFO perfrun.perfcollector <> - DRY_RUN : "reg_type       = 1	event_id       = g	reg_id         = 38d	reg_value      = bbb"
358 [139721776817856] INFO perfrun.perfcollector <> - eventId : g , ignored
358 [139721776817856] INFO perfrun.perfcollector <> - DRY_RUN : "reg_type       = 1	event_id       = 15	reg_id         = 186	reg_value      = 5308a2"
358 [139721776817856] INFO perfrun.perfcollector <> - eventId : 15 , cccrAddr : 186 , cccrVal : 5308a2
358 [139721776817856] INFO perfrun.perfcollector <> - DRY_RUN : "reg_type       = 1	event_id       = 16	reg_id         = 187	reg_value      = 53015e"
358 [139721776817856] INFO perfrun.perfcollector <> - eventId : 16 , cccrAddr : 187 , cccrVal : 53015e
358 [139721776817856] INFO perfrun.perfcollector <> - DRY_RUN : "reg_type       = 1	event_id       = 17	reg_id         = 188	reg_value      = 15302b1"
358 [139721776817856] INFO perfrun.perfcollector <> - eventId : 17 , cccrAddr : 188 , cccrVal : 15302b1
358 [139721776817856] INFO perfrun.perfcollector <> - DRY_RUN : "reg_type       = 1	event_id       = 18	reg_id         = 189	reg_value      = 25302b1"
358 [139721776817856] INFO perfrun.perfcollector <> - eventId : 18 , cccrAddr : 189 , cccrVal : 25302b1
358 [139721776817856] INFO perfrun.perfcollector <> - DRY_RUN : "ESCR"
358 [139721776817856] INFO perfrun.perfcollector <> - DRY_RUN : "reg_type       = 2	event_id       = g	reg_id         = 1c8	reg_value      = 0"
358 [139721776817856] INFO perfrun.perfcollector <> - eventId : g , ignored
358 [139721776817856] INFO perfrun.perfcollector <> - DRY_RUN : "DATA"
358 [139721776817856] INFO perfrun.perfcollector <> - DRY_RUN : "reg_type       = 4	event_id       = 2	reg_id         = 309	reg_value      = ffffff508620"
358 [139721776817856] INFO perfrun.perfcollector <> - eventId : 2 , dataAddr : 309 , dataVal : ffffff508620
358 [139721776817856] INFO perfrun.perfcollector <> - DRY_RUN : "reg_type       = 4	event_id       = 0	reg_id         = 30a	reg_value      = ffffff508620"
358 [139721776817856] INFO perfrun.perfcollector <> - eventId : 0 , dataAddr : 30a , dataVal : ffffff508620
358 [139721776817856] INFO perfrun.perfcollector <> - DRY_RUN : "reg_type       = 4	event_id       = 1	reg_id         = 30b	reg_value      = ffffff508620"
358 [139721776817856] INFO perfrun.perfcollector <> - eventId : 1 , dataAddr : 30b , dataVal : ffffff508620
358 [139721776817856] INFO perfrun.perfcollector <> - DRY_RUN : "reg_type       = 4	event_id       = 15	reg_id         = c1	reg_value      = ffffff676971"
358 [139721776817856] INFO perfrun.perfcollector <> - eventId : 15 , dataAddr : c1 , dataVal : ffffff676971
358 [139721776817856] INFO perfrun.perfcollector <> - DRY_RUN : "reg_type       = 4	event_id       = 16	reg_id         = c2	reg_value      = ffffff676971"
358 [139721776817856] INFO perfrun.perfcollector <> - eventId : 16 , dataAddr : c2 , dataVal : ffffff676971
358 [139721776817856] INFO perfrun.perfcollector <> - DRY_RUN : "reg_type       = 4	event_id       = 17	reg_id         = c3	reg_value      = ffffff676971"
358 [139721776817856] INFO perfrun.perfcollector <> - eventId : 17 , dataAddr : c3 , dataVal : ffffff676971
358 [139721776817856] INFO perfrun.perfcollector <> - DRY_RUN : "reg_type       = 4	event_id       = 18	reg_id         = c4	reg_value      = ffffff676971"
358 [139721776817856] INFO perfrun.perfcollector <> - eventId : 18 , dataAddr : c4 , dataVal : ffffff676971
358 [139721776817856] INFO perfrun.perfcollector <> - DRY_RUN : "Group 4:"
358 [139721776817856] INFO perfrun.perfcollector <> - id : 4
358 [139721776817856] INFO perfrun.perfcollector <> - DRY_RUN : "INST_RETIRED.ANY: event id 2"
358 [139721776817856] INFO perfrun.perfcollector <> - eventName : INST_RETIRED.ANY , eventId : 2
358 [139721776817856] INFO perfrun.perfcollector <> - DRY_RUN : "CPU_CLK_UNHALTED.THREAD: event id 0"
358 [139721776817856] INFO perfrun.perfcollector <> - eventName : CPU_CLK_UNHALTED.THREAD , eventId : 0
358 [139721776817856] INFO perfrun.perfcollector <> - DRY_RUN : "CPU_CLK_UNHALTED.REF_TSC: event id 1"
358 [139721776817856] INFO perfrun.perfcollector <> - eventName : CPU_CLK_UNHALTED.REF_TSC , eventId : 1
358 [139721776817856] INFO perfrun.perfcollector <> - DRY_RUN : "UOPS_EXECUTED.CORE:cmask=3: event id 19"
358 [139721776817856] INFO perfrun.perfcollector <> - eventName : UOPS_EXECUTED.CORE:cmask=3 , eventId : 19
358 [139721776817856] INFO perfrun.perfcollector <> - DRY_RUN : "UOPS_ISSUED.ANY: event id 20"
358 [139721776817856] INFO perfrun.perfcollector <> - eventName : UOPS_ISSUED.ANY , eventId : 20
358 [139721776817856] INFO perfrun.perfcollector <> - DRY_RUN : "UOPS_RETIRED.RETIRE_SLOTS: event id 21"
358 [139721776817856] INFO perfrun.perfcollector <> - eventName : UOPS_RETIRED.RETIRE_SLOTS , eventId : 21
358 [139721776817856] INFO perfrun.perfcollector <> - DRY_RUN : "IDQ_UOPS_NOT_DELIVERED.CYCLES_0_UOPS_DELIV.CORE: event id 22"
358 [139721776817856] INFO perfrun.perfcollector <> - eventName : IDQ_UOPS_NOT_DELIVERED.CYCLES_0_UOPS_DELIV.CORE , eventId : 22
358 [139721776817856] INFO perfrun.perfcollector <> - DRY_RUN : "CCCR"
358 [139721776817856] INFO perfrun.perfcollector <> - DRY_RUN : "reg_type       = 1	event_id       = g	reg_id         = 38f	reg_value      = 70000000f"
358 [139721776817856] INFO perfrun.perfcollector <> - eventId : g , ignored
358 [139721776817856] INFO perfrun.perfcollector <> - DRY_RUN : "reg_type       = 1	event_id       = g	reg_id         = 390	reg_value      = 70000000f"
358 [139721776817856] INFO perfrun.perfcollector <> - eventId : g , ignored
358 [139721776817856] INFO perfrun.perfcollector <> - DRY_RUN : "reg_type       = 1	event_id       = g	reg_id         = 3f1	reg_value      = 0"
358 [139721776817856] INFO perfrun.perfcollector <> - eventId : g , ignored
358 [139721776817856] INFO perfrun.perfcollector <> - DRY_RUN : "reg_type       = 1	event_id       = g	reg_id         = 1d9	reg_value      = 1800"
358 [139721776817856] INFO perfrun.perfcollector <> - eventId : g , ignored
358 [139721776817856] INFO perfrun.perfcollector <> - DRY_RUN : "reg_type       = 1	event_id       = g	reg_id         = 38d	reg_value      = bbb"
358 [139721776817856] INFO perfrun.perfcollector <> - eventId : g , ignored
358 [139721776817856] INFO perfrun.perfcollector <> - DRY_RUN : "reg_type       = 1	event_id       = 19	reg_id         = 186	reg_value      = 35302b1"
358 [139721776817856] INFO perfrun.perfcollector <> - eventId : 19 , cccrAddr : 186 , cccrVal : 35302b1
358 [139721776817856] INFO perfrun.perfcollector <> - DRY_RUN : "reg_type       = 1	event_id       = 20	reg_id         = 187	reg_value      = 53010e"
358 [139721776817856] INFO perfrun.perfcollector <> - eventId : 20 , cccrAddr : 187 , cccrVal : 53010e
358 [139721776817856] INFO perfrun.perfcollector <> - DRY_RUN : "reg_type       = 1	event_id       = 21	reg_id         = 188	reg_value      = 5302c2"
358 [139721776817856] INFO perfrun.perfcollector <> - eventId : 21 , cccrAddr : 188 , cccrVal : 5302c2
358 [139721776817856] INFO perfrun.perfcollector <> - DRY_RUN : "reg_type       = 1	event_id       = 22	reg_id         = 189	reg_value      = 453019c"
358 [139721776817856] INFO perfrun.perfcollector <> - eventId : 22 , cccrAddr : 189 , cccrVal : 453019c
358 [139721776817856] INFO perfrun.perfcollector <> - DRY_RUN : "ESCR"
358 [139721776817856] INFO perfrun.perfcollector <> - DRY_RUN : "reg_type       = 2	event_id       = g	reg_id         = 1c8	reg_value      = 0"
358 [139721776817856] INFO perfrun.perfcollector <> - eventId : g , ignored
358 [139721776817856] INFO perfrun.perfcollector <> - DRY_RUN : "DATA"
358 [139721776817856] INFO perfrun.perfcollector <> - DRY_RUN : "reg_type       = 4	event_id       = 2	reg_id         = 309	reg_value      = ffffff508620"
358 [139721776817856] INFO perfrun.perfcollector <> - eventId : 2 , dataAddr : 309 , dataVal : ffffff508620
358 [139721776817856] INFO perfrun.perfcollector <> - DRY_RUN : "reg_type       = 4	event_id       = 0	reg_id         = 30a	reg_value      = ffffff508620"
358 [139721776817856] INFO perfrun.perfcollector <> - eventId : 0 , dataAddr : 30a , dataVal : ffffff508620
358 [139721776817856] INFO perfrun.perfcollector <> - DRY_RUN : "reg_type       = 4	event_id       = 1	reg_id         = 30b	reg_value      = ffffff508620"
358 [139721776817856] INFO perfrun.perfcollector <> - eventId : 1 , dataAddr : 30b , dataVal : ffffff508620
358 [139721776817856] INFO perfrun.perfcollector <> - DRY_RUN : "reg_type       = 4	event_id       = 19	reg_id         = c1	reg_value      = ffffff676971"
358 [139721776817856] INFO perfrun.perfcollector <> - eventId : 19 , dataAddr : c1 , dataVal : ffffff676971
358 [139721776817856] INFO perfrun.perfcollector <> - DRY_RUN : "reg_type       = 4	event_id       = 20	reg_id         = c2	reg_value      = ffffff676971"
358 [139721776817856] INFO perfrun.perfcollector <> - eventId : 20 , dataAddr : c2 , dataVal : ffffff676971
358 [139721776817856] INFO perfrun.perfcollector <> - DRY_RUN : "reg_type       = 4	event_id       = 21	reg_id         = c3	reg_value      = ffffff676971"
358 [139721776817856] INFO perfrun.perfcollector <> - eventId : 21 , dataAddr : c3 , dataVal : ffffff676971
358 [139721776817856] INFO perfrun.perfcollector <> - DRY_RUN : "reg_type       = 4	event_id       = 22	reg_id         = c4	reg_value      = ffffff676971"
358 [139721776817856] INFO perfrun.perfcollector <> - eventId : 22 , dataAddr : c4 , dataVal : ffffff676971
358 [139721776817856] INFO perfrun.perfcollector <> - DRY_RUN : "Group 5:"
358 [139721776817856] INFO perfrun.perfcollector <> - id : 5
358 [139721776817856] INFO perfrun.perfcollector <> - DRY_RUN : "INST_RETIRED.ANY: event id 2"
358 [139721776817856] INFO perfrun.perfcollector <> - eventName : INST_RETIRED.ANY , eventId : 2
358 [139721776817856] INFO perfrun.perfcollector <> - DRY_RUN : "CPU_CLK_UNHALTED.THREAD: event id 0"
358 [139721776817856] INFO perfrun.perfcollector <> - eventName : CPU_CLK_UNHALTED.THREAD , eventId : 0
358 [139721776817856] INFO perfrun.perfcollector <> - DRY_RUN : "CPU_CLK_UNHALTED.REF_TSC: event id 1"
358 [139721776817856] INFO perfrun.perfcollector <> - eventName : CPU_CLK_UNHALTED.REF_TSC , eventId : 1
358 [139721776817856] INFO perfrun.perfcollector <> - DRY_RUN : "MEM_UOPS_RETIRED.ALL_LOADS_PS: event id 23"
358 [139721776817856] INFO perfrun.perfcollector <> - eventName : MEM_UOPS_RETIRED.ALL_LOADS_PS , eventId : 23
358 [139721776817856] INFO perfrun.perfcollector <> - DRY_RUN : "MEM_UOPS_RETIRED.ALL_STORES_PS: event id 24"
358 [139721776817856] INFO perfrun.perfcollector <> - eventName : MEM_UOPS_RETIRED.ALL_STORES_PS , eventId : 24
358 [139721776817856] INFO perfrun.perfcollector <> - DRY_RUN : "MEM_LOAD_UOPS_L3_MISS_RETIRED.LOCAL_DRAM_PS: event id 25"
358 [139721776817856] INFO perfrun.perfcollector <> - eventName : MEM_LOAD_UOPS_L3_MISS_RETIRED.LOCAL_DRAM_PS , eventId : 25
358 [139721776817856] INFO perfrun.perfcollector <> - DRY_RUN : "MEM_LOAD_UOPS_L3_MISS_RETIRED.REMOTE_DRAM_PS: event id 26"
358 [139721776817856] INFO perfrun.perfcollector <> - eventName : MEM_LOAD_UOPS_L3_MISS_RETIRED.REMOTE_DRAM_PS , eventId : 26
358 [139721776817856] INFO perfrun.perfcollector <> - DRY_RUN : "CCCR"
358 [139721776817856] INFO perfrun.perfcollector <> - DRY_RUN : "reg_type       = 1	event_id       = g	reg_id         = 38f	reg_value      = 70000000f"
358 [139721776817856] INFO perfrun.perfcollector <> - eventId : g , ignored
358 [139721776817856] INFO perfrun.perfcollector <> - DRY_RUN : "reg_type       = 1	event_id       = g	reg_id         = 390	reg_value      = 70000000f"
358 [139721776817856] INFO perfrun.perfcollector <> - eventId : g , ignored
358 [139721776817856] INFO perfrun.perfcollector <> - DRY_RUN : "reg_type       = 1	event_id       = g	reg_id         = 3f1	reg_value      = f0000000f"
358 [139721776817856] INFO perfrun.perfcollector <> - eventId : g , ignored
358 [139721776817856] INFO perfrun.perfcollector <> - DRY_RUN : "reg_type       = 1	event_id       = g	reg_id         = 1d9	reg_value      = 1800"
358 [139721776817856] INFO perfrun.perfcollector <> - eventId : g , ignored
358 [139721776817856] INFO perfrun.perfcollector <> - DRY_RUN : "reg_type       = 1	event_id       = g	reg_id         = 38d	reg_value      = bbb"
358 [139721776817856] INFO perfrun.perfcollector <> - eventId : g , ignored
358 [139721776817856] INFO perfrun.perfcollector <> - DRY_RUN : "reg_type       = 1	event_id       = 23	reg_id         = 186	reg_value      = 4381d0"
358 [139721776817856] INFO perfrun.perfcollector <> - eventId : 23 , cccrAddr : 186 , cccrVal : 4381d0
358 [139721776817856] INFO perfrun.perfcollector <> - DRY_RUN : "reg_type       = 1	event_id       = 24	reg_id         = 187	reg_value      = 4382d0"
358 [139721776817856] INFO perfrun.perfcollector <> - eventId : 24 , cccrAddr : 187 , cccrVal : 4382d0
358 [139721776817856] INFO perfrun.perfcollector <> - DRY_RUN : "reg_type       = 1	event_id       = 25	reg_id         = 188	reg_value      = 4301d3"
358 [139721776817856] INFO perfrun.perfcollector <> - eventId : 25 , cccrAddr : 188 , cccrVal : 4301d3
358 [139721776817856] INFO perfrun.perfcollector <> - DRY_RUN : "reg_type       = 1	event_id       = 26	reg_id         = 189	reg_value      = 4304d3"
358 [139721776817856] INFO perfrun.perfcollector <> - eventId : 26 , cccrAddr : 189 , cccrVal : 4304d3
358 [139721776817856] INFO perfrun.perfcollector <> - DRY_RUN : "ESCR"
358 [139721776817856] INFO perfrun.perfcollector <> - DRY_RUN : "reg_type       = 2	event_id       = g	reg_id         = 1c8	reg_value      = 0"
358 [139721776817856] INFO perfrun.perfcollector <> - eventId : g , ignored
358 [139721776817856] INFO perfrun.perfcollector <> - DRY_RUN : "DATA"
358 [139721776817856] INFO perfrun.perfcollector <> - DRY_RUN : "reg_type       = 4	event_id       = 2	reg_id         = 309	reg_value      = ffffff508620"
358 [139721776817856] INFO perfrun.perfcollector <> - eventId : 2 , dataAddr : 309 , dataVal : ffffff508620
358 [139721776817856] INFO perfrun.perfcollector <> - DRY_RUN : "reg_type       = 4	event_id       = 0	reg_id         = 30a	reg_value      = ffffff508620"
358 [139721776817856] INFO perfrun.perfcollector <> - eventId : 0 , dataAddr : 30a , dataVal : ffffff508620
358 [139721776817856] INFO perfrun.perfcollector <> - DRY_RUN : "reg_type       = 4	event_id       = 1	reg_id         = 30b	reg_value      = ffffff508620"
358 [139721776817856] INFO perfrun.perfcollector <> - eventId : 1 , dataAddr : 30b , dataVal : ffffff508620
358 [139721776817856] INFO perfrun.perfcollector <> - DRY_RUN : "reg_type       = 4	event_id       = 23	reg_id         = c1	reg_value      = fffffff85ed1"
358 [139721776817856] INFO perfrun.perfcollector <> - eventId : 23 , dataAddr : c1 , dataVal : fffffff85ed1
358 [139721776817856] INFO perfrun.perfcollector <> - DRY_RUN : "reg_type       = 4	event_id       = 24	reg_id         = c2	reg_value      = fffffff85ed1"
358 [139721776817856] INFO perfrun.perfcollector <> - eventId : 24 , dataAddr : c2 , dataVal : fffffff85ed1
358 [139721776817856] INFO perfrun.perfcollector <> - DRY_RUN : "reg_type       = 4	event_id       = 25	reg_id         = c3	reg_value      = fffffff85ed1"
358 [139721776817856] INFO perfrun.perfcollector <> - eventId : 25 , dataAddr : c3 , dataVal : fffffff85ed1
358 [139721776817856] INFO perfrun.perfcollector <> - DRY_RUN : "reg_type       = 4	event_id       = 26	reg_id         = c4	reg_value      = fffffff85ed1"
358 [139721776817856] INFO perfrun.perfcollector <> - eventId : 26 , dataAddr : c4 , dataVal : fffffff85ed1
358 [139721776817856] INFO perfrun.perfcollector <> - DRY_RUN : "Group 6:"
358 [139721776817856] INFO perfrun.perfcollector <> - id : 6
358 [139721776817856] INFO perfrun.perfcollector <> - DRY_RUN : "INST_RETIRED.ANY: event id 2"
358 [139721776817856] INFO perfrun.perfcollector <> - eventName : INST_RETIRED.ANY , eventId : 2
358 [139721776817856] INFO perfrun.perfcollector <> - DRY_RUN : "CPU_CLK_UNHALTED.THREAD: event id 0"
358 [139721776817856] INFO perfrun.perfcollector <> - eventName : CPU_CLK_UNHALTED.THREAD , eventId : 0
358 [139721776817856] INFO perfrun.perfcollector <> - DRY_RUN : "CPU_CLK_UNHALTED.REF_TSC: event id 1"
358 [139721776817856] INFO perfrun.perfcollector <> - eventName : CPU_CLK_UNHALTED.REF_TSC , eventId : 1
359 [139721776817856] INFO perfrun.perfcollector <> - DRY_RUN : "MEM_LOAD_UOPS_L3_MISS_RETIRED.REMOTE_HITM_PS: event id 27"
359 [139721776817856] INFO perfrun.perfcollector <> - eventName : MEM_LOAD_UOPS_L3_MISS_RETIRED.REMOTE_HITM_PS , eventId : 27
359 [139721776817856] INFO perfrun.perfcollector <> - DRY_RUN : "MEM_LOAD_UOPS_L3_MISS_RETIRED.REMOTE_FWD_PS: event id 28"
359 [139721776817856] INFO perfrun.perfcollector <> - eventName : MEM_LOAD_UOPS_L3_MISS_RETIRED.REMOTE_FWD_PS , eventId : 28
359 [139721776817856] INFO perfrun.perfcollector <> - DRY_RUN : "CCCR"
359 [139721776817856] INFO perfrun.perfcollector <> - DRY_RUN : "reg_type       = 1	event_id       = g	reg_id         = 38f	reg_value      = 700000003"
359 [139721776817856] INFO perfrun.perfcollector <> - eventId : g , ignored
359 [139721776817856] INFO perfrun.perfcollector <> - DRY_RUN : "reg_type       = 1	event_id       = g	reg_id         = 390	reg_value      = 700000003"
359 [139721776817856] INFO perfrun.perfcollector <> - eventId : g , ignored
359 [139721776817856] INFO perfrun.perfcollector <> - DRY_RUN : "reg_type       = 1	event_id       = g	reg_id         = 3f1	reg_value      = 300000003"
359 [139721776817856] INFO perfrun.perfcollector <> - eventId : g , ignored
359 [139721776817856] INFO perfrun.perfcollector <> - DRY_RUN : "reg_type       = 1	event_id       = g	reg_id         = 1d9	reg_value      = 1800"
359 [139721776817856] INFO perfrun.perfcollector <> - eventId : g , ignored
359 [139721776817856] INFO perfrun.perfcollector <> - DRY_RUN : "reg_type       = 1	event_id       = g	reg_id         = 38d	reg_value      = bbb"
359 [139721776817856] INFO perfrun.perfcollector <> - eventId : g , ignored
359 [139721776817856] INFO perfrun.perfcollector <> - DRY_RUN : "reg_type       = 1	event_id       = 27	reg_id         = 186	reg_value      = 4310d3"
359 [139721776817856] INFO perfrun.perfcollector <> - eventId : 27 , cccrAddr : 186 , cccrVal : 4310d3
359 [139721776817856] INFO perfrun.perfcollector <> - DRY_RUN : "reg_type       = 1	event_id       = 28	reg_id         = 187	reg_value      = 4320d3"
359 [139721776817856] INFO perfrun.perfcollector <> - eventId : 28 , cccrAddr : 187 , cccrVal : 4320d3
359 [139721776817856] INFO perfrun.perfcollector <> - DRY_RUN : "ESCR"
359 [139721776817856] INFO perfrun.perfcollector <> - DRY_RUN : "reg_type       = 2	event_id       = g	reg_id         = 1c8	reg_value      = 0"
359 [139721776817856] INFO perfrun.perfcollector <> - eventId : g , ignored
359 [139721776817856] INFO perfrun.perfcollector <> - DRY_RUN : "DATA"
359 [139721776817856] INFO perfrun.perfcollector <> - DRY_RUN : "reg_type       = 4	event_id       = 2	reg_id         = 309	reg_value      = ffffff508620"
359 [139721776817856] INFO perfrun.perfcollector <> - eventId : 2 , dataAddr : 309 , dataVal : ffffff508620
359 [139721776817856] INFO perfrun.perfcollector <> - DRY_RUN : "reg_type       = 4	event_id       = 0	reg_id         = 30a	reg_value      = ffffff508620"
359 [139721776817856] INFO perfrun.perfcollector <> - eventId : 0 , dataAddr : 30a , dataVal : ffffff508620
359 [139721776817856] INFO perfrun.perfcollector <> - DRY_RUN : "reg_type       = 4	event_id       = 1	reg_id         = 30b	reg_value      = ffffff508620"
359 [139721776817856] INFO perfrun.perfcollector <> - eventId : 1 , dataAddr : 30b , dataVal : ffffff508620
359 [139721776817856] INFO perfrun.perfcollector <> - DRY_RUN : "reg_type       = 4	event_id       = 27	reg_id         = c1	reg_value      = fffffff85ed1"
359 [139721776817856] INFO perfrun.perfcollector <> - eventId : 27 , dataAddr : c1 , dataVal : fffffff85ed1
359 [139721776817856] INFO perfrun.perfcollector <> - DRY_RUN : "reg_type       = 4	event_id       = 28	reg_id         = c2	reg_value      = fffffff85ed1"
359 [139721776817856] INFO perfrun.perfcollector <> - eventId : 28 , dataAddr : c2 , dataVal : fffffff85ed1
359 [139721776817856] INFO perfrun.perfcollector <> - DRY_RUN : "PMU type: Uncore (imc)"
366 [139721776817856] INFO perfrun.perfcollector <> - pmu type : uncore_imc
366 [139721776817856] INFO perfrun.perfcollector <> - DRY_RUN : "Number of units: 8"
366 [139721776817856] INFO perfrun.perfcollector <> - id : 8
366 [139721776817856] INFO perfrun.perfcollector <> - DRY_RUN : "Group 0:"
366 [139721776817856] INFO perfrun.perfcollector <> - id : 0
366 [139721776817856] INFO perfrun.perfcollector <> - DRY_RUN : "UNC_M_CAS_COUNT.RD: event id 29"
366 [139721776817856] INFO perfrun.perfcollector <> - eventName : UNC_M_CAS_COUNT.RD , eventId : 29
366 [139721776817856] INFO perfrun.perfcollector <> - DRY_RUN : "UNC_M_CAS_COUNT.WR: event id 30"
366 [139721776817856] INFO perfrun.perfcollector <> - eventName : UNC_M_CAS_COUNT.WR , eventId : 30
366 [139721776817856] INFO perfrun.perfcollector <> - DRY_RUN : "CCCR"
366 [139721776817856] INFO perfrun.perfcollector <> - DRY_RUN : "idx = 0	reg_type       = 1	event_id = 30	reg_id         = 700	reg_value      = 80000000	bar_index      = 0"
366 [139721776817856] INFO perfrun.perfcollector <> - eventId : 30 , cccrAddr : 700 , cccrVal : 80000000
366 [139721776817856] INFO perfrun.perfcollector <> - DRY_RUN : "idx = 2	reg_type       = 5	event_id = 29	reg_id         = d8	reg_value      = 400304	bar_index      = 0"
366 [139721776817856] INFO perfrun.perfcollector <> - eventId : 29 , cccrAddr : d8 , cccrVal : 400304
366 [139721776817856] INFO perfrun.perfcollector <> - DRY_RUN : "idx = 3	reg_type       = 5	event_id = 30	reg_id         = dc	reg_value      = 400c04	bar_index      = 0"
366 [139721776817856] INFO perfrun.perfcollector <> - eventId : 30 , cccrAddr : dc , cccrVal : 400c04
366 [139721776817856] INFO perfrun.perfcollector <> - DRY_RUN : "idx = 6	reg_type       = 2	event_id = g	reg_id         = f4	reg_value      = 0	bar_index      = 0"
366 [139721776817856] INFO perfrun.perfcollector <> - eventId : g , ignored
366 [139721776817856] INFO perfrun.perfcollector <> - DRY_RUN : "idx = 8	reg_type       = 5	event_id = 29	reg_id         = d8	reg_value      = 400304	bar_index      = 0"
366 [139721776817856] INFO perfrun.perfcollector <> - eventId : 29 , cccrAddr : d8 , cccrVal : 400304
366 [139721776817856] INFO perfrun.perfcollector <> - DRY_RUN : "idx = 9	reg_type       = 5	event_id = 30	reg_id         = dc	reg_value      = 400c04	bar_index      = 0"
366 [139721776817856] INFO perfrun.perfcollector <> - eventId : 30 , cccrAddr : dc , cccrVal : 400c04
366 [139721776817856] INFO perfrun.perfcollector <> - DRY_RUN : "idx = 12	reg_type       = 2	event_id = g	reg_id         = f4	reg_value      = 0	bar_index      = 0"
366 [139721776817856] INFO perfrun.perfcollector <> - eventId : g , ignored
366 [139721776817856] INFO perfrun.perfcollector <> - DRY_RUN : "idx = 14	reg_type       = 5	event_id = 29	reg_id         = d8	reg_value      = 400304	bar_index      = 0"
366 [139721776817856] INFO perfrun.perfcollector <> - eventId : 29 , cccrAddr : d8 , cccrVal : 400304
366 [139721776817856] INFO perfrun.perfcollector <> - DRY_RUN : "idx = 15	reg_type       = 5	event_id = 30	reg_id         = dc	reg_value      = 400c04	bar_index      = 0"
366 [139721776817856] INFO perfrun.perfcollector <> - eventId : 30 , cccrAddr : dc , cccrVal : 400c04
366 [139721776817856] INFO perfrun.perfcollector <> - DRY_RUN : "idx = 18	reg_type       = 2	event_id = g	reg_id         = f4	reg_value      = 0	bar_index      = 0"
366 [139721776817856] INFO perfrun.perfcollector <> - eventId : g , ignored
366 [139721776817856] INFO perfrun.perfcollector <> - DRY_RUN : "idx = 20	reg_type       = 5	event_id = 29	reg_id         = d8	reg_value      = 400304	bar_index      = 0"
366 [139721776817856] INFO perfrun.perfcollector <> - eventId : 29 , cccrAddr : d8 , cccrVal : 400304
366 [139721776817856] INFO perfrun.perfcollector <> - DRY_RUN : "idx = 21	reg_type       = 5	event_id = 30	reg_id         = dc	reg_value      = 400c04	bar_index      = 0"
366 [139721776817856] INFO perfrun.perfcollector <> - eventId : 30 , cccrAddr : dc , cccrVal : 400c04
366 [139721776817856] INFO perfrun.perfcollector <> - DRY_RUN : "idx = 24	reg_type       = 2	event_id = g	reg_id         = f4	reg_value      = 0	bar_index      = 0"
366 [139721776817856] INFO perfrun.perfcollector <> - eventId : g , ignored
366 [139721776817856] INFO perfrun.perfcollector <> - DRY_RUN : "idx = 26	reg_type       = 5	event_id = 29	reg_id         = d8	reg_value      = 400304	bar_index      = 0"
366 [139721776817856] INFO perfrun.perfcollector <> - eventId : 29 , cccrAddr : d8 , cccrVal : 400304
366 [139721776817856] INFO perfrun.perfcollector <> - DRY_RUN : "idx = 27	reg_type       = 5	event_id = 30	reg_id         = dc	reg_value      = 400c04	bar_index      = 0"
366 [139721776817856] INFO perfrun.perfcollector <> - eventId : 30 , cccrAddr : dc , cccrVal : 400c04
366 [139721776817856] INFO perfrun.perfcollector <> - DRY_RUN : "idx = 30	reg_type       = 2	event_id = g	reg_id         = f4	reg_value      = 0	bar_index      = 0"
366 [139721776817856] INFO perfrun.perfcollector <> - eventId : g , ignored
366 [139721776817856] INFO perfrun.perfcollector <> - DRY_RUN : "idx = 32	reg_type       = 5	event_id = 29	reg_id         = d8	reg_value      = 400304	bar_index      = 0"
366 [139721776817856] INFO perfrun.perfcollector <> - eventId : 29 , cccrAddr : d8 , cccrVal : 400304
366 [139721776817856] INFO perfrun.perfcollector <> - DRY_RUN : "idx = 33	reg_type       = 5	event_id = 30	reg_id         = dc	reg_value      = 400c04	bar_index      = 0"
366 [139721776817856] INFO perfrun.perfcollector <> - eventId : 30 , cccrAddr : dc , cccrVal : 400c04
366 [139721776817856] INFO perfrun.perfcollector <> - DRY_RUN : "idx = 36	reg_type       = 2	event_id = g	reg_id         = f4	reg_value      = 0	bar_index      = 0"
366 [139721776817856] INFO perfrun.perfcollector <> - eventId : g , ignored
366 [139721776817856] INFO perfrun.perfcollector <> - DRY_RUN : "idx = 38	reg_type       = 5	event_id = 29	reg_id         = d8	reg_value      = 400304	bar_index      = 0"
366 [139721776817856] INFO perfrun.perfcollector <> - eventId : 29 , cccrAddr : d8 , cccrVal : 400304
366 [139721776817856] INFO perfrun.perfcollector <> - DRY_RUN : "idx = 39	reg_type       = 5	event_id = 30	reg_id         = dc	reg_value      = 400c04	bar_index      = 0"
366 [139721776817856] INFO perfrun.perfcollector <> - eventId : 30 , cccrAddr : dc , cccrVal : 400c04
366 [139721776817856] INFO perfrun.perfcollector <> - DRY_RUN : "idx = 42	reg_type       = 2	event_id = g	reg_id         = f4	reg_value      = 0	bar_index      = 0"
366 [139721776817856] INFO perfrun.perfcollector <> - eventId : g , ignored
366 [139721776817856] INFO perfrun.perfcollector <> - DRY_RUN : "idx = 44	reg_type       = 5	event_id = 29	reg_id         = d8	reg_value      = 400304	bar_index      = 0"
366 [139721776817856] INFO perfrun.perfcollector <> - eventId : 29 , cccrAddr : d8 , cccrVal : 400304
366 [139721776817856] INFO perfrun.perfcollector <> - DRY_RUN : "idx = 45	reg_type       = 5	event_id = 30	reg_id         = dc	reg_value      = 400c04	bar_index      = 0"
366 [139721776817856] INFO perfrun.perfcollector <> - eventId : 30 , cccrAddr : dc , cccrVal : 400c04
366 [139721776817856] INFO perfrun.perfcollector <> - DRY_RUN : "idx = 48	reg_type       = 2	event_id = g	reg_id         = f4	reg_value      = 0	bar_index      = 0"
366 [139721776817856] INFO perfrun.perfcollector <> - eventId : g , ignored
366 [139721776817856] INFO perfrun.perfcollector <> - DRY_RUN : "ESCR"
366 [139721776817856] INFO perfrun.perfcollector <> - DRY_RUN : "DATA"
366 [139721776817856] INFO perfrun.perfcollector <> - DRY_RUN : "idx = 50	reg_type       = 4	event_id       = 29	reg_id         = a0	reg_value      = 0	pci reg_id  offset    = 0xa0	pci reg id  data_size = 0	bar_index      = 0"
366 [139721776817856] INFO perfrun.perfcollector <> - eventId : 29 , dataAddr : a0 , dataVal : 0
366 [139721776817856] INFO perfrun.perfcollector <> - DRY_RUN : "idx = 51	reg_type       = 4	event_id       = 30	reg_id         = a8	reg_value      = 0	pci reg_id  offset    = 0xa8	pci reg id  data_size = 0	bar_index      = 0"
366 [139721776817856] INFO perfrun.perfcollector <> - eventId : 30 , dataAddr : a8 , dataVal : 0
366 [139721776817856] INFO perfrun.perfcollector <> - DRY_RUN : "idx = 55	reg_type       = 4	event_id       = 29	reg_id         = a0	reg_value      = 0	pci reg_id  offset    = 0xa0	pci reg id  data_size = 0	bar_index      = 0"
366 [139721776817856] INFO perfrun.perfcollector <> - eventId : 29 , dataAddr : a0 , dataVal : 0
366 [139721776817856] INFO perfrun.perfcollector <> - DRY_RUN : "idx = 56	reg_type       = 4	event_id       = 30	reg_id         = a8	reg_value      = 0	pci reg_id  offset    = 0xa8	pci reg id  data_size = 0	bar_index      = 0"
366 [139721776817856] INFO perfrun.perfcollector <> - eventId : 30 , dataAddr : a8 , dataVal : 0
366 [139721776817856] INFO perfrun.perfcollector <> - DRY_RUN : "idx = 60	reg_type       = 4	event_id       = 29	reg_id         = a0	reg_value      = 0	pci reg_id  offset    = 0xa0	pci reg id  data_size = 0	bar_index      = 0"
366 [139721776817856] INFO perfrun.perfcollector <> - eventId : 29 , dataAddr : a0 , dataVal : 0
366 [139721776817856] INFO perfrun.perfcollector <> - DRY_RUN : "idx = 61	reg_type       = 4	event_id       = 30	reg_id         = a8	reg_value      = 0	pci reg_id  offset    = 0xa8	pci reg id  data_size = 0	bar_index      = 0"
366 [139721776817856] INFO perfrun.perfcollector <> - eventId : 30 , dataAddr : a8 , dataVal : 0
366 [139721776817856] INFO perfrun.perfcollector <> - DRY_RUN : "idx = 65	reg_type       = 4	event_id       = 29	reg_id         = a0	reg_value      = 0	pci reg_id  offset    = 0xa0	pci reg id  data_size = 0	bar_index      = 0"
366 [139721776817856] INFO perfrun.perfcollector <> - eventId : 29 , dataAddr : a0 , dataVal : 0
366 [139721776817856] INFO perfrun.perfcollector <> - DRY_RUN : "idx = 66	reg_type       = 4	event_id       = 30	reg_id         = a8	reg_value      = 0	pci reg_id  offset    = 0xa8	pci reg id  data_size = 0	bar_index      = 0"
366 [139721776817856] INFO perfrun.perfcollector <> - eventId : 30 , dataAddr : a8 , dataVal : 0
366 [139721776817856] INFO perfrun.perfcollector <> - DRY_RUN : "idx = 70	reg_type       = 4	event_id       = 29	reg_id         = a0	reg_value      = 0	pci reg_id  offset    = 0xa0	pci reg id  data_size = 0	bar_index      = 0"
366 [139721776817856] INFO perfrun.perfcollector <> - eventId : 29 , dataAddr : a0 , dataVal : 0
366 [139721776817856] INFO perfrun.perfcollector <> - DRY_RUN : "idx = 71	reg_type       = 4	event_id       = 30	reg_id         = a8	reg_value      = 0	pci reg_id  offset    = 0xa8	pci reg id  data_size = 0	bar_index      = 0"
366 [139721776817856] INFO perfrun.perfcollector <> - eventId : 30 , dataAddr : a8 , dataVal : 0
366 [139721776817856] INFO perfrun.perfcollector <> - DRY_RUN : "idx = 75	reg_type       = 4	event_id       = 29	reg_id         = a0	reg_value      = 0	pci reg_id  offset    = 0xa0	pci reg id  data_size = 0	bar_index      = 0"
366 [139721776817856] INFO perfrun.perfcollector <> - eventId : 29 , dataAddr : a0 , dataVal : 0
366 [139721776817856] INFO perfrun.perfcollector <> - DRY_RUN : "idx = 76	reg_type       = 4	event_id       = 30	reg_id         = a8	reg_value      = 0	pci reg_id  offset    = 0xa8	pci reg id  data_size = 0	bar_index      = 0"
366 [139721776817856] INFO perfrun.perfcollector <> - eventId : 30 , dataAddr : a8 , dataVal : 0
366 [139721776817856] INFO perfrun.perfcollector <> - DRY_RUN : "idx = 80	reg_type       = 4	event_id       = 29	reg_id         = a0	reg_value      = 0	pci reg_id  offset    = 0xa0	pci reg id  data_size = 0	bar_index      = 0"
366 [139721776817856] INFO perfrun.perfcollector <> - eventId : 29 , dataAddr : a0 , dataVal : 0
366 [139721776817856] INFO perfrun.perfcollector <> - DRY_RUN : "idx = 81	reg_type       = 4	event_id       = 30	reg_id         = a8	reg_value      = 0	pci reg_id  offset    = 0xa8	pci reg id  data_size = 0	bar_index      = 0"
366 [139721776817856] INFO perfrun.perfcollector <> - eventId : 30 , dataAddr : a8 , dataVal : 0
366 [139721776817856] INFO perfrun.perfcollector <> - DRY_RUN : "idx = 85	reg_type       = 4	event_id       = 29	reg_id         = a0	reg_value      = 0	pci reg_id  offset    = 0xa0	pci reg id  data_size = 0	bar_index      = 0"
366 [139721776817856] INFO perfrun.perfcollector <> - eventId : 29 , dataAddr : a0 , dataVal : 0
366 [139721776817856] INFO perfrun.perfcollector <> - DRY_RUN : "idx = 86	reg_type       = 4	event_id       = 30	reg_id         = a8	reg_value      = 0	pci reg_id  offset    = 0xa8	pci reg id  data_size = 0	bar_index      = 0"
366 [139721776817856] INFO perfrun.perfcollector <> - eventId : 30 , dataAddr : a8 , dataVal : 0
366 [139721776817856] INFO perfrun.perfcollector <> - pmu config : cpu , m_cccrAddr : ffffffff , m_cccrVal : 0 , m_escrAddr : ffffffff , m_escrVal : 0 , m_dataAddr : 30a , m_dataVal : ffffffffff508620
366 [139721776817856] INFO perfrun.perfcollector <> - config : event : 3c
366 [139721776817856] INFO perfrun.perfcollector <> - config : pc : 0
366 [139721776817856] INFO perfrun.perfcollector <> - config : edge : 0
366 [139721776817856] INFO perfrun.perfcollector <> - config : any : 0
366 [139721776817856] INFO perfrun.perfcollector <> - config1 : offcore_rsp : 0
366 [139721776817856] INFO perfrun.perfcollector <> - config1 : ldlat : 0
366 [139721776817856] INFO perfrun.perfcollector <> - config : inv : 0
366 [139721776817856] INFO perfrun.perfcollector <> - config : umask : 0
366 [139721776817856] INFO perfrun.perfcollector <> - config : cmask : 0
366 [139721776817856] INFO perfrun.perfcollector <> - format : cpu/period=0xaf79e0,event=0x3c,name='CPU_CLK_UNHALTED.THREAD'/D
366 [139721776817856] INFO perfrun.perfcollector <> - pmu config : cpu , m_cccrAddr : ffffffff , m_cccrVal : 0 , m_escrAddr : ffffffff , m_escrVal : 0 , m_dataAddr : 30b , m_dataVal : ffffffffff508620
366 [139721776817856] INFO perfrun.perfcollector <> - config : event : 0
366 [139721776817856] INFO perfrun.perfcollector <> - config : pc : 0
366 [139721776817856] INFO perfrun.perfcollector <> - config : edge : 0
367 [139721776817856] INFO perfrun.perfcollector <> - config : any : 0
367 [139721776817856] INFO perfrun.perfcollector <> - config1 : offcore_rsp : 0
367 [139721776817856] INFO perfrun.perfcollector <> - config1 : ldlat : 0
367 [139721776817856] INFO perfrun.perfcollector <> - config : inv : 0
367 [139721776817856] INFO perfrun.perfcollector <> - config : umask : 3
367 [139721776817856] INFO perfrun.perfcollector <> - config : cmask : 0
367 [139721776817856] INFO perfrun.perfcollector <> - format : cpu/period=0xaf79e0,umask=0x3,name='CPU_CLK_UNHALTED.REF_TSC'/D
367 [139721776817856] INFO perfrun.perfcollector <> - pmu config : cpu , m_cccrAddr : ffffffff , m_cccrVal : 0 , m_escrAddr : ffffffff , m_escrVal : 0 , m_dataAddr : 309 , m_dataVal : ffffffffff508620
367 [139721776817856] INFO perfrun.perfcollector <> - config : event : c0
367 [139721776817856] INFO perfrun.perfcollector <> - config : pc : 0
367 [139721776817856] INFO perfrun.perfcollector <> - config : edge : 0
367 [139721776817856] INFO perfrun.perfcollector <> - config : any : 0
367 [139721776817856] INFO perfrun.perfcollector <> - config1 : offcore_rsp : 0
367 [139721776817856] INFO perfrun.perfcollector <> - config1 : ldlat : 0
367 [139721776817856] INFO perfrun.perfcollector <> - config : inv : 0
367 [139721776817856] INFO perfrun.perfcollector <> - config : umask : 0
367 [139721776817856] INFO perfrun.perfcollector <> - config : cmask : 0
367 [139721776817856] INFO perfrun.perfcollector <> - format : cpu/period=0xaf79e0,event=0xc0,name='INST_RETIRED.ANY'/D
367 [139721776817856] INFO perfrun.perfcollector <> - pmu config : cpu , m_cccrAddr : 188 , m_cccrVal : c530ca3 , m_escrAddr : ffffffff , m_escrVal : 0 , m_dataAddr : c3 , m_dataVal : ffffffffff676971
367 [139721776817856] INFO perfrun.perfcollector <> - config : event : a3
367 [139721776817856] INFO perfrun.perfcollector <> - config : pc : 0
367 [139721776817856] INFO perfrun.perfcollector <> - config : edge : 0
367 [139721776817856] INFO perfrun.perfcollector <> - config : any : 0
367 [139721776817856] INFO perfrun.perfcollector <> - config1 : offcore_rsp : 0
367 [139721776817856] INFO perfrun.perfcollector <> - config1 : ldlat : 0
367 [139721776817856] INFO perfrun.perfcollector <> - config : inv : 0
367 [139721776817856] INFO perfrun.perfcollector <> - config : umask : c
367 [139721776817856] INFO perfrun.perfcollector <> - config : cmask : c
367 [139721776817856] INFO perfrun.perfcollector <> - format : cpu/period=0x98968f,event=0xa3,umask=0xc,cmask=0xc,name='CYCLE_ACTIVITY.STALLS_L1D_PENDING'/
367 [139721776817856] INFO perfrun.perfcollector <> - pmu config : cpu , m_cccrAddr : 186 , m_cccrVal : 53013c , m_escrAddr : ffffffff , m_escrVal : 0 , m_dataAddr : c1 , m_dataVal : fffffffffff85ed1
367 [139721776817856] INFO perfrun.perfcollector <> - config : event : 3c
367 [139721776817856] INFO perfrun.perfcollector <> - config : pc : 0
367 [139721776817856] INFO perfrun.perfcollector <> - config : edge : 0
367 [139721776817856] INFO perfrun.perfcollector <> - config : any : 0
367 [139721776817856] INFO perfrun.perfcollector <> - config1 : offcore_rsp : 0
367 [139721776817856] INFO perfrun.perfcollector <> - config1 : ldlat : 0
367 [139721776817856] INFO perfrun.perfcollector <> - config : inv : 0
367 [139721776817856] INFO perfrun.perfcollector <> - config : umask : 1
367 [139721776817856] INFO perfrun.perfcollector <> - config : cmask : 0
367 [139721776817856] INFO perfrun.perfcollector <> - format : cpu/period=0x7a12f,event=0x3c,umask=0x1,name='CPU_CLK_UNHALTED.REF_XCLK'/
367 [139721776817856] INFO perfrun.perfcollector <> - pmu config : cpu , m_cccrAddr : 187 , m_cccrVal : 53023c , m_escrAddr : ffffffff , m_escrVal : 0 , m_dataAddr : c2 , m_dataVal : fffffffffff85ed1
367 [139721776817856] INFO perfrun.perfcollector <> - config : event : 3c
367 [139721776817856] INFO perfrun.perfcollector <> - config : pc : 0
367 [139721776817856] INFO perfrun.perfcollector <> - config : edge : 0
367 [139721776817856] INFO perfrun.perfcollector <> - config : any : 0
367 [139721776817856] INFO perfrun.perfcollector <> - config1 : offcore_rsp : 0
367 [139721776817856] INFO perfrun.perfcollector <> - config1 : ldlat : 0
367 [139721776817856] INFO perfrun.perfcollector <> - config : inv : 0
367 [139721776817856] INFO perfrun.perfcollector <> - config : umask : 2
367 [139721776817856] INFO perfrun.perfcollector <> - config : cmask : 0
367 [139721776817856] INFO perfrun.perfcollector <> - format : cpu/period=0x7a12f,event=0x3c,umask=0x2,name='CPU_CLK_UNHALTED.ONE_THREAD_ACTIVE'/
367 [139721776817856] INFO perfrun.perfcollector <> - pmu config : cpu , m_cccrAddr : 189 , m_cccrVal : 45304a3 , m_escrAddr : ffffffff , m_escrVal : 0 , m_dataAddr : c4 , m_dataVal : ffffffffff676971
367 [139721776817856] INFO perfrun.perfcollector <> - config : event : a3
367 [139721776817856] INFO perfrun.perfcollector <> - config : pc : 0
367 [139721776817856] INFO perfrun.perfcollector <> - config : edge : 0
367 [139721776817856] INFO perfrun.perfcollector <> - config : any : 0
367 [139721776817856] INFO perfrun.perfcollector <> - config1 : offcore_rsp : 0
367 [139721776817856] INFO perfrun.perfcollector <> - config1 : ldlat : 0
367 [139721776817856] INFO perfrun.perfcollector <> - config : inv : 0
367 [139721776817856] INFO perfrun.perfcollector <> - config : umask : 4
367 [139721776817856] INFO perfrun.perfcollector <> - config : cmask : 4
367 [139721776817856] INFO perfrun.perfcollector <> - format : cpu/period=0x98968f,event=0xa3,umask=0x4,cmask=0x4,name='CYCLE_ACTIVITY.CYCLES_NO_EXECUTE'/
367 [139721776817856] INFO perfrun.perfcollector <> - pmu config : cpu , m_cccrAddr : 186 , m_cccrVal : 65306a3 , m_escrAddr : ffffffff , m_escrVal : 0 , m_dataAddr : c1 , m_dataVal : ffffffffff676971
367 [139721776817856] INFO perfrun.perfcollector <> - config : event : a3
367 [139721776817856] INFO perfrun.perfcollector <> - config : pc : 0
367 [139721776817856] INFO perfrun.perfcollector <> - config : edge : 0
367 [139721776817856] INFO perfrun.perfcollector <> - config : any : 0
367 [139721776817856] INFO perfrun.perfcollector <> - config1 : offcore_rsp : 0
367 [139721776817856] INFO perfrun.perfcollector <> - config1 : ldlat : 0
367 [139721776817856] INFO perfrun.perfcollector <> - config : inv : 0
367 [139721776817856] INFO perfrun.perfcollector <> - config : umask : 6
367 [139721776817856] INFO perfrun.perfcollector <> - config : cmask : 6
367 [139721776817856] INFO perfrun.perfcollector <> - format : cpu/period=0x98968f,event=0xa3,umask=0x6,cmask=0x6,name='CYCLE_ACTIVITY.STALLS_LDM_PENDING'/
367 [139721776817856] INFO perfrun.perfcollector <> - pmu config : cpu , m_cccrAddr : 187 , m_cccrVal : 55305a3 , m_escrAddr : ffffffff , m_escrVal : 0 , m_dataAddr : c2 , m_dataVal : ffffffffff676971
367 [139721776817856] INFO perfrun.perfcollector <> - config : event : a3
367 [139721776817856] INFO perfrun.perfcollector <> - config : pc : 0
367 [139721776817856] INFO perfrun.perfcollector <> - config : edge : 0
367 [139721776817856] INFO perfrun.perfcollector <> - config : any : 0
367 [139721776817856] INFO perfrun.perfcollector <> - config1 : offcore_rsp : 0
367 [139721776817856] INFO perfrun.perfcollector <> - config1 : ldlat : 0
367 [139721776817856] INFO perfrun.perfcollector <> - config : inv : 0
367 [139721776817856] INFO perfrun.perfcollector <> - config : umask : 5
367 [139721776817856] INFO perfrun.perfcollector <> - config : cmask : 5
367 [139721776817856] INFO perfrun.perfcollector <> - format : cpu/period=0x98968f,event=0xa3,umask=0x5,cmask=0x5,name='CYCLE_ACTIVITY.STALLS_L2_PENDING'/
367 [139721776817856] INFO perfrun.perfcollector <> - pmu config : cpu , m_cccrAddr : 188 , m_cccrVal : 53019c , m_escrAddr : ffffffff , m_escrVal : 0 , m_dataAddr : c3 , m_dataVal : ffffffffff676971
367 [139721776817856] INFO perfrun.perfcollector <> - config : event : 9c
367 [139721776817856] INFO perfrun.perfcollector <> - config : pc : 0
367 [139721776817856] INFO perfrun.perfcollector <> - config : edge : 0
367 [139721776817856] INFO perfrun.perfcollector <> - config : any : 0
367 [139721776817856] INFO perfrun.perfcollector <> - config1 : offcore_rsp : 0
367 [139721776817856] INFO perfrun.perfcollector <> - config1 : ldlat : 0
367 [139721776817856] INFO perfrun.perfcollector <> - config : inv : 0
367 [139721776817856] INFO perfrun.perfcollector <> - config : umask : 1
367 [139721776817856] INFO perfrun.perfcollector <> - config : cmask : 0
367 [139721776817856] INFO perfrun.perfcollector <> - format : cpu/period=0x98968f,event=0x9c,umask=0x1,name='IDQ_UOPS_NOT_DELIVERED.CORE'/
367 [139721776817856] INFO perfrun.perfcollector <> - pmu config : cpu , m_cccrAddr : 189 , m_cccrVal : 153030d , m_escrAddr : ffffffff , m_escrVal : 0 , m_dataAddr : c4 , m_dataVal : ffffffffff676971
367 [139721776817856] INFO perfrun.perfcollector <> - config : event : d
367 [139721776817856] INFO perfrun.perfcollector <> - config : pc : 0
367 [139721776817856] INFO perfrun.perfcollector <> - config : edge : 0
367 [139721776817856] INFO perfrun.perfcollector <> - config : any : 0
367 [139721776817856] INFO perfrun.perfcollector <> - config1 : offcore_rsp : 0
367 [139721776817856] INFO perfrun.perfcollector <> - config1 : ldlat : 0
367 [139721776817856] INFO perfrun.perfcollector <> - config : inv : 0
367 [139721776817856] INFO perfrun.perfcollector <> - config : umask : 3
367 [139721776817856] INFO perfrun.perfcollector <> - config : cmask : 1
367 [139721776817856] INFO perfrun.perfcollector <> - format : cpu/period=0x98968f,event=0xd,umask=0x3,cmask=0x1,name='INT_MISC.RECOVERY_CYCLES'/
367 [139721776817856] INFO perfrun.perfcollector <> - pmu config : cpu , m_cccrAddr : 186 , m_cccrVal : 4304d1 , m_escrAddr : ffffffff , m_escrVal : 0 , m_dataAddr : c1 , m_dataVal : fffffffffffc2f61
367 [139721776817856] INFO perfrun.perfcollector <> - config : event : d1
367 [139721776817856] INFO perfrun.perfcollector <> - config : pc : 0
367 [139721776817856] INFO perfrun.perfcollector <> - config : edge : 0
367 [139721776817856] INFO perfrun.perfcollector <> - config : any : 0
367 [139721776817856] INFO perfrun.perfcollector <> - config1 : offcore_rsp : 0
367 [139721776817856] INFO perfrun.perfcollector <> - config1 : ldlat : 0
367 [139721776817856] INFO perfrun.perfcollector <> - config : inv : 0
367 [139721776817856] INFO perfrun.perfcollector <> - config : umask : 4
367 [139721776817856] INFO perfrun.perfcollector <> - config : cmask : 0
367 [139721776817856] WARN perfrun.perfcollector <> - precise event : config : 4d1 , [m_cccrVal & impreciseMask(0x100000)] : 0, at file: vcs/perfrun1/plugins/perfcollector/src/event_manager.cpp:292
367 [139721776817856] INFO perfrun.perfcollector <> - format : cpu/period=0x3d09f,event=0xd1,umask=0x4,name='MEM_LOAD_UOPS_RETIRED.L3_HIT_PS'/
367 [139721776817856] INFO perfrun.perfcollector <> - pmu config : cpu , m_cccrAddr : 187 , m_cccrVal : 4320d1 , m_escrAddr : ffffffff , m_escrVal : 0 , m_dataAddr : c2 , m_dataVal : fffffffffffc2f61
367 [139721776817856] INFO perfrun.perfcollector <> - config : event : d1
367 [139721776817856] INFO perfrun.perfcollector <> - config : pc : 0
367 [139721776817856] INFO perfrun.perfcollector <> - config : edge : 0
367 [139721776817856] INFO perfrun.perfcollector <> - config : any : 0
367 [139721776817856] INFO perfrun.perfcollector <> - config1 : offcore_rsp : 0
367 [139721776817856] INFO perfrun.perfcollector <> - config1 : ldlat : 0
367 [139721776817856] INFO perfrun.perfcollector <> - config : inv : 0
367 [139721776817856] INFO perfrun.perfcollector <> - config : umask : 20
367 [139721776817856] INFO perfrun.perfcollector <> - config : cmask : 0
367 [139721776817856] WARN perfrun.perfcollector <> - precise event : config : 20d1 , [m_cccrVal & impreciseMask(0x100000)] : 0, at file: vcs/perfrun1/plugins/perfcollector/src/event_manager.cpp:292
367 [139721776817856] INFO perfrun.perfcollector <> - format : cpu/period=0x3d09f,event=0xd1,umask=0x20,name='MEM_LOAD_UOPS_RETIRED.L3_MISS_PS'/
367 [139721776817856] INFO perfrun.perfcollector <> - pmu config : cpu , m_cccrAddr : 188 , m_cccrVal : 1530860 , m_escrAddr : ffffffff , m_escrVal : 0 , m_dataAddr : c3 , m_dataVal : ffffffffff676971
367 [139721776817856] INFO perfrun.perfcollector <> - config : event : 60
367 [139721776817856] INFO perfrun.perfcollector <> - config : pc : 0
367 [139721776817856] INFO perfrun.perfcollector <> - config : edge : 0
367 [139721776817856] INFO perfrun.perfcollector <> - config : any : 0
367 [139721776817856] INFO perfrun.perfcollector <> - config1 : offcore_rsp : 0
367 [139721776817856] INFO perfrun.perfcollector <> - config1 : ldlat : 0
367 [139721776817856] INFO perfrun.perfcollector <> - config : inv : 0
367 [139721776817856] INFO perfrun.perfcollector <> - config : umask : 8
367 [139721776817856] INFO perfrun.perfcollector <> - config : cmask : 1
367 [139721776817856] INFO perfrun.perfcollector <> - format : cpu/period=0x98968f,event=0x60,umask=0x8,cmask=0x1,name='OFFCORE_REQUESTS_OUTSTANDING.CYCLES_WITH_DATA_RD'/
367 [139721776817856] INFO perfrun.perfcollector <> - pmu config : cpu , m_cccrAddr : 189 , m_cccrVal : 6530860 , m_escrAddr : ffffffff , m_escrVal : 0 , m_dataAddr : c4 , m_dataVal : ffffffffff676971
367 [139721776817856] INFO perfrun.perfcollector <> - config : event : 60
367 [139721776817856] INFO perfrun.perfcollector <> - config : pc : 0
367 [139721776817856] INFO perfrun.perfcollector <> - config : edge : 0
367 [139721776817856] INFO perfrun.perfcollector <> - config : any : 0
367 [139721776817856] INFO perfrun.perfcollector <> - config1 : offcore_rsp : 0
367 [139721776817856] INFO perfrun.perfcollector <> - config1 : ldlat : 0
367 [139721776817856] INFO perfrun.perfcollector <> - config : inv : 0
367 [139721776817856] INFO perfrun.perfcollector <> - config : umask : 8
367 [139721776817856] INFO perfrun.perfcollector <> - config : cmask : 6
367 [139721776817856] INFO perfrun.perfcollector <> - format : cpu/period=0x98968f,event=0x60,umask=0x8,cmask=0x6,name='OFFCORE_REQUESTS_OUTSTANDING.ALL_DATA_RD:cmask=6'/
367 [139721776817856] INFO perfrun.perfcollector <> - pmu config : cpu , m_cccrAddr : 186 , m_cccrVal : 5308a2 , m_escrAddr : ffffffff , m_escrVal : 0 , m_dataAddr : c1 , m_dataVal : ffffffffff676971
367 [139721776817856] INFO perfrun.perfcollector <> - config : event : a2
367 [139721776817856] INFO perfrun.perfcollector <> - config : pc : 0
367 [139721776817856] INFO perfrun.perfcollector <> - config : edge : 0
367 [139721776817856] INFO perfrun.perfcollector <> - config : any : 0
367 [139721776817856] INFO perfrun.perfcollector <> - config1 : offcore_rsp : 0
367 [139721776817856] INFO perfrun.perfcollector <> - config1 : ldlat : 0
367 [139721776817856] INFO perfrun.perfcollector <> - config : inv : 0
367 [139721776817856] INFO perfrun.perfcollector <> - config : umask : 8
367 [139721776817856] INFO perfrun.perfcollector <> - config : cmask : 0
367 [139721776817856] INFO perfrun.perfcollector <> - format : cpu/period=0x98968f,event=0xa2,umask=0x8,name='RESOURCE_STALLS.SB'/
367 [139721776817856] INFO perfrun.perfcollector <> - pmu config : cpu , m_cccrAddr : 187 , m_cccrVal : 53015e , m_escrAddr : ffffffff , m_escrVal : 0 , m_dataAddr : c2 , m_dataVal : ffffffffff676971
367 [139721776817856] INFO perfrun.perfcollector <> - config : event : 5e
367 [139721776817856] INFO perfrun.perfcollector <> - config : pc : 0
367 [139721776817856] INFO perfrun.perfcollector <> - config : edge : 0
367 [139721776817856] INFO perfrun.perfcollector <> - config : any : 0
367 [139721776817856] INFO perfrun.perfcollector <> - config1 : offcore_rsp : 0
367 [139721776817856] INFO perfrun.perfcollector <> - config1 : ldlat : 0
367 [139721776817856] INFO perfrun.perfcollector <> - config : inv : 0
367 [139721776817856] INFO perfrun.perfcollector <> - config : umask : 1
367 [139721776817856] INFO perfrun.perfcollector <> - config : cmask : 0
367 [139721776817856] INFO perfrun.perfcollector <> - format : cpu/period=0x98968f,event=0x5e,umask=0x1,name='RS_EVENTS.EMPTY_CYCLES'/
367 [139721776817856] INFO perfrun.perfcollector <> - pmu config : cpu , m_cccrAddr : 188 , m_cccrVal : 15302b1 , m_escrAddr : ffffffff , m_escrVal : 0 , m_dataAddr : c3 , m_dataVal : ffffffffff676971
367 [139721776817856] INFO perfrun.perfcollector <> - config : event : b1
367 [139721776817856] INFO perfrun.perfcollector <> - config : pc : 0
367 [139721776817856] INFO perfrun.perfcollector <> - config : edge : 0
367 [139721776817856] INFO perfrun.perfcollector <> - config : any : 0
367 [139721776817856] INFO perfrun.perfcollector <> - config1 : offcore_rsp : 0
367 [139721776817856] INFO perfrun.perfcollector <> - config1 : ldlat : 0
367 [139721776817856] INFO perfrun.perfcollector <> - config : inv : 0
367 [139721776817856] INFO perfrun.perfcollector <> - config : umask : 2
367 [139721776817856] INFO perfrun.perfcollector <> - config : cmask : 1
367 [139721776817856] INFO perfrun.perfcollector <> - format : cpu/period=0x98968f,event=0xb1,umask=0x2,cmask=0x1,name='UOPS_EXECUTED.CORE:cmask=1'/
367 [139721776817856] INFO perfrun.perfcollector <> - pmu config : cpu , m_cccrAddr : 189 , m_cccrVal : 25302b1 , m_escrAddr : ffffffff , m_escrVal : 0 , m_dataAddr : c4 , m_dataVal : ffffffffff676971
367 [139721776817856] INFO perfrun.perfcollector <> - config : event : b1
367 [139721776817856] INFO perfrun.perfcollector <> - config : pc : 0
367 [139721776817856] INFO perfrun.perfcollector <> - config : edge : 0
367 [139721776817856] INFO perfrun.perfcollector <> - config : any : 0
367 [139721776817856] INFO perfrun.perfcollector <> - config1 : offcore_rsp : 0
367 [139721776817856] INFO perfrun.perfcollector <> - config1 : ldlat : 0
367 [139721776817856] INFO perfrun.perfcollector <> - config : inv : 0
367 [139721776817856] INFO perfrun.perfcollector <> - config : umask : 2
367 [139721776817856] INFO perfrun.perfcollector <> - config : cmask : 2
367 [139721776817856] INFO perfrun.perfcollector <> - format : cpu/period=0x98968f,event=0xb1,umask=0x2,cmask=0x2,name='UOPS_EXECUTED.CORE:cmask=2'/
367 [139721776817856] INFO perfrun.perfcollector <> - pmu config : cpu , m_cccrAddr : 186 , m_cccrVal : 35302b1 , m_escrAddr : ffffffff , m_escrVal : 0 , m_dataAddr : c1 , m_dataVal : ffffffffff676971
367 [139721776817856] INFO perfrun.perfcollector <> - config : event : b1
367 [139721776817856] INFO perfrun.perfcollector <> - config : pc : 0
367 [139721776817856] INFO perfrun.perfcollector <> - config : edge : 0
367 [139721776817856] INFO perfrun.perfcollector <> - config : any : 0
367 [139721776817856] INFO perfrun.perfcollector <> - config1 : offcore_rsp : 0
367 [139721776817856] INFO perfrun.perfcollector <> - config1 : ldlat : 0
367 [139721776817856] INFO perfrun.perfcollector <> - config : inv : 0
367 [139721776817856] INFO perfrun.perfcollector <> - config : umask : 2
367 [139721776817856] INFO perfrun.perfcollector <> - config : cmask : 3
367 [139721776817856] INFO perfrun.perfcollector <> - format : cpu/period=0x98968f,event=0xb1,umask=0x2,cmask=0x3,name='UOPS_EXECUTED.CORE:cmask=3'/
367 [139721776817856] INFO perfrun.perfcollector <> - pmu config : cpu , m_cccrAddr : 187 , m_cccrVal : 53010e , m_escrAddr : ffffffff , m_escrVal : 0 , m_dataAddr : c2 , m_dataVal : ffffffffff676971
367 [139721776817856] INFO perfrun.perfcollector <> - config : event : e
367 [139721776817856] INFO perfrun.perfcollector <> - config : pc : 0
367 [139721776817856] INFO perfrun.perfcollector <> - config : edge : 0
367 [139721776817856] INFO perfrun.perfcollector <> - config : any : 0
367 [139721776817856] INFO perfrun.perfcollector <> - config1 : offcore_rsp : 0
367 [139721776817856] INFO perfrun.perfcollector <> - config1 : ldlat : 0
367 [139721776817856] INFO perfrun.perfcollector <> - config : inv : 0
367 [139721776817856] INFO perfrun.perfcollector <> - config : umask : 1
367 [139721776817856] INFO perfrun.perfcollector <> - config : cmask : 0
367 [139721776817856] INFO perfrun.perfcollector <> - format : cpu/period=0x98968f,event=0xe,umask=0x1,name='UOPS_ISSUED.ANY'/
367 [139721776817856] INFO perfrun.perfcollector <> - pmu config : cpu , m_cccrAddr : 188 , m_cccrVal : 5302c2 , m_escrAddr : ffffffff , m_escrVal : 0 , m_dataAddr : c3 , m_dataVal : ffffffffff676971
367 [139721776817856] INFO perfrun.perfcollector <> - config : event : c2
367 [139721776817856] INFO perfrun.perfcollector <> - config : pc : 0
367 [139721776817856] INFO perfrun.perfcollector <> - config : edge : 0
367 [139721776817856] INFO perfrun.perfcollector <> - config : any : 0
367 [139721776817856] INFO perfrun.perfcollector <> - config1 : offcore_rsp : 0
367 [139721776817856] INFO perfrun.perfcollector <> - config1 : ldlat : 0
367 [139721776817856] INFO perfrun.perfcollector <> - config : inv : 0
367 [139721776817856] INFO perfrun.perfcollector <> - config : umask : 2
367 [139721776817856] INFO perfrun.perfcollector <> - config : cmask : 0
367 [139721776817856] INFO perfrun.perfcollector <> - format : cpu/period=0x98968f,event=0xc2,umask=0x2,name='UOPS_RETIRED.RETIRE_SLOTS'/
367 [139721776817856] INFO perfrun.perfcollector <> - pmu config : cpu , m_cccrAddr : 189 , m_cccrVal : 453019c , m_escrAddr : ffffffff , m_escrVal : 0 , m_dataAddr : c4 , m_dataVal : ffffffffff676971
367 [139721776817856] INFO perfrun.perfcollector <> - config : event : 9c
367 [139721776817856] INFO perfrun.perfcollector <> - config : pc : 0
367 [139721776817856] INFO perfrun.perfcollector <> - config : edge : 0
367 [139721776817856] INFO perfrun.perfcollector <> - config : any : 0
367 [139721776817856] INFO perfrun.perfcollector <> - config1 : offcore_rsp : 0
367 [139721776817856] INFO perfrun.perfcollector <> - config1 : ldlat : 0
367 [139721776817856] INFO perfrun.perfcollector <> - config : inv : 0
367 [139721776817856] INFO perfrun.perfcollector <> - config : umask : 1
367 [139721776817856] INFO perfrun.perfcollector <> - config : cmask : 4
367 [139721776817856] INFO perfrun.perfcollector <> - format : cpu/period=0x98968f,event=0x9c,umask=0x1,cmask=0x4,name='IDQ_UOPS_NOT_DELIVERED.CYCLES_0_UOPS_DELIV.CORE'/
367 [139721776817856] INFO perfrun.perfcollector <> - pmu config : cpu , m_cccrAddr : 186 , m_cccrVal : 4381d0 , m_escrAddr : ffffffff , m_escrVal : 0 , m_dataAddr : c1 , m_dataVal : fffffffffff85ed1
367 [139721776817856] INFO perfrun.perfcollector <> - config : event : d0
367 [139721776817856] INFO perfrun.perfcollector <> - config : pc : 0
367 [139721776817856] INFO perfrun.perfcollector <> - config : edge : 0
367 [139721776817856] INFO perfrun.perfcollector <> - config : any : 0
367 [139721776817856] INFO perfrun.perfcollector <> - config1 : offcore_rsp : 0
367 [139721776817856] INFO perfrun.perfcollector <> - config1 : ldlat : 0
367 [139721776817856] INFO perfrun.perfcollector <> - config : inv : 0
367 [139721776817856] INFO perfrun.perfcollector <> - config : umask : 81
367 [139721776817856] INFO perfrun.perfcollector <> - config : cmask : 0
368 [139721776817856] WARN perfrun.perfcollector <> - precise event : config : 81d0 , [m_cccrVal & impreciseMask(0x100000)] : 0, at file: vcs/perfrun1/plugins/perfcollector/src/event_manager.cpp:292
368 [139721776817856] INFO perfrun.perfcollector <> - format : cpu/period=0x7a12f,event=0xd0,umask=0x81,name='MEM_UOPS_RETIRED.ALL_LOADS_PS'/
368 [139721776817856] INFO perfrun.perfcollector <> - pmu config : cpu , m_cccrAddr : 187 , m_cccrVal : 4382d0 , m_escrAddr : ffffffff , m_escrVal : 0 , m_dataAddr : c2 , m_dataVal : fffffffffff85ed1
368 [139721776817856] INFO perfrun.perfcollector <> - config : event : d0
368 [139721776817856] INFO perfrun.perfcollector <> - config : pc : 0
368 [139721776817856] INFO perfrun.perfcollector <> - config : edge : 0
368 [139721776817856] INFO perfrun.perfcollector <> - config : any : 0
368 [139721776817856] INFO perfrun.perfcollector <> - config1 : offcore_rsp : 0
368 [139721776817856] INFO perfrun.perfcollector <> - config1 : ldlat : 0
368 [139721776817856] INFO perfrun.perfcollector <> - config : inv : 0
368 [139721776817856] INFO perfrun.perfcollector <> - config : umask : 82
368 [139721776817856] INFO perfrun.perfcollector <> - config : cmask : 0
368 [139721776817856] WARN perfrun.perfcollector <> - precise event : config : 82d0 , [m_cccrVal & impreciseMask(0x100000)] : 0, at file: vcs/perfrun1/plugins/perfcollector/src/event_manager.cpp:292
368 [139721776817856] INFO perfrun.perfcollector <> - format : cpu/period=0x7a12f,event=0xd0,umask=0x82,name='MEM_UOPS_RETIRED.ALL_STORES_PS'/
368 [139721776817856] INFO perfrun.perfcollector <> - pmu config : cpu , m_cccrAddr : 188 , m_cccrVal : 4301d3 , m_escrAddr : ffffffff , m_escrVal : 0 , m_dataAddr : c3 , m_dataVal : fffffffffff85ed1
368 [139721776817856] INFO perfrun.perfcollector <> - config : event : d3
368 [139721776817856] INFO perfrun.perfcollector <> - config : pc : 0
368 [139721776817856] INFO perfrun.perfcollector <> - config : edge : 0
368 [139721776817856] INFO perfrun.perfcollector <> - config : any : 0
368 [139721776817856] INFO perfrun.perfcollector <> - config1 : offcore_rsp : 0
368 [139721776817856] INFO perfrun.perfcollector <> - config1 : ldlat : 0
368 [139721776817856] INFO perfrun.perfcollector <> - config : inv : 0
368 [139721776817856] INFO perfrun.perfcollector <> - config : umask : 1
368 [139721776817856] INFO perfrun.perfcollector <> - config : cmask : 0
368 [139721776817856] WARN perfrun.perfcollector <> - precise event : config : 1d3 , [m_cccrVal & impreciseMask(0x100000)] : 0, at file: vcs/perfrun1/plugins/perfcollector/src/event_manager.cpp:292
368 [139721776817856] INFO perfrun.perfcollector <> - format : cpu/period=0x7a12f,event=0xd3,umask=0x1,name='MEM_LOAD_UOPS_L3_MISS_RETIRED.LOCAL_DRAM_PS'/
368 [139721776817856] INFO perfrun.perfcollector <> - pmu config : cpu , m_cccrAddr : 189 , m_cccrVal : 4304d3 , m_escrAddr : ffffffff , m_escrVal : 0 , m_dataAddr : c4 , m_dataVal : fffffffffff85ed1
368 [139721776817856] INFO perfrun.perfcollector <> - config : event : d3
368 [139721776817856] INFO perfrun.perfcollector <> - config : pc : 0
368 [139721776817856] INFO perfrun.perfcollector <> - config : edge : 0
368 [139721776817856] INFO perfrun.perfcollector <> - config : any : 0
368 [139721776817856] INFO perfrun.perfcollector <> - config1 : offcore_rsp : 0
368 [139721776817856] INFO perfrun.perfcollector <> - config1 : ldlat : 0
368 [139721776817856] INFO perfrun.perfcollector <> - config : inv : 0
368 [139721776817856] INFO perfrun.perfcollector <> - config : umask : 4
368 [139721776817856] INFO perfrun.perfcollector <> - config : cmask : 0
368 [139721776817856] WARN perfrun.perfcollector <> - precise event : config : 4d3 , [m_cccrVal & impreciseMask(0x100000)] : 0, at file: vcs/perfrun1/plugins/perfcollector/src/event_manager.cpp:292
368 [139721776817856] INFO perfrun.perfcollector <> - format : cpu/period=0x7a12f,event=0xd3,umask=0x4,name='MEM_LOAD_UOPS_L3_MISS_RETIRED.REMOTE_DRAM_PS'/
368 [139721776817856] INFO perfrun.perfcollector <> - pmu config : cpu , m_cccrAddr : 186 , m_cccrVal : 4310d3 , m_escrAddr : ffffffff , m_escrVal : 0 , m_dataAddr : c1 , m_dataVal : fffffffffff85ed1
368 [139721776817856] INFO perfrun.perfcollector <> - config : event : d3
368 [139721776817856] INFO perfrun.perfcollector <> - config : pc : 0
368 [139721776817856] INFO perfrun.perfcollector <> - config : edge : 0
368 [139721776817856] INFO perfrun.perfcollector <> - config : any : 0
368 [139721776817856] INFO perfrun.perfcollector <> - config1 : offcore_rsp : 0
368 [139721776817856] INFO perfrun.perfcollector <> - config1 : ldlat : 0
368 [139721776817856] INFO perfrun.perfcollector <> - config : inv : 0
368 [139721776817856] INFO perfrun.perfcollector <> - config : umask : 10
368 [139721776817856] INFO perfrun.perfcollector <> - config : cmask : 0
368 [139721776817856] WARN perfrun.perfcollector <> - precise event : config : 10d3 , [m_cccrVal & impreciseMask(0x100000)] : 0, at file: vcs/perfrun1/plugins/perfcollector/src/event_manager.cpp:292
368 [139721776817856] INFO perfrun.perfcollector <> - format : cpu/period=0x7a12f,event=0xd3,umask=0x10,name='MEM_LOAD_UOPS_L3_MISS_RETIRED.REMOTE_HITM_PS'/
368 [139721776817856] INFO perfrun.perfcollector <> - pmu config : cpu , m_cccrAddr : 187 , m_cccrVal : 4320d3 , m_escrAddr : ffffffff , m_escrVal : 0 , m_dataAddr : c2 , m_dataVal : fffffffffff85ed1
368 [139721776817856] INFO perfrun.perfcollector <> - config : event : d3
368 [139721776817856] INFO perfrun.perfcollector <> - config : pc : 0
368 [139721776817856] INFO perfrun.perfcollector <> - config : edge : 0
368 [139721776817856] INFO perfrun.perfcollector <> - config : any : 0
368 [139721776817856] INFO perfrun.perfcollector <> - config1 : offcore_rsp : 0
368 [139721776817856] INFO perfrun.perfcollector <> - config1 : ldlat : 0
368 [139721776817856] INFO perfrun.perfcollector <> - config : inv : 0
368 [139721776817856] INFO perfrun.perfcollector <> - config : umask : 20
368 [139721776817856] INFO perfrun.perfcollector <> - config : cmask : 0
368 [139721776817856] WARN perfrun.perfcollector <> - precise event : config : 20d3 , [m_cccrVal & impreciseMask(0x100000)] : 0, at file: vcs/perfrun1/plugins/perfcollector/src/event_manager.cpp:292
368 [139721776817856] INFO perfrun.perfcollector <> - format : cpu/period=0x7a12f,event=0xd3,umask=0x20,name='MEM_LOAD_UOPS_L3_MISS_RETIRED.REMOTE_FWD_PS'/
368 [139721776817856] INFO perfrun.perfcollector <> - pmu config : uncore_imc_0 , m_cccrAddr : d8 , m_cccrVal : 400304 , m_escrAddr : ffffffff , m_escrVal : 0 , m_dataAddr : a0 , m_dataVal : 0
368 [139721776817856] INFO perfrun.perfcollector <> - config : event : 4
368 [139721776817856] INFO perfrun.perfcollector <> - config : edge : 0
368 [139721776817856] INFO perfrun.perfcollector <> - config : inv : 0
368 [139721776817856] INFO perfrun.perfcollector <> - config : umask : 3
368 [139721776817856] INFO perfrun.perfcollector <> - config : thresh : 0
368 [139721776817856] INFO perfrun.perfcollector <> - format : uncore_imc_0/period=0x0,event=0x4,umask=0x3,name='UNC_M_CAS_COUNT.RD[UNIT0]'/
368 [139721776817856] INFO perfrun.perfcollector <> - pmu config : uncore_imc_1 , m_cccrAddr : d8 , m_cccrVal : 400304 , m_escrAddr : ffffffff , m_escrVal : 0 , m_dataAddr : a0 , m_dataVal : 0
368 [139721776817856] INFO perfrun.perfcollector <> - config : event : 4
368 [139721776817856] INFO perfrun.perfcollector <> - config : edge : 0
368 [139721776817856] INFO perfrun.perfcollector <> - config : inv : 0
368 [139721776817856] INFO perfrun.perfcollector <> - config : umask : 3
368 [139721776817856] INFO perfrun.perfcollector <> - config : thresh : 0
368 [139721776817856] INFO perfrun.perfcollector <> - format : uncore_imc_1/period=0x0,event=0x4,umask=0x3,name='UNC_M_CAS_COUNT.RD[UNIT1]'/
368 [139721776817856] INFO perfrun.perfcollector <> - pmu config : uncore_imc_4 , m_cccrAddr : d8 , m_cccrVal : 400304 , m_escrAddr : ffffffff , m_escrVal : 0 , m_dataAddr : a0 , m_dataVal : 0
368 [139721776817856] INFO perfrun.perfcollector <> - config : event : 4
368 [139721776817856] INFO perfrun.perfcollector <> - config : edge : 0
368 [139721776817856] INFO perfrun.perfcollector <> - config : inv : 0
368 [139721776817856] INFO perfrun.perfcollector <> - config : umask : 3
368 [139721776817856] INFO perfrun.perfcollector <> - config : thresh : 0
368 [139721776817856] INFO perfrun.perfcollector <> - format : uncore_imc_4/period=0x0,event=0x4,umask=0x3,name='UNC_M_CAS_COUNT.RD[UNIT4]'/
368 [139721776817856] INFO perfrun.perfcollector <> - pmu config : uncore_imc_5 , m_cccrAddr : d8 , m_cccrVal : 400304 , m_escrAddr : ffffffff , m_escrVal : 0 , m_dataAddr : a0 , m_dataVal : 0
368 [139721776817856] INFO perfrun.perfcollector <> - config : event : 4
368 [139721776817856] INFO perfrun.perfcollector <> - config : edge : 0
368 [139721776817856] INFO perfrun.perfcollector <> - config : inv : 0
368 [139721776817856] INFO perfrun.perfcollector <> - config : umask : 3
368 [139721776817856] INFO perfrun.perfcollector <> - config : thresh : 0
368 [139721776817856] INFO perfrun.perfcollector <> - format : uncore_imc_5/period=0x0,event=0x4,umask=0x3,name='UNC_M_CAS_COUNT.RD[UNIT5]'/
368 [139721776817856] INFO perfrun.perfcollector <> - pmu config : uncore_imc_0 , m_cccrAddr : dc , m_cccrVal : 400c04 , m_escrAddr : ffffffff , m_escrVal : 0 , m_dataAddr : a8 , m_dataVal : 0
368 [139721776817856] INFO perfrun.perfcollector <> - config : event : 4
368 [139721776817856] INFO perfrun.perfcollector <> - config : edge : 0
368 [139721776817856] INFO perfrun.perfcollector <> - config : inv : 0
368 [139721776817856] INFO perfrun.perfcollector <> - config : umask : c
368 [139721776817856] INFO perfrun.perfcollector <> - config : thresh : 0
368 [139721776817856] INFO perfrun.perfcollector <> - format : uncore_imc_0/period=0x0,event=0x4,umask=0xc,name='UNC_M_CAS_COUNT.WR[UNIT0]'/
368 [139721776817856] INFO perfrun.perfcollector <> - pmu config : uncore_imc_1 , m_cccrAddr : dc , m_cccrVal : 400c04 , m_escrAddr : ffffffff , m_escrVal : 0 , m_dataAddr : a8 , m_dataVal : 0
368 [139721776817856] INFO perfrun.perfcollector <> - config : event : 4
368 [139721776817856] INFO perfrun.perfcollector <> - config : edge : 0
368 [139721776817856] INFO perfrun.perfcollector <> - config : inv : 0
368 [139721776817856] INFO perfrun.perfcollector <> - config : umask : c
368 [139721776817856] INFO perfrun.perfcollector <> - config : thresh : 0
368 [139721776817856] INFO perfrun.perfcollector <> - format : uncore_imc_1/period=0x0,event=0x4,umask=0xc,name='UNC_M_CAS_COUNT.WR[UNIT1]'/
368 [139721776817856] INFO perfrun.perfcollector <> - pmu config : uncore_imc_4 , m_cccrAddr : dc , m_cccrVal : 400c04 , m_escrAddr : ffffffff , m_escrVal : 0 , m_dataAddr : a8 , m_dataVal : 0
368 [139721776817856] INFO perfrun.perfcollector <> - config : event : 4
368 [139721776817856] INFO perfrun.perfcollector <> - config : edge : 0
368 [139721776817856] INFO perfrun.perfcollector <> - config : inv : 0
368 [139721776817856] INFO perfrun.perfcollector <> - config : umask : c
368 [139721776817856] INFO perfrun.perfcollector <> - config : thresh : 0
368 [139721776817856] INFO perfrun.perfcollector <> - format : uncore_imc_4/period=0x0,event=0x4,umask=0xc,name='UNC_M_CAS_COUNT.WR[UNIT4]'/
368 [139721776817856] INFO perfrun.perfcollector <> - pmu config : uncore_imc_5 , m_cccrAddr : dc , m_cccrVal : 400c04 , m_escrAddr : ffffffff , m_escrVal : 0 , m_dataAddr : a8 , m_dataVal : 0
368 [139721776817856] INFO perfrun.perfcollector <> - config : event : 4
368 [139721776817856] INFO perfrun.perfcollector <> - config : edge : 0
368 [139721776817856] INFO perfrun.perfcollector <> - config : inv : 0
368 [139721776817856] INFO perfrun.perfcollector <> - config : umask : c
368 [139721776817856] INFO perfrun.perfcollector <> - config : thresh : 0
368 [139721776817856] INFO perfrun.perfcollector <> - format : uncore_imc_5/period=0x0,event=0x4,umask=0xc,name='UNC_M_CAS_COUNT.WR[UNIT5]'/
368 [139721776817856] INFO perfrun.perfcollector <> - event: cpu/period=0xaf79e0,event=0x3c,name='CPU_CLK_UNHALTED.THREAD'/Duk , added for sampling
368 [139721776817856] INFO perfrun.perfcollector <> - event: cpu/period=0xaf79e0,umask=0x3,name='CPU_CLK_UNHALTED.REF_TSC'/Duk , added for sampling
368 [139721776817856] INFO perfrun.perfcollector <> - event: cpu/period=0xaf79e0,event=0xc0,name='INST_RETIRED.ANY'/Duk , added for sampling
368 [139721776817856] INFO perfrun.perfcollector <> - event: cpu/period=0x98968f,event=0xa3,umask=0xc,cmask=0xc,name='CYCLE_ACTIVITY.STALLS_L1D_PENDING'/uk , added for sampling
368 [139721776817856] INFO perfrun.perfcollector <> - event: cpu/period=0x7a12f,event=0x3c,umask=0x1,name='CPU_CLK_UNHALTED.REF_XCLK'/uk , added for sampling
368 [139721776817856] INFO perfrun.perfcollector <> - event: cpu/period=0x7a12f,event=0x3c,umask=0x2,name='CPU_CLK_UNHALTED.ONE_THREAD_ACTIVE'/uk , added for sampling
368 [139721776817856] INFO perfrun.perfcollector <> - event: cpu/period=0x98968f,event=0xa3,umask=0x4,cmask=0x4,name='CYCLE_ACTIVITY.CYCLES_NO_EXECUTE'/uk , added for sampling
368 [139721776817856] INFO perfrun.perfcollector <> - event: cpu/period=0x98968f,event=0xa3,umask=0x6,cmask=0x6,name='CYCLE_ACTIVITY.STALLS_LDM_PENDING'/uk , added for sampling
368 [139721776817856] INFO perfrun.perfcollector <> - event: cpu/period=0x98968f,event=0xa3,umask=0x5,cmask=0x5,name='CYCLE_ACTIVITY.STALLS_L2_PENDING'/uk , added for sampling
368 [139721776817856] INFO perfrun.perfcollector <> - event: cpu/period=0x98968f,event=0x9c,umask=0x1,name='IDQ_UOPS_NOT_DELIVERED.CORE'/uk , added for sampling
368 [139721776817856] INFO perfrun.perfcollector <> - event: cpu/period=0x98968f,event=0xd,umask=0x3,cmask=0x1,name='INT_MISC.RECOVERY_CYCLES'/uk , added for sampling
368 [139721776817856] INFO perfrun.perfcollector <> - event: cpu/period=0x3d09f,event=0xd1,umask=0x4,name='MEM_LOAD_UOPS_RETIRED.L3_HIT_PS'/ukpp , added for sampling
368 [139721776817856] INFO perfrun.perfcollector <> - event: cpu/period=0x3d09f,event=0xd1,umask=0x20,name='MEM_LOAD_UOPS_RETIRED.L3_MISS_PS'/ukpp , added for sampling
368 [139721776817856] INFO perfrun.perfcollector <> - event: cpu/period=0x98968f,event=0x60,umask=0x8,cmask=0x1,name='OFFCORE_REQUESTS_OUTSTANDING.CYCLES_WITH_DATA_RD'/uk , added for sampling
368 [139721776817856] INFO perfrun.perfcollector <> - event: cpu/period=0x98968f,event=0x60,umask=0x8,cmask=0x6,name='OFFCORE_REQUESTS_OUTSTANDING.ALL_DATA_RD:cmask=6'/uk , added for sampling
368 [139721776817856] INFO perfrun.perfcollector <> - event: cpu/period=0x98968f,event=0xa2,umask=0x8,name='RESOURCE_STALLS.SB'/uk , added for sampling
368 [139721776817856] INFO perfrun.perfcollector <> - event: cpu/period=0x98968f,event=0x5e,umask=0x1,name='RS_EVENTS.EMPTY_CYCLES'/uk , added for sampling
368 [139721776817856] INFO perfrun.perfcollector <> - event: cpu/period=0x98968f,event=0xb1,umask=0x2,cmask=0x1,name='UOPS_EXECUTED.CORE:cmask=1'/uk , added for sampling
368 [139721776817856] INFO perfrun.perfcollector <> - event: cpu/period=0x98968f,event=0xb1,umask=0x2,cmask=0x2,name='UOPS_EXECUTED.CORE:cmask=2'/uk , added for sampling
368 [139721776817856] INFO perfrun.perfcollector <> - event: cpu/period=0x98968f,event=0xb1,umask=0x2,cmask=0x3,name='UOPS_EXECUTED.CORE:cmask=3'/uk , added for sampling
368 [139721776817856] INFO perfrun.perfcollector <> - event: cpu/period=0x98968f,event=0xe,umask=0x1,name='UOPS_ISSUED.ANY'/uk , added for sampling
368 [139721776817856] INFO perfrun.perfcollector <> - event: cpu/period=0x98968f,event=0xc2,umask=0x2,name='UOPS_RETIRED.RETIRE_SLOTS'/uk , added for sampling
368 [139721776817856] INFO perfrun.perfcollector <> - event: cpu/period=0x98968f,event=0x9c,umask=0x1,cmask=0x4,name='IDQ_UOPS_NOT_DELIVERED.CYCLES_0_UOPS_DELIV.CORE'/uk , added for sampling
368 [139721776817856] INFO perfrun.perfcollector <> - event: cpu/period=0x7a12f,event=0xd0,umask=0x81,name='MEM_UOPS_RETIRED.ALL_LOADS_PS'/ukpp , added for sampling
368 [139721776817856] INFO perfrun.perfcollector <> - event: cpu/period=0x7a12f,event=0xd0,umask=0x82,name='MEM_UOPS_RETIRED.ALL_STORES_PS'/ukpp , added for sampling
368 [139721776817856] INFO perfrun.perfcollector <> - event: cpu/period=0x7a12f,event=0xd3,umask=0x1,name='MEM_LOAD_UOPS_L3_MISS_RETIRED.LOCAL_DRAM_PS'/ukpp , added for sampling
368 [139721776817856] INFO perfrun.perfcollector <> - event: cpu/period=0x7a12f,event=0xd3,umask=0x4,name='MEM_LOAD_UOPS_L3_MISS_RETIRED.REMOTE_DRAM_PS'/ukpp , added for sampling
368 [139721776817856] INFO perfrun.perfcollector <> - event: cpu/period=0x7a12f,event=0xd3,umask=0x10,name='MEM_LOAD_UOPS_L3_MISS_RETIRED.REMOTE_HITM_PS'/ukpp , added for sampling
368 [139721776817856] INFO perfrun.perfcollector <> - event: cpu/period=0x7a12f,event=0xd3,umask=0x20,name='MEM_LOAD_UOPS_L3_MISS_RETIRED.REMOTE_FWD_PS'/ukpp , added for sampling
368 [139721776817856] INFO perfrun.perfcollector <> - event: uncore_imc_0/period=0x0,event=0x4,umask=0x3,name='UNC_M_CAS_COUNT.RD[UNIT0]'/ , added for counting
368 [139721776817856] INFO perfrun.perfcollector <> - event: uncore_imc_1/period=0x0,event=0x4,umask=0x3,name='UNC_M_CAS_COUNT.RD[UNIT1]'/ , added for counting
368 [139721776817856] INFO perfrun.perfcollector <> - event: uncore_imc_4/period=0x0,event=0x4,umask=0x3,name='UNC_M_CAS_COUNT.RD[UNIT4]'/ , added for counting
368 [139721776817856] INFO perfrun.perfcollector <> - event: uncore_imc_5/period=0x0,event=0x4,umask=0x3,name='UNC_M_CAS_COUNT.RD[UNIT5]'/ , added for counting
368 [139721776817856] INFO perfrun.perfcollector <> - event: uncore_imc_0/period=0x0,event=0x4,umask=0xc,name='UNC_M_CAS_COUNT.WR[UNIT0]'/ , added for counting
368 [139721776817856] INFO perfrun.perfcollector <> - event: uncore_imc_1/period=0x0,event=0x4,umask=0xc,name='UNC_M_CAS_COUNT.WR[UNIT1]'/ , added for counting
368 [139721776817856] INFO perfrun.perfcollector <> - event: uncore_imc_4/period=0x0,event=0x4,umask=0xc,name='UNC_M_CAS_COUNT.WR[UNIT4]'/ , added for counting
368 [139721776817856] INFO perfrun.perfcollector <> - event: uncore_imc_5/period=0x0,event=0x4,umask=0xc,name='UNC_M_CAS_COUNT.WR[UNIT5]'/ , added for counting
368 [139721746699968] WARN perfrun.perfcollector <> - Perf stat trace pipe capacity: read = 1048576, write = 1048576, at file: vcs/perfrun1/plugins/perfcollector/src/profiler.cpp:763
368 [139721746699968] INFO perfrun.perfcollector <> - Path to Perf control pipe: /tmp/amplxe-tmp-dhamorim/perf-pipe-1445957-16360307923626978
370 [139721746699968] INFO perfrun.sdk <> - runCmd: "/home/intel/oneapi/vtune/2021.1.1/bin64/amplxe-perf" stat -v --log-fd 11 --pipe "/tmp/amplxe-tmp-dhamorim/perf-pipe-1445957-16360307923626978" --pipe-sync -I 10 -A --scale -x ; -a -e uncore_imc_0/period=0x0,event=0x4,umask=0x3,name='UNC_M_CAS_COUNT.RD[UNIT0]'/,uncore_imc_1/period=0x0,event=0x4,umask=0x3,name='UNC_M_CAS_COUNT.RD[UNIT1]'/,uncore_imc_4/period=0x0,event=0x4,umask=0x3,name='UNC_M_CAS_COUNT.RD[UNIT4]'/,uncore_imc_5/period=0x0,event=0x4,umask=0x3,name='UNC_M_CAS_COUNT.RD[UNIT5]'/,uncore_imc_0/period=0x0,event=0x4,umask=0xc,name='UNC_M_CAS_COUNT.WR[UNIT0]'/,uncore_imc_1/period=0x0,event=0x4,umask=0xc,name='UNC_M_CAS_COUNT.WR[UNIT1]'/,uncore_imc_4/period=0x0,event=0x4,umask=0xc,name='UNC_M_CAS_COUNT.WR[UNIT4]'/,uncore_imc_5/period=0x0,event=0x4,umask=0xc,name='UNC_M_CAS_COUNT.WR[UNIT5]'/ "/home/intel/oneapi/vtune/2021.1.1/bin64/amplxe-perf-sync" dryrun sys
411 [139721738307264] INFO perfrun.perfcollector <> - PERF_STAT : "     0.010347637;CPU0;3481;;UNC_M_CAS_COUNT.RD[UNIT0];10359561;100.00;;"
411 [139721738307264] INFO perfrun.perfcollector <> - PERF_STAT : "     0.010347637;CPU10;3985;;UNC_M_CAS_COUNT.RD[UNIT0];10295585;100.00;;"
411 [139721738307264] INFO perfrun.perfcollector <> - PERF_STAT : "     0.010347637;CPU0;4028;;UNC_M_CAS_COUNT.RD[UNIT1];10353003;100.00;;"
411 [139721738307264] INFO perfrun.perfcollector <> - PERF_STAT : "     0.010347637;CPU10;4214;;UNC_M_CAS_COUNT.RD[UNIT1];10290224;100.00;;"
411 [139721738307264] INFO perfrun.perfcollector <> - PERF_STAT : "     0.010347637;CPU0;3317;;UNC_M_CAS_COUNT.RD[UNIT4];10345679;100.00;;"
411 [139721738307264] INFO perfrun.perfcollector <> - PERF_STAT : "     0.010347637;CPU10;4001;;UNC_M_CAS_COUNT.RD[UNIT4];10283530;100.00;;"
411 [139721738307264] INFO perfrun.perfcollector <> - PERF_STAT : "     0.010347637;CPU0;3839;;UNC_M_CAS_COUNT.RD[UNIT5];10339032;100.00;;"
411 [139721738307264] INFO perfrun.perfcollector <> - PERF_STAT : "     0.010347637;CPU10;4196;;UNC_M_CAS_COUNT.RD[UNIT5];10277138;100.00;;"
411 [139721738307264] INFO perfrun.perfcollector <> - PERF_STAT : "     0.010347637;CPU0;426;;UNC_M_CAS_COUNT.WR[UNIT0];10332942;100.00;;"
411 [139721738307264] INFO perfrun.perfcollector <> - PERF_STAT : "     0.010347637;CPU10;540;;UNC_M_CAS_COUNT.WR[UNIT0];10272071;100.00;;"
411 [139721738307264] INFO perfrun.perfcollector <> - PERF_STAT : "     0.010347637;CPU0;1012;;UNC_M_CAS_COUNT.WR[UNIT1];10313553;100.00;;"
411 [139721738307264] INFO perfrun.perfcollector <> - PERF_STAT : "     0.010347637;CPU10;796;;UNC_M_CAS_COUNT.WR[UNIT1];10259870;100.00;;"
411 [139721738307264] INFO perfrun.perfcollector <> - PERF_STAT : "     0.010347637;CPU0;427;;UNC_M_CAS_COUNT.WR[UNIT4];10316106;100.00;;"
411 [139721738307264] INFO perfrun.perfcollector <> - PERF_STAT : "     0.010347637;CPU10;543;;UNC_M_CAS_COUNT.WR[UNIT4];10266302;100.00;;"
411 [139721738307264] INFO perfrun.perfcollector <> - PERF_STAT : "     0.010347637;CPU0;966;;UNC_M_CAS_COUNT.WR[UNIT5];10304926;100.00;;"
411 [139721738307264] INFO perfrun.perfcollector <> - PERF_STAT : "     0.010347637;CPU10;784;;UNC_M_CAS_COUNT.WR[UNIT5];10252433;100.00;;"
415 [139721746699968] INFO perfrun.perfcollector <> - Monitor: runCmd RC = true
418 [139721738307264] INFO perfrun.perfcollector <> - Path to Perf control pipe: /tmp/amplxe-tmp-dhamorim/perf-pipe-1445957-16360308037374058
418 [139721738307264] INFO perfrun.sdk <> - runCmd: "/home/intel/oneapi/vtune/2021.1.1/bin64/amplxe-perf" record -v --pipe "/tmp/amplxe-tmp-dhamorim/perf-pipe-1445957-16360308037374058" --pipe-sync -o "/tmp/amplxe-tmp-dhamorim/amplxe-res-1445957-16360307266045740/data.0/temp.dryrun.perf" -N -B -T -R --compression-level=1 -e cpu/period=0xaf79e0,event=0x3c,name='CPU_CLK_UNHALTED.THREAD'/Duk,cpu/period=0xaf79e0,umask=0x3,name='CPU_CLK_UNHALTED.REF_TSC'/Duk,cpu/period=0xaf79e0,event=0xc0,name='INST_RETIRED.ANY'/Duk,cpu/period=0x98968f,event=0xa3,umask=0xc,cmask=0xc,name='CYCLE_ACTIVITY.STALLS_L1D_PENDING'/uk,cpu/period=0x7a12f,event=0x3c,umask=0x1,name='CPU_CLK_UNHALTED.REF_XCLK'/uk,cpu/period=0x7a12f,event=0x3c,umask=0x2,name='CPU_CLK_UNHALTED.ONE_THREAD_ACTIVE'/uk,cpu/period=0x98968f,event=0xa3,umask=0x4,cmask=0x4,name='CYCLE_ACTIVITY.CYCLES_NO_EXECUTE'/uk,cpu/period=0x98968f,event=0xa3,umask=0x6,cmask=0x6,name='CYCLE_ACTIVITY.STALLS_LDM_PENDING'/uk,cpu/period=0x98968f,event=0xa3,umask=0x5,cmask=0x5,name='CYCLE_ACTIVITY.STALLS_L2_PENDING'/uk,cpu/period=0x98968f,event=0x9c,umask=0x1,name='IDQ_UOPS_NOT_DELIVERED.CORE'/uk,cpu/period=0x98968f,event=0xd,umask=0x3,cmask=0x1,name='INT_MISC.RECOVERY_CYCLES'/uk,cpu/period=0x3d09f,event=0xd1,umask=0x4,name='MEM_LOAD_UOPS_RETIRED.L3_HIT_PS'/ukpp,cpu/period=0x3d09f,event=0xd1,umask=0x20,name='MEM_LOAD_UOPS_RETIRED.L3_MISS_PS'/ukpp,cpu/period=0x98968f,event=0x60,umask=0x8,cmask=0x1,name='OFFCORE_REQUESTS_OUTSTANDING.CYCLES_WITH_DATA_RD'/uk,cpu/period=0x98968f,event=0x60,umask=0x8,cmask=0x6,name='OFFCORE_REQUESTS_OUTSTANDING.ALL_DATA_RD:cmask=6'/uk,cpu/period=0x98968f,event=0xa2,umask=0x8,name='RESOURCE_STALLS.SB'/uk,cpu/period=0x98968f,event=0x5e,umask=0x1,name='RS_EVENTS.EMPTY_CYCLES'/uk,cpu/period=0x98968f,event=0xb1,umask=0x2,cmask=0x1,name='UOPS_EXECUTED.CORE:cmask=1'/uk,cpu/period=0x98968f,event=0xb1,umask=0x2,cmask=0x2,name='UOPS_EXECUTED.CORE:cmask=2'/uk,cpu/period=0x98968f,event=0xb1,umask=0x2,cmask=0x3,name='UOPS_EXECUTED.CORE:cmask=3'/uk,cpu/period=0x98968f,event=0xe,umask=0x1,name='UOPS_ISSUED.ANY'/uk,cpu/period=0x98968f,event=0xc2,umask=0x2,name='UOPS_RETIRED.RETIRE_SLOTS'/uk,cpu/period=0x98968f,event=0x9c,umask=0x1,cmask=0x4,name='IDQ_UOPS_NOT_DELIVERED.CYCLES_0_UOPS_DELIV.CORE'/uk,cpu/period=0x7a12f,event=0xd0,umask=0x81,name='MEM_UOPS_RETIRED.ALL_LOADS_PS'/ukpp,cpu/period=0x7a12f,event=0xd0,umask=0x82,name='MEM_UOPS_RETIRED.ALL_STORES_PS'/ukpp,cpu/period=0x7a12f,event=0xd3,umask=0x1,name='MEM_LOAD_UOPS_L3_MISS_RETIRED.LOCAL_DRAM_PS'/ukpp,cpu/period=0x7a12f,event=0xd3,umask=0x4,name='MEM_LOAD_UOPS_L3_MISS_RETIRED.REMOTE_DRAM_PS'/ukpp,cpu/period=0x7a12f,event=0xd3,umask=0x10,name='MEM_LOAD_UOPS_L3_MISS_RETIRED.REMOTE_HITM_PS'/ukpp,cpu/period=0x7a12f,event=0xd3,umask=0x20,name='MEM_LOAD_UOPS_L3_MISS_RETIRED.REMOTE_FWD_PS'/ukpp --clockid=monotonic_raw "/home/intel/oneapi/vtune/2021.1.1/bin64/amplxe-perf-sync" dryrun sys
691 [139721738307264] INFO perfrun.perfcollector <> - Monitor: runCmd RC = true
691 [139721527260864] WARN perfrun.perfcollector <> - Perf stat trace pipe capacity: read = 1048576, write = 1048576, at file: vcs/perfrun1/plugins/perfcollector/src/profiler.cpp:763
692 [139721527260864] INFO perfrun.perfcollector <> - Path to Perf control pipe: /tmp/amplxe-tmp-dhamorim/perf-pipe-1445957-16360308666238580
693 [139721527260864] INFO perfrun.sdk <> - runCmd: "/home/intel/oneapi/vtune/2021.1.1/bin64/amplxe-perf" stat -v --log-fd 11 --pipe "/tmp/amplxe-tmp-dhamorim/perf-pipe-1445957-16360308666238580" --pipe-sync -I 10 -A --scale -x ; -a -e uncore_imc_0/period=0x0,event=0x4,umask=0x3,name='UNC_M_CAS_COUNT.RD[UNIT0]'/,uncore_imc_1/period=0x0,event=0x4,umask=0x3,name='UNC_M_CAS_COUNT.RD[UNIT1]'/,uncore_imc_4/period=0x0,event=0x4,umask=0x3,name='UNC_M_CAS_COUNT.RD[UNIT4]'/,uncore_imc_5/period=0x0,event=0x4,umask=0x3,name='UNC_M_CAS_COUNT.RD[UNIT5]'/,uncore_imc_0/period=0x0,event=0x4,umask=0xc,name='UNC_M_CAS_COUNT.WR[UNIT0]'/,uncore_imc_1/period=0x0,event=0x4,umask=0xc,name='UNC_M_CAS_COUNT.WR[UNIT1]'/,uncore_imc_4/period=0x0,event=0x4,umask=0xc,name='UNC_M_CAS_COUNT.WR[UNIT4]'/,uncore_imc_5/period=0x0,event=0x4,umask=0xc,name='UNC_M_CAS_COUNT.WR[UNIT5]'/ "/home/intel/oneapi/vtune/2021.1.1/bin64/amplxe-perf-sync" dryrun sys
726 [139721746699968] INFO perfrun.perfcollector <> - PERF_STAT : "     0.005358307;CPU0;1838;;UNC_M_CAS_COUNT.RD[UNIT0];5338386;100.00;;"
727 [139721746699968] INFO perfrun.perfcollector <> - PERF_STAT : "     0.005358307;CPU10;2302;;UNC_M_CAS_COUNT.RD[UNIT0];5261158;100.00;;"
727 [139721746699968] INFO perfrun.perfcollector <> - PERF_STAT : "     0.005358307;CPU0;2068;;UNC_M_CAS_COUNT.RD[UNIT1];5333308;100.00;;"
727 [139721746699968] INFO perfrun.perfcollector <> - PERF_STAT : "     0.005358307;CPU10;2425;;UNC_M_CAS_COUNT.RD[UNIT1];5251894;100.00;;"
727 [139721746699968] INFO perfrun.perfcollector <> - PERF_STAT : "     0.005358307;CPU0;1777;;UNC_M_CAS_COUNT.RD[UNIT4];5327073;100.00;;"
727 [139721746699968] INFO perfrun.perfcollector <> - PERF_STAT : "     0.005358307;CPU10;2401;;UNC_M_CAS_COUNT.RD[UNIT4];5242696;100.00;;"
727 [139721746699968] INFO perfrun.perfcollector <> - PERF_STAT : "     0.005358307;CPU0;2123;;UNC_M_CAS_COUNT.RD[UNIT5];5320876;100.00;;"
727 [139721746699968] INFO perfrun.perfcollector <> - PERF_STAT : "     0.005358307;CPU10;2557;;UNC_M_CAS_COUNT.RD[UNIT5];5233513;100.00;;"
727 [139721746699968] INFO perfrun.perfcollector <> - PERF_STAT : "     0.005358307;CPU0;1159;;UNC_M_CAS_COUNT.WR[UNIT0];5308620;100.00;;"
727 [139721746699968] INFO perfrun.perfcollector <> - PERF_STAT : "     0.005358307;CPU10;1927;;UNC_M_CAS_COUNT.WR[UNIT0];5226249;100.00;;"
727 [139721746699968] INFO perfrun.perfcollector <> - PERF_STAT : "     0.005358307;CPU0;1501;;UNC_M_CAS_COUNT.WR[UNIT1];5297265;100.00;;"
727 [139721746699968] INFO perfrun.perfcollector <> - PERF_STAT : "     0.005358307;CPU10;2159;;UNC_M_CAS_COUNT.WR[UNIT1];5211035;100.00;;"
727 [139721746699968] INFO perfrun.perfcollector <> - PERF_STAT : "     0.005358307;CPU0;1157;;UNC_M_CAS_COUNT.WR[UNIT4];5288969;100.00;;"
727 [139721746699968] INFO perfrun.perfcollector <> - PERF_STAT : "     0.005358307;CPU10;1911;;UNC_M_CAS_COUNT.WR[UNIT4];5196209;100.00;;"
727 [139721746699968] INFO perfrun.perfcollector <> - PERF_STAT : "     0.005358307;CPU0;1397;;UNC_M_CAS_COUNT.WR[UNIT5];5277729;100.00;;"
727 [139721746699968] INFO perfrun.perfcollector <> - PERF_STAT : "     0.005358307;CPU10;2105;;UNC_M_CAS_COUNT.WR[UNIT5];5181316;100.00;;"
731 [139721527260864] INFO perfrun.perfcollector <> - Monitor: runCmd RC = true
731 [139721746699968] INFO perfrun.perfcollector <> - Path to Perf control pipe: /tmp/amplxe-tmp-dhamorim/perf-pipe-1445957-16360308757396631
731 [139721746699968] INFO perfrun.sdk <> - runCmd: "/home/intel/oneapi/vtune/2021.1.1/bin64/amplxe-perf" record -v --pipe "/tmp/amplxe-tmp-dhamorim/perf-pipe-1445957-16360308757396631" --pipe-sync -o "/tmp/amplxe-tmp-dhamorim/amplxe-res-1445957-16360307266045740/data.0/temp.dryrun.perf" -N -B -T -R -d --compression-level=1 -e cpu/period=0xaf79e0,event=0x3c,name='CPU_CLK_UNHALTED.THREAD'/Duk,cpu/period=0xaf79e0,umask=0x3,name='CPU_CLK_UNHALTED.REF_TSC'/Duk,cpu/period=0xaf79e0,event=0xc0,name='INST_RETIRED.ANY'/Duk,cpu/period=0x98968f,event=0xa3,umask=0xc,cmask=0xc,name='CYCLE_ACTIVITY.STALLS_L1D_PENDING'/uk,cpu/period=0x7a12f,event=0x3c,umask=0x1,name='CPU_CLK_UNHALTED.REF_XCLK'/uk,cpu/period=0x7a12f,event=0x3c,umask=0x2,name='CPU_CLK_UNHALTED.ONE_THREAD_ACTIVE'/uk,cpu/period=0x98968f,event=0xa3,umask=0x4,cmask=0x4,name='CYCLE_ACTIVITY.CYCLES_NO_EXECUTE'/uk,cpu/period=0x98968f,event=0xa3,umask=0x6,cmask=0x6,name='CYCLE_ACTIVITY.STALLS_LDM_PENDING'/uk,cpu/period=0x98968f,event=0xa3,umask=0x5,cmask=0x5,name='CYCLE_ACTIVITY.STALLS_L2_PENDING'/uk,cpu/period=0x98968f,event=0x9c,umask=0x1,name='IDQ_UOPS_NOT_DELIVERED.CORE'/uk,cpu/period=0x98968f,event=0xd,umask=0x3,cmask=0x1,name='INT_MISC.RECOVERY_CYCLES'/uk,cpu/period=0x3d09f,event=0xd1,umask=0x4,name='MEM_LOAD_UOPS_RETIRED.L3_HIT_PS'/ukpp,cpu/period=0x3d09f,event=0xd1,umask=0x20,name='MEM_LOAD_UOPS_RETIRED.L3_MISS_PS'/ukpp,cpu/period=0x98968f,event=0x60,umask=0x8,cmask=0x1,name='OFFCORE_REQUESTS_OUTSTANDING.CYCLES_WITH_DATA_RD'/uk,cpu/period=0x98968f,event=0x60,umask=0x8,cmask=0x6,name='OFFCORE_REQUESTS_OUTSTANDING.ALL_DATA_RD:cmask=6'/uk,cpu/period=0x98968f,event=0xa2,umask=0x8,name='RESOURCE_STALLS.SB'/uk,cpu/period=0x98968f,event=0x5e,umask=0x1,name='RS_EVENTS.EMPTY_CYCLES'/uk,cpu/period=0x98968f,event=0xb1,umask=0x2,cmask=0x1,name='UOPS_EXECUTED.CORE:cmask=1'/uk,cpu/period=0x98968f,event=0xb1,umask=0x2,cmask=0x2,name='UOPS_EXECUTED.CORE:cmask=2'/uk,cpu/period=0x98968f,event=0xb1,umask=0x2,cmask=0x3,name='UOPS_EXECUTED.CORE:cmask=3'/uk,cpu/period=0x98968f,event=0xe,umask=0x1,name='UOPS_ISSUED.ANY'/uk,cpu/period=0x98968f,event=0xc2,umask=0x2,name='UOPS_RETIRED.RETIRE_SLOTS'/uk,cpu/period=0x98968f,event=0x9c,umask=0x1,cmask=0x4,name='IDQ_UOPS_NOT_DELIVERED.CYCLES_0_UOPS_DELIV.CORE'/uk,cpu/period=0x7a12f,event=0xd0,umask=0x81,name='MEM_UOPS_RETIRED.ALL_LOADS_PS'/ukpp,cpu/period=0x7a12f,event=0xd0,umask=0x82,name='MEM_UOPS_RETIRED.ALL_STORES_PS'/ukpp,cpu/period=0x7a12f,event=0xd3,umask=0x1,name='MEM_LOAD_UOPS_L3_MISS_RETIRED.LOCAL_DRAM_PS'/ukpp,cpu/period=0x7a12f,event=0xd3,umask=0x4,name='MEM_LOAD_UOPS_L3_MISS_RETIRED.REMOTE_DRAM_PS'/ukpp,cpu/period=0x7a12f,event=0xd3,umask=0x10,name='MEM_LOAD_UOPS_L3_MISS_RETIRED.REMOTE_HITM_PS'/ukpp,cpu/period=0x7a12f,event=0xd3,umask=0x20,name='MEM_LOAD_UOPS_L3_MISS_RETIRED.REMOTE_FWD_PS'/ukpp --clockid=monotonic_raw "/home/intel/oneapi/vtune/2021.1.1/bin64/amplxe-perf-sync" dryrun sys
979 [139721746699968] INFO perfrun.perfcollector <> - Monitor: runCmd RC = true
979 [139721776817856] INFO perfrun.launcher <> - plugin [aoclprofile] was disabled because it doesn't support the given collection type.
979 [139721776817856] INFO perfrun.tpss <> - initialize tpss controller
979 [139721776817856] INFO perfrun.launcher <> - plugin [tpss] was disabled because it doesn't support the given collection type.
979 [139721776817856] INFO perfrun.launcher <> - plugin [exprof] was disabled because it doesn't support the given collection type.
979 [139721776817856] INFO perfrun.launcher <> - plugin [ice] was disabled because it doesn't support the given collection type.
979 [139721776817856] INFO perfrun.launcher <> - plugin [] was disabled because it doesn't support the given collection type.
979 [139721776817856] INFO perfrun.launcher <> - plugin [] was disabled because it doesn't support the given collection type.
979 [139721776817856] INFO perfrun.launcher <> - plugin [parallelfs] was disabled because it doesn't support the given collection type.
979 [139721776817856] INFO perfrun.launcher <> - plugin [power] was disabled because it doesn't support the given collection type.
979 [139721776817856] INFO perfrun.launcher <> - plugin [hwloc] was disabled because it doesn't support the given collection type.
979 [139721776817856] INFO perfrun.launcher <> - plugin [ipmwatch] was disabled because it doesn't support the given collection type.
979 [139721776817856] INFO perfrun.launcher <> - plugin [os_counters] was disabled because it doesn't support the given collection type.
979 [139721932821184] INFO perfrun.launcher <> - set environment variable: LD_LIBRARY_PATH = /home/intel/oneapi/vtune/2021.1.1/lib32/runtime:/home/intel/oneapi/vtune/2021.1.1/lib64/runtime
979 [139721932821184] INFO perfrun.launcher <> - set environment variable: INTEL_LIBITTNOTIFY32 = /home/intel/oneapi/vtune/2021.1.1/lib32/runtime/libittnotify_collector.so
979 [139721932821184] INFO perfrun.launcher <> - set environment variable: INTEL_LIBITTNOTIFY64 = /home/intel/oneapi/vtune/2021.1.1/lib64/runtime/libittnotify_collector.so
979 [139721932821184] INFO perfrun.launcher <> - set environment variable: INTEL_ITTNOTIFY_GROUPS = 
979 [139721932821184] INFO perfrun.launcher <> - set environment variable: INTEL_JIT_PROFILER32 = /home/intel/oneapi/vtune/2021.1.1/lib32/runtime/libittnotify_collector.so
980 [139721932821184] INFO perfrun.launcher <> - set environment variable: INTEL_JIT_PROFILER64 = /home/intel/oneapi/vtune/2021.1.1/lib64/runtime/libittnotify_collector.so
980 [139721932821184] INFO perfrun.launcher <> - set environment variable: VS_PROFILER = libittnotify_collector.so
980 [139721932821184] INFO perfrun.launcher <> - set environment variable: OMP_TOOL_LIBRARIES = /home/intel/oneapi/vtune/2021.1.1/lib32/runtime/libittnotify_collector.so:/home/intel/oneapi/vtune/2021.1.1/lib64/runtime/libittnotify_collector.so
980 [139721932821184] INFO perfrun.launcher <> - set environment variable: ENABLE_JITPROFILING = 1
980 [139721932821184] INFO perfrun.launcher <> - set environment variable: CL_CONFIG_USE_VTUNE = True
980 [139721932821184] INFO perfrun.launcher <> - set environment variable: INTEL_MRTE_DATA_DIR = /tmp/amplxe-tmp-dhamorim/amplxe-res-1445957-16360307266045740/data.0
980 [139721932821184] INFO perfrun.launcher <> - set environment variable: INTEL_MRTE_HOST_NAME = hype1
980 [139721932821184] INFO perfrun.launcher <> - set environment variable: JAVA_TOOL_OPTIONS = -agentlib:amplxe_samplingmrte_javaprof_1.0 -Dsun.boot.library.path=/home/intel/oneapi/vtune/2021.1.1/lib32/runtime:/home/intel/oneapi/vtune/2021.1.1/lib64/runtime
980 [139721932821184] INFO perfrun.launcher <> - set environment variable: CORECLR_ENABLE_PROFILING = 1
980 [139721932821184] INFO perfrun.launcher <> - set environment variable: CORECLR_PROFILER = {AA5E4821-E3B1-479c-B7FF-5AD047D22CED}
980 [139721932821184] INFO perfrun.launcher <> - set environment variable: CORECLR_PROFILER_PATH = /home/intel/oneapi/vtune/2021.1.1/lib64/libamplxe_samplingmrte_clrprof_1.0.so
980 [139721932821184] INFO perfrun.launcher <> - set environment variable: INTEL_MRTE_PROFILER_MODE = mixed
980 [139721932821184] INFO perfrun.launcher <> - RpcServer: run RPC server to handle requests
1049 [139721932821184] INFO perfrun.launcher <> - Launcher: command line to start before modification = /home/users/dhamorim/pagerank-openmp/pagerank -f /home/users/dhamorim/pagerank-openmp/data/web-Stanford/web-Stanford.txt
1049 [139721932821184] INFO perfrun.launcher <> - Launcher: command line to start after modification = /home/users/dhamorim/pagerank-openmp/pagerank -f /home/users/dhamorim/pagerank-openmp/data/web-Stanford/web-Stanford.txt
1049 [139721932821184] INFO perfrun.launcher <> - ProcessCreator object was created
1050 [139721932821184] INFO perfrun.launcher <> - Launcher: the process was started in suspend mode
1050 [139721776817856] INFO perfrun.launcher <> - Messenger::say: Peak bandwidth measurement started.
6500 [139721776817856] INFO perfrun.launcher <> - Messenger::say: Peak bandwidth measurement finished.
6504 [139721776817856] WARN perfrun.system <> - Could not do anything with /sys/kernel/debug/kvm: boost::filesystem::status: Permission denied: "/sys/kernel/debug/kvm", at file: vcs/perfrun1/plugins/system/src/trace_writer.cpp:796
6504 [139721776817856] WARN perfrun.system <> - Folder "/var/run/libvirt/qemu/"doesn't exist, at file: vcs/perfrun1/plugins/system/src/trace_writer.cpp:809
6538 [139721776817856] WARN perfrun.sdk <> - Failed to find xl binary on any of the system paths: /bin, /sbin, /usr/bin, /usr/sbin., at file: vcs/perfrun1/sdk/src/utils.cpp:197
6538 [139721776817856] WARN perfrun.system <> - Could not start ContainerMapping collector, at file: vcs/perfrun1/plugins/system/src/controller.cpp:468
6551 [139721776817856] INFO perfrun.vdso <> - Helper runtool '/home/intel/oneapi/vtune/2021.1.1/bin32/amplxe-runss -dump-vdso -r /tmp/amplxe-tmp-dhamorim/amplxe-res-1445957-16360307266045740 --tmp-dir /tmp/amplxe-tmp-dhamorim' returned 1
6665 [139721776817856] INFO perfrun.vdso <> - Helper runtool '/home/intel/oneapi/vtune/2021.1.1/bin64/amplxe-runss -dump-vdso -r /tmp/amplxe-tmp-dhamorim/amplxe-res-1445957-16360307266045740 --tmp-dir /tmp/amplxe-tmp-dhamorim' returned 0
6665 [139721776817856] INFO perfrun.itt <> - start itt controller for pid #1445977
6665 [139720436721344] WARN perfrun.perfcollector <> - Perf stat trace pipe capacity: read = 1048576, write = 1048576, at file: vcs/perfrun1/plugins/perfcollector/src/profiler.cpp:763
6665 [139720436721344] INFO perfrun.perfcollector <> - Path to Perf control pipe: /tmp/amplxe-tmp-dhamorim/perf-pipe-1445957-16360322390555886
6667 [139720436721344] INFO perfrun.sdk <> - runCmd: "/home/intel/oneapi/vtune/2021.1.1/bin64/amplxe-perf" stat -v --log-fd 22 --pipe "/tmp/amplxe-tmp-dhamorim/perf-pipe-1445957-16360322390555886" --pipe-sync -I 10 -A --scale -x ; -a -e uncore_imc_0/period=0x0,event=0x4,umask=0x3,name='UNC_M_CAS_COUNT.RD[UNIT0]'/,uncore_imc_1/period=0x0,event=0x4,umask=0x3,name='UNC_M_CAS_COUNT.RD[UNIT1]'/,uncore_imc_4/period=0x0,event=0x4,umask=0x3,name='UNC_M_CAS_COUNT.RD[UNIT4]'/,uncore_imc_5/period=0x0,event=0x4,umask=0x3,name='UNC_M_CAS_COUNT.RD[UNIT5]'/,uncore_imc_0/period=0x0,event=0x4,umask=0xc,name='UNC_M_CAS_COUNT.WR[UNIT0]'/,uncore_imc_1/period=0x0,event=0x4,umask=0xc,name='UNC_M_CAS_COUNT.WR[UNIT1]'/,uncore_imc_4/period=0x0,event=0x4,umask=0xc,name='UNC_M_CAS_COUNT.WR[UNIT4]'/,uncore_imc_5/period=0x0,event=0x4,umask=0xc,name='UNC_M_CAS_COUNT.WR[UNIT5]'/ "/home/intel/oneapi/vtune/2021.1.1/bin64/amplxe-perf-sync" sync sys
6702 [139720445114048] INFO perfrun.perfcollector <> - Path to Perf control pipe: /tmp/amplxe-tmp-dhamorim/perf-pipe-1445957-16360322474256657
6702 [139720445114048] INFO perfrun.sdk <> - runCmd: "/home/intel/oneapi/vtune/2021.1.1/bin64/amplxe-perf" record -v --pipe "/tmp/amplxe-tmp-dhamorim/perf-pipe-1445957-16360322474256657" --pipe-sync -o "/tmp/amplxe-tmp-dhamorim/amplxe-res-1445957-16360307266045740/data.0/1445977.perf" -N -B -T -R -d -p 1445977 --compression-level=1 --threads -e cpu/period=0xaf79e0,event=0x3c,name='CPU_CLK_UNHALTED.THREAD'/Duk,cpu/period=0xaf79e0,umask=0x3,name='CPU_CLK_UNHALTED.REF_TSC'/Duk,cpu/period=0xaf79e0,event=0xc0,name='INST_RETIRED.ANY'/Duk,cpu/period=0x98968f,event=0xa3,umask=0xc,cmask=0xc,name='CYCLE_ACTIVITY.STALLS_L1D_PENDING'/uk,cpu/period=0x7a12f,event=0x3c,umask=0x1,name='CPU_CLK_UNHALTED.REF_XCLK'/uk,cpu/period=0x7a12f,event=0x3c,umask=0x2,name='CPU_CLK_UNHALTED.ONE_THREAD_ACTIVE'/uk,cpu/period=0x98968f,event=0xa3,umask=0x4,cmask=0x4,name='CYCLE_ACTIVITY.CYCLES_NO_EXECUTE'/uk,cpu/period=0x98968f,event=0xa3,umask=0x6,cmask=0x6,name='CYCLE_ACTIVITY.STALLS_LDM_PENDING'/uk,cpu/period=0x98968f,event=0xa3,umask=0x5,cmask=0x5,name='CYCLE_ACTIVITY.STALLS_L2_PENDING'/uk,cpu/period=0x98968f,event=0x9c,umask=0x1,name='IDQ_UOPS_NOT_DELIVERED.CORE'/uk,cpu/period=0x98968f,event=0xd,umask=0x3,cmask=0x1,name='INT_MISC.RECOVERY_CYCLES'/uk,cpu/period=0x3d09f,event=0xd1,umask=0x4,name='MEM_LOAD_UOPS_RETIRED.L3_HIT_PS'/ukpp,cpu/period=0x3d09f,event=0xd1,umask=0x20,name='MEM_LOAD_UOPS_RETIRED.L3_MISS_PS'/ukpp,cpu/period=0x98968f,event=0x60,umask=0x8,cmask=0x1,name='OFFCORE_REQUESTS_OUTSTANDING.CYCLES_WITH_DATA_RD'/uk,cpu/period=0x98968f,event=0x60,umask=0x8,cmask=0x6,name='OFFCORE_REQUESTS_OUTSTANDING.ALL_DATA_RD:cmask=6'/uk,cpu/period=0x98968f,event=0xa2,umask=0x8,name='RESOURCE_STALLS.SB'/uk,cpu/period=0x98968f,event=0x5e,umask=0x1,name='RS_EVENTS.EMPTY_CYCLES'/uk,cpu/period=0x98968f,event=0xb1,umask=0x2,cmask=0x1,name='UOPS_EXECUTED.CORE:cmask=1'/uk,cpu/period=0x98968f,event=0xb1,umask=0x2,cmask=0x2,name='UOPS_EXECUTED.CORE:cmask=2'/uk,cpu/period=0x98968f,event=0xb1,umask=0x2,cmask=0x3,name='UOPS_EXECUTED.CORE:cmask=3'/uk,cpu/period=0x98968f,event=0xe,umask=0x1,name='UOPS_ISSUED.ANY'/uk,cpu/period=0x98968f,event=0xc2,umask=0x2,name='UOPS_RETIRED.RETIRE_SLOTS'/uk,cpu/period=0x98968f,event=0x9c,umask=0x1,cmask=0x4,name='IDQ_UOPS_NOT_DELIVERED.CYCLES_0_UOPS_DELIV.CORE'/uk,cpu/period=0x7a12f,event=0xd0,umask=0x81,name='MEM_UOPS_RETIRED.ALL_LOADS_PS'/ukpp,cpu/period=0x7a12f,event=0xd0,umask=0x82,name='MEM_UOPS_RETIRED.ALL_STORES_PS'/ukpp,cpu/period=0x7a12f,event=0xd3,umask=0x1,name='MEM_LOAD_UOPS_L3_MISS_RETIRED.LOCAL_DRAM_PS'/ukpp,cpu/period=0x7a12f,event=0xd3,umask=0x4,name='MEM_LOAD_UOPS_L3_MISS_RETIRED.REMOTE_DRAM_PS'/ukpp,cpu/period=0x7a12f,event=0xd3,umask=0x10,name='MEM_LOAD_UOPS_L3_MISS_RETIRED.REMOTE_HITM_PS'/ukpp,cpu/period=0x7a12f,event=0xd3,umask=0x20,name='MEM_LOAD_UOPS_L3_MISS_RETIRED.REMOTE_FWD_PS'/ukpp --clockid=monotonic_raw "/home/intel/oneapi/vtune/2021.1.1/bin64/amplxe-perf-sync" sync sys
6708 [139721527260864] INFO perfrun.perfcollector <> - PERF_STAT : "     0.010386011;CPU0;10071;;UNC_M_CAS_COUNT.RD[UNIT0];10382524;100.00;;"
6708 [139721527260864] INFO perfrun.perfcollector <> - PERF_STAT : "     0.010386011;CPU10;7834;;UNC_M_CAS_COUNT.RD[UNIT0];10303544;100.00;;"
6708 [139721527260864] INFO perfrun.perfcollector <> - PERF_STAT : "     0.010386011;CPU0;10362;;UNC_M_CAS_COUNT.RD[UNIT1];10375482;100.00;;"
6708 [139721527260864] INFO perfrun.perfcollector <> - PERF_STAT : "     0.010386011;CPU10;8189;;UNC_M_CAS_COUNT.RD[UNIT1];10295934;100.00;;"
6708 [139721527260864] INFO perfrun.perfcollector <> - PERF_STAT : "     0.010386011;CPU0;9897;;UNC_M_CAS_COUNT.RD[UNIT4];10368457;100.00;;"
6708 [139721527260864] INFO perfrun.perfcollector <> - PERF_STAT : "     0.010386011;CPU10;7827;;UNC_M_CAS_COUNT.RD[UNIT4];10287555;100.00;;"
6709 [139721527260864] INFO perfrun.perfcollector <> - PERF_STAT : "     0.010386011;CPU0;10553;;UNC_M_CAS_COUNT.RD[UNIT5];10361643;100.00;;"
6709 [139721527260864] INFO perfrun.perfcollector <> - PERF_STAT : "     0.010386011;CPU10;8315;;UNC_M_CAS_COUNT.RD[UNIT5];10279623;100.00;;"
6709 [139721527260864] INFO perfrun.perfcollector <> - PERF_STAT : "     0.010386011;CPU0;2054;;UNC_M_CAS_COUNT.WR[UNIT0];10355593;100.00;;"
6709 [139721527260864] INFO perfrun.perfcollector <> - PERF_STAT : "     0.010386011;CPU10;371;;UNC_M_CAS_COUNT.WR[UNIT0];10273310;100.00;;"
6709 [139721527260864] INFO perfrun.perfcollector <> - PERF_STAT : "     0.010386011;CPU0;2607;;UNC_M_CAS_COUNT.WR[UNIT1];10343762;100.00;;"
6709 [139721527260864] INFO perfrun.perfcollector <> - PERF_STAT : "     0.010386011;CPU10;856;;UNC_M_CAS_COUNT.WR[UNIT1];10259400;100.00;;"
6709 [139721527260864] INFO perfrun.perfcollector <> - PERF_STAT : "     0.010386011;CPU0;2005;;UNC_M_CAS_COUNT.WR[UNIT4];10331681;100.00;;"
6709 [139721527260864] INFO perfrun.perfcollector <> - PERF_STAT : "     0.010386011;CPU10;341;;UNC_M_CAS_COUNT.WR[UNIT4];10245566;100.00;;"
6709 [139721527260864] INFO perfrun.perfcollector <> - PERF_STAT : "     0.010386011;CPU0;2634;;UNC_M_CAS_COUNT.WR[UNIT5];10320386;100.00;;"
6709 [139721527260864] INFO perfrun.perfcollector <> - PERF_STAT : "     0.010386011;CPU10;839;;UNC_M_CAS_COUNT.WR[UNIT5];10231992;100.00;;"
6719 [139721527260864] INFO perfrun.perfcollector <> - PERF_STAT : "     0.020680772;CPU0;779;;UNC_M_CAS_COUNT.RD[UNIT0];10293902;100.00;;"
6719 [139721527260864] INFO perfrun.perfcollector <> - PERF_STAT : "     0.020680772;CPU10;1031;;UNC_M_CAS_COUNT.RD[UNIT0];10288951;100.00;;"
6719 [139721527260864] INFO perfrun.perfcollector <> - PERF_STAT : "     0.020680772;CPU0;1293;;UNC_M_CAS_COUNT.RD[UNIT1];10293895;100.00;;"
6719 [139721527260864] INFO perfrun.perfcollector <> - PERF_STAT : "     0.020680772;CPU10;1535;;UNC_M_CAS_COUNT.RD[UNIT1];10288850;100.00;;"
6719 [139721527260864] INFO perfrun.perfcollector <> - PERF_STAT : "     0.020680772;CPU0;824;;UNC_M_CAS_COUNT.RD[UNIT4];10293915;100.00;;"
6719 [139721527260864] INFO perfrun.perfcollector <> - PERF_STAT : "     0.020680772;CPU10;1131;;UNC_M_CAS_COUNT.RD[UNIT4];10288592;100.00;;"
6719 [139721527260864] INFO perfrun.perfcollector <> - PERF_STAT : "     0.020680772;CPU0;1390;;UNC_M_CAS_COUNT.RD[UNIT5];10293634;100.00;;"
6719 [139721527260864] INFO perfrun.perfcollector <> - PERF_STAT : "     0.020680772;CPU10;1558;;UNC_M_CAS_COUNT.RD[UNIT5];10288443;100.00;;"
6719 [139721527260864] INFO perfrun.perfcollector <> - PERF_STAT : "     0.020680772;CPU0;112;;UNC_M_CAS_COUNT.WR[UNIT0];10293628;100.00;;"
6719 [139721527260864] INFO perfrun.perfcollector <> - PERF_STAT : "     0.020680772;CPU10;117;;UNC_M_CAS_COUNT.WR[UNIT0];10288408;100.00;;"
6719 [139721527260864] INFO perfrun.perfcollector <> - PERF_STAT : "     0.020680772;CPU0;641;;UNC_M_CAS_COUNT.WR[UNIT1];10293679;100.00;;"
6719 [139721527260864] INFO perfrun.perfcollector <> - PERF_STAT : "     0.020680772;CPU10;623;;UNC_M_CAS_COUNT.WR[UNIT1];10288296;100.00;;"
6719 [139721527260864] INFO perfrun.perfcollector <> - PERF_STAT : "     0.020680772;CPU0;75;;UNC_M_CAS_COUNT.WR[UNIT4];10290379;100.00;;"
6719 [139721527260864] INFO perfrun.perfcollector <> - PERF_STAT : "     0.020680772;CPU10;133;;UNC_M_CAS_COUNT.WR[UNIT4];10288247;100.00;;"
6719 [139721527260864] INFO perfrun.perfcollector <> - PERF_STAT : "     0.020680772;CPU0;608;;UNC_M_CAS_COUNT.WR[UNIT5];10290677;100.00;;"
6719 [139721527260864] INFO perfrun.perfcollector <> - PERF_STAT : "     0.020680772;CPU10;662;;UNC_M_CAS_COUNT.WR[UNIT5];10288209;100.00;;"
6729 [139721527260864] INFO perfrun.perfcollector <> - PERF_STAT : "     0.030929415;CPU0;447;;UNC_M_CAS_COUNT.RD[UNIT0];10249403;100.00;;"
6729 [139721527260864] INFO perfrun.perfcollector <> - PERF_STAT : "     0.030929415;CPU10;480;;UNC_M_CAS_COUNT.RD[UNIT0];10248502;100.00;;"
6729 [139721527260864] INFO perfrun.perfcollector <> - PERF_STAT : "     0.030929415;CPU0;942;;UNC_M_CAS_COUNT.RD[UNIT1];10249052;100.00;;"
6729 [139721527260864] INFO perfrun.perfcollector <> - PERF_STAT : "     0.030929415;CPU10;953;;UNC_M_CAS_COUNT.RD[UNIT1];10248434;100.00;;"
6729 [139721527260864] INFO perfrun.perfcollector <> - PERF_STAT : "     0.030929415;CPU0;402;;UNC_M_CAS_COUNT.RD[UNIT4];10249030;100.00;;"
6729 [139721527260864] INFO perfrun.perfcollector <> - PERF_STAT : "     0.030929415;CPU10;525;;UNC_M_CAS_COUNT.RD[UNIT4];10248504;100.00;;"
6729 [139721527260864] INFO perfrun.perfcollector <> - PERF_STAT : "     0.030929415;CPU0;934;;UNC_M_CAS_COUNT.RD[UNIT5];10249177;100.00;;"
6729 [139721527260864] INFO perfrun.perfcollector <> - PERF_STAT : "     0.030929415;CPU10;1042;;UNC_M_CAS_COUNT.RD[UNIT5];10248469;100.00;;"
6729 [139721527260864] INFO perfrun.perfcollector <> - PERF_STAT : "     0.030929415;CPU0;98;;UNC_M_CAS_COUNT.WR[UNIT0];10249170;100.00;;"
6729 [139721527260864] INFO perfrun.perfcollector <> - PERF_STAT : "     0.030929415;CPU10;68;;UNC_M_CAS_COUNT.WR[UNIT0];10248316;100.00;;"
6729 [139721527260864] INFO perfrun.perfcollector <> - PERF_STAT : "     0.030929415;CPU0;625;;UNC_M_CAS_COUNT.WR[UNIT1];10249307;100.00;;"
6729 [139721527260864] INFO perfrun.perfcollector <> - PERF_STAT : "     0.030929415;CPU10;601;;UNC_M_CAS_COUNT.WR[UNIT1];10248274;100.00;;"
6729 [139721527260864] INFO perfrun.perfcollector <> - PERF_STAT : "     0.030929415;CPU0;85;;UNC_M_CAS_COUNT.WR[UNIT4];10249159;100.00;;"
6729 [139721527260864] INFO perfrun.perfcollector <> - PERF_STAT : "     0.030929415;CPU10;87;;UNC_M_CAS_COUNT.WR[UNIT4];10248251;100.00;;"
6729 [139721527260864] INFO perfrun.perfcollector <> - PERF_STAT : "     0.030929415;CPU0;651;;UNC_M_CAS_COUNT.WR[UNIT5];10248853;100.00;;"
6729 [139721527260864] INFO perfrun.perfcollector <> - PERF_STAT : "     0.030929415;CPU10;618;;UNC_M_CAS_COUNT.WR[UNIT5];10248232;100.00;;"
6739 [139721527260864] INFO perfrun.perfcollector <> - PERF_STAT : "     0.041175535;CPU0;1723;;UNC_M_CAS_COUNT.RD[UNIT0];10246902;100.00;;"
6739 [139721527260864] INFO perfrun.perfcollector <> - PERF_STAT : "     0.041175535;CPU10;5907;;UNC_M_CAS_COUNT.RD[UNIT0];10246891;100.00;;"
6739 [139721527260864] INFO perfrun.perfcollector <> - PERF_STAT : "     0.041175535;CPU0;2384;;UNC_M_CAS_COUNT.RD[UNIT1];10247098;100.00;;"
6739 [139721527260864] INFO perfrun.perfcollector <> - PERF_STAT : "     0.041175535;CPU10;6320;;UNC_M_CAS_COUNT.RD[UNIT1];10246713;100.00;;"
6739 [139721527260864] INFO perfrun.perfcollector <> - PERF_STAT : "     0.041175535;CPU0;1577;;UNC_M_CAS_COUNT.RD[UNIT4];10247042;100.00;;"
6739 [139721527260864] INFO perfrun.perfcollector <> - PERF_STAT : "     0.041175535;CPU10;5879;;UNC_M_CAS_COUNT.RD[UNIT4];10246690;100.00;;"
6739 [139721527260864] INFO perfrun.perfcollector <> - PERF_STAT : "     0.041175535;CPU0;2130;;UNC_M_CAS_COUNT.RD[UNIT5];10246866;100.00;;"
6739 [139721527260864] INFO perfrun.perfcollector <> - PERF_STAT : "     0.041175535;CPU10;6513;;UNC_M_CAS_COUNT.RD[UNIT5];10246655;100.00;;"
6739 [139721527260864] INFO perfrun.perfcollector <> - PERF_STAT : "     0.041175535;CPU0;216;;UNC_M_CAS_COUNT.WR[UNIT0];10246873;100.00;;"
6739 [139721527260864] INFO perfrun.perfcollector <> - PERF_STAT : "     0.041175535;CPU10;474;;UNC_M_CAS_COUNT.WR[UNIT0];10246646;100.00;;"
6739 [139721527260864] INFO perfrun.perfcollector <> - PERF_STAT : "     0.041175535;CPU0;754;;UNC_M_CAS_COUNT.WR[UNIT1];10246721;100.00;;"
6739 [139721527260864] INFO perfrun.perfcollector <> - PERF_STAT : "     0.041175535;CPU10;1017;;UNC_M_CAS_COUNT.WR[UNIT1];10246624;100.00;;"
6739 [139721527260864] INFO perfrun.perfcollector <> - PERF_STAT : "     0.041175535;CPU0;361;;UNC_M_CAS_COUNT.WR[UNIT4];10246715;100.00;;"
6739 [139721527260864] INFO perfrun.perfcollector <> - PERF_STAT : "     0.041175535;CPU10;501;;UNC_M_CAS_COUNT.WR[UNIT4];10246588;100.00;;"
6739 [139721527260864] INFO perfrun.perfcollector <> - PERF_STAT : "     0.041175535;CPU0;896;;UNC_M_CAS_COUNT.WR[UNIT5];10246692;100.00;;"
6739 [139721527260864] INFO perfrun.perfcollector <> - PERF_STAT : "     0.041175535;CPU10;1066;;UNC_M_CAS_COUNT.WR[UNIT5];10246545;100.00;;"
6749 [139721527260864] INFO perfrun.perfcollector <> - PERF_STAT : "     0.051424092;CPU0;1073;;UNC_M_CAS_COUNT.RD[UNIT0];10246975;100.00;;"
6749 [139721527260864] INFO perfrun.perfcollector <> - PERF_STAT : "     0.051424092;CPU10;7060;;UNC_M_CAS_COUNT.RD[UNIT0];10246532;100.00;;"
6749 [139721527260864] INFO perfrun.perfcollector <> - PERF_STAT : "     0.051424092;CPU0;1655;;UNC_M_CAS_COUNT.RD[UNIT1];10246889;100.00;;"
6749 [139721527260864] INFO perfrun.perfcollector <> - PERF_STAT : "     0.051424092;CPU10;7545;;UNC_M_CAS_COUNT.RD[UNIT1];10246580;100.00;;"
6749 [139721527260864] INFO perfrun.perfcollector <> - PERF_STAT : "     0.051424092;CPU0;1143;;UNC_M_CAS_COUNT.RD[UNIT4];10246943;100.00;;"
6749 [139721527260864] INFO perfrun.perfcollector <> - PERF_STAT : "     0.051424092;CPU10;7070;;UNC_M_CAS_COUNT.RD[UNIT4];10246500;100.00;;"
6749 [139721527260864] INFO perfrun.perfcollector <> - PERF_STAT : "     0.051424092;CPU0;1638;;UNC_M_CAS_COUNT.RD[UNIT5];10246932;100.00;;"
6749 [139721527260864] INFO perfrun.perfcollector <> - PERF_STAT : "     0.051424092;CPU10;7519;;UNC_M_CAS_COUNT.RD[UNIT5];10246468;100.00;;"
6749 [139721527260864] INFO perfrun.perfcollector <> - PERF_STAT : "     0.051424092;CPU0;302;;UNC_M_CAS_COUNT.WR[UNIT0];10246930;100.00;;"
6749 [139721527260864] INFO perfrun.perfcollector <> - PERF_STAT : "     0.051424092;CPU10;964;;UNC_M_CAS_COUNT.WR[UNIT0];10246416;100.00;;"
6749 [139721527260864] INFO perfrun.perfcollector <> - PERF_STAT : "     0.051424092;CPU0;812;;UNC_M_CAS_COUNT.WR[UNIT1];10247031;100.00;;"
6749 [139721527260864] INFO perfrun.perfcollector <> - PERF_STAT : "     0.051424092;CPU10;1482;;UNC_M_CAS_COUNT.WR[UNIT1];10246394;100.00;;"
6750 [139721527260864] INFO perfrun.perfcollector <> - PERF_STAT : "     0.051424092;CPU0;302;;UNC_M_CAS_COUNT.WR[UNIT4];10247045;100.00;;"
6750 [139721527260864] INFO perfrun.perfcollector <> - PERF_STAT : "     0.051424092;CPU10;962;;UNC_M_CAS_COUNT.WR[UNIT4];10246388;100.00;;"
6750 [139721527260864] INFO perfrun.perfcollector <> - PERF_STAT : "     0.051424092;CPU0;872;;UNC_M_CAS_COUNT.WR[UNIT5];10247040;100.00;;"
6750 [139721527260864] INFO perfrun.perfcollector <> - PERF_STAT : "     0.051424092;CPU10;1519;;UNC_M_CAS_COUNT.WR[UNIT5];10246360;100.00;;"
6760 [139721527260864] INFO perfrun.perfcollector <> - PERF_STAT : "     0.061676811;CPU0;530;;UNC_M_CAS_COUNT.RD[UNIT0];10234754;100.00;;"
6760 [139721527260864] INFO perfrun.perfcollector <> - PERF_STAT : "     0.061676811;CPU10;8272;;UNC_M_CAS_COUNT.RD[UNIT0];10236938;100.00;;"
6760 [139721527260864] INFO perfrun.perfcollector <> - PERF_STAT : "     0.061676811;CPU0;1025;;UNC_M_CAS_COUNT.RD[UNIT1];10234879;100.00;;"
6760 [139721527260864] INFO perfrun.perfcollector <> - PERF_STAT : "     0.061676811;CPU10;8809;;UNC_M_CAS_COUNT.RD[UNIT1];10249522;100.00;;"
6760 [139721527260864] INFO perfrun.perfcollector <> - PERF_STAT : "     0.061676811;CPU0;514;;UNC_M_CAS_COUNT.RD[UNIT4];10234981;100.00;;"
6760 [139721527260864] INFO perfrun.perfcollector <> - PERF_STAT : "     0.061676811;CPU10;8352;;UNC_M_CAS_COUNT.RD[UNIT4];10249544;100.00;;"
6760 [139721527260864] INFO perfrun.perfcollector <> - PERF_STAT : "     0.061676811;CPU0;1040;;UNC_M_CAS_COUNT.RD[UNIT5];10235113;100.00;;"
6760 [139721527260864] INFO perfrun.perfcollector <> - PERF_STAT : "     0.061676811;CPU10;8943;;UNC_M_CAS_COUNT.RD[UNIT5];10249600;100.00;;"
6760 [139721527260864] INFO perfrun.perfcollector <> - PERF_STAT : "     0.061676811;CPU0;409;;UNC_M_CAS_COUNT.WR[UNIT0];10235383;100.00;;"
6760 [139721527260864] INFO perfrun.perfcollector <> - PERF_STAT : "     0.061676811;CPU10;1562;;UNC_M_CAS_COUNT.WR[UNIT0];10261120;100.00;;"
6760 [139721527260864] INFO perfrun.perfcollector <> - PERF_STAT : "     0.061676811;CPU0;950;;UNC_M_CAS_COUNT.WR[UNIT1];10235409;100.00;;"
6760 [139721527260864] INFO perfrun.perfcollector <> - PERF_STAT : "     0.061676811;CPU10;2117;;UNC_M_CAS_COUNT.WR[UNIT1];10261102;100.00;;"
6760 [139721527260864] INFO perfrun.perfcollector <> - PERF_STAT : "     0.061676811;CPU0;365;;UNC_M_CAS_COUNT.WR[UNIT4];10235548;100.00;;"
6760 [139721527260864] INFO perfrun.perfcollector <> - PERF_STAT : "     0.061676811;CPU10;1589;;UNC_M_CAS_COUNT.WR[UNIT4];10261059;100.00;;"
6760 [139721527260864] INFO perfrun.perfcollector <> - PERF_STAT : "     0.061676811;CPU0;952;;UNC_M_CAS_COUNT.WR[UNIT5];10235694;100.00;;"
6760 [139721527260864] INFO perfrun.perfcollector <> - PERF_STAT : "     0.061676811;CPU10;2145;;UNC_M_CAS_COUNT.WR[UNIT5];10261147;100.00;;"
6770 [139721527260864] INFO perfrun.perfcollector <> - PERF_STAT : "     0.071933549;CPU0;269;;UNC_M_CAS_COUNT.RD[UNIT0];10274097;100.00;;"
6770 [139721527260864] INFO perfrun.perfcollector <> - PERF_STAT : "     0.071933549;CPU10;3099;;UNC_M_CAS_COUNT.RD[UNIT0];10270942;100.00;;"
6770 [139721527260864] INFO perfrun.perfcollector <> - PERF_STAT : "     0.071933549;CPU0;773;;UNC_M_CAS_COUNT.RD[UNIT1];10273762;100.00;;"
6770 [139721527260864] INFO perfrun.perfcollector <> - PERF_STAT : "     0.071933549;CPU10;3607;;UNC_M_CAS_COUNT.RD[UNIT1];10258099;100.00;;"
6770 [139721527260864] INFO perfrun.perfcollector <> - PERF_STAT : "     0.071933549;CPU0;268;;UNC_M_CAS_COUNT.RD[UNIT4];10273627;100.00;;"
6770 [139721527260864] INFO perfrun.perfcollector <> - PERF_STAT : "     0.071933549;CPU10;3186;;UNC_M_CAS_COUNT.RD[UNIT4];10258209;100.00;;"
6770 [139721527260864] INFO perfrun.perfcollector <> - PERF_STAT : "     0.071933549;CPU0;796;;UNC_M_CAS_COUNT.RD[UNIT5];10273671;100.00;;"
6770 [139721527260864] INFO perfrun.perfcollector <> - PERF_STAT : "     0.071933549;CPU10;3712;;UNC_M_CAS_COUNT.RD[UNIT5];10258219;100.00;;"
6770 [139721527260864] INFO perfrun.perfcollector <> - PERF_STAT : "     0.071933549;CPU0;201;;UNC_M_CAS_COUNT.WR[UNIT0];10273463;100.00;;"
6770 [139721527260864] INFO perfrun.perfcollector <> - PERF_STAT : "     0.071933549;CPU10;721;;UNC_M_CAS_COUNT.WR[UNIT0];10246658;100.00;;"
6770 [139721527260864] INFO perfrun.perfcollector <> - PERF_STAT : "     0.071933549;CPU0;706;;UNC_M_CAS_COUNT.WR[UNIT1];10273312;100.00;;"
6770 [139721527260864] INFO perfrun.perfcollector <> - PERF_STAT : "     0.071933549;CPU10;1233;;UNC_M_CAS_COUNT.WR[UNIT1];10246635;100.00;;"
6770 [139721527260864] INFO perfrun.perfcollector <> - PERF_STAT : "     0.071933549;CPU0;209;;UNC_M_CAS_COUNT.WR[UNIT4];10273308;100.00;;"
6770 [139721527260864] INFO perfrun.perfcollector <> - PERF_STAT : "     0.071933549;CPU10;733;;UNC_M_CAS_COUNT.WR[UNIT4];10246643;100.00;;"
6770 [139721527260864] INFO perfrun.perfcollector <> - PERF_STAT : "     0.071933549;CPU0;727;;UNC_M_CAS_COUNT.WR[UNIT5];10273147;100.00;;"
6770 [139721527260864] INFO perfrun.perfcollector <> - PERF_STAT : "     0.071933549;CPU10;1264;;UNC_M_CAS_COUNT.WR[UNIT5];10246511;100.00;;"
6780 [139721527260864] INFO perfrun.perfcollector <> - PERF_STAT : "     0.082174400;CPU0;211;;UNC_M_CAS_COUNT.RD[UNIT0];10239250;100.00;;"
6780 [139721527260864] INFO perfrun.perfcollector <> - PERF_STAT : "     0.082174400;CPU10;1757;;UNC_M_CAS_COUNT.RD[UNIT0];10237994;100.00;;"
6780 [139721527260864] INFO perfrun.perfcollector <> - PERF_STAT : "     0.082174400;CPU0;682;;UNC_M_CAS_COUNT.RD[UNIT1];10239380;100.00;;"
6780 [139721527260864] INFO perfrun.perfcollector <> - PERF_STAT : "     0.082174400;CPU10;2236;;UNC_M_CAS_COUNT.RD[UNIT1];10238054;100.00;;"
6780 [139721527260864] INFO perfrun.perfcollector <> - PERF_STAT : "     0.082174400;CPU0;173;;UNC_M_CAS_COUNT.RD[UNIT4];10239278;100.00;;"
6780 [139721527260864] INFO perfrun.perfcollector <> - PERF_STAT : "     0.082174400;CPU10;1753;;UNC_M_CAS_COUNT.RD[UNIT4];10237820;100.00;;"
6780 [139721527260864] INFO perfrun.perfcollector <> - PERF_STAT : "     0.082174400;CPU0;704;;UNC_M_CAS_COUNT.RD[UNIT5];10239089;100.00;;"
6780 [139721527260864] INFO perfrun.perfcollector <> - PERF_STAT : "     0.082174400;CPU10;2257;;UNC_M_CAS_COUNT.RD[UNIT5];10237681;100.00;;"
6780 [139721527260864] INFO perfrun.perfcollector <> - PERF_STAT : "     0.082174400;CPU0;111;;UNC_M_CAS_COUNT.WR[UNIT0];10239006;100.00;;"
6780 [139721527260864] INFO perfrun.perfcollector <> - PERF_STAT : "     0.082174400;CPU10;442;;UNC_M_CAS_COUNT.WR[UNIT0];10237643;100.00;;"
6780 [139721527260864] INFO perfrun.perfcollector <> - PERF_STAT : "     0.082174400;CPU0;626;;UNC_M_CAS_COUNT.WR[UNIT1];10238995;100.00;;"
6780 [139721527260864] INFO perfrun.perfcollector <> - PERF_STAT : "     0.082174400;CPU10;979;;UNC_M_CAS_COUNT.WR[UNIT1];10237636;100.00;;"
6780 [139721527260864] INFO perfrun.perfcollector <> - PERF_STAT : "     0.082174400;CPU0;99;;UNC_M_CAS_COUNT.WR[UNIT4];10238839;100.00;;"
6780 [139721527260864] INFO perfrun.perfcollector <> - PERF_STAT : "     0.082174400;CPU10;417;;UNC_M_CAS_COUNT.WR[UNIT4];10237601;100.00;;"
6780 [139721527260864] INFO perfrun.perfcollector <> - PERF_STAT : "     0.082174400;CPU0;653;;UNC_M_CAS_COUNT.WR[UNIT5];10238845;100.00;;"
6780 [139721527260864] INFO perfrun.perfcollector <> - PERF_STAT : "     0.082174400;CPU10;949;;UNC_M_CAS_COUNT.WR[UNIT5];10237604;100.00;;"
6790 [139721527260864] INFO perfrun.perfcollector <> - PERF_STAT : "     0.092410955;CPU0;228;;UNC_M_CAS_COUNT.RD[UNIT0];10237266;100.00;;"
6790 [139721527260864] INFO perfrun.perfcollector <> - PERF_STAT : "     0.092410955;CPU10;870;;UNC_M_CAS_COUNT.RD[UNIT0];10237676;100.00;;"
6790 [139721527260864] INFO perfrun.perfcollector <> - PERF_STAT : "     0.092410955;CPU0;718;;UNC_M_CAS_COUNT.RD[UNIT1];10237180;100.00;;"
6790 [139721527260864] INFO perfrun.perfcollector <> - PERF_STAT : "     0.092410955;CPU10;1378;;UNC_M_CAS_COUNT.RD[UNIT1];10237681;100.00;;"
6790 [139721527260864] INFO perfrun.perfcollector <> - PERF_STAT : "     0.092410955;CPU0;177;;UNC_M_CAS_COUNT.RD[UNIT4];10237184;100.00;;"
6790 [139721527260864] INFO perfrun.perfcollector <> - PERF_STAT : "     0.092410955;CPU10;875;;UNC_M_CAS_COUNT.RD[UNIT4];10237693;100.00;;"
6790 [139721527260864] INFO perfrun.perfcollector <> - PERF_STAT : "     0.092410955;CPU0;740;;UNC_M_CAS_COUNT.RD[UNIT5];10237176;100.00;;"
6790 [139721527260864] INFO perfrun.perfcollector <> - PERF_STAT : "     0.092410955;CPU10;1405;;UNC_M_CAS_COUNT.RD[UNIT5];10237734;100.00;;"
6790 [139721527260864] INFO perfrun.perfcollector <> - PERF_STAT : "     0.092410955;CPU0;112;;UNC_M_CAS_COUNT.WR[UNIT0];10237180;100.00;;"
6790 [139721527260864] INFO perfrun.perfcollector <> - PERF_STAT : "     0.092410955;CPU10;162;;UNC_M_CAS_COUNT.WR[UNIT0];10237715;100.00;;"
6790 [139721527260864] INFO perfrun.perfcollector <> - PERF_STAT : "     0.092410955;CPU0;639;;UNC_M_CAS_COUNT.WR[UNIT1];10237184;100.00;;"
6790 [139721527260864] INFO perfrun.perfcollector <> - PERF_STAT : "     0.092410955;CPU10;672;;UNC_M_CAS_COUNT.WR[UNIT1];10237704;100.00;;"
6790 [139721527260864] INFO perfrun.perfcollector <> - PERF_STAT : "     0.092410955;CPU0;116;;UNC_M_CAS_COUNT.WR[UNIT4];10237178;100.00;;"
6790 [139721527260864] INFO perfrun.perfcollector <> - PERF_STAT : "     0.092410955;CPU10;185;;UNC_M_CAS_COUNT.WR[UNIT4];10237698;100.00;;"
6791 [139721527260864] INFO perfrun.perfcollector <> - PERF_STAT : "     0.092410955;CPU0;647;;UNC_M_CAS_COUNT.WR[UNIT5];10237152;100.00;;"
6791 [139721527260864] INFO perfrun.perfcollector <> - PERF_STAT : "     0.092410955;CPU10;702;;UNC_M_CAS_COUNT.WR[UNIT5];10237653;100.00;;"
6801 [139721527260864] INFO perfrun.perfcollector <> - PERF_STAT : "     0.102655568;CPU0;150;;UNC_M_CAS_COUNT.RD[UNIT0];10245618;100.00;;"
6801 [139721527260864] INFO perfrun.perfcollector <> - PERF_STAT : "     0.102655568;CPU10;215;;UNC_M_CAS_COUNT.RD[UNIT0];10245168;100.00;;"
6801 [139721527260864] INFO perfrun.perfcollector <> - PERF_STAT : "     0.102655568;CPU0;637;;UNC_M_CAS_COUNT.RD[UNIT1];10245524;100.00;;"
6801 [139721527260864] INFO perfrun.perfcollector <> - PERF_STAT : "     0.102655568;CPU10;718;;UNC_M_CAS_COUNT.RD[UNIT1];10245073;100.00;;"
6801 [139721527260864] INFO perfrun.perfcollector <> - PERF_STAT : "     0.102655568;CPU0;133;;UNC_M_CAS_COUNT.RD[UNIT4];10245625;100.00;;"
6801 [139721527260864] INFO perfrun.perfcollector <> - PERF_STAT : "     0.102655568;CPU10;274;;UNC_M_CAS_COUNT.RD[UNIT4];10245047;100.00;;"
6801 [139721527260864] INFO perfrun.perfcollector <> - PERF_STAT : "     0.102655568;CPU0;691;;UNC_M_CAS_COUNT.RD[UNIT5];10245645;100.00;;"
6801 [139721527260864] INFO perfrun.perfcollector <> - PERF_STAT : "     0.102655568;CPU10;813;;UNC_M_CAS_COUNT.RD[UNIT5];10244967;100.00;;"
6801 [139721527260864] INFO perfrun.perfcollector <> - PERF_STAT : "     0.102655568;CPU0;25;;UNC_M_CAS_COUNT.WR[UNIT0];10245733;100.00;;"
6801 [139721527260864] INFO perfrun.perfcollector <> - PERF_STAT : "     0.102655568;CPU10;53;;UNC_M_CAS_COUNT.WR[UNIT0];10244952;100.00;;"
6801 [139721527260864] INFO perfrun.perfcollector <> - PERF_STAT : "     0.102655568;CPU0;553;;UNC_M_CAS_COUNT.WR[UNIT1];10245820;100.00;;"
6801 [139721527260864] INFO perfrun.perfcollector <> - PERF_STAT : "     0.102655568;CPU10;572;;UNC_M_CAS_COUNT.WR[UNIT1];10244938;100.00;;"
6801 [139721527260864] INFO perfrun.perfcollector <> - PERF_STAT : "     0.102655568;CPU0;26;;UNC_M_CAS_COUNT.WR[UNIT4];10245891;100.00;;"
6801 [139721527260864] INFO perfrun.perfcollector <> - PERF_STAT : "     0.102655568;CPU10;66;;UNC_M_CAS_COUNT.WR[UNIT4];10244919;100.00;;"
6801 [139721527260864] INFO perfrun.perfcollector <> - PERF_STAT : "     0.102655568;CPU0;566;;UNC_M_CAS_COUNT.WR[UNIT5];10245880;100.00;;"
6801 [139721527260864] INFO perfrun.perfcollector <> - PERF_STAT : "     0.102655568;CPU10;601;;UNC_M_CAS_COUNT.WR[UNIT5];10244907;100.00;;"
6811 [139721527260864] INFO perfrun.perfcollector <> - PERF_STAT : "     0.112892012;CPU0;117;;UNC_M_CAS_COUNT.RD[UNIT0];10234832;100.00;;"
6811 [139721527260864] INFO perfrun.perfcollector <> - PERF_STAT : "     0.112892012;CPU10;739;;UNC_M_CAS_COUNT.RD[UNIT0];10235233;100.00;;"
6811 [139721527260864] INFO perfrun.perfcollector <> - PERF_STAT : "     0.112892012;CPU0;622;;UNC_M_CAS_COUNT.RD[UNIT1];10234881;100.00;;"
6811 [139721527260864] INFO perfrun.perfcollector <> - PERF_STAT : "     0.112892012;CPU10;1227;;UNC_M_CAS_COUNT.RD[UNIT1];10235101;100.00;;"
6811 [139721527260864] INFO perfrun.perfcollector <> - PERF_STAT : "     0.112892012;CPU0;109;;UNC_M_CAS_COUNT.RD[UNIT4];10234928;100.00;;"
6811 [139721527260864] INFO perfrun.perfcollector <> - PERF_STAT : "     0.112892012;CPU10;753;;UNC_M_CAS_COUNT.RD[UNIT4];10235089;100.00;;"
6811 [139721527260864] INFO perfrun.perfcollector <> - PERF_STAT : "     0.112892012;CPU0;664;;UNC_M_CAS_COUNT.RD[UNIT5];10235026;100.00;;"
6811 [139721527260864] INFO perfrun.perfcollector <> - PERF_STAT : "     0.112892012;CPU10;1273;;UNC_M_CAS_COUNT.RD[UNIT5];10235261;100.00;;"
6811 [139721527260864] INFO perfrun.perfcollector <> - PERF_STAT : "     0.112892012;CPU0;46;;UNC_M_CAS_COUNT.WR[UNIT0];10234926;100.00;;"
6811 [139721527260864] INFO perfrun.perfcollector <> - PERF_STAT : "     0.112892012;CPU10;161;;UNC_M_CAS_COUNT.WR[UNIT0];10235364;100.00;;"
6811 [139721527260864] INFO perfrun.perfcollector <> - PERF_STAT : "     0.112892012;CPU0;584;;UNC_M_CAS_COUNT.WR[UNIT1];10234880;100.00;;"
6811 [139721527260864] INFO perfrun.perfcollector <> - PERF_STAT : "     0.112892012;CPU10;667;;UNC_M_CAS_COUNT.WR[UNIT1];10235575;100.00;;"
6811 [139721527260864] INFO perfrun.perfcollector <> - PERF_STAT : "     0.112892012;CPU0;60;;UNC_M_CAS_COUNT.WR[UNIT4];10234807;100.00;;"
6811 [139721527260864] INFO perfrun.perfcollector <> - PERF_STAT : "     0.112892012;CPU10;163;;UNC_M_CAS_COUNT.WR[UNIT4];10235573;100.00;;"
6811 [139721527260864] INFO perfrun.perfcollector <> - PERF_STAT : "     0.112892012;CPU0;606;;UNC_M_CAS_COUNT.WR[UNIT5];10234807;100.00;;"
6811 [139721527260864] INFO perfrun.perfcollector <> - PERF_STAT : "     0.112892012;CPU10;698;;UNC_M_CAS_COUNT.WR[UNIT5];10235568;100.00;;"
6821 [139721527260864] INFO perfrun.perfcollector <> - PERF_STAT : "     0.123126152;CPU0;149;;UNC_M_CAS_COUNT.RD[UNIT0];10234253;100.00;;"
6821 [139721527260864] INFO perfrun.perfcollector <> - PERF_STAT : "     0.123126152;CPU10;1601;;UNC_M_CAS_COUNT.RD[UNIT0];10233695;100.00;;"
6821 [139721527260864] INFO perfrun.perfcollector <> - PERF_STAT : "     0.123126152;CPU0;641;;UNC_M_CAS_COUNT.RD[UNIT1];10234195;100.00;;"
6821 [139721527260864] INFO perfrun.perfcollector <> - PERF_STAT : "     0.123126152;CPU10;2111;;UNC_M_CAS_COUNT.RD[UNIT1];10233701;100.00;;"
6821 [139721527260864] INFO perfrun.perfcollector <> - PERF_STAT : "     0.123126152;CPU0;127;;UNC_M_CAS_COUNT.RD[UNIT4];10234035;100.00;;"
6821 [139721527260864] INFO perfrun.perfcollector <> - PERF_STAT : "     0.123126152;CPU10;1609;;UNC_M_CAS_COUNT.RD[UNIT4];10233667;100.00;;"
6821 [139721527260864] INFO perfrun.perfcollector <> - PERF_STAT : "     0.123126152;CPU0;681;;UNC_M_CAS_COUNT.RD[UNIT5];10234130;100.00;;"
6821 [139721527260864] INFO perfrun.perfcollector <> - PERF_STAT : "     0.123126152;CPU10;2126;;UNC_M_CAS_COUNT.RD[UNIT5];10233559;100.00;;"
6821 [139721527260864] INFO perfrun.perfcollector <> - PERF_STAT : "     0.123126152;CPU0;101;;UNC_M_CAS_COUNT.WR[UNIT0];10234136;100.00;;"
6821 [139721527260864] INFO perfrun.perfcollector <> - PERF_STAT : "     0.123126152;CPU10;384;;UNC_M_CAS_COUNT.WR[UNIT0];10233541;100.00;;"
6821 [139721527260864] INFO perfrun.perfcollector <> - PERF_STAT : "     0.123126152;CPU0;620;;UNC_M_CAS_COUNT.WR[UNIT1];10234080;100.00;;"
6821 [139721527260864] INFO perfrun.perfcollector <> - PERF_STAT : "     0.123126152;CPU10;860;;UNC_M_CAS_COUNT.WR[UNIT1];10233377;100.00;;"
6821 [139721527260864] INFO perfrun.perfcollector <> - PERF_STAT : "     0.123126152;CPU0;96;;UNC_M_CAS_COUNT.WR[UNIT4];10234071;100.00;;"
6821 [139721527260864] INFO perfrun.perfcollector <> - PERF_STAT : "     0.123126152;CPU10;381;;UNC_M_CAS_COUNT.WR[UNIT4];10233361;100.00;;"
6821 [139721527260864] INFO perfrun.perfcollector <> - PERF_STAT : "     0.123126152;CPU0;641;;UNC_M_CAS_COUNT.WR[UNIT5];10234072;100.00;;"
6821 [139721527260864] INFO perfrun.perfcollector <> - PERF_STAT : "     0.123126152;CPU10;900;;UNC_M_CAS_COUNT.WR[UNIT5];10233368;100.00;;"
6831 [139721527260864] INFO perfrun.perfcollector <> - PERF_STAT : "     0.133364060;CPU0;1259;;UNC_M_CAS_COUNT.RD[UNIT0];10239390;100.00;;"
6831 [139721527260864] INFO perfrun.perfcollector <> - PERF_STAT : "     0.133364060;CPU10;2155;;UNC_M_CAS_COUNT.RD[UNIT0];10239045;100.00;;"
6831 [139721527260864] INFO perfrun.perfcollector <> - PERF_STAT : "     0.133364060;CPU0;1611;;UNC_M_CAS_COUNT.RD[UNIT1];10239479;100.00;;"
6831 [139721527260864] INFO perfrun.perfcollector <> - PERF_STAT : "     0.133364060;CPU10;2660;;UNC_M_CAS_COUNT.RD[UNIT1];10238971;100.00;;"
6831 [139721527260864] INFO perfrun.perfcollector <> - PERF_STAT : "     0.133364060;CPU0;1256;;UNC_M_CAS_COUNT.RD[UNIT4];10239459;100.00;;"
6831 [139721527260864] INFO perfrun.perfcollector <> - PERF_STAT : "     0.133364060;CPU10;2252;;UNC_M_CAS_COUNT.RD[UNIT4];10238970;100.00;;"
6831 [139721527260864] INFO perfrun.perfcollector <> - PERF_STAT : "     0.133364060;CPU0;1584;;UNC_M_CAS_COUNT.RD[UNIT5];10239401;100.00;;"
6831 [139721527260864] INFO perfrun.perfcollector <> - PERF_STAT : "     0.133364060;CPU10;2778;;UNC_M_CAS_COUNT.RD[UNIT5];10246106;100.00;;"
6831 [139721527260864] INFO perfrun.perfcollector <> - PERF_STAT : "     0.133364060;CPU0;182;;UNC_M_CAS_COUNT.WR[UNIT0];10239450;100.00;;"
6831 [139721527260864] INFO perfrun.perfcollector <> - PERF_STAT : "     0.133364060;CPU10;572;;UNC_M_CAS_COUNT.WR[UNIT0];10246173;100.00;;"
6831 [139721527260864] INFO perfrun.perfcollector <> - PERF_STAT : "     0.133364060;CPU0;723;;UNC_M_CAS_COUNT.WR[UNIT1];10239443;100.00;;"
6831 [139721527260864] INFO perfrun.perfcollector <> - PERF_STAT : "     0.133364060;CPU10;1072;;UNC_M_CAS_COUNT.WR[UNIT1];10246156;100.00;;"
6831 [139721527260864] INFO perfrun.perfcollector <> - PERF_STAT : "     0.133364060;CPU0;190;;UNC_M_CAS_COUNT.WR[UNIT4];10239443;100.00;;"
6831 [139721527260864] INFO perfrun.perfcollector <> - PERF_STAT : "     0.133364060;CPU10;573;;UNC_M_CAS_COUNT.WR[UNIT4];10246273;100.00;;"
6831 [139721527260864] INFO perfrun.perfcollector <> - PERF_STAT : "     0.133364060;CPU0;725;;UNC_M_CAS_COUNT.WR[UNIT5];10239436;100.00;;"
6831 [139721527260864] INFO perfrun.perfcollector <> - PERF_STAT : "     0.133364060;CPU10;1101;;UNC_M_CAS_COUNT.WR[UNIT5];10246374;100.00;;"
6841 [139721527260864] INFO perfrun.perfcollector <> - PERF_STAT : "     0.143605910;CPU0;836;;UNC_M_CAS_COUNT.RD[UNIT0];10240027;100.00;;"
6842 [139721527260864] INFO perfrun.perfcollector <> - PERF_STAT : "     0.143605910;CPU10;3243;;UNC_M_CAS_COUNT.RD[UNIT0];10239521;100.00;;"
6842 [139721527260864] INFO perfrun.perfcollector <> - PERF_STAT : "     0.143605910;CPU0;1317;;UNC_M_CAS_COUNT.RD[UNIT1];10240054;100.00;;"
6842 [139721527260864] INFO perfrun.perfcollector <> - PERF_STAT : "     0.143605910;CPU10;3745;;UNC_M_CAS_COUNT.RD[UNIT1];10239507;100.00;;"
6842 [139721527260864] INFO perfrun.perfcollector <> - PERF_STAT : "     0.143605910;CPU0;846;;UNC_M_CAS_COUNT.RD[UNIT4];10240057;100.00;;"
6842 [139721527260864] INFO perfrun.perfcollector <> - PERF_STAT : "     0.143605910;CPU10;3253;;UNC_M_CAS_COUNT.RD[UNIT4];10239413;100.00;;"
6842 [139721527260864] INFO perfrun.perfcollector <> - PERF_STAT : "     0.143605910;CPU0;1364;;UNC_M_CAS_COUNT.RD[UNIT5];10240034;100.00;;"
6842 [139721527260864] INFO perfrun.perfcollector <> - PERF_STAT : "     0.143605910;CPU10;3754;;UNC_M_CAS_COUNT.RD[UNIT5];10232148;100.00;;"
6842 [139721527260864] INFO perfrun.perfcollector <> - PERF_STAT : "     0.143605910;CPU0;252;;UNC_M_CAS_COUNT.WR[UNIT0];10239974;100.00;;"
6842 [139721527260864] INFO perfrun.perfcollector <> - PERF_STAT : "     0.143605910;CPU10;904;;UNC_M_CAS_COUNT.WR[UNIT0];10232046;100.00;;"
6842 [139721527260864] INFO perfrun.perfcollector <> - PERF_STAT : "     0.143605910;CPU0;743;;UNC_M_CAS_COUNT.WR[UNIT1];10240109;100.00;;"
6842 [139721527260864] INFO perfrun.perfcollector <> - PERF_STAT : "     0.143605910;CPU10;1426;;UNC_M_CAS_COUNT.WR[UNIT1];10232123;100.00;;"
6842 [139721527260864] INFO perfrun.perfcollector <> - PERF_STAT : "     0.143605910;CPU0;223;;UNC_M_CAS_COUNT.WR[UNIT4];10240088;100.00;;"
6842 [139721527260864] INFO perfrun.perfcollector <> - PERF_STAT : "     0.143605910;CPU10;931;;UNC_M_CAS_COUNT.WR[UNIT4];10231967;100.00;;"
6842 [139721527260864] INFO perfrun.perfcollector <> - PERF_STAT : "     0.143605910;CPU0;759;;UNC_M_CAS_COUNT.WR[UNIT5];10240082;100.00;;"
6842 [139721527260864] INFO perfrun.perfcollector <> - PERF_STAT : "     0.143605910;CPU10;1406;;UNC_M_CAS_COUNT.WR[UNIT5];10231803;100.00;;"
6852 [139721527260864] INFO perfrun.perfcollector <> - PERF_STAT : "     0.153837851;CPU0;1157;;UNC_M_CAS_COUNT.RD[UNIT0];10232005;100.00;;"
6852 [139721527260864] INFO perfrun.perfcollector <> - PERF_STAT : "     0.153837851;CPU10;1728;;UNC_M_CAS_COUNT.RD[UNIT0];10232238;100.00;;"
6852 [139721527260864] INFO perfrun.perfcollector <> - PERF_STAT : "     0.153837851;CPU0;1654;;UNC_M_CAS_COUNT.RD[UNIT1];10232001;100.00;;"
6852 [139721527260864] INFO perfrun.perfcollector <> - PERF_STAT : "     0.153837851;CPU10;2221;;UNC_M_CAS_COUNT.RD[UNIT1];10232205;100.00;;"
6852 [139721527260864] INFO perfrun.perfcollector <> - PERF_STAT : "     0.153837851;CPU0;1155;;UNC_M_CAS_COUNT.RD[UNIT4];10232005;100.00;;"
6852 [139721527260864] INFO perfrun.perfcollector <> - PERF_STAT : "     0.153837851;CPU10;1735;;UNC_M_CAS_COUNT.RD[UNIT4];10232259;100.00;;"
6852 [139721527260864] INFO perfrun.perfcollector <> - PERF_STAT : "     0.153837851;CPU0;1664;;UNC_M_CAS_COUNT.RD[UNIT5];10231950;100.00;;"
6852 [139721527260864] INFO perfrun.perfcollector <> - PERF_STAT : "     0.153837851;CPU10;2246;;UNC_M_CAS_COUNT.RD[UNIT5];10232423;100.00;;"
6852 [139721527260864] INFO perfrun.perfcollector <> - PERF_STAT : "     0.153837851;CPU0;201;;UNC_M_CAS_COUNT.WR[UNIT0];10232019;100.00;;"
6852 [139721527260864] INFO perfrun.perfcollector <> - PERF_STAT : "     0.153837851;CPU10;671;;UNC_M_CAS_COUNT.WR[UNIT0];10232382;100.00;;"
6852 [139721527260864] INFO perfrun.perfcollector <> - PERF_STAT : "     0.153837851;CPU0;718;;UNC_M_CAS_COUNT.WR[UNIT1];10231868;100.00;;"
6852 [139721527260864] INFO perfrun.perfcollector <> - PERF_STAT : "     0.153837851;CPU10;1190;;UNC_M_CAS_COUNT.WR[UNIT1];10232229;100.00;;"
6852 [139721527260864] INFO perfrun.perfcollector <> - PERF_STAT : "     0.153837851;CPU0;179;;UNC_M_CAS_COUNT.WR[UNIT4];10231869;100.00;;"
6852 [139721527260864] INFO perfrun.perfcollector <> - PERF_STAT : "     0.153837851;CPU10;630;;UNC_M_CAS_COUNT.WR[UNIT4];10232233;100.00;;"
6852 [139721527260864] INFO perfrun.perfcollector <> - PERF_STAT : "     0.153837851;CPU0;727;;UNC_M_CAS_COUNT.WR[UNIT5];10231889;100.00;;"
6852 [139721527260864] INFO perfrun.perfcollector <> - PERF_STAT : "     0.153837851;CPU10;1193;;UNC_M_CAS_COUNT.WR[UNIT5];10232227;100.00;;"
6862 [139721527260864] INFO perfrun.perfcollector <> - PERF_STAT : "     0.164073728;CPU0;921;;UNC_M_CAS_COUNT.RD[UNIT0];10236711;100.00;;"
6862 [139721527260864] INFO perfrun.perfcollector <> - PERF_STAT : "     0.164073728;CPU10;1137;;UNC_M_CAS_COUNT.RD[UNIT0];10235668;100.00;;"
6862 [139721527260864] INFO perfrun.perfcollector <> - PERF_STAT : "     0.164073728;CPU0;1421;;UNC_M_CAS_COUNT.RD[UNIT1];10236609;100.00;;"
6862 [139721527260864] INFO perfrun.perfcollector <> - PERF_STAT : "     0.164073728;CPU10;1609;;UNC_M_CAS_COUNT.RD[UNIT1];10235637;100.00;;"
6862 [139721527260864] INFO perfrun.perfcollector <> - PERF_STAT : "     0.164073728;CPU0;932;;UNC_M_CAS_COUNT.RD[UNIT4];10236623;100.00;;"
6862 [139721527260864] INFO perfrun.perfcollector <> - PERF_STAT : "     0.164073728;CPU10;1199;;UNC_M_CAS_COUNT.RD[UNIT4];10235559;100.00;;"
6862 [139721527260864] INFO perfrun.perfcollector <> - PERF_STAT : "     0.164073728;CPU0;1474;;UNC_M_CAS_COUNT.RD[UNIT5];10236493;100.00;;"
6862 [139721527260864] INFO perfrun.perfcollector <> - PERF_STAT : "     0.164073728;CPU10;1695;;UNC_M_CAS_COUNT.RD[UNIT5];10235367;100.00;;"
6862 [139721527260864] INFO perfrun.perfcollector <> - PERF_STAT : "     0.164073728;CPU0;106;;UNC_M_CAS_COUNT.WR[UNIT0];10236422;100.00;;"
6862 [139721527260864] INFO perfrun.perfcollector <> - PERF_STAT : "     0.164073728;CPU10;508;;UNC_M_CAS_COUNT.WR[UNIT0];10235268;100.00;;"
6862 [139721527260864] INFO perfrun.perfcollector <> - PERF_STAT : "     0.164073728;CPU0;654;;UNC_M_CAS_COUNT.WR[UNIT1];10236427;100.00;;"
6862 [139721527260864] INFO perfrun.perfcollector <> - PERF_STAT : "     0.164073728;CPU10;1032;;UNC_M_CAS_COUNT.WR[UNIT1];10235251;100.00;;"
6862 [139721527260864] INFO perfrun.perfcollector <> - PERF_STAT : "     0.164073728;CPU0;98;;UNC_M_CAS_COUNT.WR[UNIT4];10236417;100.00;;"
6862 [139721527260864] INFO perfrun.perfcollector <> - PERF_STAT : "     0.164073728;CPU10;515;;UNC_M_CAS_COUNT.WR[UNIT4];10235227;100.00;;"
6862 [139721527260864] INFO perfrun.perfcollector <> - PERF_STAT : "     0.164073728;CPU0;646;;UNC_M_CAS_COUNT.WR[UNIT5];10236392;100.00;;"
6862 [139721527260864] INFO perfrun.perfcollector <> - PERF_STAT : "     0.164073728;CPU10;1039;;UNC_M_CAS_COUNT.WR[UNIT5];10235204;100.00;;"
6872 [139721527260864] INFO perfrun.perfcollector <> - PERF_STAT : "     0.174303923;CPU0;1362;;UNC_M_CAS_COUNT.RD[UNIT0];10228961;100.00;;"
6872 [139721527260864] INFO perfrun.perfcollector <> - PERF_STAT : "     0.174303923;CPU10;582;;UNC_M_CAS_COUNT.RD[UNIT0];10229660;100.00;;"
6872 [139721527260864] INFO perfrun.perfcollector <> - PERF_STAT : "     0.174303923;CPU0;1866;;UNC_M_CAS_COUNT.RD[UNIT1];10228933;100.00;;"
6872 [139721527260864] INFO perfrun.perfcollector <> - PERF_STAT : "     0.174303923;CPU10;1052;;UNC_M_CAS_COUNT.RD[UNIT1];10229640;100.00;;"
6872 [139721527260864] INFO perfrun.perfcollector <> - PERF_STAT : "     0.174303923;CPU0;1368;;UNC_M_CAS_COUNT.RD[UNIT4];10228910;100.00;;"
6872 [139721527260864] INFO perfrun.perfcollector <> - PERF_STAT : "     0.174303923;CPU10;592;;UNC_M_CAS_COUNT.RD[UNIT4];10229649;100.00;;"
6872 [139721527260864] INFO perfrun.perfcollector <> - PERF_STAT : "     0.174303923;CPU0;1906;;UNC_M_CAS_COUNT.RD[UNIT5];10228998;100.00;;"
6872 [139721527260864] INFO perfrun.perfcollector <> - PERF_STAT : "     0.174303923;CPU10;1106;;UNC_M_CAS_COUNT.RD[UNIT5];10229764;100.00;;"
6872 [139721527260864] INFO perfrun.perfcollector <> - PERF_STAT : "     0.174303923;CPU0;101;;UNC_M_CAS_COUNT.WR[UNIT0];10228987;100.00;;"
6872 [139721527260864] INFO perfrun.perfcollector <> - PERF_STAT : "     0.174303923;CPU10;495;;UNC_M_CAS_COUNT.WR[UNIT0];10229778;100.00;;"
6872 [139721527260864] INFO perfrun.perfcollector <> - PERF_STAT : "     0.174303923;CPU0;641;;UNC_M_CAS_COUNT.WR[UNIT1];10228981;100.00;;"
6872 [139721527260864] INFO perfrun.perfcollector <> - PERF_STAT : "     0.174303923;CPU10;1013;;UNC_M_CAS_COUNT.WR[UNIT1];10229781;100.00;;"
6872 [139721527260864] INFO perfrun.perfcollector <> - PERF_STAT : "     0.174303923;CPU0;119;;UNC_M_CAS_COUNT.WR[UNIT4];10228995;100.00;;"
6872 [139721527260864] INFO perfrun.perfcollector <> - PERF_STAT : "     0.174303923;CPU10;535;;UNC_M_CAS_COUNT.WR[UNIT4];10229789;100.00;;"
6872 [139721527260864] INFO perfrun.perfcollector <> - PERF_STAT : "     0.174303923;CPU0;663;;UNC_M_CAS_COUNT.WR[UNIT5];10229058;100.00;;"
6872 [139721527260864] INFO perfrun.perfcollector <> - PERF_STAT : "     0.174303923;CPU10;997;;UNC_M_CAS_COUNT.WR[UNIT5];10229898;100.00;;"
6882 [139721527260864] INFO perfrun.perfcollector <> - PERF_STAT : "     0.184534130;CPU0;1343;;UNC_M_CAS_COUNT.RD[UNIT0];10230287;100.00;;"
6882 [139721527260864] INFO perfrun.perfcollector <> - PERF_STAT : "     0.184534130;CPU10;145;;UNC_M_CAS_COUNT.RD[UNIT0];10229484;100.00;;"
6882 [139721527260864] INFO perfrun.perfcollector <> - PERF_STAT : "     0.184534130;CPU0;1862;;UNC_M_CAS_COUNT.RD[UNIT1];10230290;100.00;;"
6882 [139721527260864] INFO perfrun.perfcollector <> - PERF_STAT : "     0.184534130;CPU10;652;;UNC_M_CAS_COUNT.RD[UNIT1];10229655;100.00;;"
6882 [139721527260864] INFO perfrun.perfcollector <> - PERF_STAT : "     0.184534130;CPU0;1320;;UNC_M_CAS_COUNT.RD[UNIT4];10230478;100.00;;"
6883 [139721527260864] INFO perfrun.perfcollector <> - PERF_STAT : "     0.184534130;CPU10;170;;UNC_M_CAS_COUNT.RD[UNIT4];10229656;100.00;;"
6883 [139721527260864] INFO perfrun.perfcollector <> - PERF_STAT : "     0.184534130;CPU0;1880;;UNC_M_CAS_COUNT.RD[UNIT5];10230415;100.00;;"
6883 [139721527260864] INFO perfrun.perfcollector <> - PERF_STAT : "     0.184534130;CPU10;680;;UNC_M_CAS_COUNT.RD[UNIT5];10229545;100.00;;"
6883 [139721527260864] INFO perfrun.perfcollector <> - PERF_STAT : "     0.184534130;CPU0;60;;UNC_M_CAS_COUNT.WR[UNIT0];10230409;100.00;;"
6883 [139721527260864] INFO perfrun.perfcollector <> - PERF_STAT : "     0.184534130;CPU10;295;;UNC_M_CAS_COUNT.WR[UNIT0];10229551;100.00;;"
6883 [139721527260864] INFO perfrun.perfcollector <> - PERF_STAT : "     0.184534130;CPU0;586;;UNC_M_CAS_COUNT.WR[UNIT1];10230412;100.00;;"
6883 [139721527260864] INFO perfrun.perfcollector <> - PERF_STAT : "     0.184534130;CPU10;808;;UNC_M_CAS_COUNT.WR[UNIT1];10229541;100.00;;"
6883 [139721527260864] INFO perfrun.perfcollector <> - PERF_STAT : "     0.184534130;CPU0;55;;UNC_M_CAS_COUNT.WR[UNIT4];10230430;100.00;;"
6883 [139721527260864] INFO perfrun.perfcollector <> - PERF_STAT : "     0.184534130;CPU10;298;;UNC_M_CAS_COUNT.WR[UNIT4];10229544;100.00;;"
6883 [139721527260864] INFO perfrun.perfcollector <> - PERF_STAT : "     0.184534130;CPU0;607;;UNC_M_CAS_COUNT.WR[UNIT5];10230370;100.00;;"
6883 [139721527260864] INFO perfrun.perfcollector <> - PERF_STAT : "     0.184534130;CPU10;802;;UNC_M_CAS_COUNT.WR[UNIT5];10229465;100.00;;"
6893 [139721527260864] INFO perfrun.perfcollector <> - PERF_STAT : "     0.194765718;CPU0;1603;;UNC_M_CAS_COUNT.RD[UNIT0];10232169;100.00;;"
6893 [139721527260864] INFO perfrun.perfcollector <> - PERF_STAT : "     0.194765718;CPU10;307;;UNC_M_CAS_COUNT.RD[UNIT0];10233589;100.00;;"
6893 [139721527260864] INFO perfrun.perfcollector <> - PERF_STAT : "     0.194765718;CPU0;2094;;UNC_M_CAS_COUNT.RD[UNIT1];10232280;100.00;;"
6893 [139721527260864] INFO perfrun.perfcollector <> - PERF_STAT : "     0.194765718;CPU10;803;;UNC_M_CAS_COUNT.RD[UNIT1];10233482;100.00;;"
6893 [139721527260864] INFO perfrun.perfcollector <> - PERF_STAT : "     0.194765718;CPU0;1591;;UNC_M_CAS_COUNT.RD[UNIT4];10232230;100.00;;"
6893 [139721527260864] INFO perfrun.perfcollector <> - PERF_STAT : "     0.194765718;CPU10;364;;UNC_M_CAS_COUNT.RD[UNIT4];10233558;100.00;;"
6893 [139721527260864] INFO perfrun.perfcollector <> - PERF_STAT : "     0.194765718;CPU0;2152;;UNC_M_CAS_COUNT.RD[UNIT5];10232226;100.00;;"
6893 [139721527260864] INFO perfrun.perfcollector <> - PERF_STAT : "     0.194765718;CPU10;890;;UNC_M_CAS_COUNT.RD[UNIT5];10233587;100.00;;"
6893 [139721527260864] INFO perfrun.perfcollector <> - PERF_STAT : "     0.194765718;CPU0;125;;UNC_M_CAS_COUNT.WR[UNIT0];10232234;100.00;;"
6893 [139721527260864] INFO perfrun.perfcollector <> - PERF_STAT : "     0.194765718;CPU10;461;;UNC_M_CAS_COUNT.WR[UNIT0];10233663;100.00;;"
6893 [139721527260864] INFO perfrun.perfcollector <> - PERF_STAT : "     0.194765718;CPU0;676;;UNC_M_CAS_COUNT.WR[UNIT1];10232236;100.00;;"
6893 [139721527260864] INFO perfrun.perfcollector <> - PERF_STAT : "     0.194765718;CPU10;1001;;UNC_M_CAS_COUNT.WR[UNIT1];10233778;100.00;;"
6893 [139721527260864] INFO perfrun.perfcollector <> - PERF_STAT : "     0.194765718;CPU0;119;;UNC_M_CAS_COUNT.WR[UNIT4];10232212;100.00;;"
6893 [139721527260864] INFO perfrun.perfcollector <> - PERF_STAT : "     0.194765718;CPU10;465;;UNC_M_CAS_COUNT.WR[UNIT4];10233770;100.00;;"
6893 [139721527260864] INFO perfrun.perfcollector <> - PERF_STAT : "     0.194765718;CPU0;667;;UNC_M_CAS_COUNT.WR[UNIT5];10232278;100.00;;"
6893 [139721527260864] INFO perfrun.perfcollector <> - PERF_STAT : "     0.194765718;CPU10;1020;;UNC_M_CAS_COUNT.WR[UNIT5];10233751;100.00;;"
6903 [139721527260864] INFO perfrun.perfcollector <> - PERF_STAT : "     0.204976181;CPU0;9993;;UNC_M_CAS_COUNT.RD[UNIT0];10194429;100.00;;"
6903 [139721527260864] INFO perfrun.perfcollector <> - PERF_STAT : "     0.204976181;CPU10;3894;;UNC_M_CAS_COUNT.RD[UNIT0];10195932;100.00;;"
6903 [139721527260864] INFO perfrun.perfcollector <> - PERF_STAT : "     0.204976181;CPU0;10569;;UNC_M_CAS_COUNT.RD[UNIT1];10194701;100.00;;"
6903 [139721527260864] INFO perfrun.perfcollector <> - PERF_STAT : "     0.204976181;CPU10;3094;;UNC_M_CAS_COUNT.RD[UNIT1];10196300;100.00;;"
6903 [139721527260864] INFO perfrun.perfcollector <> - PERF_STAT : "     0.204976181;CPU0;10860;;UNC_M_CAS_COUNT.RD[UNIT4];10194724;100.00;;"
6903 [139721527260864] INFO perfrun.perfcollector <> - PERF_STAT : "     0.204976181;CPU10;2839;;UNC_M_CAS_COUNT.RD[UNIT4];10196514;100.00;;"
6903 [139721527260864] INFO perfrun.perfcollector <> - PERF_STAT : "     0.204976181;CPU0;12650;;UNC_M_CAS_COUNT.RD[UNIT5];10194992;100.00;;"
6903 [139721527260864] INFO perfrun.perfcollector <> - PERF_STAT : "     0.204976181;CPU10;3283;;UNC_M_CAS_COUNT.RD[UNIT5];10196756;100.00;;"
6903 [139721527260864] INFO perfrun.perfcollector <> - PERF_STAT : "     0.204976181;CPU0;1618;;UNC_M_CAS_COUNT.WR[UNIT0];10195106;100.00;;"
6903 [139721527260864] INFO perfrun.perfcollector <> - PERF_STAT : "     0.204976181;CPU10;7518;;UNC_M_CAS_COUNT.WR[UNIT0];10196789;100.00;;"
6903 [139721527260864] INFO perfrun.perfcollector <> - PERF_STAT : "     0.204976181;CPU0;2188;;UNC_M_CAS_COUNT.WR[UNIT1];10195257;100.00;;"
6903 [139721527260864] INFO perfrun.perfcollector <> - PERF_STAT : "     0.204976181;CPU10;7674;;UNC_M_CAS_COUNT.WR[UNIT1];10196926;100.00;;"
6903 [139721527260864] INFO perfrun.perfcollector <> - PERF_STAT : "     0.204976181;CPU0;2031;;UNC_M_CAS_COUNT.WR[UNIT4];10195428;100.00;;"
6903 [139721527260864] INFO perfrun.perfcollector <> - PERF_STAT : "     0.204976181;CPU10;7112;;UNC_M_CAS_COUNT.WR[UNIT4];10197166;100.00;;"
6903 [139721527260864] INFO perfrun.perfcollector <> - PERF_STAT : "     0.204976181;CPU0;2780;;UNC_M_CAS_COUNT.WR[UNIT5];10195616;100.00;;"
6903 [139721527260864] INFO perfrun.perfcollector <> - PERF_STAT : "     0.204976181;CPU10;7741;;UNC_M_CAS_COUNT.WR[UNIT5];10197343;100.00;;"
6913 [139721527260864] INFO perfrun.perfcollector <> - PERF_STAT : "     0.215175506;CPU0;266;;UNC_M_CAS_COUNT.RD[UNIT0];10215297;100.00;;"
6913 [139721527260864] INFO perfrun.perfcollector <> - PERF_STAT : "     0.215175506;CPU10;320;;UNC_M_CAS_COUNT.RD[UNIT0];10215685;100.00;;"
6913 [139721527260864] INFO perfrun.perfcollector <> - PERF_STAT : "     0.215175506;CPU0;740;;UNC_M_CAS_COUNT.RD[UNIT1];10215229;100.00;;"
6913 [139721527260864] INFO perfrun.perfcollector <> - PERF_STAT : "     0.215175506;CPU10;781;;UNC_M_CAS_COUNT.RD[UNIT1];10214988;100.00;;"
6913 [139721527260864] INFO perfrun.perfcollector <> - PERF_STAT : "     0.215175506;CPU0;262;;UNC_M_CAS_COUNT.RD[UNIT4];10215284;100.00;;"
6913 [139721527260864] INFO perfrun.perfcollector <> - PERF_STAT : "     0.215175506;CPU10;399;;UNC_M_CAS_COUNT.RD[UNIT4];10214842;100.00;;"
6913 [139721527260864] INFO perfrun.perfcollector <> - PERF_STAT : "     0.215175506;CPU0;804;;UNC_M_CAS_COUNT.RD[UNIT5];10215286;100.00;;"
6913 [139721527260864] INFO perfrun.perfcollector <> - PERF_STAT : "     0.215175506;CPU10;841;;UNC_M_CAS_COUNT.RD[UNIT5];10214717;100.00;;"
6913 [139721527260864] INFO perfrun.perfcollector <> - PERF_STAT : "     0.215175506;CPU0;67;;UNC_M_CAS_COUNT.WR[UNIT0];10215490;100.00;;"
6913 [139721527260864] INFO perfrun.perfcollector <> - PERF_STAT : "     0.215175506;CPU10;78;;UNC_M_CAS_COUNT.WR[UNIT0];10214764;100.00;;"
6913 [139721527260864] INFO perfrun.perfcollector <> - PERF_STAT : "     0.215175506;CPU0;584;;UNC_M_CAS_COUNT.WR[UNIT1];10215529;100.00;;"
6913 [139721527260864] INFO perfrun.perfcollector <> - PERF_STAT : "     0.215175506;CPU10;586;;UNC_M_CAS_COUNT.WR[UNIT1];10214721;100.00;;"
6913 [139721527260864] INFO perfrun.perfcollector <> - PERF_STAT : "     0.215175506;CPU0;70;;UNC_M_CAS_COUNT.WR[UNIT4];10215579;100.00;;"
6913 [139721527260864] INFO perfrun.perfcollector <> - PERF_STAT : "     0.215175506;CPU10;89;;UNC_M_CAS_COUNT.WR[UNIT4];10214601;100.00;;"
6913 [139721527260864] INFO perfrun.perfcollector <> - PERF_STAT : "     0.215175506;CPU0;610;;UNC_M_CAS_COUNT.WR[UNIT5];10215559;100.00;;"
6913 [139721527260864] INFO perfrun.perfcollector <> - PERF_STAT : "     0.215175506;CPU10;609;;UNC_M_CAS_COUNT.WR[UNIT5];10214556;100.00;;"
6923 [139721527260864] INFO perfrun.perfcollector <> - PERF_STAT : "     0.225381931;CPU0;200;;UNC_M_CAS_COUNT.RD[UNIT0];10205712;100.00;;"
6923 [139721527260864] INFO perfrun.perfcollector <> - PERF_STAT : "     0.225381931;CPU10;310;;UNC_M_CAS_COUNT.RD[UNIT0];10208204;100.00;;"
6923 [139721527260864] INFO perfrun.perfcollector <> - PERF_STAT : "     0.225381931;CPU0;729;;UNC_M_CAS_COUNT.RD[UNIT1];10205812;100.00;;"
6923 [139721527260864] INFO perfrun.perfcollector <> - PERF_STAT : "     0.225381931;CPU10;802;;UNC_M_CAS_COUNT.RD[UNIT1];10208191;100.00;;"
6923 [139721527260864] INFO perfrun.perfcollector <> - PERF_STAT : "     0.225381931;CPU0;216;;UNC_M_CAS_COUNT.RD[UNIT4];10205914;100.00;;"
6923 [139721527260864] INFO perfrun.perfcollector <> - PERF_STAT : "     0.225381931;CPU10;444;;UNC_M_CAS_COUNT.RD[UNIT4];10208109;100.00;;"
6923 [139721527260864] INFO perfrun.perfcollector <> - PERF_STAT : "     0.225381931;CPU0;748;;UNC_M_CAS_COUNT.RD[UNIT5];10205843;100.00;;"
6923 [139721527260864] INFO perfrun.perfcollector <> - PERF_STAT : "     0.225381931;CPU10;932;;UNC_M_CAS_COUNT.RD[UNIT5];10208108;100.00;;"
6923 [139721527260864] INFO perfrun.perfcollector <> - PERF_STAT : "     0.225381931;CPU0;40;;UNC_M_CAS_COUNT.WR[UNIT0];10205774;100.00;;"
6923 [139721527260864] INFO perfrun.perfcollector <> - PERF_STAT : "     0.225381931;CPU10;86;;UNC_M_CAS_COUNT.WR[UNIT0];10208263;100.00;;"
6923 [139721527260864] INFO perfrun.perfcollector <> - PERF_STAT : "     0.225381931;CPU0;580;;UNC_M_CAS_COUNT.WR[UNIT1];10205837;100.00;;"
6923 [139721527260864] INFO perfrun.perfcollector <> - PERF_STAT : "     0.225381931;CPU10;581;;UNC_M_CAS_COUNT.WR[UNIT1];10208271;100.00;;"
6923 [139721527260864] INFO perfrun.perfcollector <> - PERF_STAT : "     0.225381931;CPU0;58;;UNC_M_CAS_COUNT.WR[UNIT4];10205922;100.00;;"
6923 [139721527260864] INFO perfrun.perfcollector <> - PERF_STAT : "     0.225381931;CPU10;90;;UNC_M_CAS_COUNT.WR[UNIT4];10208258;100.00;;"
6923 [139721527260864] INFO perfrun.perfcollector <> - PERF_STAT : "     0.225381931;CPU0;596;;UNC_M_CAS_COUNT.WR[UNIT5];10206029;100.00;;"
6923 [139721527260864] INFO perfrun.perfcollector <> - PERF_STAT : "     0.225381931;CPU10;605;;UNC_M_CAS_COUNT.WR[UNIT5];10208211;100.00;;"
6934 [139721527260864] INFO perfrun.perfcollector <> - PERF_STAT : "     0.235640352;CPU0;176;;UNC_M_CAS_COUNT.RD[UNIT0];10289749;100.00;;"
6934 [139721527260864] INFO perfrun.perfcollector <> - PERF_STAT : "     0.235640352;CPU10;310;;UNC_M_CAS_COUNT.RD[UNIT0];10286958;100.00;;"
6934 [139721527260864] INFO perfrun.perfcollector <> - PERF_STAT : "     0.235640352;CPU0;720;;UNC_M_CAS_COUNT.RD[UNIT1];10289326;100.00;;"
6934 [139721527260864] INFO perfrun.perfcollector <> - PERF_STAT : "     0.235640352;CPU10;703;;UNC_M_CAS_COUNT.RD[UNIT1];10287232;100.00;;"
6934 [139721527260864] INFO perfrun.perfcollector <> - PERF_STAT : "     0.235640352;CPU0;188;;UNC_M_CAS_COUNT.RD[UNIT4];10289122;100.00;;"
6934 [139721527260864] INFO perfrun.perfcollector <> - PERF_STAT : "     0.235640352;CPU10;373;;UNC_M_CAS_COUNT.RD[UNIT4];10287304;100.00;;"
6934 [139721527260864] INFO perfrun.perfcollector <> - PERF_STAT : "     0.235640352;CPU0;711;;UNC_M_CAS_COUNT.RD[UNIT5];10288917;100.00;;"
6934 [139721527260864] INFO perfrun.perfcollector <> - PERF_STAT : "     0.235640352;CPU10;785;;UNC_M_CAS_COUNT.RD[UNIT5];10287233;100.00;;"
6934 [139721527260864] INFO perfrun.perfcollector <> - PERF_STAT : "     0.235640352;CPU0;41;;UNC_M_CAS_COUNT.WR[UNIT0];10288760;100.00;;"
6934 [139721527260864] INFO perfrun.perfcollector <> - PERF_STAT : "     0.235640352;CPU10;67;;UNC_M_CAS_COUNT.WR[UNIT0];10286913;100.00;;"
6934 [139721527260864] INFO perfrun.perfcollector <> - PERF_STAT : "     0.235640352;CPU0;585;;UNC_M_CAS_COUNT.WR[UNIT1];10288738;100.00;;"
6934 [139721527260864] INFO perfrun.perfcollector <> - PERF_STAT : "     0.235640352;CPU10;493;;UNC_M_CAS_COUNT.WR[UNIT1];10286788;100.00;;"
6934 [139721527260864] INFO perfrun.perfcollector <> - PERF_STAT : "     0.235640352;CPU0;51;;UNC_M_CAS_COUNT.WR[UNIT4];10288539;100.00;;"
6934 [139721527260864] INFO perfrun.perfcollector <> - PERF_STAT : "     0.235640352;CPU10;96;;UNC_M_CAS_COUNT.WR[UNIT4];10286689;100.00;;"
6934 [139721527260864] INFO perfrun.perfcollector <> - PERF_STAT : "     0.235640352;CPU0;586;;UNC_M_CAS_COUNT.WR[UNIT5];10288315;100.00;;"
6934 [139721527260864] INFO perfrun.perfcollector <> - PERF_STAT : "     0.235640352;CPU10;527;;UNC_M_CAS_COUNT.WR[UNIT5];10286612;100.00;;"
6944 [139721527260864] INFO perfrun.perfcollector <> - PERF_STAT : "     0.245905154;CPU0;1678;;UNC_M_CAS_COUNT.RD[UNIT0];10235450;100.00;;"
6944 [139721527260864] INFO perfrun.perfcollector <> - PERF_STAT : "     0.245905154;CPU10;3368;;UNC_M_CAS_COUNT.RD[UNIT0];10234139;100.00;;"
6944 [139721527260864] INFO perfrun.perfcollector <> - PERF_STAT : "     0.245905154;CPU0;2259;;UNC_M_CAS_COUNT.RD[UNIT1];10235520;100.00;;"
6944 [139721527260864] INFO perfrun.perfcollector <> - PERF_STAT : "     0.245905154;CPU10;3780;;UNC_M_CAS_COUNT.RD[UNIT1];10234328;100.00;;"
6944 [139721527260864] INFO perfrun.perfcollector <> - PERF_STAT : "     0.245905154;CPU0;1745;;UNC_M_CAS_COUNT.RD[UNIT4];10235505;100.00;;"
6944 [139721527260864] INFO perfrun.perfcollector <> - PERF_STAT : "     0.245905154;CPU10;3352;;UNC_M_CAS_COUNT.RD[UNIT4];10234331;100.00;;"
6944 [139721527260864] INFO perfrun.perfcollector <> - PERF_STAT : "     0.245905154;CPU0;2300;;UNC_M_CAS_COUNT.RD[UNIT5];10235625;100.00;;"
6944 [139721527260864] INFO perfrun.perfcollector <> - PERF_STAT : "     0.245905154;CPU10;3776;;UNC_M_CAS_COUNT.RD[UNIT5];10234421;100.00;;"
6944 [139721527260864] INFO perfrun.perfcollector <> - PERF_STAT : "     0.245905154;CPU0;5010;;UNC_M_CAS_COUNT.WR[UNIT0];10235559;100.00;;"
6944 [139721527260864] INFO perfrun.perfcollector <> - PERF_STAT : "     0.245905154;CPU10;15345;;UNC_M_CAS_COUNT.WR[UNIT0];10234434;100.00;;"
6944 [139721527260864] INFO perfrun.perfcollector <> - PERF_STAT : "     0.245905154;CPU0;5640;;UNC_M_CAS_COUNT.WR[UNIT1];10235480;100.00;;"
6944 [139721527260864] INFO perfrun.perfcollector <> - PERF_STAT : "     0.245905154;CPU10;16013;;UNC_M_CAS_COUNT.WR[UNIT1];10234418;100.00;;"
6944 [139721527260864] INFO perfrun.perfcollector <> - PERF_STAT : "     0.245905154;CPU0;5076;;UNC_M_CAS_COUNT.WR[UNIT4];10235414;100.00;;"
6944 [139721527260864] INFO perfrun.perfcollector <> - PERF_STAT : "     0.245905154;CPU10;15428;;UNC_M_CAS_COUNT.WR[UNIT4];10234414;100.00;;"
6944 [139721527260864] INFO perfrun.perfcollector <> - PERF_STAT : "     0.245905154;CPU0;5577;;UNC_M_CAS_COUNT.WR[UNIT5];10235300;100.00;;"
6944 [139721527260864] INFO perfrun.perfcollector <> - PERF_STAT : "     0.245905154;CPU10;15737;;UNC_M_CAS_COUNT.WR[UNIT5];10234498;100.00;;"
6954 [139721527260864] INFO perfrun.perfcollector <> - PERF_STAT : "     0.256172125;CPU0;7624;;UNC_M_CAS_COUNT.RD[UNIT0];10369783;100.00;;"
6954 [139721527260864] INFO perfrun.perfcollector <> - PERF_STAT : "     0.256172125;CPU10;10201;;UNC_M_CAS_COUNT.RD[UNIT0];10366899;100.00;;"
6954 [139721527260864] INFO perfrun.perfcollector <> - PERF_STAT : "     0.256172125;CPU0;7805;;UNC_M_CAS_COUNT.RD[UNIT1];10369939;100.00;;"
6954 [139721527260864] INFO perfrun.perfcollector <> - PERF_STAT : "     0.256172125;CPU10;11261;;UNC_M_CAS_COUNT.RD[UNIT1];10367062;100.00;;"
6954 [139721527260864] INFO perfrun.perfcollector <> - PERF_STAT : "     0.256172125;CPU0;6441;;UNC_M_CAS_COUNT.RD[UNIT4];10370036;100.00;;"
6954 [139721527260864] INFO perfrun.perfcollector <> - PERF_STAT : "     0.256172125;CPU10;10444;;UNC_M_CAS_COUNT.RD[UNIT4];10367129;100.00;;"
6954 [139721527260864] INFO perfrun.perfcollector <> - PERF_STAT : "     0.256172125;CPU0;6657;;UNC_M_CAS_COUNT.RD[UNIT5];10370118;100.00;;"
6954 [139721527260864] INFO perfrun.perfcollector <> - PERF_STAT : "     0.256172125;CPU10;10913;;UNC_M_CAS_COUNT.RD[UNIT5];10367214;100.00;;"
6954 [139721527260864] INFO perfrun.perfcollector <> - PERF_STAT : "     0.256172125;CPU0;26843;;UNC_M_CAS_COUNT.WR[UNIT0];10370314;100.00;;"
6954 [139721527260864] INFO perfrun.perfcollector <> - PERF_STAT : "     0.256172125;CPU10;27681;;UNC_M_CAS_COUNT.WR[UNIT0];10367364;100.00;;"
6954 [139721527260864] INFO perfrun.perfcollector <> - PERF_STAT : "     0.256172125;CPU0;27434;;UNC_M_CAS_COUNT.WR[UNIT1];10370376;100.00;;"
6954 [139721527260864] INFO perfrun.perfcollector <> - PERF_STAT : "     0.256172125;CPU10;28367;;UNC_M_CAS_COUNT.WR[UNIT1];10367293;100.00;;"
6954 [139721527260864] INFO perfrun.perfcollector <> - PERF_STAT : "     0.256172125;CPU0;26640;;UNC_M_CAS_COUNT.WR[UNIT4];10370448;100.00;;"
6954 [139721527260864] INFO perfrun.perfcollector <> - PERF_STAT : "     0.256172125;CPU10;27642;;UNC_M_CAS_COUNT.WR[UNIT4];10367289;100.00;;"
6954 [139721527260864] INFO perfrun.perfcollector <> - PERF_STAT : "     0.256172125;CPU0;27168;;UNC_M_CAS_COUNT.WR[UNIT5];10370601;100.00;;"
6954 [139721527260864] INFO perfrun.perfcollector <> - PERF_STAT : "     0.256172125;CPU10;28296;;UNC_M_CAS_COUNT.WR[UNIT5];10367423;100.00;;"
6963 [139721932821184] INFO perfrun.launcher <> - Launcher: all plugins were started
6963 [139721932821184] INFO perfrun.launcher <> - DirectoryMonitor object was created
6963 [139721932821184] INFO perfrun.launcher <> - DirectoryMonitor: a callback was added
6963 [139721932821184] INFO perfrun.launcher <> - DirectoryMonitor was started with pingTime = 1000
6963 [139721932821184] INFO perfrun.launcher <> - DeadlineTimer is going to be constructed
6963 [139721932821184] INFO perfrun.launcher <> - DeadlineTimer: a callback was added
6964 [139721527260864] INFO perfrun.perfcollector <> - PERF_STAT : "     0.266499448;CPU0;10639;;UNC_M_CAS_COUNT.RD[UNIT0];10244851;100.00;;"
6964 [139721527260864] INFO perfrun.perfcollector <> - PERF_STAT : "     0.266499448;CPU10;5700;;UNC_M_CAS_COUNT.RD[UNIT0];10270866;100.00;;"
6964 [139721527260864] INFO perfrun.perfcollector <> - PERF_STAT : "     0.266499448;CPU0;12157;;UNC_M_CAS_COUNT.RD[UNIT1];10256078;100.00;;"
6964 [139721527260864] INFO perfrun.perfcollector <> - PERF_STAT : "     0.266499448;CPU10;6011;;UNC_M_CAS_COUNT.RD[UNIT1];10270568;100.00;;"
6964 [139721527260864] INFO perfrun.perfcollector <> - PERF_STAT : "     0.266499448;CPU0;9927;;UNC_M_CAS_COUNT.RD[UNIT4];10256073;100.00;;"
6965 [139721527260864] INFO perfrun.perfcollector <> - PERF_STAT : "     0.266499448;CPU10;5963;;UNC_M_CAS_COUNT.RD[UNIT4];10270360;100.00;;"
6965 [139721527260864] INFO perfrun.perfcollector <> - PERF_STAT : "     0.266499448;CPU0;12845;;UNC_M_CAS_COUNT.RD[UNIT5];10255870;100.00;;"
6965 [139721527260864] INFO perfrun.perfcollector <> - PERF_STAT : "     0.266499448;CPU10;6168;;UNC_M_CAS_COUNT.RD[UNIT5];10270113;100.00;;"
6965 [139721527260864] INFO perfrun.perfcollector <> - PERF_STAT : "     0.266499448;CPU0;6663;;UNC_M_CAS_COUNT.WR[UNIT0];10255858;100.00;;"
6965 [139721527260864] INFO perfrun.perfcollector <> - PERF_STAT : "     0.266499448;CPU10;783;;UNC_M_CAS_COUNT.WR[UNIT0];10269951;100.00;;"
6965 [139721527260864] INFO perfrun.perfcollector <> - PERF_STAT : "     0.266499448;CPU0;7045;;UNC_M_CAS_COUNT.WR[UNIT1];10255727;100.00;;"
6965 [139721527260864] INFO perfrun.perfcollector <> - PERF_STAT : "     0.266499448;CPU10;1093;;UNC_M_CAS_COUNT.WR[UNIT1];10269950;100.00;;"
6965 [139721527260864] INFO perfrun.perfcollector <> - PERF_STAT : "     0.266499448;CPU0;6333;;UNC_M_CAS_COUNT.WR[UNIT4];10255718;100.00;;"
6965 [139721527260864] INFO perfrun.perfcollector <> - PERF_STAT : "     0.266499448;CPU10;874;;UNC_M_CAS_COUNT.WR[UNIT4];10269971;100.00;;"
6965 [139721527260864] INFO perfrun.perfcollector <> - PERF_STAT : "     0.266499448;CPU0;7440;;UNC_M_CAS_COUNT.WR[UNIT5];10255646;100.00;;"
6965 [139721527260864] INFO perfrun.perfcollector <> - PERF_STAT : "     0.266499448;CPU10;1194;;UNC_M_CAS_COUNT.WR[UNIT5];10269762;100.00;;"
6975 [139721527260864] INFO perfrun.perfcollector <> - PERF_STAT : "     0.276804502;CPU0;756;;UNC_M_CAS_COUNT.RD[UNIT0];10300539;100.00;;"
6975 [139721527260864] INFO perfrun.perfcollector <> - PERF_STAT : "     0.276804502;CPU10;400;;UNC_M_CAS_COUNT.RD[UNIT0];10308571;100.00;;"
6975 [139721527260864] INFO perfrun.perfcollector <> - PERF_STAT : "     0.276804502;CPU0;1150;;UNC_M_CAS_COUNT.RD[UNIT1];10292186;100.00;;"
6975 [139721527260864] INFO perfrun.perfcollector <> - PERF_STAT : "     0.276804502;CPU10;448;;UNC_M_CAS_COUNT.RD[UNIT1];10308623;100.00;;"
6975 [139721527260864] INFO perfrun.perfcollector <> - PERF_STAT : "     0.276804502;CPU0;765;;UNC_M_CAS_COUNT.RD[UNIT4];10294073;100.00;;"
6975 [139721527260864] INFO perfrun.perfcollector <> - PERF_STAT : "     0.276804502;CPU10;441;;UNC_M_CAS_COUNT.RD[UNIT4];10308782;100.00;;"
6975 [139721527260864] INFO perfrun.perfcollector <> - PERF_STAT : "     0.276804502;CPU0;1103;;UNC_M_CAS_COUNT.RD[UNIT5];10296058;100.00;;"
6975 [139721527260864] INFO perfrun.perfcollector <> - PERF_STAT : "     0.276804502;CPU10;500;;UNC_M_CAS_COUNT.RD[UNIT5];10308931;100.00;;"
6975 [139721527260864] INFO perfrun.perfcollector <> - PERF_STAT : "     0.276804502;CPU0;603;;UNC_M_CAS_COUNT.WR[UNIT0];10297831;100.00;;"
6975 [139721527260864] INFO perfrun.perfcollector <> - PERF_STAT : "     0.276804502;CPU10;103;;UNC_M_CAS_COUNT.WR[UNIT0];10308968;100.00;;"
6975 [139721527260864] INFO perfrun.perfcollector <> - PERF_STAT : "     0.276804502;CPU0;955;;UNC_M_CAS_COUNT.WR[UNIT1];10299702;100.00;;"
6975 [139721527260864] INFO perfrun.perfcollector <> - PERF_STAT : "     0.276804502;CPU10;194;;UNC_M_CAS_COUNT.WR[UNIT1];10308984;100.00;;"
6975 [139721527260864] INFO perfrun.perfcollector <> - PERF_STAT : "     0.276804502;CPU0;605;;UNC_M_CAS_COUNT.WR[UNIT4];10301480;100.00;;"
6975 [139721527260864] INFO perfrun.perfcollector <> - PERF_STAT : "     0.276804502;CPU10;112;;UNC_M_CAS_COUNT.WR[UNIT4];10309019;100.00;;"
6975 [139721527260864] INFO perfrun.perfcollector <> - PERF_STAT : "     0.276804502;CPU0;968;;UNC_M_CAS_COUNT.WR[UNIT5];10303252;100.00;;"
6975 [139721527260864] INFO perfrun.perfcollector <> - PERF_STAT : "     0.276804502;CPU10;200;;UNC_M_CAS_COUNT.WR[UNIT5];10316383;100.00;;"
6985 [139721527260864] INFO perfrun.perfcollector <> - PERF_STAT : "     0.287099815;CPU0;169;;UNC_M_CAS_COUNT.RD[UNIT0];10303375;100.00;;"
6985 [139721527260864] INFO perfrun.perfcollector <> - PERF_STAT : "     0.287099815;CPU10;274;;UNC_M_CAS_COUNT.RD[UNIT0];10304829;100.00;;"
6985 [139721527260864] INFO perfrun.perfcollector <> - PERF_STAT : "     0.287099815;CPU0;434;;UNC_M_CAS_COUNT.RD[UNIT1];10303412;100.00;;"
6985 [139721527260864] INFO perfrun.perfcollector <> - PERF_STAT : "     0.287099815;CPU10;362;;UNC_M_CAS_COUNT.RD[UNIT1];10304831;100.00;;"
6985 [139721527260864] INFO perfrun.perfcollector <> - PERF_STAT : "     0.287099815;CPU0;176;;UNC_M_CAS_COUNT.RD[UNIT4];10303328;100.00;;"
6985 [139721527260864] INFO perfrun.perfcollector <> - PERF_STAT : "     0.287099815;CPU10;323;;UNC_M_CAS_COUNT.RD[UNIT4];10305011;100.00;;"
6985 [139721527260864] INFO perfrun.perfcollector <> - PERF_STAT : "     0.287099815;CPU0;444;;UNC_M_CAS_COUNT.RD[UNIT5];10303305;100.00;;"
6985 [139721527260864] INFO perfrun.perfcollector <> - PERF_STAT : "     0.287099815;CPU10;414;;UNC_M_CAS_COUNT.RD[UNIT5];10304965;100.00;;"
6985 [139721527260864] INFO perfrun.perfcollector <> - PERF_STAT : "     0.287099815;CPU0;84;;UNC_M_CAS_COUNT.WR[UNIT0];10303308;100.00;;"
6985 [139721527260864] INFO perfrun.perfcollector <> - PERF_STAT : "     0.287099815;CPU10;101;;UNC_M_CAS_COUNT.WR[UNIT0];10304972;100.00;;"
6985 [139721527260864] INFO perfrun.perfcollector <> - PERF_STAT : "     0.287099815;CPU0;361;;UNC_M_CAS_COUNT.WR[UNIT1];10303248;100.00;;"
6985 [139721527260864] INFO perfrun.perfcollector <> - PERF_STAT : "     0.287099815;CPU10;205;;UNC_M_CAS_COUNT.WR[UNIT1];10304984;100.00;;"
6985 [139721527260864] INFO perfrun.perfcollector <> - PERF_STAT : "     0.287099815;CPU0;82;;UNC_M_CAS_COUNT.WR[UNIT4];10303265;100.00;;"
6985 [139721527260864] INFO perfrun.perfcollector <> - PERF_STAT : "     0.287099815;CPU10;108;;UNC_M_CAS_COUNT.WR[UNIT4];10305195;100.00;;"
6985 [139721527260864] INFO perfrun.perfcollector <> - PERF_STAT : "     0.287099815;CPU0;377;;UNC_M_CAS_COUNT.WR[UNIT5];10303485;100.00;;"
6985 [139721527260864] INFO perfrun.perfcollector <> - PERF_STAT : "     0.287099815;CPU10;235;;UNC_M_CAS_COUNT.WR[UNIT5];10297879;100.00;;"
6992 [139721932821184] INFO perfrun.launcher <> - Launcher: resume the profiled application and  wait its termination or stop command
7007 [139721527260864] INFO perfrun.perfcollector <> - PERF_STAT : "     0.297419372;CPU0;5465;;UNC_M_CAS_COUNT.RD[UNIT0];22331654;100.00;;"
7007 [139721527260864] INFO perfrun.perfcollector <> - PERF_STAT : "     0.297419372;CPU10;2139;;UNC_M_CAS_COUNT.RD[UNIT0];22349222;100.00;;"
7007 [139721527260864] INFO perfrun.perfcollector <> - PERF_STAT : "     0.297419372;CPU0;6464;;UNC_M_CAS_COUNT.RD[UNIT1];22328949;100.00;;"
7007 [139721527260864] INFO perfrun.perfcollector <> - PERF_STAT : "     0.297419372;CPU10;2115;;UNC_M_CAS_COUNT.RD[UNIT1];22349313;100.00;;"
7007 [139721527260864] INFO perfrun.perfcollector <> - PERF_STAT : "     0.297419372;CPU0;5497;;UNC_M_CAS_COUNT.RD[UNIT4];22327243;100.00;;"
7007 [139721527260864] INFO perfrun.perfcollector <> - PERF_STAT : "     0.297419372;CPU10;2250;;UNC_M_CAS_COUNT.RD[UNIT4];22349160;100.00;;"
7007 [139721527260864] INFO perfrun.perfcollector <> - PERF_STAT : "     0.297419372;CPU0;6442;;UNC_M_CAS_COUNT.RD[UNIT5];22325493;100.00;;"
7007 [139721527260864] INFO perfrun.perfcollector <> - PERF_STAT : "     0.297419372;CPU10;2259;;UNC_M_CAS_COUNT.RD[UNIT5];22349139;100.00;;"
7007 [139721527260864] INFO perfrun.perfcollector <> - PERF_STAT : "     0.297419372;CPU0;14906;;UNC_M_CAS_COUNT.WR[UNIT0];22323638;100.00;;"
7008 [139721527260864] INFO perfrun.perfcollector <> - PERF_STAT : "     0.297419372;CPU10;482;;UNC_M_CAS_COUNT.WR[UNIT0];22349152;100.00;;"
7008 [139721527260864] INFO perfrun.perfcollector <> - PERF_STAT : "     0.297419372;CPU0;16019;;UNC_M_CAS_COUNT.WR[UNIT1];22321848;100.00;;"
7008 [139721527260864] INFO perfrun.perfcollector <> - PERF_STAT : "     0.297419372;CPU10;532;;UNC_M_CAS_COUNT.WR[UNIT1];22349146;100.00;;"
7008 [139721527260864] INFO perfrun.perfcollector <> - PERF_STAT : "     0.297419372;CPU0;14814;;UNC_M_CAS_COUNT.WR[UNIT4];22320067;100.00;;"
7008 [139721527260864] INFO perfrun.perfcollector <> - PERF_STAT : "     0.297419372;CPU10;562;;UNC_M_CAS_COUNT.WR[UNIT4];22348938;100.00;;"
7008 [139721527260864] INFO perfrun.perfcollector <> - PERF_STAT : "     0.297419372;CPU0;15906;;UNC_M_CAS_COUNT.WR[UNIT5];22318141;100.00;;"
7008 [139721527260864] INFO perfrun.perfcollector <> - PERF_STAT : "     0.297419372;CPU10;581;;UNC_M_CAS_COUNT.WR[UNIT5];22348919;100.00;;"
7023 [139721527260864] INFO perfrun.perfcollector <> - PERF_STAT : "     0.319770672;CPU0;1741;;UNC_M_CAS_COUNT.RD[UNIT0];16007458;100.00;;"
7023 [139721527260864] INFO perfrun.perfcollector <> - PERF_STAT : "     0.319770672;CPU10;197;;UNC_M_CAS_COUNT.RD[UNIT0];16011392;100.00;;"
7023 [139721527260864] INFO perfrun.perfcollector <> - PERF_STAT : "     0.319770672;CPU0;2575;;UNC_M_CAS_COUNT.RD[UNIT1];16007603;100.00;;"
7023 [139721527260864] INFO perfrun.perfcollector <> - PERF_STAT : "     0.319770672;CPU10;202;;UNC_M_CAS_COUNT.RD[UNIT1];16011622;100.00;;"
7023 [139721527260864] INFO perfrun.perfcollector <> - PERF_STAT : "     0.319770672;CPU0;1761;;UNC_M_CAS_COUNT.RD[UNIT4];16007956;100.00;;"
7023 [139721527260864] INFO perfrun.perfcollector <> - PERF_STAT : "     0.319770672;CPU10;247;;UNC_M_CAS_COUNT.RD[UNIT4];16011561;100.00;;"
7023 [139721527260864] INFO perfrun.perfcollector <> - PERF_STAT : "     0.319770672;CPU0;2568;;UNC_M_CAS_COUNT.RD[UNIT5];16008364;100.00;;"
7023 [139721527260864] INFO perfrun.perfcollector <> - PERF_STAT : "     0.319770672;CPU10;283;;UNC_M_CAS_COUNT.RD[UNIT5];16011586;100.00;;"
7024 [139721527260864] INFO perfrun.perfcollector <> - PERF_STAT : "     0.319770672;CPU0;1198;;UNC_M_CAS_COUNT.WR[UNIT0];16008857;100.00;;"
7024 [139721527260864] INFO perfrun.perfcollector <> - PERF_STAT : "     0.319770672;CPU10;131;;UNC_M_CAS_COUNT.WR[UNIT0];16011582;100.00;;"
7024 [139721527260864] INFO perfrun.perfcollector <> - PERF_STAT : "     0.319770672;CPU0;2045;;UNC_M_CAS_COUNT.WR[UNIT1];16009378;100.00;;"
7024 [139721527260864] INFO perfrun.perfcollector <> - PERF_STAT : "     0.319770672;CPU10;160;;UNC_M_CAS_COUNT.WR[UNIT1];16011591;100.00;;"
7024 [139721527260864] INFO perfrun.perfcollector <> - PERF_STAT : "     0.319770672;CPU0;1183;;UNC_M_CAS_COUNT.WR[UNIT4];16009843;100.00;;"
7024 [139721527260864] INFO perfrun.perfcollector <> - PERF_STAT : "     0.319770672;CPU10;134;;UNC_M_CAS_COUNT.WR[UNIT4];16011592;100.00;;"
7024 [139721527260864] INFO perfrun.perfcollector <> - PERF_STAT : "     0.319770672;CPU0;1978;;UNC_M_CAS_COUNT.WR[UNIT5];16010222;100.00;;"
7024 [139721527260864] INFO perfrun.perfcollector <> - PERF_STAT : "     0.319770672;CPU10;164;;UNC_M_CAS_COUNT.WR[UNIT5];16011579;100.00;;"
7039 [139721527260864] INFO perfrun.perfcollector <> - PERF_STAT : "     0.335779703;CPU0;1790;;UNC_M_CAS_COUNT.RD[UNIT0];15971679;100.00;;"
7040 [139721527260864] INFO perfrun.perfcollector <> - PERF_STAT : "     0.335779703;CPU10;185;;UNC_M_CAS_COUNT.RD[UNIT0];15959302;100.00;;"
7040 [139721527260864] INFO perfrun.perfcollector <> - PERF_STAT : "     0.335779703;CPU0;2632;;UNC_M_CAS_COUNT.RD[UNIT1];15970899;100.00;;"
7040 [139721527260864] INFO perfrun.perfcollector <> - PERF_STAT : "     0.335779703;CPU10;209;;UNC_M_CAS_COUNT.RD[UNIT1];15962218;100.00;;"
7040 [139721527260864] INFO perfrun.perfcollector <> - PERF_STAT : "     0.335779703;CPU0;1825;;UNC_M_CAS_COUNT.RD[UNIT4];15970185;100.00;;"
7040 [139721527260864] INFO perfrun.perfcollector <> - PERF_STAT : "     0.335779703;CPU10;226;;UNC_M_CAS_COUNT.RD[UNIT4];15964184;100.00;;"
7040 [139721527260864] INFO perfrun.perfcollector <> - PERF_STAT : "     0.335779703;CPU0;2661;;UNC_M_CAS_COUNT.RD[UNIT5];15969565;100.00;;"
7040 [139721527260864] INFO perfrun.perfcollector <> - PERF_STAT : "     0.335779703;CPU10;284;;UNC_M_CAS_COUNT.RD[UNIT5];15966109;100.00;;"
7040 [139721527260864] INFO perfrun.perfcollector <> - PERF_STAT : "     0.335779703;CPU0;1162;;UNC_M_CAS_COUNT.WR[UNIT0];15968851;100.00;;"
7040 [139721527260864] INFO perfrun.perfcollector <> - PERF_STAT : "     0.335779703;CPU10;128;;UNC_M_CAS_COUNT.WR[UNIT0];15968057;100.00;;"
7040 [139721527260864] INFO perfrun.perfcollector <> - PERF_STAT : "     0.335779703;CPU0;1995;;UNC_M_CAS_COUNT.WR[UNIT1];15968211;100.00;;"
7040 [139721527260864] INFO perfrun.perfcollector <> - PERF_STAT : "     0.335779703;CPU10;221;;UNC_M_CAS_COUNT.WR[UNIT1];15970012;100.00;;"
7040 [139721527260864] INFO perfrun.perfcollector <> - PERF_STAT : "     0.335779703;CPU0;1172;;UNC_M_CAS_COUNT.WR[UNIT4];15967636;100.00;;"
7040 [139721527260864] INFO perfrun.perfcollector <> - PERF_STAT : "     0.335779703;CPU10;150;;UNC_M_CAS_COUNT.WR[UNIT4];15971892;100.00;;"
7040 [139721527260864] INFO perfrun.perfcollector <> - PERF_STAT : "     0.335779703;CPU0;1956;;UNC_M_CAS_COUNT.WR[UNIT5];15967129;100.00;;"
7040 [139721527260864] INFO perfrun.perfcollector <> - PERF_STAT : "     0.335779703;CPU10;226;;UNC_M_CAS_COUNT.WR[UNIT5];15973786;100.00;;"
7055 [139721527260864] INFO perfrun.perfcollector <> - PERF_STAT : "     0.351810256;CPU0;1725;;UNC_M_CAS_COUNT.RD[UNIT0];15999228;100.00;;"
7055 [139721527260864] INFO perfrun.perfcollector <> - PERF_STAT : "     0.351810256;CPU10;157;;UNC_M_CAS_COUNT.RD[UNIT0];16000959;100.00;;"
7055 [139721527260864] INFO perfrun.perfcollector <> - PERF_STAT : "     0.351810256;CPU0;2548;;UNC_M_CAS_COUNT.RD[UNIT1];15999180;100.00;;"
7055 [139721527260864] INFO perfrun.perfcollector <> - PERF_STAT : "     0.351810256;CPU10;183;;UNC_M_CAS_COUNT.RD[UNIT1];16001016;100.00;;"
7055 [139721527260864] INFO perfrun.perfcollector <> - PERF_STAT : "     0.351810256;CPU0;1739;;UNC_M_CAS_COUNT.RD[UNIT4];15999221;100.00;;"
7055 [139721527260864] INFO perfrun.perfcollector <> - PERF_STAT : "     0.351810256;CPU10;226;;UNC_M_CAS_COUNT.RD[UNIT4];16000906;100.00;;"
7056 [139721527260864] INFO perfrun.perfcollector <> - PERF_STAT : "     0.351810256;CPU0;2566;;UNC_M_CAS_COUNT.RD[UNIT5];15999265;100.00;;"
7056 [139721527260864] INFO perfrun.perfcollector <> - PERF_STAT : "     0.351810256;CPU10;246;;UNC_M_CAS_COUNT.RD[UNIT5];16000959;100.00;;"
7056 [139721527260864] INFO perfrun.perfcollector <> - PERF_STAT : "     0.351810256;CPU0;1087;;UNC_M_CAS_COUNT.WR[UNIT0];15999438;100.00;;"
7056 [139721527260864] INFO perfrun.perfcollector <> - PERF_STAT : "     0.351810256;CPU10;104;;UNC_M_CAS_COUNT.WR[UNIT0];16000992;100.00;;"
7056 [139721527260864] INFO perfrun.perfcollector <> - PERF_STAT : "     0.351810256;CPU0;1852;;UNC_M_CAS_COUNT.WR[UNIT1];15999507;100.00;;"
7056 [139721527260864] INFO perfrun.perfcollector <> - PERF_STAT : "     0.351810256;CPU10;151;;UNC_M_CAS_COUNT.WR[UNIT1];16000986;100.00;;"
7056 [139721527260864] INFO perfrun.perfcollector <> - PERF_STAT : "     0.351810256;CPU0;1055;;UNC_M_CAS_COUNT.WR[UNIT4];15999434;100.00;;"
7056 [139721527260864] INFO perfrun.perfcollector <> - PERF_STAT : "     0.351810256;CPU10;147;;UNC_M_CAS_COUNT.WR[UNIT4];16000999;100.00;;"
7056 [139721527260864] INFO perfrun.perfcollector <> - PERF_STAT : "     0.351810256;CPU0;1925;;UNC_M_CAS_COUNT.WR[UNIT5];15999382;100.00;;"
7056 [139721527260864] INFO perfrun.perfcollector <> - PERF_STAT : "     0.351810256;CPU10;179;;UNC_M_CAS_COUNT.WR[UNIT5];16001022;100.00;;"
7069 [139721527260864] INFO perfrun.perfcollector <> - PERF_STAT : "     0.367792236;CPU0;4384;;UNC_M_CAS_COUNT.RD[UNIT0];13946333;100.00;;"
7069 [139721527260864] INFO perfrun.perfcollector <> - PERF_STAT : "     0.367792236;CPU10;4277;;UNC_M_CAS_COUNT.RD[UNIT0];13944396;100.00;;"
7069 [139721527260864] INFO perfrun.perfcollector <> - PERF_STAT : "     0.367792236;CPU0;5128;;UNC_M_CAS_COUNT.RD[UNIT1];13946424;100.00;;"
7070 [139721527260864] INFO perfrun.perfcollector <> - PERF_STAT : "     0.367792236;CPU10;4386;;UNC_M_CAS_COUNT.RD[UNIT1];13944476;100.00;;"
7070 [139721527260864] INFO perfrun.perfcollector <> - PERF_STAT : "     0.367792236;CPU0;4409;;UNC_M_CAS_COUNT.RD[UNIT4];13946532;100.00;;"
7070 [139721527260864] INFO perfrun.perfcollector <> - PERF_STAT : "     0.367792236;CPU10;4506;;UNC_M_CAS_COUNT.RD[UNIT4];13944977;100.00;;"
7070 [139721527260864] INFO perfrun.perfcollector <> - PERF_STAT : "     0.367792236;CPU0;5219;;UNC_M_CAS_COUNT.RD[UNIT5];13946533;100.00;;"
7070 [139721527260864] INFO perfrun.perfcollector <> - PERF_STAT : "     0.367792236;CPU10;4656;;UNC_M_CAS_COUNT.RD[UNIT5];13944980;100.00;;"
7070 [139721527260864] INFO perfrun.perfcollector <> - PERF_STAT : "     0.367792236;CPU0;4224;;UNC_M_CAS_COUNT.WR[UNIT0];13946389;100.00;;"
7070 [139721527260864] INFO perfrun.perfcollector <> - PERF_STAT : "     0.367792236;CPU10;571;;UNC_M_CAS_COUNT.WR[UNIT0];13944977;100.00;;"
7070 [139721527260864] INFO perfrun.perfcollector <> - PERF_STAT : "     0.367792236;CPU0;5109;;UNC_M_CAS_COUNT.WR[UNIT1];13946411;100.00;;"
7070 [139721527260864] INFO perfrun.perfcollector <> - PERF_STAT : "     0.367792236;CPU10;726;;UNC_M_CAS_COUNT.WR[UNIT1];13945007;100.00;;"
7070 [139721527260864] INFO perfrun.perfcollector <> - PERF_STAT : "     0.367792236;CPU0;4308;;UNC_M_CAS_COUNT.WR[UNIT4];13946417;100.00;;"
7070 [139721527260864] INFO perfrun.perfcollector <> - PERF_STAT : "     0.367792236;CPU10;677;;UNC_M_CAS_COUNT.WR[UNIT4];13945050;100.00;;"
7070 [139721527260864] INFO perfrun.perfcollector <> - PERF_STAT : "     0.367792236;CPU0;5146;;UNC_M_CAS_COUNT.WR[UNIT5];13946544;100.00;;"
7070 [139721527260864] INFO perfrun.perfcollector <> - PERF_STAT : "     0.367792236;CPU10;838;;UNC_M_CAS_COUNT.WR[UNIT5];13945057;100.00;;"
7083 [139721527260864] INFO perfrun.perfcollector <> - PERF_STAT : "     0.381762052;CPU0;2505;;UNC_M_CAS_COUNT.RD[UNIT0];14059487;100.00;;"
7083 [139721527260864] INFO perfrun.perfcollector <> - PERF_STAT : "     0.381762052;CPU10;206;;UNC_M_CAS_COUNT.RD[UNIT0];14068062;100.00;;"
7084 [139721527260864] INFO perfrun.perfcollector <> - PERF_STAT : "     0.381762052;CPU0;3133;;UNC_M_CAS_COUNT.RD[UNIT1];14059426;100.00;;"
7084 [139721527260864] INFO perfrun.perfcollector <> - PERF_STAT : "     0.381762052;CPU10;286;;UNC_M_CAS_COUNT.RD[UNIT1];14068092;100.00;;"
7084 [139721527260864] INFO perfrun.perfcollector <> - PERF_STAT : "     0.381762052;CPU0;2493;;UNC_M_CAS_COUNT.RD[UNIT4];14059410;100.00;;"
7084 [139721527260864] INFO perfrun.perfcollector <> - PERF_STAT : "     0.381762052;CPU10;240;;UNC_M_CAS_COUNT.RD[UNIT4];14067818;100.00;;"
7084 [139721527260864] INFO perfrun.perfcollector <> - PERF_STAT : "     0.381762052;CPU0;3072;;UNC_M_CAS_COUNT.RD[UNIT5];14059388;100.00;;"
7084 [139721527260864] INFO perfrun.perfcollector <> - PERF_STAT : "     0.381762052;CPU10;341;;UNC_M_CAS_COUNT.RD[UNIT5];14067849;100.00;;"
7084 [139721527260864] INFO perfrun.perfcollector <> - PERF_STAT : "     0.381762052;CPU0;1226;;UNC_M_CAS_COUNT.WR[UNIT0];14059379;100.00;;"
7084 [139721527260864] INFO perfrun.perfcollector <> - PERF_STAT : "     0.381762052;CPU10;145;;UNC_M_CAS_COUNT.WR[UNIT0];14067978;100.00;;"
7084 [139721527260864] INFO perfrun.perfcollector <> - PERF_STAT : "     0.381762052;CPU0;1916;;UNC_M_CAS_COUNT.WR[UNIT1];14059279;100.00;;"
7084 [139721527260864] INFO perfrun.perfcollector <> - PERF_STAT : "     0.381762052;CPU10;228;;UNC_M_CAS_COUNT.WR[UNIT1];14068009;100.00;;"
7084 [139721527260864] INFO perfrun.perfcollector <> - PERF_STAT : "     0.381762052;CPU0;1216;;UNC_M_CAS_COUNT.WR[UNIT4];14059276;100.00;;"
7084 [139721527260864] INFO perfrun.perfcollector <> - PERF_STAT : "     0.381762052;CPU10;155;;UNC_M_CAS_COUNT.WR[UNIT4];14068059;100.00;;"
7084 [139721527260864] INFO perfrun.perfcollector <> - PERF_STAT : "     0.381762052;CPU0;1946;;UNC_M_CAS_COUNT.WR[UNIT5];14059175;100.00;;"
7084 [139721527260864] INFO perfrun.perfcollector <> - PERF_STAT : "     0.381762052;CPU10;248;;UNC_M_CAS_COUNT.WR[UNIT5];14068096;100.00;;"
7095 [139721527260864] INFO perfrun.perfcollector <> - PERF_STAT : "     0.395831619;CPU0;1343;;UNC_M_CAS_COUNT.RD[UNIT0];12016255;100.00;;"
7096 [139721527260864] INFO perfrun.perfcollector <> - PERF_STAT : "     0.395831619;CPU10;437;;UNC_M_CAS_COUNT.RD[UNIT0];12007754;100.00;;"
7096 [139721527260864] INFO perfrun.perfcollector <> - PERF_STAT : "     0.395831619;CPU0;1962;;UNC_M_CAS_COUNT.RD[UNIT1];12016239;100.00;;"
7096 [139721527260864] INFO perfrun.perfcollector <> - PERF_STAT : "     0.395831619;CPU10;468;;UNC_M_CAS_COUNT.RD[UNIT1];12007808;100.00;;"
7096 [139721527260864] INFO perfrun.perfcollector <> - PERF_STAT : "     0.395831619;CPU0;1393;;UNC_M_CAS_COUNT.RD[UNIT4];12016262;100.00;;"
7096 [139721527260864] INFO perfrun.perfcollector <> - PERF_STAT : "     0.395831619;CPU10;581;;UNC_M_CAS_COUNT.RD[UNIT4];12007762;100.00;;"
7096 [139721527260864] INFO perfrun.perfcollector <> - PERF_STAT : "     0.395831619;CPU0;2006;;UNC_M_CAS_COUNT.RD[UNIT5];12016373;100.00;;"
7096 [139721527260864] INFO perfrun.perfcollector <> - PERF_STAT : "     0.395831619;CPU10;653;;UNC_M_CAS_COUNT.RD[UNIT5];12008011;100.00;;"
7096 [139721527260864] INFO perfrun.perfcollector <> - PERF_STAT : "     0.395831619;CPU0;1052;;UNC_M_CAS_COUNT.WR[UNIT0];12016388;100.00;;"
7096 [139721527260864] INFO perfrun.perfcollector <> - PERF_STAT : "     0.395831619;CPU10;127;;UNC_M_CAS_COUNT.WR[UNIT0];12008143;100.00;;"
7096 [139721527260864] INFO perfrun.perfcollector <> - PERF_STAT : "     0.395831619;CPU0;1671;;UNC_M_CAS_COUNT.WR[UNIT1];12016396;100.00;;"
7096 [139721527260864] INFO perfrun.perfcollector <> - PERF_STAT : "     0.395831619;CPU10;190;;UNC_M_CAS_COUNT.WR[UNIT1];12008181;100.00;;"
7096 [139721527260864] INFO perfrun.perfcollector <> - PERF_STAT : "     0.395831619;CPU0;990;;UNC_M_CAS_COUNT.WR[UNIT4];12016415;100.00;;"
7096 [139721527260864] INFO perfrun.perfcollector <> - PERF_STAT : "     0.395831619;CPU10;167;;UNC_M_CAS_COUNT.WR[UNIT4];12008175;100.00;;"
7096 [139721527260864] INFO perfrun.perfcollector <> - PERF_STAT : "     0.395831619;CPU0;1714;;UNC_M_CAS_COUNT.WR[UNIT5];12016405;100.00;;"
7096 [139721527260864] INFO perfrun.perfcollector <> - PERF_STAT : "     0.395831619;CPU10;252;;UNC_M_CAS_COUNT.WR[UNIT5];12008225;100.00;;"
7111 [139721527260864] INFO perfrun.perfcollector <> - PERF_STAT : "     0.407835637;CPU0;1786;;UNC_M_CAS_COUNT.RD[UNIT0];15978509;100.00;;"
7111 [139721527260864] INFO perfrun.perfcollector <> - PERF_STAT : "     0.407835637;CPU10;195;;UNC_M_CAS_COUNT.RD[UNIT0];15979575;100.00;;"
7111 [139721527260864] INFO perfrun.perfcollector <> - PERF_STAT : "     0.407835637;CPU0;2571;;UNC_M_CAS_COUNT.RD[UNIT1];15978510;100.00;;"
7111 [139721527260864] INFO perfrun.perfcollector <> - PERF_STAT : "     0.407835637;CPU10;211;;UNC_M_CAS_COUNT.RD[UNIT1];15979765;100.00;;"
7111 [139721527260864] INFO perfrun.perfcollector <> - PERF_STAT : "     0.407835637;CPU0;1763;;UNC_M_CAS_COUNT.RD[UNIT4];15978419;100.00;;"
7111 [139721527260864] INFO perfrun.perfcollector <> - PERF_STAT : "     0.407835637;CPU10;201;;UNC_M_CAS_COUNT.RD[UNIT4];15979755;100.00;;"
7111 [139721527260864] INFO perfrun.perfcollector <> - PERF_STAT : "     0.407835637;CPU0;2596;;UNC_M_CAS_COUNT.RD[UNIT5];15978241;100.00;;"
7112 [139721527260864] INFO perfrun.perfcollector <> - PERF_STAT : "     0.407835637;CPU10;245;;UNC_M_CAS_COUNT.RD[UNIT5];15979828;100.00;;"
7112 [139721527260864] INFO perfrun.perfcollector <> - PERF_STAT : "     0.407835637;CPU0;1203;;UNC_M_CAS_COUNT.WR[UNIT0];15978253;100.00;;"
7112 [139721527260864] INFO perfrun.perfcollector <> - PERF_STAT : "     0.407835637;CPU10;130;;UNC_M_CAS_COUNT.WR[UNIT0];15979677;100.00;;"
7112 [139721527260864] INFO perfrun.perfcollector <> - PERF_STAT : "     0.407835637;CPU0;2048;;UNC_M_CAS_COUNT.WR[UNIT1];15978376;100.00;;"
7112 [139721527260864] INFO perfrun.perfcollector <> - PERF_STAT : "     0.407835637;CPU10;157;;UNC_M_CAS_COUNT.WR[UNIT1];15979662;100.00;;"
7112 [139721527260864] INFO perfrun.perfcollector <> - PERF_STAT : "     0.407835637;CPU0;1202;;UNC_M_CAS_COUNT.WR[UNIT4];15978369;100.00;;"
7112 [139721527260864] INFO perfrun.perfcollector <> - PERF_STAT : "     0.407835637;CPU10;126;;UNC_M_CAS_COUNT.WR[UNIT4];15979695;100.00;;"
7112 [139721527260864] INFO perfrun.perfcollector <> - PERF_STAT : "     0.407835637;CPU0;2023;;UNC_M_CAS_COUNT.WR[UNIT5];15978400;100.00;;"
7112 [139721527260864] INFO perfrun.perfcollector <> - PERF_STAT : "     0.407835637;CPU10;183;;UNC_M_CAS_COUNT.WR[UNIT5];15979715;100.00;;"
7128 [139721527260864] INFO perfrun.perfcollector <> - PERF_STAT : "     0.423784527;CPU0;1814;;UNC_M_CAS_COUNT.RD[UNIT0];16051568;100.00;;"
7128 [139721527260864] INFO perfrun.perfcollector <> - PERF_STAT : "     0.423784527;CPU10;226;;UNC_M_CAS_COUNT.RD[UNIT0];16054749;100.00;;"
7128 [139721527260864] INFO perfrun.perfcollector <> - PERF_STAT : "     0.423784527;CPU0;2667;;UNC_M_CAS_COUNT.RD[UNIT1];16051843;100.00;;"
7128 [139721527260864] INFO perfrun.perfcollector <> - PERF_STAT : "     0.423784527;CPU10;296;;UNC_M_CAS_COUNT.RD[UNIT1];16054895;100.00;;"
7128 [139721527260864] INFO perfrun.perfcollector <> - PERF_STAT : "     0.423784527;CPU0;1847;;UNC_M_CAS_COUNT.RD[UNIT4];16052016;100.00;;"
7128 [139721527260864] INFO perfrun.perfcollector <> - PERF_STAT : "     0.423784527;CPU10;322;;UNC_M_CAS_COUNT.RD[UNIT4];16055075;100.00;;"
7128 [139721527260864] INFO perfrun.perfcollector <> - PERF_STAT : "     0.423784527;CPU0;2694;;UNC_M_CAS_COUNT.RD[UNIT5];16052277;100.00;;"
7128 [139721527260864] INFO perfrun.perfcollector <> - PERF_STAT : "     0.423784527;CPU10;388;;UNC_M_CAS_COUNT.RD[UNIT5];16055019;100.00;;"
7128 [139721527260864] INFO perfrun.perfcollector <> - PERF_STAT : "     0.423784527;CPU0;1282;;UNC_M_CAS_COUNT.WR[UNIT0];16052371;100.00;;"
7128 [139721527260864] INFO perfrun.perfcollector <> - PERF_STAT : "     0.423784527;CPU10;126;;UNC_M_CAS_COUNT.WR[UNIT0];16055099;100.00;;"
7128 [139721527260864] INFO perfrun.perfcollector <> - PERF_STAT : "     0.423784527;CPU0;2126;;UNC_M_CAS_COUNT.WR[UNIT1];16052470;100.00;;"
7128 [139721527260864] INFO perfrun.perfcollector <> - PERF_STAT : "     0.423784527;CPU10;196;;UNC_M_CAS_COUNT.WR[UNIT1];16055142;100.00;;"
7128 [139721527260864] INFO perfrun.perfcollector <> - PERF_STAT : "     0.423784527;CPU0;1226;;UNC_M_CAS_COUNT.WR[UNIT4];16052597;100.00;;"
7128 [139721527260864] INFO perfrun.perfcollector <> - PERF_STAT : "     0.423784527;CPU10;148;;UNC_M_CAS_COUNT.WR[UNIT4];16055192;100.00;;"
7128 [139721527260864] INFO perfrun.perfcollector <> - PERF_STAT : "     0.423784527;CPU0;2116;;UNC_M_CAS_COUNT.WR[UNIT5];16052711;100.00;;"
7128 [139721527260864] INFO perfrun.perfcollector <> - PERF_STAT : "     0.423784527;CPU10;216;;UNC_M_CAS_COUNT.WR[UNIT5];16055272;100.00;;"
7143 [139721527260864] INFO perfrun.perfcollector <> - PERF_STAT : "     0.439873944;CPU0;1859;;UNC_M_CAS_COUNT.RD[UNIT0];15949364;100.00;;"
7143 [139721527260864] INFO perfrun.perfcollector <> - PERF_STAT : "     0.439873944;CPU10;179;;UNC_M_CAS_COUNT.RD[UNIT0];15950987;100.00;;"
7144 [139721527260864] INFO perfrun.perfcollector <> - PERF_STAT : "     0.439873944;CPU0;2705;;UNC_M_CAS_COUNT.RD[UNIT1];15949158;100.00;;"
7144 [139721527260864] INFO perfrun.perfcollector <> - PERF_STAT : "     0.439873944;CPU10;204;;UNC_M_CAS_COUNT.RD[UNIT1];15951249;100.00;;"
7144 [139721527260864] INFO perfrun.perfcollector <> - PERF_STAT : "     0.439873944;CPU0;1852;;UNC_M_CAS_COUNT.RD[UNIT4];15949054;100.00;;"
7144 [139721527260864] INFO perfrun.perfcollector <> - PERF_STAT : "     0.439873944;CPU10;188;;UNC_M_CAS_COUNT.RD[UNIT4];15951252;100.00;;"
7144 [139721527260864] INFO perfrun.perfcollector <> - PERF_STAT : "     0.439873944;CPU0;2675;;UNC_M_CAS_COUNT.RD[UNIT5];15948804;100.00;;"
7144 [139721527260864] INFO perfrun.perfcollector <> - PERF_STAT : "     0.439873944;CPU10;242;;UNC_M_CAS_COUNT.RD[UNIT5];15951275;100.00;;"
7144 [139721527260864] INFO perfrun.perfcollector <> - PERF_STAT : "     0.439873944;CPU0;1166;;UNC_M_CAS_COUNT.WR[UNIT0];15948703;100.00;;"
7144 [139721527260864] INFO perfrun.perfcollector <> - PERF_STAT : "     0.439873944;CPU10;154;;UNC_M_CAS_COUNT.WR[UNIT0];15951322;100.00;;"
7144 [139721527260864] INFO perfrun.perfcollector <> - PERF_STAT : "     0.439873944;CPU0;2029;;UNC_M_CAS_COUNT.WR[UNIT1];15948412;100.00;;"
7144 [139721527260864] INFO perfrun.perfcollector <> - PERF_STAT : "     0.439873944;CPU10;161;;UNC_M_CAS_COUNT.WR[UNIT1];15951345;100.00;;"
7144 [139721527260864] INFO perfrun.perfcollector <> - PERF_STAT : "     0.439873944;CPU0;1269;;UNC_M_CAS_COUNT.WR[UNIT4];15948291;100.00;;"
7144 [139721527260864] INFO perfrun.perfcollector <> - PERF_STAT : "     0.439873944;CPU10;132;;UNC_M_CAS_COUNT.WR[UNIT4];15951422;100.00;;"
7144 [139721527260864] INFO perfrun.perfcollector <> - PERF_STAT : "     0.439873944;CPU0;2107;;UNC_M_CAS_COUNT.WR[UNIT5];15948211;100.00;;"
7144 [139721527260864] INFO perfrun.perfcollector <> - PERF_STAT : "     0.439873944;CPU10;229;;UNC_M_CAS_COUNT.WR[UNIT5];15951469;100.00;;"
7159 [139721527260864] INFO perfrun.perfcollector <> - PERF_STAT : "     0.455831943;CPU0;1780;;UNC_M_CAS_COUNT.RD[UNIT0];16000962;100.00;;"
7160 [139721527260864] INFO perfrun.perfcollector <> - PERF_STAT : "     0.455831943;CPU10;240;;UNC_M_CAS_COUNT.RD[UNIT0];15997963;100.00;;"
7160 [139721527260864] INFO perfrun.perfcollector <> - PERF_STAT : "     0.455831943;CPU0;2598;;UNC_M_CAS_COUNT.RD[UNIT1];16001006;100.00;;"
7160 [139721527260864] INFO perfrun.perfcollector <> - PERF_STAT : "     0.455831943;CPU10;252;;UNC_M_CAS_COUNT.RD[UNIT1];15998029;100.00;;"
7160 [139721527260864] INFO perfrun.perfcollector <> - PERF_STAT : "     0.455831943;CPU0;1807;;UNC_M_CAS_COUNT.RD[UNIT4];16001073;100.00;;"
7160 [139721527260864] INFO perfrun.perfcollector <> - PERF_STAT : "     0.455831943;CPU10;284;;UNC_M_CAS_COUNT.RD[UNIT4];15998046;100.00;;"
7160 [139721527260864] INFO perfrun.perfcollector <> - PERF_STAT : "     0.455831943;CPU0;2641;;UNC_M_CAS_COUNT.RD[UNIT5];16001106;100.00;;"
7160 [139721527260864] INFO perfrun.perfcollector <> - PERF_STAT : "     0.455831943;CPU10;359;;UNC_M_CAS_COUNT.RD[UNIT5];15998156;100.00;;"
7160 [139721527260864] INFO perfrun.perfcollector <> - PERF_STAT : "     0.455831943;CPU0;1029;;UNC_M_CAS_COUNT.WR[UNIT0];16001210;100.00;;"
7160 [139721527260864] INFO perfrun.perfcollector <> - PERF_STAT : "     0.455831943;CPU10;137;;UNC_M_CAS_COUNT.WR[UNIT0];15998293;100.00;;"
7160 [139721527260864] INFO perfrun.perfcollector <> - PERF_STAT : "     0.455831943;CPU0;1878;;UNC_M_CAS_COUNT.WR[UNIT1];16001223;100.00;;"
7160 [139721527260864] INFO perfrun.perfcollector <> - PERF_STAT : "     0.455831943;CPU10;184;;UNC_M_CAS_COUNT.WR[UNIT1];15998413;100.00;;"
7160 [139721527260864] INFO perfrun.perfcollector <> - PERF_STAT : "     0.455831943;CPU0;1050;;UNC_M_CAS_COUNT.WR[UNIT4];16001249;100.00;;"
7160 [139721527260864] INFO perfrun.perfcollector <> - PERF_STAT : "     0.455831943;CPU10;124;;UNC_M_CAS_COUNT.WR[UNIT4];15998593;100.00;;"
7160 [139721527260864] INFO perfrun.perfcollector <> - PERF_STAT : "     0.455831943;CPU0;1800;;UNC_M_CAS_COUNT.WR[UNIT5];16001402;100.00;;"
7160 [139721527260864] INFO perfrun.perfcollector <> - PERF_STAT : "     0.455831943;CPU10;217;;UNC_M_CAS_COUNT.WR[UNIT5];15998697;100.00;;"
7183 [139721527260864] INFO perfrun.perfcollector <> - PERF_STAT : "     0.471826851;CPU0;2655;;UNC_M_CAS_COUNT.RD[UNIT0];24000964;100.00;;"
7184 [139721527260864] INFO perfrun.perfcollector <> - PERF_STAT : "     0.471826851;CPU10;1014;;UNC_M_CAS_COUNT.RD[UNIT0];24004275;100.00;;"
7184 [139721527260864] INFO perfrun.perfcollector <> - PERF_STAT : "     0.471826851;CPU0;3963;;UNC_M_CAS_COUNT.RD[UNIT1];24001195;100.00;;"
7184 [139721527260864] INFO perfrun.perfcollector <> - PERF_STAT : "     0.471826851;CPU10;1200;;UNC_M_CAS_COUNT.RD[UNIT1];24004182;100.00;;"
7184 [139721527260864] INFO perfrun.perfcollector <> - PERF_STAT : "     0.471826851;CPU0;2674;;UNC_M_CAS_COUNT.RD[UNIT4];24001117;100.00;;"
7184 [139721527260864] INFO perfrun.perfcollector <> - PERF_STAT : "     0.471826851;CPU10;1262;;UNC_M_CAS_COUNT.RD[UNIT4];24004179;100.00;;"
7184 [139721527260864] INFO perfrun.perfcollector <> - PERF_STAT : "     0.471826851;CPU0;3908;;UNC_M_CAS_COUNT.RD[UNIT5];24001104;100.00;;"
7184 [139721527260864] INFO perfrun.perfcollector <> - PERF_STAT : "     0.471826851;CPU10;1492;;UNC_M_CAS_COUNT.RD[UNIT5];24004099;100.00;;"
7184 [139721527260864] INFO perfrun.perfcollector <> - PERF_STAT : "     0.471826851;CPU0;1505;;UNC_M_CAS_COUNT.WR[UNIT0];24000991;100.00;;"
7184 [139721527260864] INFO perfrun.perfcollector <> - PERF_STAT : "     0.471826851;CPU10;317;;UNC_M_CAS_COUNT.WR[UNIT0];24004196;100.00;;"
7184 [139721527260864] INFO perfrun.perfcollector <> - PERF_STAT : "     0.471826851;CPU0;2782;;UNC_M_CAS_COUNT.WR[UNIT1];24000989;100.00;;"
7184 [139721527260864] INFO perfrun.perfcollector <> - PERF_STAT : "     0.471826851;CPU10;493;;UNC_M_CAS_COUNT.WR[UNIT1];24004178;100.00;;"
7184 [139721527260864] INFO perfrun.perfcollector <> - PERF_STAT : "     0.471826851;CPU0;1491;;UNC_M_CAS_COUNT.WR[UNIT4];24001113;100.00;;"
7184 [139721527260864] INFO perfrun.perfcollector <> - PERF_STAT : "     0.471826851;CPU10;447;;UNC_M_CAS_COUNT.WR[UNIT4];24004199;100.00;;"
7184 [139721527260864] INFO perfrun.perfcollector <> - PERF_STAT : "     0.471826851;CPU0;2867;;UNC_M_CAS_COUNT.WR[UNIT5];24000961;100.00;;"
7184 [139721527260864] INFO perfrun.perfcollector <> - PERF_STAT : "     0.471826851;CPU10;623;;UNC_M_CAS_COUNT.WR[UNIT5];24004185;100.00;;"
7199 [139721527260864] INFO perfrun.perfcollector <> - PERF_STAT : "     0.495832351;CPU0;2596;;UNC_M_CAS_COUNT.RD[UNIT0];16005463;100.00;;"
7199 [139721527260864] INFO perfrun.perfcollector <> - PERF_STAT : "     0.495832351;CPU10;218;;UNC_M_CAS_COUNT.RD[UNIT0];16022060;100.00;;"
7199 [139721527260864] INFO perfrun.perfcollector <> - PERF_STAT : "     0.495832351;CPU0;3240;;UNC_M_CAS_COUNT.RD[UNIT1];16005467;100.00;;"
7199 [139721527260864] INFO perfrun.perfcollector <> - PERF_STAT : "     0.495832351;CPU10;295;;UNC_M_CAS_COUNT.RD[UNIT1];16019281;100.00;;"
7199 [139721527260864] INFO perfrun.perfcollector <> - PERF_STAT : "     0.495832351;CPU0;2481;;UNC_M_CAS_COUNT.RD[UNIT4];16005678;100.00;;"
7200 [139721527260864] INFO perfrun.perfcollector <> - PERF_STAT : "     0.495832351;CPU10;236;;UNC_M_CAS_COUNT.RD[UNIT4];16017465;100.00;;"
7200 [139721527260864] INFO perfrun.perfcollector <> - PERF_STAT : "     0.495832351;CPU0;3144;;UNC_M_CAS_COUNT.RD[UNIT5];16005878;100.00;;"
7200 [139721527260864] INFO perfrun.perfcollector <> - PERF_STAT : "     0.495832351;CPU10;364;;UNC_M_CAS_COUNT.RD[UNIT5];16015651;100.00;;"
7200 [139721527260864] INFO perfrun.perfcollector <> - PERF_STAT : "     0.495832351;CPU0;1143;;UNC_M_CAS_COUNT.WR[UNIT0];16006088;100.00;;"
7200 [139721527260864] INFO perfrun.perfcollector <> - PERF_STAT : "     0.495832351;CPU10;160;;UNC_M_CAS_COUNT.WR[UNIT0];16013703;100.00;;"
7200 [139721527260864] INFO perfrun.perfcollector <> - PERF_STAT : "     0.495832351;CPU0;1941;;UNC_M_CAS_COUNT.WR[UNIT1];16006291;100.00;;"
7200 [139721527260864] INFO perfrun.perfcollector <> - PERF_STAT : "     0.495832351;CPU10;252;;UNC_M_CAS_COUNT.WR[UNIT1];16011917;100.00;;"
7200 [139721527260864] INFO perfrun.perfcollector <> - PERF_STAT : "     0.495832351;CPU0;1072;;UNC_M_CAS_COUNT.WR[UNIT4];16006378;100.00;;"
7200 [139721527260864] INFO perfrun.perfcollector <> - PERF_STAT : "     0.495832351;CPU10;152;;UNC_M_CAS_COUNT.WR[UNIT4];16009976;100.00;;"
7200 [139721527260864] INFO perfrun.perfcollector <> - PERF_STAT : "     0.495832351;CPU0;1870;;UNC_M_CAS_COUNT.WR[UNIT5];16006695;100.00;;"
7200 [139721527260864] INFO perfrun.perfcollector <> - PERF_STAT : "     0.495832351;CPU10;268;;UNC_M_CAS_COUNT.WR[UNIT5];16008177;100.00;;"
7215 [139721527260864] INFO perfrun.perfcollector <> - PERF_STAT : "     0.511787050;CPU0;1796;;UNC_M_CAS_COUNT.RD[UNIT0];15995103;100.00;;"
7216 [139721527260864] INFO perfrun.perfcollector <> - PERF_STAT : "     0.511787050;CPU10;152;;UNC_M_CAS_COUNT.RD[UNIT0];15977016;100.00;;"
7216 [139721527260864] INFO perfrun.perfcollector <> - PERF_STAT : "     0.511787050;CPU0;2643;;UNC_M_CAS_COUNT.RD[UNIT1];15994836;100.00;;"
7216 [139721527260864] INFO perfrun.perfcollector <> - PERF_STAT : "     0.511787050;CPU10;174;;UNC_M_CAS_COUNT.RD[UNIT1];15979905;100.00;;"
7216 [139721527260864] INFO perfrun.perfcollector <> - PERF_STAT : "     0.511787050;CPU0;1819;;UNC_M_CAS_COUNT.RD[UNIT4];15994706;100.00;;"
7216 [139721527260864] INFO perfrun.perfcollector <> - PERF_STAT : "     0.511787050;CPU10;197;;UNC_M_CAS_COUNT.RD[UNIT4];15981780;100.00;;"
7216 [139721527260864] INFO perfrun.perfcollector <> - PERF_STAT : "     0.511787050;CPU0;2635;;UNC_M_CAS_COUNT.RD[UNIT5];15994630;100.00;;"
7216 [139721527260864] INFO perfrun.perfcollector <> - PERF_STAT : "     0.511787050;CPU10;234;;UNC_M_CAS_COUNT.RD[UNIT5];15983607;100.00;;"
7216 [139721527260864] INFO perfrun.perfcollector <> - PERF_STAT : "     0.511787050;CPU0;1156;;UNC_M_CAS_COUNT.WR[UNIT0];15994574;100.00;;"
7216 [139721527260864] INFO perfrun.perfcollector <> - PERF_STAT : "     0.511787050;CPU10;122;;UNC_M_CAS_COUNT.WR[UNIT0];15985585;100.00;;"
7216 [139721527260864] INFO perfrun.perfcollector <> - PERF_STAT : "     0.511787050;CPU0;1957;;UNC_M_CAS_COUNT.WR[UNIT1];15994485;100.00;;"
7216 [139721527260864] INFO perfrun.perfcollector <> - PERF_STAT : "     0.511787050;CPU10;186;;UNC_M_CAS_COUNT.WR[UNIT1];15987523;100.00;;"
7216 [139721527260864] INFO perfrun.perfcollector <> - PERF_STAT : "     0.511787050;CPU0;1135;;UNC_M_CAS_COUNT.WR[UNIT4];15994272;100.00;;"
7216 [139721527260864] INFO perfrun.perfcollector <> - PERF_STAT : "     0.511787050;CPU10;146;;UNC_M_CAS_COUNT.WR[UNIT4];15989300;100.00;;"
7216 [139721527260864] INFO perfrun.perfcollector <> - PERF_STAT : "     0.511787050;CPU0;1979;;UNC_M_CAS_COUNT.WR[UNIT5];15993968;100.00;;"
7216 [139721527260864] INFO perfrun.perfcollector <> - PERF_STAT : "     0.511787050;CPU10;203;;UNC_M_CAS_COUNT.WR[UNIT5];15991206;100.00;;"
7231 [139721527260864] INFO perfrun.perfcollector <> - PERF_STAT : "     0.527832797;CPU0;1835;;UNC_M_CAS_COUNT.RD[UNIT0];15996728;100.00;;"
7232 [139721527260864] INFO perfrun.perfcollector <> - PERF_STAT : "     0.527832797;CPU10;138;;UNC_M_CAS_COUNT.RD[UNIT0];16000292;100.00;;"
7232 [139721527260864] INFO perfrun.perfcollector <> - PERF_STAT : "     0.527832797;CPU0;2651;;UNC_M_CAS_COUNT.RD[UNIT1];15996779;100.00;;"
7232 [139721527260864] INFO perfrun.perfcollector <> - PERF_STAT : "     0.527832797;CPU10;172;;UNC_M_CAS_COUNT.RD[UNIT1];16000325;100.00;;"
7232 [139721527260864] INFO perfrun.perfcollector <> - PERF_STAT : "     0.527832797;CPU0;1818;;UNC_M_CAS_COUNT.RD[UNIT4];15996712;100.00;;"
7232 [139721527260864] INFO perfrun.perfcollector <> - PERF_STAT : "     0.527832797;CPU10;173;;UNC_M_CAS_COUNT.RD[UNIT4];16000269;100.00;;"
7232 [139721527260864] INFO perfrun.perfcollector <> - PERF_STAT : "     0.527832797;CPU0;2710;;UNC_M_CAS_COUNT.RD[UNIT5];15996588;100.00;;"
7232 [139721527260864] INFO perfrun.perfcollector <> - PERF_STAT : "     0.527832797;CPU10;227;;UNC_M_CAS_COUNT.RD[UNIT5];16000233;100.00;;"
7232 [139721527260864] INFO perfrun.perfcollector <> - PERF_STAT : "     0.527832797;CPU0;1151;;UNC_M_CAS_COUNT.WR[UNIT0];15996458;100.00;;"
7232 [139721527260864] INFO perfrun.perfcollector <> - PERF_STAT : "     0.527832797;CPU10;107;;UNC_M_CAS_COUNT.WR[UNIT0];16000056;100.00;;"
7232 [139721527260864] INFO perfrun.perfcollector <> - PERF_STAT : "     0.527832797;CPU0;1993;;UNC_M_CAS_COUNT.WR[UNIT1];15996337;100.00;;"
7232 [139721527260864] INFO perfrun.perfcollector <> - PERF_STAT : "     0.527832797;CPU10;166;;UNC_M_CAS_COUNT.WR[UNIT1];15999944;100.00;;"
7232 [139721527260864] INFO perfrun.perfcollector <> - PERF_STAT : "     0.527832797;CPU0;1152;;UNC_M_CAS_COUNT.WR[UNIT4];15996351;100.00;;"
7232 [139721527260864] INFO perfrun.perfcollector <> - PERF_STAT : "     0.527832797;CPU10;123;;UNC_M_CAS_COUNT.WR[UNIT4];15999998;100.00;;"
7232 [139721527260864] INFO perfrun.perfcollector <> - PERF_STAT : "     0.527832797;CPU0;1942;;UNC_M_CAS_COUNT.WR[UNIT5];15996342;100.00;;"
7232 [139721527260864] INFO perfrun.perfcollector <> - PERF_STAT : "     0.527832797;CPU10;185;;UNC_M_CAS_COUNT.WR[UNIT5];15999891;100.00;;"
7247 [139721527260864] INFO perfrun.perfcollector <> - PERF_STAT : "     0.543831794;CPU0;1807;;UNC_M_CAS_COUNT.RD[UNIT0];16000958;100.00;;"
7247 [139721527260864] INFO perfrun.perfcollector <> - PERF_STAT : "     0.543831794;CPU10;159;;UNC_M_CAS_COUNT.RD[UNIT0];16004806;100.00;;"
7247 [139721527260864] INFO perfrun.perfcollector <> - PERF_STAT : "     0.543831794;CPU0;2664;;UNC_M_CAS_COUNT.RD[UNIT1];16000795;100.00;;"
7247 [139721527260864] INFO perfrun.perfcollector <> - PERF_STAT : "     0.543831794;CPU10;169;;UNC_M_CAS_COUNT.RD[UNIT1];16001870;100.00;;"
7247 [139721527260864] INFO perfrun.perfcollector <> - PERF_STAT : "     0.543831794;CPU0;1835;;UNC_M_CAS_COUNT.RD[UNIT4];16000808;100.00;;"
7247 [139721527260864] INFO perfrun.perfcollector <> - PERF_STAT : "     0.543831794;CPU10;218;;UNC_M_CAS_COUNT.RD[UNIT4];16000037;100.00;;"
7247 [139721527260864] INFO perfrun.perfcollector <> - PERF_STAT : "     0.543831794;CPU0;2625;;UNC_M_CAS_COUNT.RD[UNIT5];16000920;100.00;;"
7248 [139721527260864] INFO perfrun.perfcollector <> - PERF_STAT : "     0.543831794;CPU10;246;;UNC_M_CAS_COUNT.RD[UNIT5];15998263;100.00;;"
7248 [139721527260864] INFO perfrun.perfcollector <> - PERF_STAT : "     0.543831794;CPU0;1144;;UNC_M_CAS_COUNT.WR[UNIT0];16000909;100.00;;"
7248 [139721527260864] INFO perfrun.perfcollector <> - PERF_STAT : "     0.543831794;CPU10;105;;UNC_M_CAS_COUNT.WR[UNIT0];15996445;100.00;;"
7248 [139721527260864] INFO perfrun.perfcollector <> - PERF_STAT : "     0.543831794;CPU0;1917;;UNC_M_CAS_COUNT.WR[UNIT1];16000983;100.00;;"
7248 [139721527260864] INFO perfrun.perfcollector <> - PERF_STAT : "     0.543831794;CPU10;160;;UNC_M_CAS_COUNT.WR[UNIT1];15994552;100.00;;"
7248 [139721527260864] INFO perfrun.perfcollector <> - PERF_STAT : "     0.543831794;CPU0;1120;;UNC_M_CAS_COUNT.WR[UNIT4];16000981;100.00;;"
7248 [139721527260864] INFO perfrun.perfcollector <> - PERF_STAT : "     0.543831794;CPU10;141;;UNC_M_CAS_COUNT.WR[UNIT4];15992730;100.00;;"
7248 [139721527260864] INFO perfrun.perfcollector <> - PERF_STAT : "     0.543831794;CPU0;1929;;UNC_M_CAS_COUNT.WR[UNIT5];16000977;100.00;;"
7248 [139721527260864] INFO perfrun.perfcollector <> - PERF_STAT : "     0.543831794;CPU10;193;;UNC_M_CAS_COUNT.WR[UNIT5];15991257;100.00;;"
7263 [139721527260864] INFO perfrun.perfcollector <> - PERF_STAT : "     0.559767421;CPU0;1791;;UNC_M_CAS_COUNT.RD[UNIT0];16002122;100.00;;"
7264 [139721527260864] INFO perfrun.perfcollector <> - PERF_STAT : "     0.559767421;CPU10;129;;UNC_M_CAS_COUNT.RD[UNIT0];15997380;100.00;;"
7264 [139721527260864] INFO perfrun.perfcollector <> - PERF_STAT : "     0.559767421;CPU0;2639;;UNC_M_CAS_COUNT.RD[UNIT1];16002231;100.00;;"
7264 [139721527260864] INFO perfrun.perfcollector <> - PERF_STAT : "     0.559767421;CPU10;161;;UNC_M_CAS_COUNT.RD[UNIT1];16000452;100.00;;"
7264 [139721527260864] INFO perfrun.perfcollector <> - PERF_STAT : "     0.559767421;CPU0;1819;;UNC_M_CAS_COUNT.RD[UNIT4];16002390;100.00;;"
7264 [139721527260864] INFO perfrun.perfcollector <> - PERF_STAT : "     0.559767421;CPU10;179;;UNC_M_CAS_COUNT.RD[UNIT4];16002348;100.00;;"
7264 [139721527260864] INFO perfrun.perfcollector <> - PERF_STAT : "     0.559767421;CPU0;2666;;UNC_M_CAS_COUNT.RD[UNIT5];16002565;100.00;;"
7264 [139721527260864] INFO perfrun.perfcollector <> - PERF_STAT : "     0.559767421;CPU10;215;;UNC_M_CAS_COUNT.RD[UNIT5];16004109;100.00;;"
7264 [139721527260864] INFO perfrun.perfcollector <> - PERF_STAT : "     0.559767421;CPU0;1095;;UNC_M_CAS_COUNT.WR[UNIT0];16002577;100.00;;"
7264 [139721527260864] INFO perfrun.perfcollector <> - PERF_STAT : "     0.559767421;CPU10;88;;UNC_M_CAS_COUNT.WR[UNIT0];16006140;100.00;;"
7264 [139721527260864] INFO perfrun.perfcollector <> - PERF_STAT : "     0.559767421;CPU0;1901;;UNC_M_CAS_COUNT.WR[UNIT1];16002641;100.00;;"
7264 [139721527260864] INFO perfrun.perfcollector <> - PERF_STAT : "     0.559767421;CPU10;147;;UNC_M_CAS_COUNT.WR[UNIT1];16007988;100.00;;"
7264 [139721527260864] INFO perfrun.perfcollector <> - PERF_STAT : "     0.559767421;CPU0;1140;;UNC_M_CAS_COUNT.WR[UNIT4];16002661;100.00;;"
7264 [139721527260864] INFO perfrun.perfcollector <> - PERF_STAT : "     0.559767421;CPU10;107;;UNC_M_CAS_COUNT.WR[UNIT4];16009803;100.00;;"
7264 [139721527260864] INFO perfrun.perfcollector <> - PERF_STAT : "     0.559767421;CPU0;1929;;UNC_M_CAS_COUNT.WR[UNIT5];16002679;100.00;;"
7264 [139721527260864] INFO perfrun.perfcollector <> - PERF_STAT : "     0.559767421;CPU10;164;;UNC_M_CAS_COUNT.WR[UNIT5];16011262;100.00;;"
7283 [139721527260864] INFO perfrun.perfcollector <> - PERF_STAT : "     0.575845183;CPU0;2247;;UNC_M_CAS_COUNT.RD[UNIT0];19998203;100.00;;"
7283 [139721527260864] INFO perfrun.perfcollector <> - PERF_STAT : "     0.575845183;CPU10;185;;UNC_M_CAS_COUNT.RD[UNIT0];19981150;100.00;;"
7283 [139721527260864] INFO perfrun.perfcollector <> - PERF_STAT : "     0.575845183;CPU0;3289;;UNC_M_CAS_COUNT.RD[UNIT1];19998400;100.00;;"
7283 [139721527260864] INFO perfrun.perfcollector <> - PERF_STAT : "     0.575845183;CPU10;200;;UNC_M_CAS_COUNT.RD[UNIT1];19978067;100.00;;"
7283 [139721527260864] INFO perfrun.perfcollector <> - PERF_STAT : "     0.575845183;CPU0;2260;;UNC_M_CAS_COUNT.RD[UNIT4];19998157;100.00;;"
7283 [139721527260864] INFO perfrun.perfcollector <> - PERF_STAT : "     0.575845183;CPU10;204;;UNC_M_CAS_COUNT.RD[UNIT4];19976439;100.00;;"
7283 [139721527260864] INFO perfrun.perfcollector <> - PERF_STAT : "     0.575845183;CPU0;3311;;UNC_M_CAS_COUNT.RD[UNIT5];19997985;100.00;;"
7283 [139721527260864] INFO perfrun.perfcollector <> - PERF_STAT : "     0.575845183;CPU10;273;;UNC_M_CAS_COUNT.RD[UNIT5];19974718;100.00;;"
7284 [139721527260864] INFO perfrun.perfcollector <> - PERF_STAT : "     0.575845183;CPU0;1459;;UNC_M_CAS_COUNT.WR[UNIT0];19998108;100.00;;"
7284 [139721527260864] INFO perfrun.perfcollector <> - PERF_STAT : "     0.575845183;CPU10;118;;UNC_M_CAS_COUNT.WR[UNIT0];19972669;100.00;;"
7284 [139721527260864] INFO perfrun.perfcollector <> - PERF_STAT : "     0.575845183;CPU0;2431;;UNC_M_CAS_COUNT.WR[UNIT1];19997978;100.00;;"
7284 [139721527260864] INFO perfrun.perfcollector <> - PERF_STAT : "     0.575845183;CPU10;204;;UNC_M_CAS_COUNT.WR[UNIT1];19970824;100.00;;"
7284 [139721527260864] INFO perfrun.perfcollector <> - PERF_STAT : "     0.575845183;CPU0;1390;;UNC_M_CAS_COUNT.WR[UNIT4];19998030;100.00;;"
7284 [139721527260864] INFO perfrun.perfcollector <> - PERF_STAT : "     0.575845183;CPU10;128;;UNC_M_CAS_COUNT.WR[UNIT4];19969013;100.00;;"
7284 [139721527260864] INFO perfrun.perfcollector <> - PERF_STAT : "     0.575845183;CPU0;2480;;UNC_M_CAS_COUNT.WR[UNIT5];19998052;100.00;;"
7284 [139721527260864] INFO perfrun.perfcollector <> - PERF_STAT : "     0.575845183;CPU10;218;;UNC_M_CAS_COUNT.WR[UNIT5];19967234;100.00;;"
7299 [139721527260864] INFO perfrun.perfcollector <> - PERF_STAT : "     0.595746050;CPU0;1872;;UNC_M_CAS_COUNT.RD[UNIT0];16002601;100.00;;"
7299 [139721527260864] INFO perfrun.perfcollector <> - PERF_STAT : "     0.595746050;CPU10;153;;UNC_M_CAS_COUNT.RD[UNIT0];16028490;100.00;;"
7299 [139721527260864] INFO perfrun.perfcollector <> - PERF_STAT : "     0.595746050;CPU0;2719;;UNC_M_CAS_COUNT.RD[UNIT1];16002525;100.00;;"
7299 [139721527260864] INFO perfrun.perfcollector <> - PERF_STAT : "     0.595746050;CPU10;193;;UNC_M_CAS_COUNT.RD[UNIT1];16028473;100.00;;"
7299 [139721527260864] INFO perfrun.perfcollector <> - PERF_STAT : "     0.595746050;CPU0;1912;;UNC_M_CAS_COUNT.RD[UNIT4];16002716;100.00;;"
7299 [139721527260864] INFO perfrun.perfcollector <> - PERF_STAT : "     0.595746050;CPU10;188;;UNC_M_CAS_COUNT.RD[UNIT4];16028205;100.00;;"
7300 [139721527260864] INFO perfrun.perfcollector <> - PERF_STAT : "     0.595746050;CPU0;2720;;UNC_M_CAS_COUNT.RD[UNIT5];16002654;100.00;;"
7300 [139721527260864] INFO perfrun.perfcollector <> - PERF_STAT : "     0.595746050;CPU10;257;;UNC_M_CAS_COUNT.RD[UNIT5];16028160;100.00;;"
7300 [139721527260864] INFO perfrun.perfcollector <> - PERF_STAT : "     0.595746050;CPU0;1074;;UNC_M_CAS_COUNT.WR[UNIT0];16002514;100.00;;"
7300 [139721527260864] INFO perfrun.perfcollector <> - PERF_STAT : "     0.595746050;CPU10;105;;UNC_M_CAS_COUNT.WR[UNIT0];16028162;100.00;;"
7300 [139721527260864] INFO perfrun.perfcollector <> - PERF_STAT : "     0.595746050;CPU0;2008;;UNC_M_CAS_COUNT.WR[UNIT1];16002503;100.00;;"
7300 [139721527260864] INFO perfrun.perfcollector <> - PERF_STAT : "     0.595746050;CPU10;185;;UNC_M_CAS_COUNT.WR[UNIT1];16028158;100.00;;"
7300 [139721527260864] INFO perfrun.perfcollector <> - PERF_STAT : "     0.595746050;CPU0;1097;;UNC_M_CAS_COUNT.WR[UNIT4];16002459;100.00;;"
7300 [139721527260864] INFO perfrun.perfcollector <> - PERF_STAT : "     0.595746050;CPU10;114;;UNC_M_CAS_COUNT.WR[UNIT4];16028268;100.00;;"
7300 [139721527260864] INFO perfrun.perfcollector <> - PERF_STAT : "     0.595746050;CPU0;1999;;UNC_M_CAS_COUNT.WR[UNIT5];16002419;100.00;;"
7300 [139721527260864] INFO perfrun.perfcollector <> - PERF_STAT : "     0.595746050;CPU10;194;;UNC_M_CAS_COUNT.WR[UNIT5];16028268;100.00;;"
7315 [139721527260864] INFO perfrun.perfcollector <> - PERF_STAT : "     0.611774927;CPU0;1867;;UNC_M_CAS_COUNT.RD[UNIT0];16002404;100.00;;"
7316 [139721527260864] INFO perfrun.perfcollector <> - PERF_STAT : "     0.611774927;CPU10;600;;UNC_M_CAS_COUNT.RD[UNIT0];15994509;100.00;;"
7316 [139721527260864] INFO perfrun.perfcollector <> - PERF_STAT : "     0.611774927;CPU0;2713;;UNC_M_CAS_COUNT.RD[UNIT1];16002341;100.00;;"
7316 [139721527260864] INFO perfrun.perfcollector <> - PERF_STAT : "     0.611774927;CPU10;754;;UNC_M_CAS_COUNT.RD[UNIT1];15997396;100.00;;"
7316 [139721527260864] INFO perfrun.perfcollector <> - PERF_STAT : "     0.611774927;CPU0;1907;;UNC_M_CAS_COUNT.RD[UNIT4];16002210;100.00;;"
7316 [139721527260864] INFO perfrun.perfcollector <> - PERF_STAT : "     0.611774927;CPU10;797;;UNC_M_CAS_COUNT.RD[UNIT4];15999342;100.00;;"
7316 [139721527260864] INFO perfrun.perfcollector <> - PERF_STAT : "     0.611774927;CPU0;2769;;UNC_M_CAS_COUNT.RD[UNIT5];16002272;100.00;;"
7316 [139721527260864] INFO perfrun.perfcollector <> - PERF_STAT : "     0.611774927;CPU10;985;;UNC_M_CAS_COUNT.RD[UNIT5];16001174;100.00;;"
7316 [139721527260864] INFO perfrun.perfcollector <> - PERF_STAT : "     0.611774927;CPU0;1129;;UNC_M_CAS_COUNT.WR[UNIT0];16002287;100.00;;"
7316 [139721527260864] INFO perfrun.perfcollector <> - PERF_STAT : "     0.611774927;CPU10;225;;UNC_M_CAS_COUNT.WR[UNIT0];16003346;100.00;;"
7316 [139721527260864] INFO perfrun.perfcollector <> - PERF_STAT : "     0.611774927;CPU0;1910;;UNC_M_CAS_COUNT.WR[UNIT1];16002573;100.00;;"
7316 [139721527260864] INFO perfrun.perfcollector <> - PERF_STAT : "     0.611774927;CPU10;355;;UNC_M_CAS_COUNT.WR[UNIT1];16005191;100.00;;"
7316 [139721527260864] INFO perfrun.perfcollector <> - PERF_STAT : "     0.611774927;CPU0;1127;;UNC_M_CAS_COUNT.WR[UNIT4];16002679;100.00;;"
7316 [139721527260864] INFO perfrun.perfcollector <> - PERF_STAT : "     0.611774927;CPU10;314;;UNC_M_CAS_COUNT.WR[UNIT4];16006888;100.00;;"
7316 [139721527260864] INFO perfrun.perfcollector <> - PERF_STAT : "     0.611774927;CPU0;1940;;UNC_M_CAS_COUNT.WR[UNIT5];16002667;100.00;;"
7316 [139721527260864] INFO perfrun.perfcollector <> - PERF_STAT : "     0.611774927;CPU10;485;;UNC_M_CAS_COUNT.WR[UNIT5];16008704;100.00;;"
7335 [139721527260864] INFO perfrun.perfcollector <> - PERF_STAT : "     0.627839901;CPU0;3268;;UNC_M_CAS_COUNT.RD[UNIT0];19997934;100.00;;"
7335 [139721527260864] INFO perfrun.perfcollector <> - PERF_STAT : "     0.627839901;CPU10;232;;UNC_M_CAS_COUNT.RD[UNIT0];19981836;100.00;;"
7335 [139721527260864] INFO perfrun.perfcollector <> - PERF_STAT : "     0.627839901;CPU0;4166;;UNC_M_CAS_COUNT.RD[UNIT1];19997969;100.00;;"
7335 [139721527260864] INFO perfrun.perfcollector <> - PERF_STAT : "     0.627839901;CPU10;296;;UNC_M_CAS_COUNT.RD[UNIT1];19978952;100.00;;"
7335 [139721527260864] INFO perfrun.perfcollector <> - PERF_STAT : "     0.627839901;CPU0;3288;;UNC_M_CAS_COUNT.RD[UNIT4];19998079;100.00;;"
7335 [139721527260864] INFO perfrun.perfcollector <> - PERF_STAT : "     0.627839901;CPU10;233;;UNC_M_CAS_COUNT.RD[UNIT4];19977096;100.00;;"
7335 [139721527260864] INFO perfrun.perfcollector <> - PERF_STAT : "     0.627839901;CPU0;4065;;UNC_M_CAS_COUNT.RD[UNIT5];19997973;100.00;;"
7335 [139721527260864] INFO perfrun.perfcollector <> - PERF_STAT : "     0.627839901;CPU10;302;;UNC_M_CAS_COUNT.RD[UNIT5];19975240;100.00;;"
7336 [139721527260864] INFO perfrun.perfcollector <> - PERF_STAT : "     0.627839901;CPU0;1485;;UNC_M_CAS_COUNT.WR[UNIT0];19998011;100.00;;"
7336 [139721527260864] INFO perfrun.perfcollector <> - PERF_STAT : "     0.627839901;CPU10;143;;UNC_M_CAS_COUNT.WR[UNIT0];19973074;100.00;;"
7336 [139721527260864] INFO perfrun.perfcollector <> - PERF_STAT : "     0.627839901;CPU0;2463;;UNC_M_CAS_COUNT.WR[UNIT1];19997743;100.00;;"
7336 [139721527260864] INFO perfrun.perfcollector <> - PERF_STAT : "     0.627839901;CPU10;228;;UNC_M_CAS_COUNT.WR[UNIT1];19971235;100.00;;"
7336 [139721527260864] INFO perfrun.perfcollector <> - PERF_STAT : "     0.627839901;CPU0;1445;;UNC_M_CAS_COUNT.WR[UNIT4];19997608;100.00;;"
7336 [139721527260864] INFO perfrun.perfcollector <> - PERF_STAT : "     0.627839901;CPU10;134;;UNC_M_CAS_COUNT.WR[UNIT4];19969696;100.00;;"
7336 [139721527260864] INFO perfrun.perfcollector <> - PERF_STAT : "     0.627839901;CPU0;2466;;UNC_M_CAS_COUNT.WR[UNIT5];19997768;100.00;;"
7336 [139721527260864] INFO perfrun.perfcollector <> - PERF_STAT : "     0.627839901;CPU10;234;;UNC_M_CAS_COUNT.WR[UNIT5];19967901;100.00;;"
7351 [139721527260864] INFO perfrun.perfcollector <> - PERF_STAT : "     0.647756319;CPU0;1894;;UNC_M_CAS_COUNT.RD[UNIT0];15997738;100.00;;"
7351 [139721527260864] INFO perfrun.perfcollector <> - PERF_STAT : "     0.647756319;CPU10;352;;UNC_M_CAS_COUNT.RD[UNIT0];16013371;100.00;;"
7351 [139721527260864] INFO perfrun.perfcollector <> - PERF_STAT : "     0.647756319;CPU0;2763;;UNC_M_CAS_COUNT.RD[UNIT1];15997736;100.00;;"
7351 [139721527260864] INFO perfrun.perfcollector <> - PERF_STAT : "     0.647756319;CPU10;383;;UNC_M_CAS_COUNT.RD[UNIT1];16016302;100.00;;"
7352 [139721527260864] INFO perfrun.perfcollector <> - PERF_STAT : "     0.647756319;CPU0;1920;;UNC_M_CAS_COUNT.RD[UNIT4];15997846;100.00;;"
7352 [139721527260864] INFO perfrun.perfcollector <> - PERF_STAT : "     0.647756319;CPU10;493;;UNC_M_CAS_COUNT.RD[UNIT4];16018052;100.00;;"
7352 [139721527260864] INFO perfrun.perfcollector <> - PERF_STAT : "     0.647756319;CPU0;2787;;UNC_M_CAS_COUNT.RD[UNIT5];15997960;100.00;;"
7352 [139721527260864] INFO perfrun.perfcollector <> - PERF_STAT : "     0.647756319;CPU10;541;;UNC_M_CAS_COUNT.RD[UNIT5];16019891;100.00;;"
7352 [139721527260864] INFO perfrun.perfcollector <> - PERF_STAT : "     0.647756319;CPU0;1080;;UNC_M_CAS_COUNT.WR[UNIT0];15997936;100.00;;"
7352 [139721527260864] INFO perfrun.perfcollector <> - PERF_STAT : "     0.647756319;CPU10;114;;UNC_M_CAS_COUNT.WR[UNIT0];16021776;100.00;;"
7352 [139721527260864] INFO perfrun.perfcollector <> - PERF_STAT : "     0.647756319;CPU0;1945;;UNC_M_CAS_COUNT.WR[UNIT1];15998054;100.00;;"
7352 [139721527260864] INFO perfrun.perfcollector <> - PERF_STAT : "     0.647756319;CPU10;176;;UNC_M_CAS_COUNT.WR[UNIT1];16023608;100.00;;"
7352 [139721527260864] INFO perfrun.perfcollector <> - PERF_STAT : "     0.647756319;CPU0;1152;;UNC_M_CAS_COUNT.WR[UNIT4];15998045;100.00;;"
7352 [139721527260864] INFO perfrun.perfcollector <> - PERF_STAT : "     0.647756319;CPU10;147;;UNC_M_CAS_COUNT.WR[UNIT4];16025118;100.00;;"
7352 [139721527260864] INFO perfrun.perfcollector <> - PERF_STAT : "     0.647756319;CPU0;1923;;UNC_M_CAS_COUNT.WR[UNIT5];15997920;100.00;;"
7352 [139721527260864] INFO perfrun.perfcollector <> - PERF_STAT : "     0.647756319;CPU10;202;;UNC_M_CAS_COUNT.WR[UNIT5];16026883;100.00;;"
7367 [139721527260864] INFO perfrun.perfcollector <> - PERF_STAT : "     0.663803801;CPU0;1946;;UNC_M_CAS_COUNT.RD[UNIT0];15999853;100.00;;"
7368 [139721527260864] INFO perfrun.perfcollector <> - PERF_STAT : "     0.663803801;CPU10;129;;UNC_M_CAS_COUNT.RD[UNIT0];15998317;100.00;;"
7368 [139721527260864] INFO perfrun.perfcollector <> - PERF_STAT : "     0.663803801;CPU0;2750;;UNC_M_CAS_COUNT.RD[UNIT1];15999939;100.00;;"
7368 [139721527260864] INFO perfrun.perfcollector <> - PERF_STAT : "     0.663803801;CPU10;165;;UNC_M_CAS_COUNT.RD[UNIT1];15998293;100.00;;"
7368 [139721527260864] INFO perfrun.perfcollector <> - PERF_STAT : "     0.663803801;CPU0;1948;;UNC_M_CAS_COUNT.RD[UNIT4];15999649;100.00;;"
7368 [139721527260864] INFO perfrun.perfcollector <> - PERF_STAT : "     0.663803801;CPU10;156;;UNC_M_CAS_COUNT.RD[UNIT4];15998432;100.00;;"
7368 [139721527260864] INFO perfrun.perfcollector <> - PERF_STAT : "     0.663803801;CPU0;2770;;UNC_M_CAS_COUNT.RD[UNIT5];15999642;100.00;;"
7368 [139721527260864] INFO perfrun.perfcollector <> - PERF_STAT : "     0.663803801;CPU10;208;;UNC_M_CAS_COUNT.RD[UNIT5];15998430;100.00;;"
7368 [139721527260864] INFO perfrun.perfcollector <> - PERF_STAT : "     0.663803801;CPU0;1078;;UNC_M_CAS_COUNT.WR[UNIT0];15999829;100.00;;"
7368 [139721527260864] INFO perfrun.perfcollector <> - PERF_STAT : "     0.663803801;CPU10;83;;UNC_M_CAS_COUNT.WR[UNIT0];15998359;100.00;;"
7368 [139721527260864] INFO perfrun.perfcollector <> - PERF_STAT : "     0.663803801;CPU0;1905;;UNC_M_CAS_COUNT.WR[UNIT1];15999708;100.00;;"
7368 [139721527260864] INFO perfrun.perfcollector <> - PERF_STAT : "     0.663803801;CPU10;153;;UNC_M_CAS_COUNT.WR[UNIT1];15998357;100.00;;"
7368 [139721527260864] INFO perfrun.perfcollector <> - PERF_STAT : "     0.663803801;CPU0;1015;;UNC_M_CAS_COUNT.WR[UNIT4];15999703;100.00;;"
7368 [139721527260864] INFO perfrun.perfcollector <> - PERF_STAT : "     0.663803801;CPU10;101;;UNC_M_CAS_COUNT.WR[UNIT4];15998356;100.00;;"
7368 [139721527260864] INFO perfrun.perfcollector <> - PERF_STAT : "     0.663803801;CPU0;1866;;UNC_M_CAS_COUNT.WR[UNIT5];15999694;100.00;;"
7368 [139721527260864] INFO perfrun.perfcollector <> - PERF_STAT : "     0.663803801;CPU10;143;;UNC_M_CAS_COUNT.WR[UNIT5];15998363;100.00;;"
7383 [139721527260864] INFO perfrun.perfcollector <> - PERF_STAT : "     0.679814900;CPU0;1870;;UNC_M_CAS_COUNT.RD[UNIT0];16000193;100.00;;"
7384 [139721527260864] INFO perfrun.perfcollector <> - PERF_STAT : "     0.679814900;CPU10;178;;UNC_M_CAS_COUNT.RD[UNIT0];16002604;100.00;;"
7384 [139721527260864] INFO perfrun.perfcollector <> - PERF_STAT : "     0.679814900;CPU0;2715;;UNC_M_CAS_COUNT.RD[UNIT1];16000193;100.00;;"
7384 [139721527260864] INFO perfrun.perfcollector <> - PERF_STAT : "     0.679814900;CPU10;215;;UNC_M_CAS_COUNT.RD[UNIT1];16002494;100.00;;"
7384 [139721527260864] INFO perfrun.perfcollector <> - PERF_STAT : "     0.679814900;CPU0;1890;;UNC_M_CAS_COUNT.RD[UNIT4];16000193;100.00;;"
7384 [139721527260864] INFO perfrun.perfcollector <> - PERF_STAT : "     0.679814900;CPU10;225;;UNC_M_CAS_COUNT.RD[UNIT4];16002325;100.00;;"
7384 [139721527260864] INFO perfrun.perfcollector <> - PERF_STAT : "     0.679814900;CPU0;2736;;UNC_M_CAS_COUNT.RD[UNIT5];16000343;100.00;;"
7384 [139721527260864] INFO perfrun.perfcollector <> - PERF_STAT : "     0.679814900;CPU10;315;;UNC_M_CAS_COUNT.RD[UNIT5];16002337;100.00;;"
7384 [139721527260864] INFO perfrun.perfcollector <> - PERF_STAT : "     0.679814900;CPU0;1036;;UNC_M_CAS_COUNT.WR[UNIT0];16000142;100.00;;"
7384 [139721527260864] INFO perfrun.perfcollector <> - PERF_STAT : "     0.679814900;CPU10;99;;UNC_M_CAS_COUNT.WR[UNIT0];16002385;100.00;;"
7384 [139721527260864] INFO perfrun.perfcollector <> - PERF_STAT : "     0.679814900;CPU0;1861;;UNC_M_CAS_COUNT.WR[UNIT1];16000151;100.00;;"
7384 [139721527260864] INFO perfrun.perfcollector <> - PERF_STAT : "     0.679814900;CPU10;153;;UNC_M_CAS_COUNT.WR[UNIT1];16002401;100.00;;"
7384 [139721527260864] INFO perfrun.perfcollector <> - PERF_STAT : "     0.679814900;CPU0;1071;;UNC_M_CAS_COUNT.WR[UNIT4];16000238;100.00;;"
7384 [139721527260864] INFO perfrun.perfcollector <> - PERF_STAT : "     0.679814900;CPU10;120;;UNC_M_CAS_COUNT.WR[UNIT4];16002417;100.00;;"
7384 [139721527260864] INFO perfrun.perfcollector <> - PERF_STAT : "     0.679814900;CPU0;1868;;UNC_M_CAS_COUNT.WR[UNIT5];16000218;100.00;;"
7384 [139721527260864] INFO perfrun.perfcollector <> - PERF_STAT : "     0.679814900;CPU10;175;;UNC_M_CAS_COUNT.WR[UNIT5];16002451;100.00;;"
7399 [139721527260864] INFO perfrun.perfcollector <> - PERF_STAT : "     0.695832887;CPU0;2039;;UNC_M_CAS_COUNT.RD[UNIT0];16001088;100.00;;"
7399 [139721527260864] INFO perfrun.perfcollector <> - PERF_STAT : "     0.695832887;CPU10;153;;UNC_M_CAS_COUNT.RD[UNIT0];15995303;100.00;;"
7399 [139721527260864] INFO perfrun.perfcollector <> - PERF_STAT : "     0.695832887;CPU0;2819;;UNC_M_CAS_COUNT.RD[UNIT1];16000968;100.00;;"
7399 [139721527260864] INFO perfrun.perfcollector <> - PERF_STAT : "     0.695832887;CPU10;208;;UNC_M_CAS_COUNT.RD[UNIT1];15995293;100.00;;"
7400 [139721527260864] INFO perfrun.perfcollector <> - PERF_STAT : "     0.695832887;CPU0;2033;;UNC_M_CAS_COUNT.RD[UNIT4];16001202;100.00;;"
7400 [139721527260864] INFO perfrun.perfcollector <> - PERF_STAT : "     0.695832887;CPU10;178;;UNC_M_CAS_COUNT.RD[UNIT4];15995453;100.00;;"
7400 [139721527260864] INFO perfrun.perfcollector <> - PERF_STAT : "     0.695832887;CPU0;2876;;UNC_M_CAS_COUNT.RD[UNIT5];16000959;100.00;;"
7400 [139721527260864] INFO perfrun.perfcollector <> - PERF_STAT : "     0.695832887;CPU10;236;;UNC_M_CAS_COUNT.RD[UNIT5];15995480;100.00;;"
7400 [139721527260864] INFO perfrun.perfcollector <> - PERF_STAT : "     0.695832887;CPU0;1114;;UNC_M_CAS_COUNT.WR[UNIT0];16000979;100.00;;"
7400 [139721527260864] INFO perfrun.perfcollector <> - PERF_STAT : "     0.695832887;CPU10;103;;UNC_M_CAS_COUNT.WR[UNIT0];15995459;100.00;;"
7400 [139721527260864] INFO perfrun.perfcollector <> - PERF_STAT : "     0.695832887;CPU0;1961;;UNC_M_CAS_COUNT.WR[UNIT1];16000975;100.00;;"
7400 [139721527260864] INFO perfrun.perfcollector <> - PERF_STAT : "     0.695832887;CPU10;172;;UNC_M_CAS_COUNT.WR[UNIT1];15995429;100.00;;"
7400 [139721527260864] INFO perfrun.perfcollector <> - PERF_STAT : "     0.695832887;CPU0;1074;;UNC_M_CAS_COUNT.WR[UNIT4];16000904;100.00;;"
7400 [139721527260864] INFO perfrun.perfcollector <> - PERF_STAT : "     0.695832887;CPU10;105;;UNC_M_CAS_COUNT.WR[UNIT4];15995417;100.00;;"
7400 [139721527260864] INFO perfrun.perfcollector <> - PERF_STAT : "     0.695832887;CPU0;1931;;UNC_M_CAS_COUNT.WR[UNIT5];16000947;100.00;;"
7400 [139721527260864] INFO perfrun.perfcollector <> - PERF_STAT : "     0.695832887;CPU10;184;;UNC_M_CAS_COUNT.WR[UNIT5];15995369;100.00;;"
7415 [139721527260864] INFO perfrun.perfcollector <> - PERF_STAT : "     0.711826535;CPU0;2029;;UNC_M_CAS_COUNT.RD[UNIT0];16025024;100.00;;"
7416 [139721527260864] INFO perfrun.perfcollector <> - PERF_STAT : "     0.711826535;CPU10;192;;UNC_M_CAS_COUNT.RD[UNIT0];16026546;100.00;;"
7416 [139721527260864] INFO perfrun.perfcollector <> - PERF_STAT : "     0.711826535;CPU0;2812;;UNC_M_CAS_COUNT.RD[UNIT1];16024726;100.00;;"
7416 [139721527260864] INFO perfrun.perfcollector <> - PERF_STAT : "     0.711826535;CPU10;233;;UNC_M_CAS_COUNT.RD[UNIT1];16026806;100.00;;"
7416 [139721527260864] INFO perfrun.perfcollector <> - PERF_STAT : "     0.711826535;CPU0;2008;;UNC_M_CAS_COUNT.RD[UNIT4];16024493;100.00;;"
7416 [139721527260864] INFO perfrun.perfcollector <> - PERF_STAT : "     0.711826535;CPU10;256;;UNC_M_CAS_COUNT.RD[UNIT4];16026715;100.00;;"
7416 [139721527260864] INFO perfrun.perfcollector <> - PERF_STAT : "     0.711826535;CPU0;2865;;UNC_M_CAS_COUNT.RD[UNIT5];16024597;100.00;;"
7416 [139721527260864] INFO perfrun.perfcollector <> - PERF_STAT : "     0.711826535;CPU10;303;;UNC_M_CAS_COUNT.RD[UNIT5];16026679;100.00;;"
7416 [139721527260864] INFO perfrun.perfcollector <> - PERF_STAT : "     0.711826535;CPU0;1066;;UNC_M_CAS_COUNT.WR[UNIT0];16024710;100.00;;"
7416 [139721527260864] INFO perfrun.perfcollector <> - PERF_STAT : "     0.711826535;CPU10;122;;UNC_M_CAS_COUNT.WR[UNIT0];16026683;100.00;;"
7416 [139721527260864] INFO perfrun.perfcollector <> - PERF_STAT : "     0.711826535;CPU0;1938;;UNC_M_CAS_COUNT.WR[UNIT1];16024695;100.00;;"
7416 [139721527260864] INFO perfrun.perfcollector <> - PERF_STAT : "     0.711826535;CPU10;152;;UNC_M_CAS_COUNT.WR[UNIT1];16026710;100.00;;"
7416 [139721527260864] INFO perfrun.perfcollector <> - PERF_STAT : "     0.711826535;CPU0;1052;;UNC_M_CAS_COUNT.WR[UNIT4];16024690;100.00;;"
7416 [139721527260864] INFO perfrun.perfcollector <> - PERF_STAT : "     0.711826535;CPU10;129;;UNC_M_CAS_COUNT.WR[UNIT4];16026870;100.00;;"
7416 [139721527260864] INFO perfrun.perfcollector <> - PERF_STAT : "     0.711826535;CPU0;1967;;UNC_M_CAS_COUNT.WR[UNIT5];16024658;100.00;;"
7416 [139721527260864] INFO perfrun.perfcollector <> - PERF_STAT : "     0.711826535;CPU10;176;;UNC_M_CAS_COUNT.WR[UNIT5];16026899;100.00;;"
7431 [139721527260864] INFO perfrun.perfcollector <> - PERF_STAT : "     0.727853263;CPU0;1946;;UNC_M_CAS_COUNT.RD[UNIT0];15974801;100.00;;"
7431 [139721527260864] INFO perfrun.perfcollector <> - PERF_STAT : "     0.727853263;CPU10;134;;UNC_M_CAS_COUNT.RD[UNIT0];15984466;100.00;;"
7431 [139721527260864] INFO perfrun.perfcollector <> - PERF_STAT : "     0.727853263;CPU0;2853;;UNC_M_CAS_COUNT.RD[UNIT1];15975043;100.00;;"
7431 [139721527260864] INFO perfrun.perfcollector <> - PERF_STAT : "     0.727853263;CPU10;158;;UNC_M_CAS_COUNT.RD[UNIT1];15981655;100.00;;"
7431 [139721527260864] INFO perfrun.perfcollector <> - PERF_STAT : "     0.727853263;CPU0;1920;;UNC_M_CAS_COUNT.RD[UNIT4];15975038;100.00;;"
7431 [139721527260864] INFO perfrun.perfcollector <> - PERF_STAT : "     0.727853263;CPU10;171;;UNC_M_CAS_COUNT.RD[UNIT4];15979747;100.00;;"
7431 [139721527260864] INFO perfrun.perfcollector <> - PERF_STAT : "     0.727853263;CPU0;2772;;UNC_M_CAS_COUNT.RD[UNIT5];15975183;100.00;;"
7432 [139721527260864] INFO perfrun.perfcollector <> - PERF_STAT : "     0.727853263;CPU10;217;;UNC_M_CAS_COUNT.RD[UNIT5];15977890;100.00;;"
7432 [139721527260864] INFO perfrun.perfcollector <> - PERF_STAT : "     0.727853263;CPU0;992;;UNC_M_CAS_COUNT.WR[UNIT0];15975112;100.00;;"
7432 [139721527260864] INFO perfrun.perfcollector <> - PERF_STAT : "     0.727853263;CPU10;88;;UNC_M_CAS_COUNT.WR[UNIT0];15976181;100.00;;"
7432 [139721527260864] INFO perfrun.perfcollector <> - PERF_STAT : "     0.727853263;CPU0;1841;;UNC_M_CAS_COUNT.WR[UNIT1];15975371;100.00;;"
7432 [139721527260864] INFO perfrun.perfcollector <> - PERF_STAT : "     0.727853263;CPU10;129;;UNC_M_CAS_COUNT.WR[UNIT1];15974337;100.00;;"
7432 [139721527260864] INFO perfrun.perfcollector <> - PERF_STAT : "     0.727853263;CPU0;1049;;UNC_M_CAS_COUNT.WR[UNIT4];15975373;100.00;;"
7432 [139721527260864] INFO perfrun.perfcollector <> - PERF_STAT : "     0.727853263;CPU10;103;;UNC_M_CAS_COUNT.WR[UNIT4];15972397;100.00;;"
7432 [139721527260864] INFO perfrun.perfcollector <> - PERF_STAT : "     0.727853263;CPU0;1845;;UNC_M_CAS_COUNT.WR[UNIT5];15975387;100.00;;"
7432 [139721527260864] INFO perfrun.perfcollector <> - PERF_STAT : "     0.727853263;CPU10;155;;UNC_M_CAS_COUNT.WR[UNIT5];15970602;100.00;;"
7447 [139721527260864] INFO perfrun.perfcollector <> - PERF_STAT : "     0.743775678;CPU0;1991;;UNC_M_CAS_COUNT.RD[UNIT0];16000779;100.00;;"
7447 [139721527260864] INFO perfrun.perfcollector <> - PERF_STAT : "     0.743775678;CPU10;157;;UNC_M_CAS_COUNT.RD[UNIT0];15999195;100.00;;"
7447 [139721527260864] INFO perfrun.perfcollector <> - PERF_STAT : "     0.743775678;CPU0;2822;;UNC_M_CAS_COUNT.RD[UNIT1];16000644;100.00;;"
7447 [139721527260864] INFO perfrun.perfcollector <> - PERF_STAT : "     0.743775678;CPU10;195;;UNC_M_CAS_COUNT.RD[UNIT1];15998972;100.00;;"
7447 [139721527260864] INFO perfrun.perfcollector <> - PERF_STAT : "     0.743775678;CPU0;1996;;UNC_M_CAS_COUNT.RD[UNIT4];16000790;100.00;;"
7447 [139721527260864] INFO perfrun.perfcollector <> - PERF_STAT : "     0.743775678;CPU10;216;;UNC_M_CAS_COUNT.RD[UNIT4];15998993;100.00;;"
7448 [139721527260864] INFO perfrun.perfcollector <> - PERF_STAT : "     0.743775678;CPU0;2818;;UNC_M_CAS_COUNT.RD[UNIT5];16000704;100.00;;"
7448 [139721527260864] INFO perfrun.perfcollector <> - PERF_STAT : "     0.743775678;CPU10;266;;UNC_M_CAS_COUNT.RD[UNIT5];15999165;100.00;;"
7448 [139721527260864] INFO perfrun.perfcollector <> - PERF_STAT : "     0.743775678;CPU0;1060;;UNC_M_CAS_COUNT.WR[UNIT0];16000633;100.00;;"
7448 [139721527260864] INFO perfrun.perfcollector <> - PERF_STAT : "     0.743775678;CPU10;87;;UNC_M_CAS_COUNT.WR[UNIT0];15999203;100.00;;"
7448 [139721527260864] INFO perfrun.perfcollector <> - PERF_STAT : "     0.743775678;CPU0;1838;;UNC_M_CAS_COUNT.WR[UNIT1];16000375;100.00;;"
7448 [139721527260864] INFO perfrun.perfcollector <> - PERF_STAT : "     0.743775678;CPU10;133;;UNC_M_CAS_COUNT.WR[UNIT1];15999212;100.00;;"
7448 [139721527260864] INFO perfrun.perfcollector <> - PERF_STAT : "     0.743775678;CPU0;1108;;UNC_M_CAS_COUNT.WR[UNIT4];16000353;100.00;;"
7448 [139721527260864] INFO perfrun.perfcollector <> - PERF_STAT : "     0.743775678;CPU10;105;;UNC_M_CAS_COUNT.WR[UNIT4];15999204;100.00;;"
7448 [139721527260864] INFO perfrun.perfcollector <> - PERF_STAT : "     0.743775678;CPU0;1819;;UNC_M_CAS_COUNT.WR[UNIT5];16000455;100.00;;"
7448 [139721527260864] INFO perfrun.perfcollector <> - PERF_STAT : "     0.743775678;CPU10;150;;UNC_M_CAS_COUNT.WR[UNIT5];15999199;100.00;;"
7463 [139721527260864] INFO perfrun.perfcollector <> - PERF_STAT : "     0.759766381;CPU0;2955;;UNC_M_CAS_COUNT.RD[UNIT0];15999817;100.00;;"
7464 [139721527260864] INFO perfrun.perfcollector <> - PERF_STAT : "     0.759766381;CPU10;500;;UNC_M_CAS_COUNT.RD[UNIT0];15994498;100.00;;"
7464 [139721527260864] INFO perfrun.perfcollector <> - PERF_STAT : "     0.759766381;CPU0;3583;;UNC_M_CAS_COUNT.RD[UNIT1];16000107;100.00;;"
7464 [139721527260864] INFO perfrun.perfcollector <> - PERF_STAT : "     0.759766381;CPU10;679;;UNC_M_CAS_COUNT.RD[UNIT1];15997493;100.00;;"
7464 [139721527260864] INFO perfrun.perfcollector <> - PERF_STAT : "     0.759766381;CPU0;2877;;UNC_M_CAS_COUNT.RD[UNIT4];16000042;100.00;;"
7464 [139721527260864] INFO perfrun.perfcollector <> - PERF_STAT : "     0.759766381;CPU10;560;;UNC_M_CAS_COUNT.RD[UNIT4];15999387;100.00;;"
7464 [139721527260864] INFO perfrun.perfcollector <> - PERF_STAT : "     0.759766381;CPU0;3578;;UNC_M_CAS_COUNT.RD[UNIT5];15999976;100.00;;"
7464 [139721527260864] INFO perfrun.perfcollector <> - PERF_STAT : "     0.759766381;CPU10;764;;UNC_M_CAS_COUNT.RD[UNIT5];16001055;100.00;;"
7464 [139721527260864] INFO perfrun.perfcollector <> - PERF_STAT : "     0.759766381;CPU0;1101;;UNC_M_CAS_COUNT.WR[UNIT0];15999978;100.00;;"
7464 [139721527260864] INFO perfrun.perfcollector <> - PERF_STAT : "     0.759766381;CPU10;180;;UNC_M_CAS_COUNT.WR[UNIT0];16002762;100.00;;"
7464 [139721527260864] INFO perfrun.perfcollector <> - PERF_STAT : "     0.759766381;CPU0;1947;;UNC_M_CAS_COUNT.WR[UNIT1];15999981;100.00;;"
7464 [139721527260864] INFO perfrun.perfcollector <> - PERF_STAT : "     0.759766381;CPU10;379;;UNC_M_CAS_COUNT.WR[UNIT1];16004583;100.00;;"
7464 [139721527260864] INFO perfrun.perfcollector <> - PERF_STAT : "     0.759766381;CPU0;1096;;UNC_M_CAS_COUNT.WR[UNIT4];16000017;100.00;;"
7464 [139721527260864] INFO perfrun.perfcollector <> - PERF_STAT : "     0.759766381;CPU10;210;;UNC_M_CAS_COUNT.WR[UNIT4];16006388;100.00;;"
7464 [139721527260864] INFO perfrun.perfcollector <> - PERF_STAT : "     0.759766381;CPU0;1862;;UNC_M_CAS_COUNT.WR[UNIT5];15999886;100.00;;"
7464 [139721527260864] INFO perfrun.perfcollector <> - PERF_STAT : "     0.759766381;CPU10;432;;UNC_M_CAS_COUNT.WR[UNIT5];16008173;100.00;;"
7479 [139721527260864] INFO perfrun.perfcollector <> - PERF_STAT : "     0.775846089;CPU0;2518;;UNC_M_CAS_COUNT.RD[UNIT0];16096812;100.00;;"
7479 [139721527260864] INFO perfrun.perfcollector <> - PERF_STAT : "     0.775846089;CPU10;1231;;UNC_M_CAS_COUNT.RD[UNIT0];16059816;100.00;;"
7480 [139721527260864] INFO perfrun.perfcollector <> - PERF_STAT : "     0.775846089;CPU0;3292;;UNC_M_CAS_COUNT.RD[UNIT1];16097560;100.00;;"
7480 [139721527260864] INFO perfrun.perfcollector <> - PERF_STAT : "     0.775846089;CPU10;1211;;UNC_M_CAS_COUNT.RD[UNIT1];16057193;100.00;;"
7480 [139721527260864] INFO perfrun.perfcollector <> - PERF_STAT : "     0.775846089;CPU0;2511;;UNC_M_CAS_COUNT.RD[UNIT4];16098183;100.00;;"
7480 [139721527260864] INFO perfrun.perfcollector <> - PERF_STAT : "     0.775846089;CPU10;1311;;UNC_M_CAS_COUNT.RD[UNIT4];16055470;100.00;;"
7480 [139721527260864] INFO perfrun.perfcollector <> - PERF_STAT : "     0.775846089;CPU0;3404;;UNC_M_CAS_COUNT.RD[UNIT5];16098578;100.00;;"
7480 [139721527260864] INFO perfrun.perfcollector <> - PERF_STAT : "     0.775846089;CPU10;1340;;UNC_M_CAS_COUNT.RD[UNIT5];16053841;100.00;;"
7480 [139721527260864] INFO perfrun.perfcollector <> - PERF_STAT : "     0.775846089;CPU0;1395;;UNC_M_CAS_COUNT.WR[UNIT0];16098963;100.00;;"
7480 [139721527260864] INFO perfrun.perfcollector <> - PERF_STAT : "     0.775846089;CPU10;331;;UNC_M_CAS_COUNT.WR[UNIT0];16052174;100.00;;"
7480 [139721527260864] INFO perfrun.perfcollector <> - PERF_STAT : "     0.775846089;CPU0;2192;;UNC_M_CAS_COUNT.WR[UNIT1];16099274;100.00;;"
7480 [139721527260864] INFO perfrun.perfcollector <> - PERF_STAT : "     0.775846089;CPU10;394;;UNC_M_CAS_COUNT.WR[UNIT1];16050807;100.00;;"
7480 [139721527260864] INFO perfrun.perfcollector <> - PERF_STAT : "     0.775846089;CPU0;1422;;UNC_M_CAS_COUNT.WR[UNIT4];16099673;100.00;;"
7480 [139721527260864] INFO perfrun.perfcollector <> - PERF_STAT : "     0.775846089;CPU10;350;;UNC_M_CAS_COUNT.WR[UNIT4];16049057;100.00;;"
7480 [139721527260864] INFO perfrun.perfcollector <> - PERF_STAT : "     0.775846089;CPU0;2285;;UNC_M_CAS_COUNT.WR[UNIT5];16099895;100.00;;"
7480 [139721527260864] INFO perfrun.perfcollector <> - PERF_STAT : "     0.775846089;CPU10;431;;UNC_M_CAS_COUNT.WR[UNIT5];16047327;100.00;;"
7495 [139721527260864] INFO perfrun.perfcollector <> - PERF_STAT : "     0.791831122;CPU0;2052;;UNC_M_CAS_COUNT.RD[UNIT0];15901835;100.00;;"
7496 [139721527260864] INFO perfrun.perfcollector <> - PERF_STAT : "     0.791831122;CPU10;146;;UNC_M_CAS_COUNT.RD[UNIT0];15938626;100.00;;"
7496 [139721527260864] INFO perfrun.perfcollector <> - PERF_STAT : "     0.791831122;CPU0;2836;;UNC_M_CAS_COUNT.RD[UNIT1];15900901;100.00;;"
7496 [139721527260864] INFO perfrun.perfcollector <> - PERF_STAT : "     0.791831122;CPU10;160;;UNC_M_CAS_COUNT.RD[UNIT1];15941114;100.00;;"
7496 [139721527260864] INFO perfrun.perfcollector <> - PERF_STAT : "     0.791831122;CPU0;2016;;UNC_M_CAS_COUNT.RD[UNIT4];15900349;100.00;;"
7496 [139721527260864] INFO perfrun.perfcollector <> - PERF_STAT : "     0.791831122;CPU10;168;;UNC_M_CAS_COUNT.RD[UNIT4];15942931;100.00;;"
7496 [139721527260864] INFO perfrun.perfcollector <> - PERF_STAT : "     0.791831122;CPU0;2837;;UNC_M_CAS_COUNT.RD[UNIT5];15899838;100.00;;"
7496 [139721527260864] INFO perfrun.perfcollector <> - PERF_STAT : "     0.791831122;CPU10;214;;UNC_M_CAS_COUNT.RD[UNIT5];15944577;100.00;;"
7496 [139721527260864] INFO perfrun.perfcollector <> - PERF_STAT : "     0.791831122;CPU0;916;;UNC_M_CAS_COUNT.WR[UNIT0];15899468;100.00;;"
7496 [139721527260864] INFO perfrun.perfcollector <> - PERF_STAT : "     0.791831122;CPU10;64;;UNC_M_CAS_COUNT.WR[UNIT0];15946210;100.00;;"
7496 [139721527260864] INFO perfrun.perfcollector <> - PERF_STAT : "     0.791831122;CPU0;1753;;UNC_M_CAS_COUNT.WR[UNIT1];15899244;100.00;;"
7496 [139721527260864] INFO perfrun.perfcollector <> - PERF_STAT : "     0.791831122;CPU10;126;;UNC_M_CAS_COUNT.WR[UNIT1];15947785;100.00;;"
7496 [139721527260864] INFO perfrun.perfcollector <> - PERF_STAT : "     0.791831122;CPU0;952;;UNC_M_CAS_COUNT.WR[UNIT4];15898845;100.00;;"
7496 [139721527260864] INFO perfrun.perfcollector <> - PERF_STAT : "     0.791831122;CPU10;83;;UNC_M_CAS_COUNT.WR[UNIT4];15949644;100.00;;"
7496 [139721527260864] INFO perfrun.perfcollector <> - PERF_STAT : "     0.791831122;CPU0;1745;;UNC_M_CAS_COUNT.WR[UNIT5];15898635;100.00;;"
7496 [139721527260864] INFO perfrun.perfcollector <> - PERF_STAT : "     0.791831122;CPU10;134;;UNC_M_CAS_COUNT.WR[UNIT5];15951368;100.00;;"
7511 [139721527260864] INFO perfrun.perfcollector <> - PERF_STAT : "     0.807833649;CPU0;2086;;UNC_M_CAS_COUNT.RD[UNIT0];16001766;100.00;;"
7511 [139721527260864] INFO perfrun.perfcollector <> - PERF_STAT : "     0.807833649;CPU10;250;;UNC_M_CAS_COUNT.RD[UNIT0];16002211;100.00;;"
7511 [139721527260864] INFO perfrun.perfcollector <> - PERF_STAT : "     0.807833649;CPU0;2890;;UNC_M_CAS_COUNT.RD[UNIT1];16001844;100.00;;"
7511 [139721527260864] INFO perfrun.perfcollector <> - PERF_STAT : "     0.807833649;CPU10;326;;UNC_M_CAS_COUNT.RD[UNIT1];16002381;100.00;;"
7511 [139721527260864] INFO perfrun.perfcollector <> - PERF_STAT : "     0.807833649;CPU0;2105;;UNC_M_CAS_COUNT.RD[UNIT4];16001786;100.00;;"
7512 [139721527260864] INFO perfrun.perfcollector <> - PERF_STAT : "     0.807833649;CPU10;338;;UNC_M_CAS_COUNT.RD[UNIT4];16002445;100.00;;"
7512 [139721527260864] INFO perfrun.perfcollector <> - PERF_STAT : "     0.807833649;CPU0;2948;;UNC_M_CAS_COUNT.RD[UNIT5];16001915;100.00;;"
7512 [139721527260864] INFO perfrun.perfcollector <> - PERF_STAT : "     0.807833649;CPU10;415;;UNC_M_CAS_COUNT.RD[UNIT5];16002488;100.00;;"
7512 [139721527260864] INFO perfrun.perfcollector <> - PERF_STAT : "     0.807833649;CPU0;1043;;UNC_M_CAS_COUNT.WR[UNIT0];16001920;100.00;;"
7512 [139721527260864] INFO perfrun.perfcollector <> - PERF_STAT : "     0.807833649;CPU10;99;;UNC_M_CAS_COUNT.WR[UNIT0];16002519;100.00;;"
7512 [139721527260864] INFO perfrun.perfcollector <> - PERF_STAT : "     0.807833649;CPU0;1888;;UNC_M_CAS_COUNT.WR[UNIT1];16002063;100.00;;"
7512 [139721527260864] INFO perfrun.perfcollector <> - PERF_STAT : "     0.807833649;CPU10;182;;UNC_M_CAS_COUNT.WR[UNIT1];16015166;100.00;;"
7512 [139721527260864] INFO perfrun.perfcollector <> - PERF_STAT : "     0.807833649;CPU0;1026;;UNC_M_CAS_COUNT.WR[UNIT4];16002113;100.00;;"
7512 [139721527260864] INFO perfrun.perfcollector <> - PERF_STAT : "     0.807833649;CPU10;128;;UNC_M_CAS_COUNT.WR[UNIT4];16013378;100.00;;"
7512 [139721527260864] INFO perfrun.perfcollector <> - PERF_STAT : "     0.807833649;CPU0;1914;;UNC_M_CAS_COUNT.WR[UNIT5];16002242;100.00;;"
7512 [139721527260864] INFO perfrun.perfcollector <> - PERF_STAT : "     0.807833649;CPU10;207;;UNC_M_CAS_COUNT.WR[UNIT5];16011593;100.00;;"
7527 [139721527260864] INFO perfrun.perfcollector <> - PERF_STAT : "     0.823786769;CPU0;2037;;UNC_M_CAS_COUNT.RD[UNIT0];15999269;100.00;;"
7528 [139721527260864] INFO perfrun.perfcollector <> - PERF_STAT : "     0.823786769;CPU10;126;;UNC_M_CAS_COUNT.RD[UNIT0];15997976;100.00;;"
7528 [139721527260864] INFO perfrun.perfcollector <> - PERF_STAT : "     0.823786769;CPU0;2900;;UNC_M_CAS_COUNT.RD[UNIT1];15999158;100.00;;"
7528 [139721527260864] INFO perfrun.perfcollector <> - PERF_STAT : "     0.823786769;CPU10;163;;UNC_M_CAS_COUNT.RD[UNIT1];15997906;100.00;;"
7528 [139721527260864] INFO perfrun.perfcollector <> - PERF_STAT : "     0.823786769;CPU0;2019;;UNC_M_CAS_COUNT.RD[UNIT4];15999086;100.00;;"
7528 [139721527260864] INFO perfrun.perfcollector <> - PERF_STAT : "     0.823786769;CPU10;155;;UNC_M_CAS_COUNT.RD[UNIT4];15997772;100.00;;"
7528 [139721527260864] INFO perfrun.perfcollector <> - PERF_STAT : "     0.823786769;CPU0;2864;;UNC_M_CAS_COUNT.RD[UNIT5];15999103;100.00;;"
7528 [139721527260864] INFO perfrun.perfcollector <> - PERF_STAT : "     0.823786769;CPU10;196;;UNC_M_CAS_COUNT.RD[UNIT5];15997812;100.00;;"
7528 [139721527260864] INFO perfrun.perfcollector <> - PERF_STAT : "     0.823786769;CPU0;982;;UNC_M_CAS_COUNT.WR[UNIT0];15999082;100.00;;"
7528 [139721527260864] INFO perfrun.perfcollector <> - PERF_STAT : "     0.823786769;CPU10;59;;UNC_M_CAS_COUNT.WR[UNIT0];15997798;100.00;;"
7528 [139721527260864] INFO perfrun.perfcollector <> - PERF_STAT : "     0.823786769;CPU0;1832;;UNC_M_CAS_COUNT.WR[UNIT1];15998959;100.00;;"
7528 [139721527260864] INFO perfrun.perfcollector <> - PERF_STAT : "     0.823786769;CPU10;109;;UNC_M_CAS_COUNT.WR[UNIT1];15984957;100.00;;"
7528 [139721527260864] INFO perfrun.perfcollector <> - PERF_STAT : "     0.823786769;CPU0;1008;;UNC_M_CAS_COUNT.WR[UNIT4];15999060;100.00;;"
7528 [139721527260864] INFO perfrun.perfcollector <> - PERF_STAT : "     0.823786769;CPU10;74;;UNC_M_CAS_COUNT.WR[UNIT4];15986642;100.00;;"
7528 [139721527260864] INFO perfrun.perfcollector <> - PERF_STAT : "     0.823786769;CPU0;1843;;UNC_M_CAS_COUNT.WR[UNIT5];15999018;100.00;;"
7528 [139721527260864] INFO perfrun.perfcollector <> - PERF_STAT : "     0.823786769;CPU10;122;;UNC_M_CAS_COUNT.WR[UNIT5];15988433;100.00;;"
7543 [139721527260864] INFO perfrun.perfcollector <> - PERF_STAT : "     0.839833688;CPU0;2037;;UNC_M_CAS_COUNT.RD[UNIT0];15998760;100.00;;"
7543 [139721527260864] INFO perfrun.perfcollector <> - PERF_STAT : "     0.839833688;CPU10;160;;UNC_M_CAS_COUNT.RD[UNIT0];15999110;100.00;;"
7543 [139721527260864] INFO perfrun.perfcollector <> - PERF_STAT : "     0.839833688;CPU0;2864;;UNC_M_CAS_COUNT.RD[UNIT1];15998874;100.00;;"
7543 [139721527260864] INFO perfrun.perfcollector <> - PERF_STAT : "     0.839833688;CPU10;201;;UNC_M_CAS_COUNT.RD[UNIT1];15999078;100.00;;"
7544 [139721527260864] INFO perfrun.perfcollector <> - PERF_STAT : "     0.839833688;CPU0;2072;;UNC_M_CAS_COUNT.RD[UNIT4];15999254;100.00;;"
7544 [139721527260864] INFO perfrun.perfcollector <> - PERF_STAT : "     0.839833688;CPU10;213;;UNC_M_CAS_COUNT.RD[UNIT4];15998977;100.00;;"
7544 [139721527260864] INFO perfrun.perfcollector <> - PERF_STAT : "     0.839833688;CPU0;2902;;UNC_M_CAS_COUNT.RD[UNIT5];15999213;100.00;;"
7544 [139721527260864] INFO perfrun.perfcollector <> - PERF_STAT : "     0.839833688;CPU10;277;;UNC_M_CAS_COUNT.RD[UNIT5];15998887;100.00;;"
7544 [139721527260864] INFO perfrun.perfcollector <> - PERF_STAT : "     0.839833688;CPU0;1023;;UNC_M_CAS_COUNT.WR[UNIT0];15999357;100.00;;"
7544 [139721527260864] INFO perfrun.perfcollector <> - PERF_STAT : "     0.839833688;CPU10;65;;UNC_M_CAS_COUNT.WR[UNIT0];15999064;100.00;;"
7544 [139721527260864] INFO perfrun.perfcollector <> - PERF_STAT : "     0.839833688;CPU0;1908;;UNC_M_CAS_COUNT.WR[UNIT1];15999351;100.00;;"
7544 [139721527260864] INFO perfrun.perfcollector <> - PERF_STAT : "     0.839833688;CPU10;120;;UNC_M_CAS_COUNT.WR[UNIT1];15999161;100.00;;"
7544 [139721527260864] INFO perfrun.perfcollector <> - PERF_STAT : "     0.839833688;CPU0;1050;;UNC_M_CAS_COUNT.WR[UNIT4];15999182;100.00;;"
7544 [139721527260864] INFO perfrun.perfcollector <> - PERF_STAT : "     0.839833688;CPU10;76;;UNC_M_CAS_COUNT.WR[UNIT4];15999138;100.00;;"
7544 [139721527260864] INFO perfrun.perfcollector <> - PERF_STAT : "     0.839833688;CPU0;1834;;UNC_M_CAS_COUNT.WR[UNIT5];15999100;100.00;;"
7544 [139721527260864] INFO perfrun.perfcollector <> - PERF_STAT : "     0.839833688;CPU10;154;;UNC_M_CAS_COUNT.WR[UNIT5];15999120;100.00;;"
7559 [139721527260864] INFO perfrun.perfcollector <> - PERF_STAT : "     0.855808126;CPU0;1978;;UNC_M_CAS_COUNT.RD[UNIT0];16001366;100.00;;"
7559 [139721527260864] INFO perfrun.perfcollector <> - PERF_STAT : "     0.855808126;CPU10;125;;UNC_M_CAS_COUNT.RD[UNIT0];15988177;100.00;;"
7559 [139721527260864] INFO perfrun.perfcollector <> - PERF_STAT : "     0.855808126;CPU0;2832;;UNC_M_CAS_COUNT.RD[UNIT1];16001340;100.00;;"
7559 [139721527260864] INFO perfrun.perfcollector <> - PERF_STAT : "     0.855808126;CPU10;158;;UNC_M_CAS_COUNT.RD[UNIT1];15985352;100.00;;"
7559 [139721527260864] INFO perfrun.perfcollector <> - PERF_STAT : "     0.855808126;CPU0;1993;;UNC_M_CAS_COUNT.RD[UNIT4];16001093;100.00;;"
7559 [139721527260864] INFO perfrun.perfcollector <> - PERF_STAT : "     0.855808126;CPU10;167;;UNC_M_CAS_COUNT.RD[UNIT4];15983530;100.00;;"
7559 [139721527260864] INFO perfrun.perfcollector <> - PERF_STAT : "     0.855808126;CPU0;2821;;UNC_M_CAS_COUNT.RD[UNIT5];16001126;100.00;;"
7559 [139721527260864] INFO perfrun.perfcollector <> - PERF_STAT : "     0.855808126;CPU10;191;;UNC_M_CAS_COUNT.RD[UNIT5];15981708;100.00;;"
7560 [139721527260864] INFO perfrun.perfcollector <> - PERF_STAT : "     0.855808126;CPU0;968;;UNC_M_CAS_COUNT.WR[UNIT0];16000974;100.00;;"
7560 [139721527260864] INFO perfrun.perfcollector <> - PERF_STAT : "     0.855808126;CPU10;49;;UNC_M_CAS_COUNT.WR[UNIT0];15979683;100.00;;"
7560 [139721527260864] INFO perfrun.perfcollector <> - PERF_STAT : "     0.855808126;CPU0;1790;;UNC_M_CAS_COUNT.WR[UNIT1];16000870;100.00;;"
7560 [139721527260864] INFO perfrun.perfcollector <> - PERF_STAT : "     0.855808126;CPU10;112;;UNC_M_CAS_COUNT.WR[UNIT1];15977916;100.00;;"
7560 [139721527260864] INFO perfrun.perfcollector <> - PERF_STAT : "     0.855808126;CPU0;971;;UNC_M_CAS_COUNT.WR[UNIT4];16000864;100.00;;"
7560 [139721527260864] INFO perfrun.perfcollector <> - PERF_STAT : "     0.855808126;CPU10;80;;UNC_M_CAS_COUNT.WR[UNIT4];15976243;100.00;;"
7560 [139721527260864] INFO perfrun.perfcollector <> - PERF_STAT : "     0.855808126;CPU0;1809;;UNC_M_CAS_COUNT.WR[UNIT5];16000881;100.00;;"
7560 [139721527260864] INFO perfrun.perfcollector <> - PERF_STAT : "     0.855808126;CPU10;125;;UNC_M_CAS_COUNT.WR[UNIT5];15974497;100.00;;"
7570 [139721527260864] INFO perfrun.perfcollector <> - PERF_STAT : "     0.871753858;CPU0;1417;;UNC_M_CAS_COUNT.RD[UNIT0];11013112;100.00;;"
7570 [139721527260864] INFO perfrun.perfcollector <> - PERF_STAT : "     0.871753858;CPU10;266;;UNC_M_CAS_COUNT.RD[UNIT0];11031615;100.00;;"
7570 [139721527260864] INFO perfrun.perfcollector <> - PERF_STAT : "     0.871753858;CPU0;2034;;UNC_M_CAS_COUNT.RD[UNIT1];11013270;100.00;;"
7570 [139721527260864] INFO perfrun.perfcollector <> - PERF_STAT : "     0.871753858;CPU10;321;;UNC_M_CAS_COUNT.RD[UNIT1];11034430;100.00;;"
7571 [139721527260864] INFO perfrun.perfcollector <> - PERF_STAT : "     0.871753858;CPU0;1454;;UNC_M_CAS_COUNT.RD[UNIT4];11013212;100.00;;"
7571 [139721527260864] INFO perfrun.perfcollector <> - PERF_STAT : "     0.871753858;CPU10;326;;UNC_M_CAS_COUNT.RD[UNIT4];11036276;100.00;;"
7571 [139721527260864] INFO perfrun.perfcollector <> - PERF_STAT : "     0.871753858;CPU0;2044;;UNC_M_CAS_COUNT.RD[UNIT5];11013338;100.00;;"
7571 [139721527260864] INFO perfrun.perfcollector <> - PERF_STAT : "     0.871753858;CPU10;386;;UNC_M_CAS_COUNT.RD[UNIT5];11038045;100.00;;"
7571 [139721527260864] INFO perfrun.perfcollector <> - PERF_STAT : "     0.871753858;CPU0;707;;UNC_M_CAS_COUNT.WR[UNIT0];11013418;100.00;;"
7571 [139721527260864] INFO perfrun.perfcollector <> - PERF_STAT : "     0.871753858;CPU10;53;;UNC_M_CAS_COUNT.WR[UNIT0];11039950;100.00;;"
7571 [139721527260864] INFO perfrun.perfcollector <> - PERF_STAT : "     0.871753858;CPU0;1315;;UNC_M_CAS_COUNT.WR[UNIT1];11013422;100.00;;"
7571 [139721527260864] INFO perfrun.perfcollector <> - PERF_STAT : "     0.871753858;CPU10;113;;UNC_M_CAS_COUNT.WR[UNIT1];11055037;100.00;;"
7571 [139721527260864] INFO perfrun.perfcollector <> - PERF_STAT : "     0.871753858;CPU0;783;;UNC_M_CAS_COUNT.WR[UNIT4];11013476;100.00;;"
7571 [139721527260864] INFO perfrun.perfcollector <> - PERF_STAT : "     0.871753858;CPU10;89;;UNC_M_CAS_COUNT.WR[UNIT4];11055057;100.00;;"
7571 [139721527260864] INFO perfrun.perfcollector <> - PERF_STAT : "     0.871753858;CPU0;1344;;UNC_M_CAS_COUNT.WR[UNIT5];11013452;100.00;;"
7571 [139721527260864] INFO perfrun.perfcollector <> - PERF_STAT : "     0.871753858;CPU10;147;;UNC_M_CAS_COUNT.WR[UNIT5];11055032;100.00;;"
7583 [139721527260864] INFO perfrun.perfcollector <> - PERF_STAT : "     0.882805600;CPU0;2511;;UNC_M_CAS_COUNT.RD[UNIT0];12996674;100.00;;"
7584 [139721527260864] INFO perfrun.perfcollector <> - PERF_STAT : "     0.882805600;CPU10;217;;UNC_M_CAS_COUNT.RD[UNIT0];12994237;100.00;;"
7584 [139721527260864] INFO perfrun.perfcollector <> - PERF_STAT : "     0.882805600;CPU0;3056;;UNC_M_CAS_COUNT.RD[UNIT1];12996825;100.00;;"
7584 [139721527260864] INFO perfrun.perfcollector <> - PERF_STAT : "     0.882805600;CPU10;260;;UNC_M_CAS_COUNT.RD[UNIT1];12994330;100.00;;"
7584 [139721527260864] INFO perfrun.perfcollector <> - PERF_STAT : "     0.882805600;CPU0;2505;;UNC_M_CAS_COUNT.RD[UNIT4];12996913;100.00;;"
7584 [139721527260864] INFO perfrun.perfcollector <> - PERF_STAT : "     0.882805600;CPU10;255;;UNC_M_CAS_COUNT.RD[UNIT4];12994356;100.00;;"
7584 [139721527260864] INFO perfrun.perfcollector <> - PERF_STAT : "     0.882805600;CPU0;2987;;UNC_M_CAS_COUNT.RD[UNIT5];12996685;100.00;;"
7584 [139721527260864] INFO perfrun.perfcollector <> - PERF_STAT : "     0.882805600;CPU10;332;;UNC_M_CAS_COUNT.RD[UNIT5];12994439;100.00;;"
7584 [139721527260864] INFO perfrun.perfcollector <> - PERF_STAT : "     0.882805600;CPU0;898;;UNC_M_CAS_COUNT.WR[UNIT0];12996617;100.00;;"
7584 [139721527260864] INFO perfrun.perfcollector <> - PERF_STAT : "     0.882805600;CPU10;58;;UNC_M_CAS_COUNT.WR[UNIT0];12994406;100.00;;"
7584 [139721527260864] INFO perfrun.perfcollector <> - PERF_STAT : "     0.882805600;CPU0;1647;;UNC_M_CAS_COUNT.WR[UNIT1];12996625;100.00;;"
7584 [139721527260864] INFO perfrun.perfcollector <> - PERF_STAT : "     0.882805600;CPU10;138;;UNC_M_CAS_COUNT.WR[UNIT1];12981059;100.00;;"
7584 [139721527260864] INFO perfrun.perfcollector <> - PERF_STAT : "     0.882805600;CPU0;971;;UNC_M_CAS_COUNT.WR[UNIT4];12996576;100.00;;"
7584 [139721527260864] INFO perfrun.perfcollector <> - PERF_STAT : "     0.882805600;CPU10;69;;UNC_M_CAS_COUNT.WR[UNIT4];12982842;100.00;;"
7584 [139721527260864] INFO perfrun.perfcollector <> - PERF_STAT : "     0.882805600;CPU0;1601;;UNC_M_CAS_COUNT.WR[UNIT5];12996663;100.00;;"
7584 [139721527260864] INFO perfrun.perfcollector <> - PERF_STAT : "     0.882805600;CPU10;155;;UNC_M_CAS_COUNT.WR[UNIT5];12984604;100.00;;"
7599 [139721527260864] INFO perfrun.perfcollector <> - PERF_STAT : "     0.895842990;CPU0;2110;;UNC_M_CAS_COUNT.RD[UNIT0];16003805;100.00;;"
7599 [139721527260864] INFO perfrun.perfcollector <> - PERF_STAT : "     0.895842990;CPU10;191;;UNC_M_CAS_COUNT.RD[UNIT0];16008459;100.00;;"
7599 [139721527260864] INFO perfrun.perfcollector <> - PERF_STAT : "     0.895842990;CPU0;2929;;UNC_M_CAS_COUNT.RD[UNIT1];16003862;100.00;;"
7599 [139721527260864] INFO perfrun.perfcollector <> - PERF_STAT : "     0.895842990;CPU10;225;;UNC_M_CAS_COUNT.RD[UNIT1];16005723;100.00;;"
7599 [139721527260864] INFO perfrun.perfcollector <> - PERF_STAT : "     0.895842990;CPU0;2076;;UNC_M_CAS_COUNT.RD[UNIT4];16003884;100.00;;"
7599 [139721527260864] INFO perfrun.perfcollector <> - PERF_STAT : "     0.895842990;CPU10;245;;UNC_M_CAS_COUNT.RD[UNIT4];16003886;100.00;;"
7600 [139721527260864] INFO perfrun.perfcollector <> - PERF_STAT : "     0.895842990;CPU0;2882;;UNC_M_CAS_COUNT.RD[UNIT5];16003992;100.00;;"
7600 [139721527260864] INFO perfrun.perfcollector <> - PERF_STAT : "     0.895842990;CPU10;297;;UNC_M_CAS_COUNT.RD[UNIT5];16002033;100.00;;"
7600 [139721527260864] INFO perfrun.perfcollector <> - PERF_STAT : "     0.895842990;CPU0;1044;;UNC_M_CAS_COUNT.WR[UNIT0];16003995;100.00;;"
7600 [139721527260864] INFO perfrun.perfcollector <> - PERF_STAT : "     0.895842990;CPU10;68;;UNC_M_CAS_COUNT.WR[UNIT0];16000161;100.00;;"
7600 [139721527260864] INFO perfrun.perfcollector <> - PERF_STAT : "     0.895842990;CPU0;1890;;UNC_M_CAS_COUNT.WR[UNIT1];16004096;100.00;;"
7600 [139721527260864] INFO perfrun.perfcollector <> - PERF_STAT : "     0.895842990;CPU10;133;;UNC_M_CAS_COUNT.WR[UNIT1];15998243;100.00;;"
7600 [139721527260864] INFO perfrun.perfcollector <> - PERF_STAT : "     0.895842990;CPU0;1047;;UNC_M_CAS_COUNT.WR[UNIT4];16004091;100.00;;"
7600 [139721527260864] INFO perfrun.perfcollector <> - PERF_STAT : "     0.895842990;CPU10;73;;UNC_M_CAS_COUNT.WR[UNIT4];15996323;100.00;;"
7600 [139721527260864] INFO perfrun.perfcollector <> - PERF_STAT : "     0.895842990;CPU0;1926;;UNC_M_CAS_COUNT.WR[UNIT5];16003999;100.00;;"
7600 [139721527260864] INFO perfrun.perfcollector <> - PERF_STAT : "     0.895842990;CPU10;134;;UNC_M_CAS_COUNT.WR[UNIT5];15994647;100.00;;"
7615 [139721527260864] INFO perfrun.perfcollector <> - PERF_STAT : "     0.911762419;CPU0;2108;;UNC_M_CAS_COUNT.RD[UNIT0];15989616;100.00;;"
7615 [139721527260864] INFO perfrun.perfcollector <> - PERF_STAT : "     0.911762419;CPU10;429;;UNC_M_CAS_COUNT.RD[UNIT0];15985660;100.00;;"
7615 [139721527260864] INFO perfrun.perfcollector <> - PERF_STAT : "     0.911762419;CPU0;2964;;UNC_M_CAS_COUNT.RD[UNIT1];15989233;100.00;;"
7616 [139721527260864] INFO perfrun.perfcollector <> - PERF_STAT : "     0.911762419;CPU10;567;;UNC_M_CAS_COUNT.RD[UNIT1];15988326;100.00;;"
7616 [139721527260864] INFO perfrun.perfcollector <> - PERF_STAT : "     0.911762419;CPU0;2081;;UNC_M_CAS_COUNT.RD[UNIT4];15989104;100.00;;"
7616 [139721527260864] INFO perfrun.perfcollector <> - PERF_STAT : "     0.911762419;CPU10;498;;UNC_M_CAS_COUNT.RD[UNIT4];15990160;100.00;;"
7616 [139721527260864] INFO perfrun.perfcollector <> - PERF_STAT : "     0.911762419;CPU0;2933;;UNC_M_CAS_COUNT.RD[UNIT5];15989078;100.00;;"
7616 [139721527260864] INFO perfrun.perfcollector <> - PERF_STAT : "     0.911762419;CPU10;651;;UNC_M_CAS_COUNT.RD[UNIT5];15992030;100.00;;"
7616 [139721527260864] INFO perfrun.perfcollector <> - PERF_STAT : "     0.911762419;CPU0;1003;;UNC_M_CAS_COUNT.WR[UNIT0];15989089;100.00;;"
7616 [139721527260864] INFO perfrun.perfcollector <> - PERF_STAT : "     0.911762419;CPU10;100;;UNC_M_CAS_COUNT.WR[UNIT0];15993879;100.00;;"
7616 [139721527260864] INFO perfrun.perfcollector <> - PERF_STAT : "     0.911762419;CPU0;1839;;UNC_M_CAS_COUNT.WR[UNIT1];15989092;100.00;;"
7616 [139721527260864] INFO perfrun.perfcollector <> - PERF_STAT : "     0.911762419;CPU10;243;;UNC_M_CAS_COUNT.WR[UNIT1];15995750;100.00;;"
7616 [139721527260864] INFO perfrun.perfcollector <> - PERF_STAT : "     0.911762419;CPU0;1043;;UNC_M_CAS_COUNT.WR[UNIT4];15989089;100.00;;"
7616 [139721527260864] INFO perfrun.perfcollector <> - PERF_STAT : "     0.911762419;CPU10;121;;UNC_M_CAS_COUNT.WR[UNIT4];15997739;100.00;;"
7616 [139721527260864] INFO perfrun.perfcollector <> - PERF_STAT : "     0.911762419;CPU0;1836;;UNC_M_CAS_COUNT.WR[UNIT5];15989137;100.00;;"
7616 [139721527260864] INFO perfrun.perfcollector <> - PERF_STAT : "     0.911762419;CPU10;281;;UNC_M_CAS_COUNT.WR[UNIT5];15999449;100.00;;"
7631 [139721527260864] INFO perfrun.perfcollector <> - PERF_STAT : "     0.927813832;CPU0;2061;;UNC_M_CAS_COUNT.RD[UNIT0];15997894;100.00;;"
7632 [139721527260864] INFO perfrun.perfcollector <> - PERF_STAT : "     0.927813832;CPU10;373;;UNC_M_CAS_COUNT.RD[UNIT0];15992780;100.00;;"
7632 [139721527260864] INFO perfrun.perfcollector <> - PERF_STAT : "     0.927813832;CPU0;2855;;UNC_M_CAS_COUNT.RD[UNIT1];15997882;100.00;;"
7632 [139721527260864] INFO perfrun.perfcollector <> - PERF_STAT : "     0.927813832;CPU10;424;;UNC_M_CAS_COUNT.RD[UNIT1];15992694;100.00;;"
7632 [139721527260864] INFO perfrun.perfcollector <> - PERF_STAT : "     0.927813832;CPU0;2046;;UNC_M_CAS_COUNT.RD[UNIT4];15997815;100.00;;"
7632 [139721527260864] INFO perfrun.perfcollector <> - PERF_STAT : "     0.927813832;CPU10;450;;UNC_M_CAS_COUNT.RD[UNIT4];15992677;100.00;;"
7632 [139721527260864] INFO perfrun.perfcollector <> - PERF_STAT : "     0.927813832;CPU0;2902;;UNC_M_CAS_COUNT.RD[UNIT5];15997814;100.00;;"
7632 [139721527260864] INFO perfrun.perfcollector <> - PERF_STAT : "     0.927813832;CPU10;488;;UNC_M_CAS_COUNT.RD[UNIT5];15992760;100.00;;"
7632 [139721527260864] INFO perfrun.perfcollector <> - PERF_STAT : "     0.927813832;CPU0;1032;;UNC_M_CAS_COUNT.WR[UNIT0];15997910;100.00;;"
7632 [139721527260864] INFO perfrun.perfcollector <> - PERF_STAT : "     0.927813832;CPU10;55;;UNC_M_CAS_COUNT.WR[UNIT0];15992760;100.00;;"
7632 [139721527260864] INFO perfrun.perfcollector <> - PERF_STAT : "     0.927813832;CPU0;1898;;UNC_M_CAS_COUNT.WR[UNIT1];15997974;100.00;;"
7632 [139721527260864] INFO perfrun.perfcollector <> - PERF_STAT : "     0.927813832;CPU10;100;;UNC_M_CAS_COUNT.WR[UNIT1];15992732;100.00;;"
7632 [139721527260864] INFO perfrun.perfcollector <> - PERF_STAT : "     0.927813832;CPU0;1029;;UNC_M_CAS_COUNT.WR[UNIT4];15998112;100.00;;"
7632 [139721527260864] INFO perfrun.perfcollector <> - PERF_STAT : "     0.927813832;CPU10;70;;UNC_M_CAS_COUNT.WR[UNIT4];15992570;100.00;;"
7632 [139721527260864] INFO perfrun.perfcollector <> - PERF_STAT : "     0.927813832;CPU0;1864;;UNC_M_CAS_COUNT.WR[UNIT5];15998151;100.00;;"
7632 [139721527260864] INFO perfrun.perfcollector <> - PERF_STAT : "     0.927813832;CPU10;133;;UNC_M_CAS_COUNT.WR[UNIT5];15992570;100.00;;"
7647 [139721527260864] INFO perfrun.perfcollector <> - PERF_STAT : "     0.943808952;CPU0;2632;;UNC_M_CAS_COUNT.RD[UNIT0];15998534;100.00;;"
7648 [139721527260864] INFO perfrun.perfcollector <> - PERF_STAT : "     0.943808952;CPU10;732;;UNC_M_CAS_COUNT.RD[UNIT0];15999698;100.00;;"
7648 [139721527260864] INFO perfrun.perfcollector <> - PERF_STAT : "     0.943808952;CPU0;3446;;UNC_M_CAS_COUNT.RD[UNIT1];15998666;100.00;;"
7648 [139721527260864] INFO perfrun.perfcollector <> - PERF_STAT : "     0.943808952;CPU10;785;;UNC_M_CAS_COUNT.RD[UNIT1];15999718;100.00;;"
7648 [139721527260864] INFO perfrun.perfcollector <> - PERF_STAT : "     0.943808952;CPU0;2608;;UNC_M_CAS_COUNT.RD[UNIT4];15998870;100.00;;"
7648 [139721527260864] INFO perfrun.perfcollector <> - PERF_STAT : "     0.943808952;CPU10;723;;UNC_M_CAS_COUNT.RD[UNIT4];15999795;100.00;;"
7648 [139721527260864] INFO perfrun.perfcollector <> - PERF_STAT : "     0.943808952;CPU0;3402;;UNC_M_CAS_COUNT.RD[UNIT5];15998768;100.00;;"
7648 [139721527260864] INFO perfrun.perfcollector <> - PERF_STAT : "     0.943808952;CPU10;794;;UNC_M_CAS_COUNT.RD[UNIT5];15999788;100.00;;"
7648 [139721527260864] INFO perfrun.perfcollector <> - PERF_STAT : "     0.943808952;CPU0;1455;;UNC_M_CAS_COUNT.WR[UNIT0];15998661;100.00;;"
7648 [139721527260864] INFO perfrun.perfcollector <> - PERF_STAT : "     0.943808952;CPU10;204;;UNC_M_CAS_COUNT.WR[UNIT0];15999914;100.00;;"
7648 [139721527260864] INFO perfrun.perfcollector <> - PERF_STAT : "     0.943808952;CPU0;2232;;UNC_M_CAS_COUNT.WR[UNIT1];15998479;100.00;;"
7648 [139721527260864] INFO perfrun.perfcollector <> - PERF_STAT : "     0.943808952;CPU10;265;;UNC_M_CAS_COUNT.WR[UNIT1];15999973;100.00;;"
7648 [139721527260864] INFO perfrun.perfcollector <> - PERF_STAT : "     0.943808952;CPU0;1445;;UNC_M_CAS_COUNT.WR[UNIT4];15998362;100.00;;"
7648 [139721527260864] INFO perfrun.perfcollector <> - PERF_STAT : "     0.943808952;CPU10;177;;UNC_M_CAS_COUNT.WR[UNIT4];15999955;100.00;;"
7648 [139721527260864] INFO perfrun.perfcollector <> - PERF_STAT : "     0.943808952;CPU0;2283;;UNC_M_CAS_COUNT.WR[UNIT5];15998286;100.00;;"
7648 [139721527260864] INFO perfrun.perfcollector <> - PERF_STAT : "     0.943808952;CPU10;255;;UNC_M_CAS_COUNT.WR[UNIT5];15999938;100.00;;"
7663 [139721527260864] INFO perfrun.perfcollector <> - PERF_STAT : "     0.959830083;CPU0;2045;;UNC_M_CAS_COUNT.RD[UNIT0];16013410;100.00;;"
7663 [139721527260864] INFO perfrun.perfcollector <> - PERF_STAT : "     0.959830083;CPU10;137;;UNC_M_CAS_COUNT.RD[UNIT0];16013761;100.00;;"
7663 [139721527260864] INFO perfrun.perfcollector <> - PERF_STAT : "     0.959830083;CPU0;2907;;UNC_M_CAS_COUNT.RD[UNIT1];16013392;100.00;;"
7663 [139721527260864] INFO perfrun.perfcollector <> - PERF_STAT : "     0.959830083;CPU10;165;;UNC_M_CAS_COUNT.RD[UNIT1];16013754;100.00;;"
7664 [139721527260864] INFO perfrun.perfcollector <> - PERF_STAT : "     0.959830083;CPU0;2027;;UNC_M_CAS_COUNT.RD[UNIT4];16013384;100.00;;"
7664 [139721527260864] INFO perfrun.perfcollector <> - PERF_STAT : "     0.959830083;CPU10;180;;UNC_M_CAS_COUNT.RD[UNIT4];16013780;100.00;;"
7664 [139721527260864] INFO perfrun.perfcollector <> - PERF_STAT : "     0.959830083;CPU0;2880;;UNC_M_CAS_COUNT.RD[UNIT5];16013579;100.00;;"
7664 [139721527260864] INFO perfrun.perfcollector <> - PERF_STAT : "     0.959830083;CPU10;223;;UNC_M_CAS_COUNT.RD[UNIT5];16027183;100.00;;"
7664 [139721527260864] INFO perfrun.perfcollector <> - PERF_STAT : "     0.959830083;CPU0;1023;;UNC_M_CAS_COUNT.WR[UNIT0];16013658;100.00;;"
7664 [139721527260864] INFO perfrun.perfcollector <> - PERF_STAT : "     0.959830083;CPU10;34;;UNC_M_CAS_COUNT.WR[UNIT0];16025310;100.00;;"
7664 [139721527260864] INFO perfrun.perfcollector <> - PERF_STAT : "     0.959830083;CPU0;1803;;UNC_M_CAS_COUNT.WR[UNIT1];16013870;100.00;;"
7664 [139721527260864] INFO perfrun.perfcollector <> - PERF_STAT : "     0.959830083;CPU10;100;;UNC_M_CAS_COUNT.WR[UNIT1];16023421;100.00;;"
7664 [139721527260864] INFO perfrun.perfcollector <> - PERF_STAT : "     0.959830083;CPU0;1004;;UNC_M_CAS_COUNT.WR[UNIT4];16014068;100.00;;"
7664 [139721527260864] INFO perfrun.perfcollector <> - PERF_STAT : "     0.959830083;CPU10;49;;UNC_M_CAS_COUNT.WR[UNIT4];16021595;100.00;;"
7664 [139721527260864] INFO perfrun.perfcollector <> - PERF_STAT : "     0.959830083;CPU0;1839;;UNC_M_CAS_COUNT.WR[UNIT5];16014153;100.00;;"
7664 [139721527260864] INFO perfrun.perfcollector <> - PERF_STAT : "     0.959830083;CPU10;115;;UNC_M_CAS_COUNT.WR[UNIT5];16019807;100.00;;"
7683 [139721527260864] INFO perfrun.perfcollector <> - PERF_STAT : "     0.975797990;CPU0;2522;;UNC_M_CAS_COUNT.RD[UNIT0];19990897;100.00;;"
7683 [139721527260864] INFO perfrun.perfcollector <> - PERF_STAT : "     0.975797990;CPU10;166;;UNC_M_CAS_COUNT.RD[UNIT0];19992088;100.00;;"
7683 [139721527260864] INFO perfrun.perfcollector <> - PERF_STAT : "     0.975797990;CPU0;3596;;UNC_M_CAS_COUNT.RD[UNIT1];19990982;100.00;;"
7683 [139721527260864] INFO perfrun.perfcollector <> - PERF_STAT : "     0.975797990;CPU10;205;;UNC_M_CAS_COUNT.RD[UNIT1];19992045;100.00;;"
7683 [139721527260864] INFO perfrun.perfcollector <> - PERF_STAT : "     0.975797990;CPU0;2604;;UNC_M_CAS_COUNT.RD[UNIT4];19990927;100.00;;"
7684 [139721527260864] INFO perfrun.perfcollector <> - PERF_STAT : "     0.975797990;CPU10;211;;UNC_M_CAS_COUNT.RD[UNIT4];19992099;100.00;;"
7684 [139721527260864] INFO perfrun.perfcollector <> - PERF_STAT : "     0.975797990;CPU0;3600;;UNC_M_CAS_COUNT.RD[UNIT5];19990835;100.00;;"
7684 [139721527260864] INFO perfrun.perfcollector <> - PERF_STAT : "     0.975797990;CPU10;289;;UNC_M_CAS_COUNT.RD[UNIT5];19978577;100.00;;"
7684 [139721527260864] INFO perfrun.perfcollector <> - PERF_STAT : "     0.975797990;CPU0;1344;;UNC_M_CAS_COUNT.WR[UNIT0];19990745;100.00;;"
7684 [139721527260864] INFO perfrun.perfcollector <> - PERF_STAT : "     0.975797990;CPU10;78;;UNC_M_CAS_COUNT.WR[UNIT0];19980297;100.00;;"
7684 [139721527260864] INFO perfrun.perfcollector <> - PERF_STAT : "     0.975797990;CPU0;2335;;UNC_M_CAS_COUNT.WR[UNIT1];19990555;100.00;;"
7684 [139721527260864] INFO perfrun.perfcollector <> - PERF_STAT : "     0.975797990;CPU10;129;;UNC_M_CAS_COUNT.WR[UNIT1];19982117;100.00;;"
7684 [139721527260864] INFO perfrun.perfcollector <> - PERF_STAT : "     0.975797990;CPU0;1364;;UNC_M_CAS_COUNT.WR[UNIT4];19990343;100.00;;"
7684 [139721527260864] INFO perfrun.perfcollector <> - PERF_STAT : "     0.975797990;CPU10;85;;UNC_M_CAS_COUNT.WR[UNIT4];19996985;100.00;;"
7684 [139721527260864] INFO perfrun.perfcollector <> - PERF_STAT : "     0.975797990;CPU0;2320;;UNC_M_CAS_COUNT.WR[UNIT5];19990361;100.00;;"
7684 [139721527260864] INFO perfrun.perfcollector <> - PERF_STAT : "     0.975797990;CPU10;176;;UNC_M_CAS_COUNT.WR[UNIT5];19997178;100.00;;"
7699 [139721527260864] INFO perfrun.perfcollector <> - PERF_STAT : "     0.995790885;CPU0;2766;;UNC_M_CAS_COUNT.RD[UNIT0];16001702;100.00;;"
7700 [139721527260864] INFO perfrun.perfcollector <> - PERF_STAT : "     0.995790885;CPU10;155;;UNC_M_CAS_COUNT.RD[UNIT0];15996649;100.00;;"
7700 [139721527260864] INFO perfrun.perfcollector <> - PERF_STAT : "     0.995790885;CPU0;3541;;UNC_M_CAS_COUNT.RD[UNIT1];16002199;100.00;;"
7700 [139721527260864] INFO perfrun.perfcollector <> - PERF_STAT : "     0.995790885;CPU10;209;;UNC_M_CAS_COUNT.RD[UNIT1];15996681;100.00;;"
7700 [139721527260864] INFO perfrun.perfcollector <> - PERF_STAT : "     0.995790885;CPU0;2764;;UNC_M_CAS_COUNT.RD[UNIT4];16002462;100.00;;"
7700 [139721527260864] INFO perfrun.perfcollector <> - PERF_STAT : "     0.995790885;CPU10;193;;UNC_M_CAS_COUNT.RD[UNIT4];15996681;100.00;;"
7700 [139721527260864] INFO perfrun.perfcollector <> - PERF_STAT : "     0.995790885;CPU0;3387;;UNC_M_CAS_COUNT.RD[UNIT5];16002715;100.00;;"
7700 [139721527260864] INFO perfrun.perfcollector <> - PERF_STAT : "     0.995790885;CPU10;268;;UNC_M_CAS_COUNT.RD[UNIT5];15996730;100.00;;"
7700 [139721527260864] INFO perfrun.perfcollector <> - PERF_STAT : "     0.995790885;CPU0;1079;;UNC_M_CAS_COUNT.WR[UNIT0];16002970;100.00;;"
7700 [139721527260864] INFO perfrun.perfcollector <> - PERF_STAT : "     0.995790885;CPU10;40;;UNC_M_CAS_COUNT.WR[UNIT0];15996624;100.00;;"
7700 [139721527260864] INFO perfrun.perfcollector <> - PERF_STAT : "     0.995790885;CPU0;1988;;UNC_M_CAS_COUNT.WR[UNIT1];16003148;100.00;;"
7700 [139721527260864] INFO perfrun.perfcollector <> - PERF_STAT : "     0.995790885;CPU10;128;;UNC_M_CAS_COUNT.WR[UNIT1];15996625;100.00;;"
7700 [139721527260864] INFO perfrun.perfcollector <> - PERF_STAT : "     0.995790885;CPU0;1009;;UNC_M_CAS_COUNT.WR[UNIT4];16003327;100.00;;"
7700 [139721527260864] INFO perfrun.perfcollector <> - PERF_STAT : "     0.995790885;CPU10;41;;UNC_M_CAS_COUNT.WR[UNIT4];15983500;100.00;;"
7700 [139721527260864] INFO perfrun.perfcollector <> - PERF_STAT : "     0.995790885;CPU0;1896;;UNC_M_CAS_COUNT.WR[UNIT5];16003436;100.00;;"
7700 [139721527260864] INFO perfrun.perfcollector <> - PERF_STAT : "     0.995790885;CPU10;137;;UNC_M_CAS_COUNT.WR[UNIT5];15985052;100.00;;"
7715 [139721527260864] INFO perfrun.perfcollector <> - PERF_STAT : "     1.011829777;CPU0;2029;;UNC_M_CAS_COUNT.RD[UNIT0];15998414;100.00;;"
7716 [139721527260864] INFO perfrun.perfcollector <> - PERF_STAT : "     1.011829777;CPU10;154;;UNC_M_CAS_COUNT.RD[UNIT0];16002153;100.00;;"
7716 [139721527260864] INFO perfrun.perfcollector <> - PERF_STAT : "     1.011829777;CPU0;2833;;UNC_M_CAS_COUNT.RD[UNIT1];15997712;100.00;;"
7716 [139721527260864] INFO perfrun.perfcollector <> - PERF_STAT : "     1.011829777;CPU10;214;;UNC_M_CAS_COUNT.RD[UNIT1];16002174;100.00;;"
7716 [139721527260864] INFO perfrun.perfcollector <> - PERF_STAT : "     1.011829777;CPU0;2017;;UNC_M_CAS_COUNT.RD[UNIT4];15997298;100.00;;"
7716 [139721527260864] INFO perfrun.perfcollector <> - PERF_STAT : "     1.011829777;CPU10;199;;UNC_M_CAS_COUNT.RD[UNIT4];16002054;100.00;;"
7716 [139721527260864] INFO perfrun.perfcollector <> - PERF_STAT : "     1.011829777;CPU0;2858;;UNC_M_CAS_COUNT.RD[UNIT5];15997121;100.00;;"
7716 [139721527260864] INFO perfrun.perfcollector <> - PERF_STAT : "     1.011829777;CPU10;258;;UNC_M_CAS_COUNT.RD[UNIT5];16002008;100.00;;"
7716 [139721527260864] INFO perfrun.perfcollector <> - PERF_STAT : "     1.011829777;CPU0;993;;UNC_M_CAS_COUNT.WR[UNIT0];15996882;100.00;;"
7716 [139721527260864] INFO perfrun.perfcollector <> - PERF_STAT : "     1.011829777;CPU10;54;;UNC_M_CAS_COUNT.WR[UNIT0];16002184;100.00;;"
7716 [139721527260864] INFO perfrun.perfcollector <> - PERF_STAT : "     1.011829777;CPU0;1909;;UNC_M_CAS_COUNT.WR[UNIT1];15996693;100.00;;"
7716 [139721527260864] INFO perfrun.perfcollector <> - PERF_STAT : "     1.011829777;CPU10;144;;UNC_M_CAS_COUNT.WR[UNIT1];16002210;100.00;;"
7716 [139721527260864] INFO perfrun.perfcollector <> - PERF_STAT : "     1.011829777;CPU0;1025;;UNC_M_CAS_COUNT.WR[UNIT4];15996549;100.00;;"
7716 [139721527260864] INFO perfrun.perfcollector <> - PERF_STAT : "     1.011829777;CPU10;69;;UNC_M_CAS_COUNT.WR[UNIT4];16002288;100.00;;"
7716 [139721527260864] INFO perfrun.perfcollector <> - PERF_STAT : "     1.011829777;CPU0;1864;;UNC_M_CAS_COUNT.WR[UNIT5];15996426;100.00;;"
7716 [139721527260864] INFO perfrun.perfcollector <> - PERF_STAT : "     1.011829777;CPU10;159;;UNC_M_CAS_COUNT.WR[UNIT5];16002344;100.00;;"
7731 [139721527260864] INFO perfrun.perfcollector <> - PERF_STAT : "     1.027833723;CPU0;2054;;UNC_M_CAS_COUNT.RD[UNIT0];15997734;100.00;;"
7732 [139721527260864] INFO perfrun.perfcollector <> - PERF_STAT : "     1.027833723;CPU10;125;;UNC_M_CAS_COUNT.RD[UNIT0];15996718;100.00;;"
7732 [139721527260864] INFO perfrun.perfcollector <> - PERF_STAT : "     1.027833723;CPU0;2899;;UNC_M_CAS_COUNT.RD[UNIT1];15997758;100.00;;"
7732 [139721527260864] INFO perfrun.perfcollector <> - PERF_STAT : "     1.027833723;CPU10;164;;UNC_M_CAS_COUNT.RD[UNIT1];15996761;100.00;;"
7732 [139721527260864] INFO perfrun.perfcollector <> - PERF_STAT : "     1.027833723;CPU0;2039;;UNC_M_CAS_COUNT.RD[UNIT4];15997783;100.00;;"
7732 [139721527260864] INFO perfrun.perfcollector <> - PERF_STAT : "     1.027833723;CPU10;182;;UNC_M_CAS_COUNT.RD[UNIT4];15996708;100.00;;"
7732 [139721527260864] INFO perfrun.perfcollector <> - PERF_STAT : "     1.027833723;CPU0;2885;;UNC_M_CAS_COUNT.RD[UNIT5];15997705;100.00;;"
7732 [139721527260864] INFO perfrun.perfcollector <> - PERF_STAT : "     1.027833723;CPU10;230;;UNC_M_CAS_COUNT.RD[UNIT5];15996844;100.00;;"
7732 [139721527260864] INFO perfrun.perfcollector <> - PERF_STAT : "     1.027833723;CPU0;1039;;UNC_M_CAS_COUNT.WR[UNIT0];15997797;100.00;;"
7732 [139721527260864] INFO perfrun.perfcollector <> - PERF_STAT : "     1.027833723;CPU10;28;;UNC_M_CAS_COUNT.WR[UNIT0];15996847;100.00;;"
7732 [139721527260864] INFO perfrun.perfcollector <> - PERF_STAT : "     1.027833723;CPU0;1900;;UNC_M_CAS_COUNT.WR[UNIT1];15997897;100.00;;"
7732 [139721527260864] INFO perfrun.perfcollector <> - PERF_STAT : "     1.027833723;CPU10;94;;UNC_M_CAS_COUNT.WR[UNIT1];15996825;100.00;;"
7732 [139721527260864] INFO perfrun.perfcollector <> - PERF_STAT : "     1.027833723;CPU0;1053;;UNC_M_CAS_COUNT.WR[UNIT4];15997859;100.00;;"
7732 [139721527260864] INFO perfrun.perfcollector <> - PERF_STAT : "     1.027833723;CPU10;61;;UNC_M_CAS_COUNT.WR[UNIT4];15996781;100.00;;"
7732 [139721527260864] INFO perfrun.perfcollector <> - PERF_STAT : "     1.027833723;CPU0;1941;;UNC_M_CAS_COUNT.WR[UNIT5];15997757;100.00;;"
7732 [139721527260864] INFO perfrun.perfcollector <> - PERF_STAT : "     1.027833723;CPU10;118;;UNC_M_CAS_COUNT.WR[UNIT5];15996841;100.00;;"
7747 [139721527260864] INFO perfrun.perfcollector <> - PERF_STAT : "     1.043834750;CPU0;2007;;UNC_M_CAS_COUNT.RD[UNIT0];15998545;100.00;;"
7747 [139721527260864] INFO perfrun.perfcollector <> - PERF_STAT : "     1.043834750;CPU10;133;;UNC_M_CAS_COUNT.RD[UNIT0];15983685;100.00;;"
7747 [139721527260864] INFO perfrun.perfcollector <> - PERF_STAT : "     1.043834750;CPU0;2881;;UNC_M_CAS_COUNT.RD[UNIT1];15998433;100.00;;"
7747 [139721527260864] INFO perfrun.perfcollector <> - PERF_STAT : "     1.043834750;CPU10;166;;UNC_M_CAS_COUNT.RD[UNIT1];15980821;100.00;;"
7747 [139721527260864] INFO perfrun.perfcollector <> - PERF_STAT : "     1.043834750;CPU0;2048;;UNC_M_CAS_COUNT.RD[UNIT4];15998515;100.00;;"
7747 [139721527260864] INFO perfrun.perfcollector <> - PERF_STAT : "     1.043834750;CPU10;167;;UNC_M_CAS_COUNT.RD[UNIT4];15978972;100.00;;"
7747 [139721527260864] INFO perfrun.perfcollector <> - PERF_STAT : "     1.043834750;CPU0;2812;;UNC_M_CAS_COUNT.RD[UNIT5];15998625;100.00;;"
7747 [139721527260864] INFO perfrun.perfcollector <> - PERF_STAT : "     1.043834750;CPU10;217;;UNC_M_CAS_COUNT.RD[UNIT5];15976910;100.00;;"
7748 [139721527260864] INFO perfrun.perfcollector <> - PERF_STAT : "     1.043834750;CPU0;1057;;UNC_M_CAS_COUNT.WR[UNIT0];15998649;100.00;;"
7748 [139721527260864] INFO perfrun.perfcollector <> - PERF_STAT : "     1.043834750;CPU10;43;;UNC_M_CAS_COUNT.WR[UNIT0];15975245;100.00;;"
7748 [139721527260864] INFO perfrun.perfcollector <> - PERF_STAT : "     1.043834750;CPU0;1898;;UNC_M_CAS_COUNT.WR[UNIT1];15998535;100.00;;"
7748 [139721527260864] INFO perfrun.perfcollector <> - PERF_STAT : "     1.043834750;CPU10;106;;UNC_M_CAS_COUNT.WR[UNIT1];15973415;100.00;;"
7748 [139721527260864] INFO perfrun.perfcollector <> - PERF_STAT : "     1.043834750;CPU0;980;;UNC_M_CAS_COUNT.WR[UNIT4];15998629;100.00;;"
7748 [139721527260864] INFO perfrun.perfcollector <> - PERF_STAT : "     1.043834750;CPU10;53;;UNC_M_CAS_COUNT.WR[UNIT4];15971667;100.00;;"
7748 [139721527260864] INFO perfrun.perfcollector <> - PERF_STAT : "     1.043834750;CPU0;1896;;UNC_M_CAS_COUNT.WR[UNIT5];15998637;100.00;;"
7748 [139721527260864] INFO perfrun.perfcollector <> - PERF_STAT : "     1.043834750;CPU10;118;;UNC_M_CAS_COUNT.WR[UNIT5];15969922;100.00;;"
7763 [139721527260864] INFO perfrun.perfcollector <> - PERF_STAT : "     1.059747315;CPU0;2020;;UNC_M_CAS_COUNT.RD[UNIT0];16027971;100.00;;"
7763 [139721527260864] INFO perfrun.perfcollector <> - PERF_STAT : "     1.059747315;CPU10;408;;UNC_M_CAS_COUNT.RD[UNIT0];16039711;100.00;;"
7764 [139721527260864] INFO perfrun.perfcollector <> - PERF_STAT : "     1.059747315;CPU0;2886;;UNC_M_CAS_COUNT.RD[UNIT1];16028396;100.00;;"
7764 [139721527260864] INFO perfrun.perfcollector <> - PERF_STAT : "     1.059747315;CPU10;460;;UNC_M_CAS_COUNT.RD[UNIT1];16047006;100.00;;"
7764 [139721527260864] INFO perfrun.perfcollector <> - PERF_STAT : "     1.059747315;CPU0;2048;;UNC_M_CAS_COUNT.RD[UNIT4];16028542;100.00;;"
7764 [139721527260864] INFO perfrun.perfcollector <> - PERF_STAT : "     1.059747315;CPU10;475;;UNC_M_CAS_COUNT.RD[UNIT4];16047327;100.00;;"
7764 [139721527260864] INFO perfrun.perfcollector <> - PERF_STAT : "     1.059747315;CPU0;2929;;UNC_M_CAS_COUNT.RD[UNIT5];16028736;100.00;;"
7764 [139721527260864] INFO perfrun.perfcollector <> - PERF_STAT : "     1.059747315;CPU10;579;;UNC_M_CAS_COUNT.RD[UNIT5];16047947;100.00;;"
7764 [139721527260864] INFO perfrun.perfcollector <> - PERF_STAT : "     1.059747315;CPU0;1002;;UNC_M_CAS_COUNT.WR[UNIT0];16028832;100.00;;"
7764 [139721527260864] INFO perfrun.perfcollector <> - PERF_STAT : "     1.059747315;CPU10;125;;UNC_M_CAS_COUNT.WR[UNIT0];16048344;100.00;;"
7764 [139721527260864] INFO perfrun.perfcollector <> - PERF_STAT : "     1.059747315;CPU0;1857;;UNC_M_CAS_COUNT.WR[UNIT1];16029139;100.00;;"
7764 [139721527260864] INFO perfrun.perfcollector <> - PERF_STAT : "     1.059747315;CPU10;210;;UNC_M_CAS_COUNT.WR[UNIT1];16048817;100.00;;"
7764 [139721527260864] INFO perfrun.perfcollector <> - PERF_STAT : "     1.059747315;CPU0;973;;UNC_M_CAS_COUNT.WR[UNIT4];16029221;100.00;;"
7764 [139721527260864] INFO perfrun.perfcollector <> - PERF_STAT : "     1.059747315;CPU10;144;;UNC_M_CAS_COUNT.WR[UNIT4];16049238;100.00;;"
7764 [139721527260864] INFO perfrun.perfcollector <> - PERF_STAT : "     1.059747315;CPU0;1866;;UNC_M_CAS_COUNT.WR[UNIT5];16029405;100.00;;"
7764 [139721527260864] INFO perfrun.perfcollector <> - PERF_STAT : "     1.059747315;CPU10;262;;UNC_M_CAS_COUNT.WR[UNIT5];16049513;100.00;;"
7783 [139721527260864] INFO perfrun.perfcollector <> - PERF_STAT : "     1.075837207;CPU0;2580;;UNC_M_CAS_COUNT.RD[UNIT0];19973928;100.00;;"
7783 [139721527260864] INFO perfrun.perfcollector <> - PERF_STAT : "     1.075837207;CPU10;283;;UNC_M_CAS_COUNT.RD[UNIT0];19963053;100.00;;"
7783 [139721527260864] INFO perfrun.perfcollector <> - PERF_STAT : "     1.075837207;CPU0;3627;;UNC_M_CAS_COUNT.RD[UNIT1];19973709;100.00;;"
7783 [139721527260864] INFO perfrun.perfcollector <> - PERF_STAT : "     1.075837207;CPU10;355;;UNC_M_CAS_COUNT.RD[UNIT1];19955697;100.00;;"
7783 [139721527260864] INFO perfrun.perfcollector <> - PERF_STAT : "     1.075837207;CPU0;2557;;UNC_M_CAS_COUNT.RD[UNIT4];19973610;100.00;;"
7783 [139721527260864] INFO perfrun.perfcollector <> - PERF_STAT : "     1.075837207;CPU10;326;;UNC_M_CAS_COUNT.RD[UNIT4];19955519;100.00;;"
7783 [139721527260864] INFO perfrun.perfcollector <> - PERF_STAT : "     1.075837207;CPU0;3630;;UNC_M_CAS_COUNT.RD[UNIT5];19973457;100.00;;"
7783 [139721527260864] INFO perfrun.perfcollector <> - PERF_STAT : "     1.075837207;CPU10;379;;UNC_M_CAS_COUNT.RD[UNIT5];19954996;100.00;;"
7784 [139721527260864] INFO perfrun.perfcollector <> - PERF_STAT : "     1.075837207;CPU0;1306;;UNC_M_CAS_COUNT.WR[UNIT0];19973244;100.00;;"
7784 [139721527260864] INFO perfrun.perfcollector <> - PERF_STAT : "     1.075837207;CPU10;124;;UNC_M_CAS_COUNT.WR[UNIT0];19954355;100.00;;"
7784 [139721527260864] INFO perfrun.perfcollector <> - PERF_STAT : "     1.075837207;CPU0;2306;;UNC_M_CAS_COUNT.WR[UNIT1];19973056;100.00;;"
7784 [139721527260864] INFO perfrun.perfcollector <> - PERF_STAT : "     1.075837207;CPU10;179;;UNC_M_CAS_COUNT.WR[UNIT1];19953887;100.00;;"
7784 [139721527260864] INFO perfrun.perfcollector <> - PERF_STAT : "     1.075837207;CPU0;1247;;UNC_M_CAS_COUNT.WR[UNIT4];19972888;100.00;;"
7784 [139721527260864] INFO perfrun.perfcollector <> - PERF_STAT : "     1.075837207;CPU10;112;;UNC_M_CAS_COUNT.WR[UNIT4];19953449;100.00;;"
7784 [139721527260864] INFO perfrun.perfcollector <> - PERF_STAT : "     1.075837207;CPU0;2355;;UNC_M_CAS_COUNT.WR[UNIT5];19972732;100.00;;"
7784 [139721527260864] INFO perfrun.perfcollector <> - PERF_STAT : "     1.075837207;CPU10;183;;UNC_M_CAS_COUNT.WR[UNIT5];19953094;100.00;;"
7799 [139721527260864] INFO perfrun.perfcollector <> - PERF_STAT : "     1.095757890;CPU0;2127;;UNC_M_CAS_COUNT.RD[UNIT0];15999259;100.00;;"
7799 [139721527260864] INFO perfrun.perfcollector <> - PERF_STAT : "     1.095757890;CPU10;524;;UNC_M_CAS_COUNT.RD[UNIT0];16018413;100.00;;"
7799 [139721527260864] INFO perfrun.perfcollector <> - PERF_STAT : "     1.095757890;CPU0;2937;;UNC_M_CAS_COUNT.RD[UNIT1];15999285;100.00;;"
7800 [139721527260864] INFO perfrun.perfcollector <> - PERF_STAT : "     1.095757890;CPU10;558;;UNC_M_CAS_COUNT.RD[UNIT1];16021298;100.00;;"
7800 [139721527260864] INFO perfrun.perfcollector <> - PERF_STAT : "     1.095757890;CPU0;2107;;UNC_M_CAS_COUNT.RD[UNIT4];15999278;100.00;;"
7800 [139721527260864] INFO perfrun.perfcollector <> - PERF_STAT : "     1.095757890;CPU10;684;;UNC_M_CAS_COUNT.RD[UNIT4];16023017;100.00;;"
7800 [139721527260864] INFO perfrun.perfcollector <> - PERF_STAT : "     1.095757890;CPU0;2984;;UNC_M_CAS_COUNT.RD[UNIT5];15999223;100.00;;"
7800 [139721527260864] INFO perfrun.perfcollector <> - PERF_STAT : "     1.095757890;CPU10;725;;UNC_M_CAS_COUNT.RD[UNIT5];16024805;100.00;;"
7800 [139721527260864] INFO perfrun.perfcollector <> - PERF_STAT : "     1.095757890;CPU0;1182;;UNC_M_CAS_COUNT.WR[UNIT0];15999323;100.00;;"
7800 [139721527260864] INFO perfrun.perfcollector <> - PERF_STAT : "     1.095757890;CPU10;46;;UNC_M_CAS_COUNT.WR[UNIT0];16026664;100.00;;"
7800 [139721527260864] INFO perfrun.perfcollector <> - PERF_STAT : "     1.095757890;CPU0;2049;;UNC_M_CAS_COUNT.WR[UNIT1];15999225;100.00;;"
7800 [139721527260864] INFO perfrun.perfcollector <> - PERF_STAT : "     1.095757890;CPU10;98;;UNC_M_CAS_COUNT.WR[UNIT1];16028479;100.00;;"
7800 [139721527260864] INFO perfrun.perfcollector <> - PERF_STAT : "     1.095757890;CPU0;1222;;UNC_M_CAS_COUNT.WR[UNIT4];15999224;100.00;;"
7800 [139721527260864] INFO perfrun.perfcollector <> - PERF_STAT : "     1.095757890;CPU10;86;;UNC_M_CAS_COUNT.WR[UNIT4];16030324;100.00;;"
7800 [139721527260864] INFO perfrun.perfcollector <> - PERF_STAT : "     1.095757890;CPU0;2084;;UNC_M_CAS_COUNT.WR[UNIT5];15999215;100.00;;"
7800 [139721527260864] INFO perfrun.perfcollector <> - PERF_STAT : "     1.095757890;CPU10;141;;UNC_M_CAS_COUNT.WR[UNIT5];16032065;100.00;;"
7815 [139721527260864] INFO perfrun.perfcollector <> - PERF_STAT : "     1.111815522;CPU0;1997;;UNC_M_CAS_COUNT.RD[UNIT0];16002389;100.00;;"
7816 [139721527260864] INFO perfrun.perfcollector <> - PERF_STAT : "     1.111815522;CPU10;118;;UNC_M_CAS_COUNT.RD[UNIT0];15994999;100.00;;"
7816 [139721527260864] INFO perfrun.perfcollector <> - PERF_STAT : "     1.111815522;CPU0;2869;;UNC_M_CAS_COUNT.RD[UNIT1];16002257;100.00;;"
7816 [139721527260864] INFO perfrun.perfcollector <> - PERF_STAT : "     1.111815522;CPU10;187;;UNC_M_CAS_COUNT.RD[UNIT1];15994982;100.00;;"
7816 [139721527260864] INFO perfrun.perfcollector <> - PERF_STAT : "     1.111815522;CPU0;2004;;UNC_M_CAS_COUNT.RD[UNIT4];16002125;100.00;;"
7816 [139721527260864] INFO perfrun.perfcollector <> - PERF_STAT : "     1.111815522;CPU10;163;;UNC_M_CAS_COUNT.RD[UNIT4];15994989;100.00;;"
7816 [139721527260864] INFO perfrun.perfcollector <> - PERF_STAT : "     1.111815522;CPU0;2845;;UNC_M_CAS_COUNT.RD[UNIT5];16002163;100.00;;"
7816 [139721527260864] INFO perfrun.perfcollector <> - PERF_STAT : "     1.111815522;CPU10;212;;UNC_M_CAS_COUNT.RD[UNIT5];15995073;100.00;;"
7816 [139721527260864] INFO perfrun.perfcollector <> - PERF_STAT : "     1.111815522;CPU0;1096;;UNC_M_CAS_COUNT.WR[UNIT0];16002063;100.00;;"
7816 [139721527260864] INFO perfrun.perfcollector <> - PERF_STAT : "     1.111815522;CPU10;37;;UNC_M_CAS_COUNT.WR[UNIT0];15995087;100.00;;"
7816 [139721527260864] INFO perfrun.perfcollector <> - PERF_STAT : "     1.111815522;CPU0;1828;;UNC_M_CAS_COUNT.WR[UNIT1];16002173;100.00;;"
7816 [139721527260864] INFO perfrun.perfcollector <> - PERF_STAT : "     1.111815522;CPU10;110;;UNC_M_CAS_COUNT.WR[UNIT1];15995112;100.00;;"
7816 [139721527260864] INFO perfrun.perfcollector <> - PERF_STAT : "     1.111815522;CPU0;1074;;UNC_M_CAS_COUNT.WR[UNIT4];16002256;100.00;;"
7816 [139721527260864] INFO perfrun.perfcollector <> - PERF_STAT : "     1.111815522;CPU10;42;;UNC_M_CAS_COUNT.WR[UNIT4];15995086;100.00;;"
7816 [139721527260864] INFO perfrun.perfcollector <> - PERF_STAT : "     1.111815522;CPU0;1835;;UNC_M_CAS_COUNT.WR[UNIT5];16002249;100.00;;"
7816 [139721527260864] INFO perfrun.perfcollector <> - PERF_STAT : "     1.111815522;CPU10;108;;UNC_M_CAS_COUNT.WR[UNIT5];15995100;100.00;;"
7831 [139721527260864] INFO perfrun.perfcollector <> - PERF_STAT : "     1.127834398;CPU0;2818;;UNC_M_CAS_COUNT.RD[UNIT0];16001892;100.00;;"
7831 [139721527260864] INFO perfrun.perfcollector <> - PERF_STAT : "     1.127834398;CPU10;723;;UNC_M_CAS_COUNT.RD[UNIT0];16015979;100.00;;"
7831 [139721527260864] INFO perfrun.perfcollector <> - PERF_STAT : "     1.127834398;CPU0;3573;;UNC_M_CAS_COUNT.RD[UNIT1];16001993;100.00;;"
7831 [139721527260864] INFO perfrun.perfcollector <> - PERF_STAT : "     1.127834398;CPU10;855;;UNC_M_CAS_COUNT.RD[UNIT1];16013114;100.00;;"
7831 [139721527260864] INFO perfrun.perfcollector <> - PERF_STAT : "     1.127834398;CPU0;2788;;UNC_M_CAS_COUNT.RD[UNIT4];16002055;100.00;;"
7831 [139721527260864] INFO perfrun.perfcollector <> - PERF_STAT : "     1.127834398;CPU10;823;;UNC_M_CAS_COUNT.RD[UNIT4];16011271;100.00;;"
7832 [139721527260864] INFO perfrun.perfcollector <> - PERF_STAT : "     1.127834398;CPU0;3548;;UNC_M_CAS_COUNT.RD[UNIT5];16001922;100.00;;"
7832 [139721527260864] INFO perfrun.perfcollector <> - PERF_STAT : "     1.127834398;CPU10;934;;UNC_M_CAS_COUNT.RD[UNIT5];16009403;100.00;;"
7832 [139721527260864] INFO perfrun.perfcollector <> - PERF_STAT : "     1.127834398;CPU0;1254;;UNC_M_CAS_COUNT.WR[UNIT0];16001909;100.00;;"
7832 [139721527260864] INFO perfrun.perfcollector <> - PERF_STAT : "     1.127834398;CPU10;211;;UNC_M_CAS_COUNT.WR[UNIT0];16007538;100.00;;"
7832 [139721527260864] INFO perfrun.perfcollector <> - PERF_STAT : "     1.127834398;CPU0;2092;;UNC_M_CAS_COUNT.WR[UNIT1];16001890;100.00;;"
7832 [139721527260864] INFO perfrun.perfcollector <> - PERF_STAT : "     1.127834398;CPU10;305;;UNC_M_CAS_COUNT.WR[UNIT1];16005695;100.00;;"
7832 [139721527260864] INFO perfrun.perfcollector <> - PERF_STAT : "     1.127834398;CPU0;1221;;UNC_M_CAS_COUNT.WR[UNIT4];16001802;100.00;;"
7832 [139721527260864] INFO perfrun.perfcollector <> - PERF_STAT : "     1.127834398;CPU10;229;;UNC_M_CAS_COUNT.WR[UNIT4];16003891;100.00;;"
7832 [139721527260864] INFO perfrun.perfcollector <> - PERF_STAT : "     1.127834398;CPU0;2018;;UNC_M_CAS_COUNT.WR[UNIT5];16001787;100.00;;"
7832 [139721527260864] INFO perfrun.perfcollector <> - PERF_STAT : "     1.127834398;CPU10;329;;UNC_M_CAS_COUNT.WR[UNIT5];16002104;100.00;;"
7851 [139721527260864] INFO perfrun.perfcollector <> - PERF_STAT : "     1.143755957;CPU0;2892;;UNC_M_CAS_COUNT.RD[UNIT0];19995922;100.00;;"
7851 [139721527260864] INFO perfrun.perfcollector <> - PERF_STAT : "     1.143755957;CPU10;308;;UNC_M_CAS_COUNT.RD[UNIT0];19985983;100.00;;"
7852 [139721527260864] INFO perfrun.perfcollector <> - PERF_STAT : "     1.143755957;CPU0;3925;;UNC_M_CAS_COUNT.RD[UNIT1];19996039;100.00;;"
7852 [139721527260864] INFO perfrun.perfcollector <> - PERF_STAT : "     1.143755957;CPU10;416;;UNC_M_CAS_COUNT.RD[UNIT1];19988844;100.00;;"
7852 [139721527260864] INFO perfrun.perfcollector <> - PERF_STAT : "     1.143755957;CPU0;2931;;UNC_M_CAS_COUNT.RD[UNIT4];19996041;100.00;;"
7852 [139721527260864] INFO perfrun.perfcollector <> - PERF_STAT : "     1.143755957;CPU10;301;;UNC_M_CAS_COUNT.RD[UNIT4];19990724;100.00;;"
7852 [139721527260864] INFO perfrun.perfcollector <> - PERF_STAT : "     1.143755957;CPU0;3930;;UNC_M_CAS_COUNT.RD[UNIT5];19996040;100.00;;"
7852 [139721527260864] INFO perfrun.perfcollector <> - PERF_STAT : "     1.143755957;CPU10;435;;UNC_M_CAS_COUNT.RD[UNIT5];19992746;100.00;;"
7852 [139721527260864] INFO perfrun.perfcollector <> - PERF_STAT : "     1.143755957;CPU0;1480;;UNC_M_CAS_COUNT.WR[UNIT0];19996049;100.00;;"
7852 [139721527260864] INFO perfrun.perfcollector <> - PERF_STAT : "     1.143755957;CPU10;67;;UNC_M_CAS_COUNT.WR[UNIT0];19994641;100.00;;"
7852 [139721527260864] INFO perfrun.perfcollector <> - PERF_STAT : "     1.143755957;CPU0;2507;;UNC_M_CAS_COUNT.WR[UNIT1];19995942;100.00;;"
7852 [139721527260864] INFO perfrun.perfcollector <> - PERF_STAT : "     1.143755957;CPU10;191;;UNC_M_CAS_COUNT.WR[UNIT1];19996491;100.00;;"
7852 [139721527260864] INFO perfrun.perfcollector <> - PERF_STAT : "     1.143755957;CPU0;1520;;UNC_M_CAS_COUNT.WR[UNIT4];19995958;100.00;;"
7852 [139721527260864] INFO perfrun.perfcollector <> - PERF_STAT : "     1.143755957;CPU10;80;;UNC_M_CAS_COUNT.WR[UNIT4];19998304;100.00;;"
7852 [139721527260864] INFO perfrun.perfcollector <> - PERF_STAT : "     1.143755957;CPU0;2509;;UNC_M_CAS_COUNT.WR[UNIT5];19995957;100.00;;"
7852 [139721527260864] INFO perfrun.perfcollector <> - PERF_STAT : "     1.143755957;CPU10;208;;UNC_M_CAS_COUNT.WR[UNIT5];20000091;100.00;;"
7867 [139721527260864] INFO perfrun.perfcollector <> - PERF_STAT : "     1.163833293;CPU0;2087;;UNC_M_CAS_COUNT.RD[UNIT0];16000938;100.00;;"
7868 [139721527260864] INFO perfrun.perfcollector <> - PERF_STAT : "     1.163833293;CPU10;228;;UNC_M_CAS_COUNT.RD[UNIT0];16000044;100.00;;"
7868 [139721527260864] INFO perfrun.perfcollector <> - PERF_STAT : "     1.163833293;CPU0;2951;;UNC_M_CAS_COUNT.RD[UNIT1];16000736;100.00;;"
7868 [139721527260864] INFO perfrun.perfcollector <> - PERF_STAT : "     1.163833293;CPU10;263;;UNC_M_CAS_COUNT.RD[UNIT1];16000073;100.00;;"
7868 [139721527260864] INFO perfrun.perfcollector <> - PERF_STAT : "     1.163833293;CPU0;2108;;UNC_M_CAS_COUNT.RD[UNIT4];16000744;100.00;;"
7868 [139721527260864] INFO perfrun.perfcollector <> - PERF_STAT : "     1.163833293;CPU10;304;;UNC_M_CAS_COUNT.RD[UNIT4];16000072;100.00;;"
7868 [139721527260864] INFO perfrun.perfcollector <> - PERF_STAT : "     1.163833293;CPU0;2920;;UNC_M_CAS_COUNT.RD[UNIT5];16000641;100.00;;"
7868 [139721527260864] INFO perfrun.perfcollector <> - PERF_STAT : "     1.163833293;CPU10;358;;UNC_M_CAS_COUNT.RD[UNIT5];15999865;100.00;;"
7868 [139721527260864] INFO perfrun.perfcollector <> - PERF_STAT : "     1.163833293;CPU0;1129;;UNC_M_CAS_COUNT.WR[UNIT0];16000636;100.00;;"
7868 [139721527260864] INFO perfrun.perfcollector <> - PERF_STAT : "     1.163833293;CPU10;61;;UNC_M_CAS_COUNT.WR[UNIT0];15999838;100.00;;"
7868 [139721527260864] INFO perfrun.perfcollector <> - PERF_STAT : "     1.163833293;CPU0;1980;;UNC_M_CAS_COUNT.WR[UNIT1];16000635;100.00;;"
7868 [139721527260864] INFO perfrun.perfcollector <> - PERF_STAT : "     1.163833293;CPU10;120;;UNC_M_CAS_COUNT.WR[UNIT1];15999825;100.00;;"
7868 [139721527260864] INFO perfrun.perfcollector <> - PERF_STAT : "     1.163833293;CPU0;1093;;UNC_M_CAS_COUNT.WR[UNIT4];16000612;100.00;;"
7868 [139721527260864] INFO perfrun.perfcollector <> - PERF_STAT : "     1.163833293;CPU10;63;;UNC_M_CAS_COUNT.WR[UNIT4];15999878;100.00;;"
7868 [139721527260864] INFO perfrun.perfcollector <> - PERF_STAT : "     1.163833293;CPU0;2003;;UNC_M_CAS_COUNT.WR[UNIT5];16000615;100.00;;"
7868 [139721527260864] INFO perfrun.perfcollector <> - PERF_STAT : "     1.163833293;CPU10;120;;UNC_M_CAS_COUNT.WR[UNIT5];15999895;100.00;;"
7883 [139721527260864] INFO perfrun.perfcollector <> - PERF_STAT : "     1.179831532;CPU0;2060;;UNC_M_CAS_COUNT.RD[UNIT0];16000553;100.00;;"
7883 [139721527260864] INFO perfrun.perfcollector <> - PERF_STAT : "     1.179831532;CPU10;149;;UNC_M_CAS_COUNT.RD[UNIT0];16008404;100.00;;"
7883 [139721527260864] INFO perfrun.perfcollector <> - PERF_STAT : "     1.179831532;CPU0;2899;;UNC_M_CAS_COUNT.RD[UNIT1];16000847;100.00;;"
7883 [139721527260864] INFO perfrun.perfcollector <> - PERF_STAT : "     1.179831532;CPU10;164;;UNC_M_CAS_COUNT.RD[UNIT1];16005551;100.00;;"
7883 [139721527260864] INFO perfrun.perfcollector <> - PERF_STAT : "     1.179831532;CPU0;2076;;UNC_M_CAS_COUNT.RD[UNIT4];16000808;100.00;;"
7883 [139721527260864] INFO perfrun.perfcollector <> - PERF_STAT : "     1.179831532;CPU10;182;;UNC_M_CAS_COUNT.RD[UNIT4];16003667;100.00;;"
7884 [139721527260864] INFO perfrun.perfcollector <> - PERF_STAT : "     1.179831532;CPU0;2924;;UNC_M_CAS_COUNT.RD[UNIT5];16000923;100.00;;"
7884 [139721527260864] INFO perfrun.perfcollector <> - PERF_STAT : "     1.179831532;CPU10;237;;UNC_M_CAS_COUNT.RD[UNIT5];16001856;100.00;;"
7884 [139721527260864] INFO perfrun.perfcollector <> - PERF_STAT : "     1.179831532;CPU0;1115;;UNC_M_CAS_COUNT.WR[UNIT0];16000933;100.00;;"
7884 [139721527260864] INFO perfrun.perfcollector <> - PERF_STAT : "     1.179831532;CPU10;38;;UNC_M_CAS_COUNT.WR[UNIT0];15999996;100.00;;"
7884 [139721527260864] INFO perfrun.perfcollector <> - PERF_STAT : "     1.179831532;CPU0;2006;;UNC_M_CAS_COUNT.WR[UNIT1];16001041;100.00;;"
7884 [139721527260864] INFO perfrun.perfcollector <> - PERF_STAT : "     1.179831532;CPU10;85;;UNC_M_CAS_COUNT.WR[UNIT1];15998174;100.00;;"
7884 [139721527260864] INFO perfrun.perfcollector <> - PERF_STAT : "     1.179831532;CPU0;1180;;UNC_M_CAS_COUNT.WR[UNIT4];16001046;100.00;;"
7884 [139721527260864] INFO perfrun.perfcollector <> - PERF_STAT : "     1.179831532;CPU10;58;;UNC_M_CAS_COUNT.WR[UNIT4];15996292;100.00;;"
7884 [139721527260864] INFO perfrun.perfcollector <> - PERF_STAT : "     1.179831532;CPU0;1989;;UNC_M_CAS_COUNT.WR[UNIT5];16001038;100.00;;"
7884 [139721527260864] INFO perfrun.perfcollector <> - PERF_STAT : "     1.179831532;CPU10;126;;UNC_M_CAS_COUNT.WR[UNIT5];15994499;100.00;;"
7899 [139721527260864] INFO perfrun.perfcollector <> - PERF_STAT : "     1.195776296;CPU0;1950;;UNC_M_CAS_COUNT.RD[UNIT0];16000242;100.00;;"
7900 [139721527260864] INFO perfrun.perfcollector <> - PERF_STAT : "     1.195776296;CPU10;163;;UNC_M_CAS_COUNT.RD[UNIT0];15993105;100.00;;"
7900 [139721527260864] INFO perfrun.perfcollector <> - PERF_STAT : "     1.195776296;CPU0;2804;;UNC_M_CAS_COUNT.RD[UNIT1];16000004;100.00;;"
7900 [139721527260864] INFO perfrun.perfcollector <> - PERF_STAT : "     1.195776296;CPU10;190;;UNC_M_CAS_COUNT.RD[UNIT1];15995957;100.00;;"
7900 [139721527260864] INFO perfrun.perfcollector <> - PERF_STAT : "     1.195776296;CPU0;2021;;UNC_M_CAS_COUNT.RD[UNIT4];15999963;100.00;;"
7900 [139721527260864] INFO perfrun.perfcollector <> - PERF_STAT : "     1.195776296;CPU10;211;;UNC_M_CAS_COUNT.RD[UNIT4];15997854;100.00;;"
7900 [139721527260864] INFO perfrun.perfcollector <> - PERF_STAT : "     1.195776296;CPU0;2820;;UNC_M_CAS_COUNT.RD[UNIT5];15999951;100.00;;"
7900 [139721527260864] INFO perfrun.perfcollector <> - PERF_STAT : "     1.195776296;CPU10;274;;UNC_M_CAS_COUNT.RD[UNIT5];15999785;100.00;;"
7900 [139721527260864] INFO perfrun.perfcollector <> - PERF_STAT : "     1.195776296;CPU0;1076;;UNC_M_CAS_COUNT.WR[UNIT0];15999949;100.00;;"
7900 [139721527260864] INFO perfrun.perfcollector <> - PERF_STAT : "     1.195776296;CPU10;38;;UNC_M_CAS_COUNT.WR[UNIT0];16001655;100.00;;"
7900 [139721527260864] INFO perfrun.perfcollector <> - PERF_STAT : "     1.195776296;CPU0;1825;;UNC_M_CAS_COUNT.WR[UNIT1];15999857;100.00;;"
7900 [139721527260864] INFO perfrun.perfcollector <> - PERF_STAT : "     1.195776296;CPU10;100;;UNC_M_CAS_COUNT.WR[UNIT1];16003465;100.00;;"
7900 [139721527260864] INFO perfrun.perfcollector <> - PERF_STAT : "     1.195776296;CPU0;1037;;UNC_M_CAS_COUNT.WR[UNIT4];15999858;100.00;;"
7900 [139721527260864] INFO perfrun.perfcollector <> - PERF_STAT : "     1.195776296;CPU10;45;;UNC_M_CAS_COUNT.WR[UNIT4];16005270;100.00;;"
7900 [139721527260864] INFO perfrun.perfcollector <> - PERF_STAT : "     1.195776296;CPU0;1901;;UNC_M_CAS_COUNT.WR[UNIT5];15999913;100.00;;"
7900 [139721527260864] INFO perfrun.perfcollector <> - PERF_STAT : "     1.195776296;CPU10;114;;UNC_M_CAS_COUNT.WR[UNIT5];16007046;100.00;;"
7915 [139721527260864] INFO perfrun.perfcollector <> - PERF_STAT : "     1.211834503;CPU0;1926;;UNC_M_CAS_COUNT.RD[UNIT0];15998375;100.00;;"
7915 [139721527260864] INFO perfrun.perfcollector <> - PERF_STAT : "     1.211834503;CPU10;137;;UNC_M_CAS_COUNT.RD[UNIT0];15982287;100.00;;"
7915 [139721527260864] INFO perfrun.perfcollector <> - PERF_STAT : "     1.211834503;CPU0;2804;;UNC_M_CAS_COUNT.RD[UNIT1];15998439;100.00;;"
7915 [139721527260864] INFO perfrun.perfcollector <> - PERF_STAT : "     1.211834503;CPU10;171;;UNC_M_CAS_COUNT.RD[UNIT1];15979407;100.00;;"
7915 [139721527260864] INFO perfrun.perfcollector <> - PERF_STAT : "     1.211834503;CPU0;1944;;UNC_M_CAS_COUNT.RD[UNIT4];15998498;100.00;;"
7915 [139721527260864] INFO perfrun.perfcollector <> - PERF_STAT : "     1.211834503;CPU10;150;;UNC_M_CAS_COUNT.RD[UNIT4];15977474;100.00;;"
7915 [139721527260864] INFO perfrun.perfcollector <> - PERF_STAT : "     1.211834503;CPU0;2810;;UNC_M_CAS_COUNT.RD[UNIT5];15998492;100.00;;"
7915 [139721527260864] INFO perfrun.perfcollector <> - PERF_STAT : "     1.211834503;CPU10;208;;UNC_M_CAS_COUNT.RD[UNIT5];15975533;100.00;;"
7916 [139721527260864] INFO perfrun.perfcollector <> - PERF_STAT : "     1.211834503;CPU0;1125;;UNC_M_CAS_COUNT.WR[UNIT0];15998497;100.00;;"
7916 [139721527260864] INFO perfrun.perfcollector <> - PERF_STAT : "     1.211834503;CPU10;35;;UNC_M_CAS_COUNT.WR[UNIT0];15973667;100.00;;"
7916 [139721527260864] INFO perfrun.perfcollector <> - PERF_STAT : "     1.211834503;CPU0;1893;;UNC_M_CAS_COUNT.WR[UNIT1];15998500;100.00;;"
7916 [139721527260864] INFO perfrun.perfcollector <> - PERF_STAT : "     1.211834503;CPU10;92;;UNC_M_CAS_COUNT.WR[UNIT1];15971846;100.00;;"
7916 [139721527260864] INFO perfrun.perfcollector <> - PERF_STAT : "     1.211834503;CPU0;1045;;UNC_M_CAS_COUNT.WR[UNIT4];15998619;100.00;;"
7916 [139721527260864] INFO perfrun.perfcollector <> - PERF_STAT : "     1.211834503;CPU10;45;;UNC_M_CAS_COUNT.WR[UNIT4];15970047;100.00;;"
7916 [139721527260864] INFO perfrun.perfcollector <> - PERF_STAT : "     1.211834503;CPU0;1990;;UNC_M_CAS_COUNT.WR[UNIT5];15998582;100.00;;"
7916 [139721527260864] INFO perfrun.perfcollector <> - PERF_STAT : "     1.211834503;CPU10;108;;UNC_M_CAS_COUNT.WR[UNIT5];15968282;100.00;;"
7931 [139721527260864] INFO perfrun.perfcollector <> - PERF_STAT : "     1.227755069;CPU0;2017;;UNC_M_CAS_COUNT.RD[UNIT0];16001729;100.00;;"
7931 [139721527260864] INFO perfrun.perfcollector <> - PERF_STAT : "     1.227755069;CPU10;188;;UNC_M_CAS_COUNT.RD[UNIT0];16016151;100.00;;"
7932 [139721527260864] INFO perfrun.perfcollector <> - PERF_STAT : "     1.227755069;CPU0;2874;;UNC_M_CAS_COUNT.RD[UNIT1];16001702;100.00;;"
7932 [139721527260864] INFO perfrun.perfcollector <> - PERF_STAT : "     1.227755069;CPU10;220;;UNC_M_CAS_COUNT.RD[UNIT1];16019014;100.00;;"
7932 [139721527260864] INFO perfrun.perfcollector <> - PERF_STAT : "     1.227755069;CPU0;2079;;UNC_M_CAS_COUNT.RD[UNIT4];16001728;100.00;;"
7932 [139721527260864] INFO perfrun.perfcollector <> - PERF_STAT : "     1.227755069;CPU10;257;;UNC_M_CAS_COUNT.RD[UNIT4];16020935;100.00;;"
7932 [139721527260864] INFO perfrun.perfcollector <> - PERF_STAT : "     1.227755069;CPU0;2934;;UNC_M_CAS_COUNT.RD[UNIT5];16001772;100.00;;"
7932 [139721527260864] INFO perfrun.perfcollector <> - PERF_STAT : "     1.227755069;CPU10;325;;UNC_M_CAS_COUNT.RD[UNIT5];16022752;100.00;;"
7932 [139721527260864] INFO perfrun.perfcollector <> - PERF_STAT : "     1.227755069;CPU0;1131;;UNC_M_CAS_COUNT.WR[UNIT0];16001832;100.00;;"
7932 [139721527260864] INFO perfrun.perfcollector <> - PERF_STAT : "     1.227755069;CPU10;46;;UNC_M_CAS_COUNT.WR[UNIT0];16024631;100.00;;"
7932 [139721527260864] INFO perfrun.perfcollector <> - PERF_STAT : "     1.227755069;CPU0;1963;;UNC_M_CAS_COUNT.WR[UNIT1];16001818;100.00;;"
7932 [139721527260864] INFO perfrun.perfcollector <> - PERF_STAT : "     1.227755069;CPU10;112;;UNC_M_CAS_COUNT.WR[UNIT1];16026438;100.00;;"
7932 [139721527260864] INFO perfrun.perfcollector <> - PERF_STAT : "     1.227755069;CPU0;1145;;UNC_M_CAS_COUNT.WR[UNIT4];16001698;100.00;;"
7932 [139721527260864] INFO perfrun.perfcollector <> - PERF_STAT : "     1.227755069;CPU10;68;;UNC_M_CAS_COUNT.WR[UNIT4];16028241;100.00;;"
7932 [139721527260864] INFO perfrun.perfcollector <> - PERF_STAT : "     1.227755069;CPU0;1937;;UNC_M_CAS_COUNT.WR[UNIT5];16001711;100.00;;"
7932 [139721527260864] INFO perfrun.perfcollector <> - PERF_STAT : "     1.227755069;CPU10;130;;UNC_M_CAS_COUNT.WR[UNIT5];16030166;100.00;;"
7947 [139721527260864] INFO perfrun.perfcollector <> - PERF_STAT : "     1.243819813;CPU0;2025;;UNC_M_CAS_COUNT.RD[UNIT0];16000881;100.00;;"
7948 [139721527260864] INFO perfrun.perfcollector <> - PERF_STAT : "     1.243819813;CPU10;472;;UNC_M_CAS_COUNT.RD[UNIT0];16004484;100.00;;"
7948 [139721527260864] INFO perfrun.perfcollector <> - PERF_STAT : "     1.243819813;CPU0;2842;;UNC_M_CAS_COUNT.RD[UNIT1];16001041;100.00;;"
7948 [139721527260864] INFO perfrun.perfcollector <> - PERF_STAT : "     1.243819813;CPU10;590;;UNC_M_CAS_COUNT.RD[UNIT1];16004533;100.00;;"
7948 [139721527260864] INFO perfrun.perfcollector <> - PERF_STAT : "     1.243819813;CPU0;1973;;UNC_M_CAS_COUNT.RD[UNIT4];16001059;100.00;;"
7948 [139721527260864] INFO perfrun.perfcollector <> - PERF_STAT : "     1.243819813;CPU10;537;;UNC_M_CAS_COUNT.RD[UNIT4];16004503;100.00;;"
7948 [139721527260864] INFO perfrun.perfcollector <> - PERF_STAT : "     1.243819813;CPU0;2816;;UNC_M_CAS_COUNT.RD[UNIT5];16000917;100.00;;"
7948 [139721527260864] INFO perfrun.perfcollector <> - PERF_STAT : "     1.243819813;CPU10;671;;UNC_M_CAS_COUNT.RD[UNIT5];16004553;100.00;;"
7948 [139721527260864] INFO perfrun.perfcollector <> - PERF_STAT : "     1.243819813;CPU0;1055;;UNC_M_CAS_COUNT.WR[UNIT0];16000899;100.00;;"
7948 [139721527260864] INFO perfrun.perfcollector <> - PERF_STAT : "     1.243819813;CPU10;140;;UNC_M_CAS_COUNT.WR[UNIT0];16004527;100.00;;"
7948 [139721527260864] INFO perfrun.perfcollector <> - PERF_STAT : "     1.243819813;CPU0;1843;;UNC_M_CAS_COUNT.WR[UNIT1];16000982;100.00;;"
7948 [139721527260864] INFO perfrun.perfcollector <> - PERF_STAT : "     1.243819813;CPU10;254;;UNC_M_CAS_COUNT.WR[UNIT1];16004554;100.00;;"
7948 [139721527260864] INFO perfrun.perfcollector <> - PERF_STAT : "     1.243819813;CPU0;998;;UNC_M_CAS_COUNT.WR[UNIT4];16000996;100.00;;"
7948 [139721527260864] INFO perfrun.perfcollector <> - PERF_STAT : "     1.243819813;CPU10;169;;UNC_M_CAS_COUNT.WR[UNIT4];16004540;100.00;;"
7948 [139721527260864] INFO perfrun.perfcollector <> - PERF_STAT : "     1.243819813;CPU0;1905;;UNC_M_CAS_COUNT.WR[UNIT5];16001015;100.00;;"
7948 [139721527260864] INFO perfrun.perfcollector <> - PERF_STAT : "     1.243819813;CPU10;298;;UNC_M_CAS_COUNT.WR[UNIT5];16004387;100.00;;"
7959 [139721527260864] INFO perfrun.perfcollector <> - PERF_STAT : "     1.259839934;CPU0;2272;;UNC_M_CAS_COUNT.RD[UNIT0];12020420;100.00;;"
7960 [139721527260864] INFO perfrun.perfcollector <> - PERF_STAT : "     1.259839934;CPU10;397;;UNC_M_CAS_COUNT.RD[UNIT0];12017174;100.00;;"
7960 [139721527260864] INFO perfrun.perfcollector <> - PERF_STAT : "     1.259839934;CPU0;2828;;UNC_M_CAS_COUNT.RD[UNIT1];12020279;100.00;;"
7960 [139721527260864] INFO perfrun.perfcollector <> - PERF_STAT : "     1.259839934;CPU10;493;;UNC_M_CAS_COUNT.RD[UNIT1];12017109;100.00;;"
7960 [139721527260864] INFO perfrun.perfcollector <> - PERF_STAT : "     1.259839934;CPU0;2255;;UNC_M_CAS_COUNT.RD[UNIT4];12020287;100.00;;"
7960 [139721527260864] INFO perfrun.perfcollector <> - PERF_STAT : "     1.259839934;CPU10;495;;UNC_M_CAS_COUNT.RD[UNIT4];12017179;100.00;;"
7960 [139721527260864] INFO perfrun.perfcollector <> - PERF_STAT : "     1.259839934;CPU0;2745;;UNC_M_CAS_COUNT.RD[UNIT5];12020459;100.00;;"
7960 [139721527260864] INFO perfrun.perfcollector <> - PERF_STAT : "     1.259839934;CPU10;579;;UNC_M_CAS_COUNT.RD[UNIT5];12017169;100.00;;"
7960 [139721527260864] INFO perfrun.perfcollector <> - PERF_STAT : "     1.259839934;CPU0;877;;UNC_M_CAS_COUNT.WR[UNIT0];12020531;100.00;;"
7960 [139721527260864] INFO perfrun.perfcollector <> - PERF_STAT : "     1.259839934;CPU10;59;;UNC_M_CAS_COUNT.WR[UNIT0];12017179;100.00;;"
7960 [139721527260864] INFO perfrun.perfcollector <> - PERF_STAT : "     1.259839934;CPU0;1527;;UNC_M_CAS_COUNT.WR[UNIT1];12020454;100.00;;"
7960 [139721527260864] INFO perfrun.perfcollector <> - PERF_STAT : "     1.259839934;CPU10;149;;UNC_M_CAS_COUNT.WR[UNIT1];12017191;100.00;;"
7960 [139721527260864] INFO perfrun.perfcollector <> - PERF_STAT : "     1.259839934;CPU0;926;;UNC_M_CAS_COUNT.WR[UNIT4];12020468;100.00;;"
7960 [139721527260864] INFO perfrun.perfcollector <> - PERF_STAT : "     1.259839934;CPU10;65;;UNC_M_CAS_COUNT.WR[UNIT4];12017189;100.00;;"
7960 [139721527260864] INFO perfrun.perfcollector <> - PERF_STAT : "     1.259839934;CPU0;1497;;UNC_M_CAS_COUNT.WR[UNIT5];12020411;100.00;;"
7960 [139721527260864] INFO perfrun.perfcollector <> - PERF_STAT : "     1.259839934;CPU10;160;;UNC_M_CAS_COUNT.WR[UNIT5];12017172;100.00;;"
7971 [139721527260864] INFO perfrun.perfcollector <> - PERF_STAT : "     1.271851473;CPU0;2300;;UNC_M_CAS_COUNT.RD[UNIT0];11883251;100.00;;"
7974 [139721527260864] INFO perfrun.perfcollector <> - PERF_STAT : "     1.271851473;CPU10;3532;;UNC_M_CAS_COUNT.RD[UNIT0];11901569;100.00;;"
7979 [139721527260864] INFO perfrun.perfcollector <> - PERF_STAT : "     1.271851473;CPU0;3008;;UNC_M_CAS_COUNT.RD[UNIT1];11883268;100.00;;"
7979 [139721527260864] INFO perfrun.perfcollector <> - PERF_STAT : "     1.271851473;CPU10;3757;;UNC_M_CAS_COUNT.RD[UNIT1];11901515;100.00;;"
7979 [139721527260864] INFO perfrun.perfcollector <> - PERF_STAT : "     1.271851473;CPU0;2354;;UNC_M_CAS_COUNT.RD[UNIT4];11883279;100.00;;"
7979 [139721527260864] INFO perfrun.perfcollector <> - PERF_STAT : "     1.271851473;CPU10;3606;;UNC_M_CAS_COUNT.RD[UNIT4];11901424;100.00;;"
7979 [139721527260864] INFO perfrun.perfcollector <> - PERF_STAT : "     1.271851473;CPU0;2964;;UNC_M_CAS_COUNT.RD[UNIT5];11883128;100.00;;"
7979 [139721527260864] INFO perfrun.perfcollector <> - PERF_STAT : "     1.271851473;CPU10;3796;;UNC_M_CAS_COUNT.RD[UNIT5];11901531;100.00;;"
7979 [139721527260864] INFO perfrun.perfcollector <> - PERF_STAT : "     1.271851473;CPU0;2397;;UNC_M_CAS_COUNT.WR[UNIT0];11883056;100.00;;"
7979 [139721527260864] INFO perfrun.perfcollector <> - PERF_STAT : "     1.271851473;CPU10;1133;;UNC_M_CAS_COUNT.WR[UNIT0];11901477;100.00;;"
7979 [139721527260864] INFO perfrun.perfcollector <> - PERF_STAT : "     1.271851473;CPU0;3053;;UNC_M_CAS_COUNT.WR[UNIT1];11883059;100.00;;"
7979 [139721527260864] INFO perfrun.perfcollector <> - PERF_STAT : "     1.271851473;CPU10;1379;;UNC_M_CAS_COUNT.WR[UNIT1];11901492;100.00;;"
7979 [139721527260864] INFO perfrun.perfcollector <> - PERF_STAT : "     1.271851473;CPU0;2472;;UNC_M_CAS_COUNT.WR[UNIT4];11883172;100.00;;"
7979 [139721527260864] INFO perfrun.perfcollector <> - PERF_STAT : "     1.271851473;CPU10;1192;;UNC_M_CAS_COUNT.WR[UNIT4];11901608;100.00;;"
7979 [139721527260864] INFO perfrun.perfcollector <> - PERF_STAT : "     1.271851473;CPU0;3121;;UNC_M_CAS_COUNT.WR[UNIT5];11883303;100.00;;"
7979 [139721527260864] INFO perfrun.perfcollector <> - PERF_STAT : "     1.271851473;CPU10;1488;;UNC_M_CAS_COUNT.WR[UNIT5];11901628;100.00;;"
7983 [139721527260864] INFO perfrun.perfcollector <> - PERF_STAT : "     1.283740488;CPU0;2014;;UNC_M_CAS_COUNT.RD[UNIT0];12102310;100.00;;"
7983 [139721527260864] INFO perfrun.perfcollector <> - PERF_STAT : "     1.283740488;CPU10;1428;;UNC_M_CAS_COUNT.RD[UNIT0];12063889;100.00;;"
7983 [139721527260864] INFO perfrun.perfcollector <> - PERF_STAT : "     1.283740488;CPU0;2689;;UNC_M_CAS_COUNT.RD[UNIT1];12102320;100.00;;"
7983 [139721527260864] INFO perfrun.perfcollector <> - PERF_STAT : "     1.283740488;CPU10;1824;;UNC_M_CAS_COUNT.RD[UNIT1];12061084;100.00;;"
7983 [139721527260864] INFO perfrun.perfcollector <> - PERF_STAT : "     1.283740488;CPU0;2060;;UNC_M_CAS_COUNT.RD[UNIT4];12102356;100.00;;"
7983 [139721527260864] INFO perfrun.perfcollector <> - PERF_STAT : "     1.283740488;CPU10;1523;;UNC_M_CAS_COUNT.RD[UNIT4];12059244;100.00;;"
7983 [139721527260864] INFO perfrun.perfcollector <> - PERF_STAT : "     1.283740488;CPU0;2594;;UNC_M_CAS_COUNT.RD[UNIT5];12102714;100.00;;"
7984 [139721527260864] INFO perfrun.perfcollector <> - PERF_STAT : "     1.283740488;CPU10;1922;;UNC_M_CAS_COUNT.RD[UNIT5];12057266;100.00;;"
7984 [139721527260864] INFO perfrun.perfcollector <> - PERF_STAT : "     1.283740488;CPU0;1398;;UNC_M_CAS_COUNT.WR[UNIT0];12102736;100.00;;"
7984 [139721527260864] INFO perfrun.perfcollector <> - PERF_STAT : "     1.283740488;CPU10;415;;UNC_M_CAS_COUNT.WR[UNIT0];12055454;100.00;;"
7984 [139721527260864] INFO perfrun.perfcollector <> - PERF_STAT : "     1.283740488;CPU0;2051;;UNC_M_CAS_COUNT.WR[UNIT1];12102909;100.00;;"
7984 [139721527260864] INFO perfrun.perfcollector <> - PERF_STAT : "     1.283740488;CPU10;873;;UNC_M_CAS_COUNT.WR[UNIT1];12053568;100.00;;"
7984 [139721527260864] INFO perfrun.perfcollector <> - PERF_STAT : "     1.283740488;CPU0;1399;;UNC_M_CAS_COUNT.WR[UNIT4];12103025;100.00;;"
7984 [139721527260864] INFO perfrun.perfcollector <> - PERF_STAT : "     1.283740488;CPU10;408;;UNC_M_CAS_COUNT.WR[UNIT4];12051807;100.00;;"
7984 [139721527260864] INFO perfrun.perfcollector <> - PERF_STAT : "     1.283740488;CPU0;1995;;UNC_M_CAS_COUNT.WR[UNIT5];12102970;100.00;;"
7984 [139721527260864] INFO perfrun.perfcollector <> - PERF_STAT : "     1.283740488;CPU10;837;;UNC_M_CAS_COUNT.WR[UNIT5];12050143;100.00;;"
7999 [139721527260864] INFO perfrun.perfcollector <> - PERF_STAT : "     1.295752210;CPU0;1970;;UNC_M_CAS_COUNT.RD[UNIT0];16010469;100.00;;"
8000 [139721527260864] INFO perfrun.perfcollector <> - PERF_STAT : "     1.295752210;CPU10;207;;UNC_M_CAS_COUNT.RD[UNIT0];16030520;100.00;;"
8000 [139721527260864] INFO perfrun.perfcollector <> - PERF_STAT : "     1.295752210;CPU0;2770;;UNC_M_CAS_COUNT.RD[UNIT1];16010697;100.00;;"
8000 [139721527260864] INFO perfrun.perfcollector <> - PERF_STAT : "     1.295752210;CPU10;270;;UNC_M_CAS_COUNT.RD[UNIT1];16033379;100.00;;"
8000 [139721527260864] INFO perfrun.perfcollector <> - PERF_STAT : "     1.295752210;CPU0;2021;;UNC_M_CAS_COUNT.RD[UNIT4];16010790;100.00;;"
8000 [139721527260864] INFO perfrun.perfcollector <> - PERF_STAT : "     1.295752210;CPU10;281;;UNC_M_CAS_COUNT.RD[UNIT4];16035379;100.00;;"
8000 [139721527260864] INFO perfrun.perfcollector <> - PERF_STAT : "     1.295752210;CPU0;2878;;UNC_M_CAS_COUNT.RD[UNIT5];16010490;100.00;;"
8000 [139721527260864] INFO perfrun.perfcollector <> - PERF_STAT : "     1.295752210;CPU10;355;;UNC_M_CAS_COUNT.RD[UNIT5];16037601;100.00;;"
8000 [139721527260864] INFO perfrun.perfcollector <> - PERF_STAT : "     1.295752210;CPU0;999;;UNC_M_CAS_COUNT.WR[UNIT0];16010489;100.00;;"
8000 [139721527260864] INFO perfrun.perfcollector <> - PERF_STAT : "     1.295752210;CPU10;47;;UNC_M_CAS_COUNT.WR[UNIT0];16039516;100.00;;"
8000 [139721527260864] INFO perfrun.perfcollector <> - PERF_STAT : "     1.295752210;CPU0;1884;;UNC_M_CAS_COUNT.WR[UNIT1];16010402;100.00;;"
8000 [139721527260864] INFO perfrun.perfcollector <> - PERF_STAT : "     1.295752210;CPU10;160;;UNC_M_CAS_COUNT.WR[UNIT1];16041392;100.00;;"
8000 [139721527260864] INFO perfrun.perfcollector <> - PERF_STAT : "     1.295752210;CPU0;1103;;UNC_M_CAS_COUNT.WR[UNIT4];16010236;100.00;;"
8000 [139721527260864] INFO perfrun.perfcollector <> - PERF_STAT : "     1.295752210;CPU10;85;;UNC_M_CAS_COUNT.WR[UNIT4];16043059;100.00;;"
8000 [139721527260864] INFO perfrun.perfcollector <> - PERF_STAT : "     1.295752210;CPU0;1945;;UNC_M_CAS_COUNT.WR[UNIT5];16010266;100.00;;"
8000 [139721527260864] INFO perfrun.perfcollector <> - PERF_STAT : "     1.295752210;CPU10;180;;UNC_M_CAS_COUNT.WR[UNIT5];16044733;100.00;;"
8015 [139721527260864] INFO perfrun.perfcollector <> - PERF_STAT : "     1.311855389;CPU0;1999;;UNC_M_CAS_COUNT.RD[UNIT0];15982040;100.00;;"
8015 [139721527260864] INFO perfrun.perfcollector <> - PERF_STAT : "     1.311855389;CPU10;165;;UNC_M_CAS_COUNT.RD[UNIT0];15982675;100.00;;"
8016 [139721527260864] INFO perfrun.perfcollector <> - PERF_STAT : "     1.311855389;CPU0;2830;;UNC_M_CAS_COUNT.RD[UNIT1];15981854;100.00;;"
8016 [139721527260864] INFO perfrun.perfcollector <> - PERF_STAT : "     1.311855389;CPU10;203;;UNC_M_CAS_COUNT.RD[UNIT1];15982691;100.00;;"
8016 [139721527260864] INFO perfrun.perfcollector <> - PERF_STAT : "     1.311855389;CPU0;2028;;UNC_M_CAS_COUNT.RD[UNIT4];15981676;100.00;;"
8016 [139721527260864] INFO perfrun.perfcollector <> - PERF_STAT : "     1.311855389;CPU10;211;;UNC_M_CAS_COUNT.RD[UNIT4];15982532;100.00;;"
8016 [139721527260864] INFO perfrun.perfcollector <> - PERF_STAT : "     1.311855389;CPU0;2865;;UNC_M_CAS_COUNT.RD[UNIT5];15981838;100.00;;"
8016 [139721527260864] INFO perfrun.perfcollector <> - PERF_STAT : "     1.311855389;CPU10;265;;UNC_M_CAS_COUNT.RD[UNIT5];15982144;100.00;;"
8016 [139721527260864] INFO perfrun.perfcollector <> - PERF_STAT : "     1.311855389;CPU0;1065;;UNC_M_CAS_COUNT.WR[UNIT0];15981819;100.00;;"
8016 [139721527260864] INFO perfrun.perfcollector <> - PERF_STAT : "     1.311855389;CPU10;31;;UNC_M_CAS_COUNT.WR[UNIT0];15982065;100.00;;"
8016 [139721527260864] INFO perfrun.perfcollector <> - PERF_STAT : "     1.311855389;CPU0;1921;;UNC_M_CAS_COUNT.WR[UNIT1];15982001;100.00;;"
8016 [139721527260864] INFO perfrun.perfcollector <> - PERF_STAT : "     1.311855389;CPU10;96;;UNC_M_CAS_COUNT.WR[UNIT1];15982054;100.00;;"
8016 [139721527260864] INFO perfrun.perfcollector <> - PERF_STAT : "     1.311855389;CPU0;1117;;UNC_M_CAS_COUNT.WR[UNIT4];15982019;100.00;;"
8016 [139721527260864] INFO perfrun.perfcollector <> - PERF_STAT : "     1.311855389;CPU10;35;;UNC_M_CAS_COUNT.WR[UNIT4];15982051;100.00;;"
8016 [139721527260864] INFO perfrun.perfcollector <> - PERF_STAT : "     1.311855389;CPU0;1920;;UNC_M_CAS_COUNT.WR[UNIT5];15981941;100.00;;"
8016 [139721527260864] INFO perfrun.perfcollector <> - PERF_STAT : "     1.311855389;CPU10;112;;UNC_M_CAS_COUNT.WR[UNIT5];15982015;100.00;;"
8031 [139721527260864] INFO perfrun.perfcollector <> - PERF_STAT : "     1.327830652;CPU0;2087;;UNC_M_CAS_COUNT.RD[UNIT0];16001718;100.00;;"
8031 [139721527260864] INFO perfrun.perfcollector <> - PERF_STAT : "     1.327830652;CPU10;187;;UNC_M_CAS_COUNT.RD[UNIT0];15991035;100.00;;"
8031 [139721527260864] INFO perfrun.perfcollector <> - PERF_STAT : "     1.327830652;CPU0;2905;;UNC_M_CAS_COUNT.RD[UNIT1];16001672;100.00;;"
8031 [139721527260864] INFO perfrun.perfcollector <> - PERF_STAT : "     1.327830652;CPU10;239;;UNC_M_CAS_COUNT.RD[UNIT1];15988165;100.00;;"
8031 [139721527260864] INFO perfrun.perfcollector <> - PERF_STAT : "     1.327830652;CPU0;1999;;UNC_M_CAS_COUNT.RD[UNIT4];16001600;100.00;;"
8031 [139721527260864] INFO perfrun.perfcollector <> - PERF_STAT : "     1.327830652;CPU10;213;;UNC_M_CAS_COUNT.RD[UNIT4];15986413;100.00;;"
8031 [139721527260864] INFO perfrun.perfcollector <> - PERF_STAT : "     1.327830652;CPU0;2915;;UNC_M_CAS_COUNT.RD[UNIT5];16001455;100.00;;"
8031 [139721527260864] INFO perfrun.perfcollector <> - PERF_STAT : "     1.327830652;CPU10;282;;UNC_M_CAS_COUNT.RD[UNIT5];15984721;100.00;;"
8032 [139721527260864] INFO perfrun.perfcollector <> - PERF_STAT : "     1.327830652;CPU0;1175;;UNC_M_CAS_COUNT.WR[UNIT0];16001510;100.00;;"
8032 [139721527260864] INFO perfrun.perfcollector <> - PERF_STAT : "     1.327830652;CPU10;51;;UNC_M_CAS_COUNT.WR[UNIT0];15983028;100.00;;"
8032 [139721527260864] INFO perfrun.perfcollector <> - PERF_STAT : "     1.327830652;CPU0;1853;;UNC_M_CAS_COUNT.WR[UNIT1];16001464;100.00;;"
8032 [139721527260864] INFO perfrun.perfcollector <> - PERF_STAT : "     1.327830652;CPU10;129;;UNC_M_CAS_COUNT.WR[UNIT1];15981175;100.00;;"
8032 [139721527260864] INFO perfrun.perfcollector <> - PERF_STAT : "     1.327830652;CPU0;1102;;UNC_M_CAS_COUNT.WR[UNIT4];16001369;100.00;;"
8032 [139721527260864] INFO perfrun.perfcollector <> - PERF_STAT : "     1.327830652;CPU10;56;;UNC_M_CAS_COUNT.WR[UNIT4];15979483;100.00;;"
8032 [139721527260864] INFO perfrun.perfcollector <> - PERF_STAT : "     1.327830652;CPU0;2024;;UNC_M_CAS_COUNT.WR[UNIT5];16001360;100.00;;"
8032 [139721527260864] INFO perfrun.perfcollector <> - PERF_STAT : "     1.327830652;CPU10;139;;UNC_M_CAS_COUNT.WR[UNIT5];15977949;100.00;;"
8047 [139721527260864] INFO perfrun.perfcollector <> - PERF_STAT : "     1.343751803;CPU0;1985;;UNC_M_CAS_COUNT.RD[UNIT0];16000763;100.00;;"
8047 [139721527260864] INFO perfrun.perfcollector <> - PERF_STAT : "     1.343751803;CPU10;130;;UNC_M_CAS_COUNT.RD[UNIT0];16010957;100.00;;"
8047 [139721527260864] INFO perfrun.perfcollector <> - PERF_STAT : "     1.343751803;CPU0;2859;;UNC_M_CAS_COUNT.RD[UNIT1];16000690;100.00;;"
8048 [139721527260864] INFO perfrun.perfcollector <> - PERF_STAT : "     1.343751803;CPU10;158;;UNC_M_CAS_COUNT.RD[UNIT1];16013728;100.00;;"
8048 [139721527260864] INFO perfrun.perfcollector <> - PERF_STAT : "     1.343751803;CPU0;2002;;UNC_M_CAS_COUNT.RD[UNIT4];16000875;100.00;;"
8048 [139721527260864] INFO perfrun.perfcollector <> - PERF_STAT : "     1.343751803;CPU10;169;;UNC_M_CAS_COUNT.RD[UNIT4];16016022;100.00;;"
8048 [139721527260864] INFO perfrun.perfcollector <> - PERF_STAT : "     1.343751803;CPU0;2871;;UNC_M_CAS_COUNT.RD[UNIT5];16000783;100.00;;"
8048 [139721527260864] INFO perfrun.perfcollector <> - PERF_STAT : "     1.343751803;CPU10;201;;UNC_M_CAS_COUNT.RD[UNIT5];16017702;100.00;;"
8048 [139721527260864] INFO perfrun.perfcollector <> - PERF_STAT : "     1.343751803;CPU0;1120;;UNC_M_CAS_COUNT.WR[UNIT0];16000800;100.00;;"
8048 [139721527260864] INFO perfrun.perfcollector <> - PERF_STAT : "     1.343751803;CPU10;33;;UNC_M_CAS_COUNT.WR[UNIT0];16019428;100.00;;"
8048 [139721527260864] INFO perfrun.perfcollector <> - PERF_STAT : "     1.343751803;CPU0;2023;;UNC_M_CAS_COUNT.WR[UNIT1];16000699;100.00;;"
8048 [139721527260864] INFO perfrun.perfcollector <> - PERF_STAT : "     1.343751803;CPU10;78;;UNC_M_CAS_COUNT.WR[UNIT1];16021285;100.00;;"
8048 [139721527260864] INFO perfrun.perfcollector <> - PERF_STAT : "     1.343751803;CPU0;1224;;UNC_M_CAS_COUNT.WR[UNIT4];16000781;100.00;;"
8048 [139721527260864] INFO perfrun.perfcollector <> - PERF_STAT : "     1.343751803;CPU10;48;;UNC_M_CAS_COUNT.WR[UNIT4];16022980;100.00;;"
8048 [139721527260864] INFO perfrun.perfcollector <> - PERF_STAT : "     1.343751803;CPU0;1998;;UNC_M_CAS_COUNT.WR[UNIT5];16000819;100.00;;"
8048 [139721527260864] INFO perfrun.perfcollector <> - PERF_STAT : "     1.343751803;CPU10;96;;UNC_M_CAS_COUNT.WR[UNIT5];16024540;100.00;;"
8063 [139721527260864] INFO perfrun.perfcollector <> - PERF_STAT : "     1.359799057;CPU0;2025;;UNC_M_CAS_COUNT.RD[UNIT0];15997641;100.00;;"
8063 [139721527260864] INFO perfrun.perfcollector <> - PERF_STAT : "     1.359799057;CPU10;136;;UNC_M_CAS_COUNT.RD[UNIT0];15999668;100.00;;"
8063 [139721527260864] INFO perfrun.perfcollector <> - PERF_STAT : "     1.359799057;CPU0;2860;;UNC_M_CAS_COUNT.RD[UNIT1];15997727;100.00;;"
8063 [139721527260864] INFO perfrun.perfcollector <> - PERF_STAT : "     1.359799057;CPU10;188;;UNC_M_CAS_COUNT.RD[UNIT1];16000038;100.00;;"
8063 [139721527260864] INFO perfrun.perfcollector <> - PERF_STAT : "     1.359799057;CPU0;2041;;UNC_M_CAS_COUNT.RD[UNIT4];15997661;100.00;;"
8063 [139721527260864] INFO perfrun.perfcollector <> - PERF_STAT : "     1.359799057;CPU10;183;;UNC_M_CAS_COUNT.RD[UNIT4];15999545;100.00;;"
8064 [139721527260864] INFO perfrun.perfcollector <> - PERF_STAT : "     1.359799057;CPU0;2861;;UNC_M_CAS_COUNT.RD[UNIT5];15997755;100.00;;"
8064 [139721527260864] INFO perfrun.perfcollector <> - PERF_STAT : "     1.359799057;CPU10;252;;UNC_M_CAS_COUNT.RD[UNIT5];16011379;100.00;;"
8064 [139721527260864] INFO perfrun.perfcollector <> - PERF_STAT : "     1.359799057;CPU0;1045;;UNC_M_CAS_COUNT.WR[UNIT0];15997611;100.00;;"
8064 [139721527260864] INFO perfrun.perfcollector <> - PERF_STAT : "     1.359799057;CPU10;41;;UNC_M_CAS_COUNT.WR[UNIT0];16009468;100.00;;"
8064 [139721527260864] INFO perfrun.perfcollector <> - PERF_STAT : "     1.359799057;CPU0;1967;;UNC_M_CAS_COUNT.WR[UNIT1];15997473;100.00;;"
8064 [139721527260864] INFO perfrun.perfcollector <> - PERF_STAT : "     1.359799057;CPU10;113;;UNC_M_CAS_COUNT.WR[UNIT1];16007601;100.00;;"
8064 [139721527260864] INFO perfrun.perfcollector <> - PERF_STAT : "     1.359799057;CPU0;1125;;UNC_M_CAS_COUNT.WR[UNIT4];15997413;100.00;;"
8064 [139721527260864] INFO perfrun.perfcollector <> - PERF_STAT : "     1.359799057;CPU10;48;;UNC_M_CAS_COUNT.WR[UNIT4];16005774;100.00;;"
8064 [139721527260864] INFO perfrun.perfcollector <> - PERF_STAT : "     1.359799057;CPU0;1983;;UNC_M_CAS_COUNT.WR[UNIT5];15997388;100.00;;"
8064 [139721527260864] INFO perfrun.perfcollector <> - PERF_STAT : "     1.359799057;CPU10;129;;UNC_M_CAS_COUNT.WR[UNIT5];16003976;100.00;;"
8087 [139721527260864] INFO perfrun.perfcollector <> - PERF_STAT : "     1.375784369;CPU0;3840;;UNC_M_CAS_COUNT.RD[UNIT0];24019755;100.00;;"
8088 [139721527260864] INFO perfrun.perfcollector <> - PERF_STAT : "     1.375784369;CPU10;222;;UNC_M_CAS_COUNT.RD[UNIT0];24020795;100.00;;"
8088 [139721527260864] INFO perfrun.perfcollector <> - PERF_STAT : "     1.375784369;CPU0;4869;;UNC_M_CAS_COUNT.RD[UNIT1];24019941;100.00;;"
8088 [139721527260864] INFO perfrun.perfcollector <> - PERF_STAT : "     1.375784369;CPU10;289;;UNC_M_CAS_COUNT.RD[UNIT1];24020671;100.00;;"
8088 [139721527260864] INFO perfrun.perfcollector <> - PERF_STAT : "     1.375784369;CPU0;3819;;UNC_M_CAS_COUNT.RD[UNIT4];24020037;100.00;;"
8088 [139721527260864] INFO perfrun.perfcollector <> - PERF_STAT : "     1.375784369;CPU10;315;;UNC_M_CAS_COUNT.RD[UNIT4];24020614;100.00;;"
8088 [139721527260864] INFO perfrun.perfcollector <> - PERF_STAT : "     1.375784369;CPU0;4838;;UNC_M_CAS_COUNT.RD[UNIT5];24020492;100.00;;"
8088 [139721527260864] INFO perfrun.perfcollector <> - PERF_STAT : "     1.375784369;CPU10;372;;UNC_M_CAS_COUNT.RD[UNIT5];24008776;100.00;;"
8088 [139721527260864] INFO perfrun.perfcollector <> - PERF_STAT : "     1.375784369;CPU0;1957;;UNC_M_CAS_COUNT.WR[UNIT0];24020590;100.00;;"
8088 [139721527260864] INFO perfrun.perfcollector <> - PERF_STAT : "     1.375784369;CPU10;44;;UNC_M_CAS_COUNT.WR[UNIT0];24010807;100.00;;"
8088 [139721527260864] INFO perfrun.perfcollector <> - PERF_STAT : "     1.375784369;CPU0;3212;;UNC_M_CAS_COUNT.WR[UNIT1];24020772;100.00;;"
8088 [139721527260864] INFO perfrun.perfcollector <> - PERF_STAT : "     1.375784369;CPU10;127;;UNC_M_CAS_COUNT.WR[UNIT1];24012671;100.00;;"
8088 [139721527260864] INFO perfrun.perfcollector <> - PERF_STAT : "     1.375784369;CPU0;1855;;UNC_M_CAS_COUNT.WR[UNIT4];24020992;100.00;;"
8088 [139721527260864] INFO perfrun.perfcollector <> - PERF_STAT : "     1.375784369;CPU10;98;;UNC_M_CAS_COUNT.WR[UNIT4];24014485;100.00;;"
8088 [139721527260864] INFO perfrun.perfcollector <> - PERF_STAT : "     1.375784369;CPU0;3133;;UNC_M_CAS_COUNT.WR[UNIT5];24021068;100.00;;"
8088 [139721527260864] INFO perfrun.perfcollector <> - PERF_STAT : "     1.375784369;CPU10;154;;UNC_M_CAS_COUNT.WR[UNIT5];24016270;100.00;;"
8103 [139721527260864] INFO perfrun.perfcollector <> - PERF_STAT : "     1.399852123;CPU0;2014;;UNC_M_CAS_COUNT.RD[UNIT0];15982195;100.00;;"
8104 [139721527260864] INFO perfrun.perfcollector <> - PERF_STAT : "     1.399852123;CPU10;161;;UNC_M_CAS_COUNT.RD[UNIT0];15980439;100.00;;"
8104 [139721527260864] INFO perfrun.perfcollector <> - PERF_STAT : "     1.399852123;CPU0;2893;;UNC_M_CAS_COUNT.RD[UNIT1];15982025;100.00;;"
8104 [139721527260864] INFO perfrun.perfcollector <> - PERF_STAT : "     1.399852123;CPU10;204;;UNC_M_CAS_COUNT.RD[UNIT1];15980289;100.00;;"
8104 [139721527260864] INFO perfrun.perfcollector <> - PERF_STAT : "     1.399852123;CPU0;2025;;UNC_M_CAS_COUNT.RD[UNIT4];15981876;100.00;;"
8104 [139721527260864] INFO perfrun.perfcollector <> - PERF_STAT : "     1.399852123;CPU10;216;;UNC_M_CAS_COUNT.RD[UNIT4];15980296;100.00;;"
8104 [139721527260864] INFO perfrun.perfcollector <> - PERF_STAT : "     1.399852123;CPU0;2841;;UNC_M_CAS_COUNT.RD[UNIT5];15981422;100.00;;"
8104 [139721527260864] INFO perfrun.perfcollector <> - PERF_STAT : "     1.399852123;CPU10;253;;UNC_M_CAS_COUNT.RD[UNIT5];15980276;100.00;;"
8104 [139721527260864] INFO perfrun.perfcollector <> - PERF_STAT : "     1.399852123;CPU0;1197;;UNC_M_CAS_COUNT.WR[UNIT0];15981334;100.00;;"
8104 [139721527260864] INFO perfrun.perfcollector <> - PERF_STAT : "     1.399852123;CPU10;39;;UNC_M_CAS_COUNT.WR[UNIT0];15980129;100.00;;"
8104 [139721527260864] INFO perfrun.perfcollector <> - PERF_STAT : "     1.399852123;CPU0;1973;;UNC_M_CAS_COUNT.WR[UNIT1];15981293;100.00;;"
8104 [139721527260864] INFO perfrun.perfcollector <> - PERF_STAT : "     1.399852123;CPU10;92;;UNC_M_CAS_COUNT.WR[UNIT1];15980112;100.00;;"
8104 [139721527260864] INFO perfrun.perfcollector <> - PERF_STAT : "     1.399852123;CPU0;1173;;UNC_M_CAS_COUNT.WR[UNIT4];15981033;100.00;;"
8104 [139721527260864] INFO perfrun.perfcollector <> - PERF_STAT : "     1.399852123;CPU10;53;;UNC_M_CAS_COUNT.WR[UNIT4];15980116;100.00;;"
8104 [139721527260864] INFO perfrun.perfcollector <> - PERF_STAT : "     1.399852123;CPU0;2006;;UNC_M_CAS_COUNT.WR[UNIT5];15980950;100.00;;"
8104 [139721527260864] INFO perfrun.perfcollector <> - PERF_STAT : "     1.399852123;CPU10;106;;UNC_M_CAS_COUNT.WR[UNIT5];15980145;100.00;;"
8119 [139721527260864] INFO perfrun.perfcollector <> - PERF_STAT : "     1.415784813;CPU0;2019;;UNC_M_CAS_COUNT.RD[UNIT0];15998341;100.00;;"
8120 [139721527260864] INFO perfrun.perfcollector <> - PERF_STAT : "     1.415784813;CPU10;516;;UNC_M_CAS_COUNT.RD[UNIT0];15999023;100.00;;"
8120 [139721527260864] INFO perfrun.perfcollector <> - PERF_STAT : "     1.415784813;CPU0;2842;;UNC_M_CAS_COUNT.RD[UNIT1];15998271;100.00;;"
8120 [139721527260864] INFO perfrun.perfcollector <> - PERF_STAT : "     1.415784813;CPU10;637;;UNC_M_CAS_COUNT.RD[UNIT1];15999197;100.00;;"
8120 [139721527260864] INFO perfrun.perfcollector <> - PERF_STAT : "     1.415784813;CPU0;1989;;UNC_M_CAS_COUNT.RD[UNIT4];15998472;100.00;;"
8120 [139721527260864] INFO perfrun.perfcollector <> - PERF_STAT : "     1.415784813;CPU10;646;;UNC_M_CAS_COUNT.RD[UNIT4];15999344;100.00;;"
8120 [139721527260864] INFO perfrun.perfcollector <> - PERF_STAT : "     1.415784813;CPU0;2860;;UNC_M_CAS_COUNT.RD[UNIT5];15998365;100.00;;"
8120 [139721527260864] INFO perfrun.perfcollector <> - PERF_STAT : "     1.415784813;CPU10;765;;UNC_M_CAS_COUNT.RD[UNIT5];15999417;100.00;;"
8120 [139721527260864] INFO perfrun.perfcollector <> - PERF_STAT : "     1.415784813;CPU0;1197;;UNC_M_CAS_COUNT.WR[UNIT0];15998373;100.00;;"
8120 [139721527260864] INFO perfrun.perfcollector <> - PERF_STAT : "     1.415784813;CPU10;176;;UNC_M_CAS_COUNT.WR[UNIT0];15999381;100.00;;"
8120 [139721527260864] INFO perfrun.perfcollector <> - PERF_STAT : "     1.415784813;CPU0;1971;;UNC_M_CAS_COUNT.WR[UNIT1];15998233;100.00;;"
8120 [139721527260864] INFO perfrun.perfcollector <> - PERF_STAT : "     1.415784813;CPU10;266;;UNC_M_CAS_COUNT.WR[UNIT1];15999471;100.00;;"
8120 [139721527260864] INFO perfrun.perfcollector <> - PERF_STAT : "     1.415784813;CPU0;1218;;UNC_M_CAS_COUNT.WR[UNIT4];15998244;100.00;;"
8120 [139721527260864] INFO perfrun.perfcollector <> - PERF_STAT : "     1.415784813;CPU10;194;;UNC_M_CAS_COUNT.WR[UNIT4];15999467;100.00;;"
8120 [139721527260864] INFO perfrun.perfcollector <> - PERF_STAT : "     1.415784813;CPU0;1946;;UNC_M_CAS_COUNT.WR[UNIT5];15998369;100.00;;"
8120 [139721527260864] INFO perfrun.perfcollector <> - PERF_STAT : "     1.415784813;CPU10;338;;UNC_M_CAS_COUNT.WR[UNIT5];15999464;100.00;;"
8135 [139721527260864] INFO perfrun.perfcollector <> - PERF_STAT : "     1.431830547;CPU0;2065;;UNC_M_CAS_COUNT.RD[UNIT0];16018778;100.00;;"
8136 [139721527260864] INFO perfrun.perfcollector <> - PERF_STAT : "     1.431830547;CPU10;156;;UNC_M_CAS_COUNT.RD[UNIT0];16018670;100.00;;"
8136 [139721527260864] INFO perfrun.perfcollector <> - PERF_STAT : "     1.431830547;CPU0;2912;;UNC_M_CAS_COUNT.RD[UNIT1];16018701;100.00;;"
8136 [139721527260864] INFO perfrun.perfcollector <> - PERF_STAT : "     1.431830547;CPU10;231;;UNC_M_CAS_COUNT.RD[UNIT1];16018637;100.00;;"
8136 [139721527260864] INFO perfrun.perfcollector <> - PERF_STAT : "     1.431830547;CPU0;2099;;UNC_M_CAS_COUNT.RD[UNIT4];16018699;100.00;;"
8136 [139721527260864] INFO perfrun.perfcollector <> - PERF_STAT : "     1.431830547;CPU10;175;;UNC_M_CAS_COUNT.RD[UNIT4];16018493;100.00;;"
8136 [139721527260864] INFO perfrun.perfcollector <> - PERF_STAT : "     1.431830547;CPU0;2907;;UNC_M_CAS_COUNT.RD[UNIT5];16018897;100.00;;"
8136 [139721527260864] INFO perfrun.perfcollector <> - PERF_STAT : "     1.431830547;CPU10;245;;UNC_M_CAS_COUNT.RD[UNIT5];16018547;100.00;;"
8136 [139721527260864] INFO perfrun.perfcollector <> - PERF_STAT : "     1.431830547;CPU0;1185;;UNC_M_CAS_COUNT.WR[UNIT0];16019000;100.00;;"
8136 [139721527260864] INFO perfrun.perfcollector <> - PERF_STAT : "     1.431830547;CPU10;23;;UNC_M_CAS_COUNT.WR[UNIT0];16018597;100.00;;"
8136 [139721527260864] INFO perfrun.perfcollector <> - PERF_STAT : "     1.431830547;CPU0;2028;;UNC_M_CAS_COUNT.WR[UNIT1];16019225;100.00;;"
8136 [139721527260864] INFO perfrun.perfcollector <> - PERF_STAT : "     1.431830547;CPU10;107;;UNC_M_CAS_COUNT.WR[UNIT1];16018499;100.00;;"
8136 [139721527260864] INFO perfrun.perfcollector <> - PERF_STAT : "     1.431830547;CPU0;1220;;UNC_M_CAS_COUNT.WR[UNIT4];16019419;100.00;;"
8136 [139721527260864] INFO perfrun.perfcollector <> - PERF_STAT : "     1.431830547;CPU10;26;;UNC_M_CAS_COUNT.WR[UNIT4];16018516;100.00;;"
8136 [139721527260864] INFO perfrun.perfcollector <> - PERF_STAT : "     1.431830547;CPU0;2027;;UNC_M_CAS_COUNT.WR[UNIT5];16019385;100.00;;"
8136 [139721527260864] INFO perfrun.perfcollector <> - PERF_STAT : "     1.431830547;CPU10;118;;UNC_M_CAS_COUNT.WR[UNIT5];16018507;100.00;;"
8151 [139721527260864] INFO perfrun.perfcollector <> - PERF_STAT : "     1.447862251;CPU0;2087;;UNC_M_CAS_COUNT.RD[UNIT0];16003422;100.00;;"
8151 [139721527260864] INFO perfrun.perfcollector <> - PERF_STAT : "     1.447862251;CPU10;409;;UNC_M_CAS_COUNT.RD[UNIT0];15983288;100.00;;"
8151 [139721527260864] INFO perfrun.perfcollector <> - PERF_STAT : "     1.447862251;CPU0;2901;;UNC_M_CAS_COUNT.RD[UNIT1];16003490;100.00;;"
8151 [139721527260864] INFO perfrun.perfcollector <> - PERF_STAT : "     1.447862251;CPU10;447;;UNC_M_CAS_COUNT.RD[UNIT1];15980321;100.00;;"
8151 [139721527260864] INFO perfrun.perfcollector <> - PERF_STAT : "     1.447862251;CPU0;2103;;UNC_M_CAS_COUNT.RD[UNIT4];16003301;100.00;;"
8151 [139721527260864] INFO perfrun.perfcollector <> - PERF_STAT : "     1.447862251;CPU10;527;;UNC_M_CAS_COUNT.RD[UNIT4];15978498;100.00;;"
8151 [139721527260864] INFO perfrun.perfcollector <> - PERF_STAT : "     1.447862251;CPU0;3004;;UNC_M_CAS_COUNT.RD[UNIT5];16003109;100.00;;"
8152 [139721527260864] INFO perfrun.perfcollector <> - PERF_STAT : "     1.447862251;CPU10;587;;UNC_M_CAS_COUNT.RD[UNIT5];15976734;100.00;;"
8152 [139721527260864] INFO perfrun.perfcollector <> - PERF_STAT : "     1.447862251;CPU0;1373;;UNC_M_CAS_COUNT.WR[UNIT0];16002995;100.00;;"
8152 [139721527260864] INFO perfrun.perfcollector <> - PERF_STAT : "     1.447862251;CPU10;61;;UNC_M_CAS_COUNT.WR[UNIT0];15975147;100.00;;"
8152 [139721527260864] INFO perfrun.perfcollector <> - PERF_STAT : "     1.447862251;CPU0;2227;;UNC_M_CAS_COUNT.WR[UNIT1];16002803;100.00;;"
8152 [139721527260864] INFO perfrun.perfcollector <> - PERF_STAT : "     1.447862251;CPU10;124;;UNC_M_CAS_COUNT.WR[UNIT1];15973460;100.00;;"
8152 [139721527260864] INFO perfrun.perfcollector <> - PERF_STAT : "     1.447862251;CPU0;1310;;UNC_M_CAS_COUNT.WR[UNIT4];16002602;100.00;;"
8152 [139721527260864] INFO perfrun.perfcollector <> - PERF_STAT : "     1.447862251;CPU10;81;;UNC_M_CAS_COUNT.WR[UNIT4];15971679;100.00;;"
8152 [139721527260864] INFO perfrun.perfcollector <> - PERF_STAT : "     1.447862251;CPU0;2134;;UNC_M_CAS_COUNT.WR[UNIT5];16002499;100.00;;"
8152 [139721527260864] INFO perfrun.perfcollector <> - PERF_STAT : "     1.447862251;CPU10;145;;UNC_M_CAS_COUNT.WR[UNIT5];15969891;100.00;;"
8167 [139721527260864] INFO perfrun.perfcollector <> - PERF_STAT : "     1.463767093;CPU0;1993;;UNC_M_CAS_COUNT.RD[UNIT0];15978020;100.00;;"
8167 [139721527260864] INFO perfrun.perfcollector <> - PERF_STAT : "     1.463767093;CPU10;129;;UNC_M_CAS_COUNT.RD[UNIT0];15998087;100.00;;"
8167 [139721527260864] INFO perfrun.perfcollector <> - PERF_STAT : "     1.463767093;CPU0;2800;;UNC_M_CAS_COUNT.RD[UNIT1];15977884;100.00;;"
8167 [139721527260864] INFO perfrun.perfcollector <> - PERF_STAT : "     1.463767093;CPU10;161;;UNC_M_CAS_COUNT.RD[UNIT1];16000967;100.00;;"
8167 [139721527260864] INFO perfrun.perfcollector <> - PERF_STAT : "     1.463767093;CPU0;1971;;UNC_M_CAS_COUNT.RD[UNIT4];15977914;100.00;;"
8167 [139721527260864] INFO perfrun.perfcollector <> - PERF_STAT : "     1.463767093;CPU10;153;;UNC_M_CAS_COUNT.RD[UNIT4];16002814;100.00;;"
8168 [139721527260864] INFO perfrun.perfcollector <> - PERF_STAT : "     1.463767093;CPU0;2813;;UNC_M_CAS_COUNT.RD[UNIT5];15978021;100.00;;"
8168 [139721527260864] INFO perfrun.perfcollector <> - PERF_STAT : "     1.463767093;CPU10;210;;UNC_M_CAS_COUNT.RD[UNIT5];16004461;100.00;;"
8168 [139721527260864] INFO perfrun.perfcollector <> - PERF_STAT : "     1.463767093;CPU0;1159;;UNC_M_CAS_COUNT.WR[UNIT0];15978019;100.00;;"
8168 [139721527260864] INFO perfrun.perfcollector <> - PERF_STAT : "     1.463767093;CPU10;28;;UNC_M_CAS_COUNT.WR[UNIT0];16006068;100.00;;"
8168 [139721527260864] INFO perfrun.perfcollector <> - PERF_STAT : "     1.463767093;CPU0;1999;;UNC_M_CAS_COUNT.WR[UNIT1];15978045;100.00;;"
8168 [139721527260864] INFO perfrun.perfcollector <> - PERF_STAT : "     1.463767093;CPU10;86;;UNC_M_CAS_COUNT.WR[UNIT1];16019957;100.00;;"
8168 [139721527260864] INFO perfrun.perfcollector <> - PERF_STAT : "     1.463767093;CPU0;1151;;UNC_M_CAS_COUNT.WR[UNIT4];15978058;100.00;;"
8168 [139721527260864] INFO perfrun.perfcollector <> - PERF_STAT : "     1.463767093;CPU10;36;;UNC_M_CAS_COUNT.WR[UNIT4];16019897;100.00;;"
8168 [139721527260864] INFO perfrun.perfcollector <> - PERF_STAT : "     1.463767093;CPU0;2034;;UNC_M_CAS_COUNT.WR[UNIT5];15978068;100.00;;"
8168 [139721527260864] INFO perfrun.perfcollector <> - PERF_STAT : "     1.463767093;CPU10;100;;UNC_M_CAS_COUNT.WR[UNIT5];16019882;100.00;;"
8187 [139721527260864] INFO perfrun.perfcollector <> - PERF_STAT : "     1.479792723;CPU0;2474;;UNC_M_CAS_COUNT.RD[UNIT0];20005203;100.00;;"
8187 [139721527260864] INFO perfrun.perfcollector <> - PERF_STAT : "     1.479792723;CPU10;220;;UNC_M_CAS_COUNT.RD[UNIT0];20002671;100.00;;"
8187 [139721527260864] INFO perfrun.perfcollector <> - PERF_STAT : "     1.479792723;CPU0;3518;;UNC_M_CAS_COUNT.RD[UNIT1];20005370;100.00;;"
8187 [139721527260864] INFO perfrun.perfcollector <> - PERF_STAT : "     1.479792723;CPU10;273;;UNC_M_CAS_COUNT.RD[UNIT1];20014651;100.00;;"
8188 [139721527260864] INFO perfrun.perfcollector <> - PERF_STAT : "     1.479792723;CPU0;2536;;UNC_M_CAS_COUNT.RD[UNIT4];20005405;100.00;;"
8188 [139721527260864] INFO perfrun.perfcollector <> - PERF_STAT : "     1.479792723;CPU10;320;;UNC_M_CAS_COUNT.RD[UNIT4];20012875;100.00;;"
8188 [139721527260864] INFO perfrun.perfcollector <> - PERF_STAT : "     1.479792723;CPU0;3590;;UNC_M_CAS_COUNT.RD[UNIT5];20005405;100.00;;"
8188 [139721527260864] INFO perfrun.perfcollector <> - PERF_STAT : "     1.479792723;CPU10;391;;UNC_M_CAS_COUNT.RD[UNIT5];20011099;100.00;;"
8188 [139721527260864] INFO perfrun.perfcollector <> - PERF_STAT : "     1.479792723;CPU0;1538;;UNC_M_CAS_COUNT.WR[UNIT0];20005404;100.00;;"
8188 [139721527260864] INFO perfrun.perfcollector <> - PERF_STAT : "     1.479792723;CPU10;63;;UNC_M_CAS_COUNT.WR[UNIT0];20009313;100.00;;"
8188 [139721527260864] INFO perfrun.perfcollector <> - PERF_STAT : "     1.479792723;CPU0;2583;;UNC_M_CAS_COUNT.WR[UNIT1];20005578;100.00;;"
8188 [139721527260864] INFO perfrun.perfcollector <> - PERF_STAT : "     1.479792723;CPU10;132;;UNC_M_CAS_COUNT.WR[UNIT1];19995282;100.00;;"
8188 [139721527260864] INFO perfrun.perfcollector <> - PERF_STAT : "     1.479792723;CPU0;1596;;UNC_M_CAS_COUNT.WR[UNIT4];20005720;100.00;;"
8188 [139721527260864] INFO perfrun.perfcollector <> - PERF_STAT : "     1.479792723;CPU10;98;;UNC_M_CAS_COUNT.WR[UNIT4];19995302;100.00;;"
8188 [139721527260864] INFO perfrun.perfcollector <> - PERF_STAT : "     1.479792723;CPU0;2654;;UNC_M_CAS_COUNT.WR[UNIT5];20005737;100.00;;"
8188 [139721527260864] INFO perfrun.perfcollector <> - PERF_STAT : "     1.479792723;CPU10;179;;UNC_M_CAS_COUNT.WR[UNIT5];19995420;100.00;;"
8203 [139721527260864] INFO perfrun.perfcollector <> - PERF_STAT : "     1.499760730;CPU0;2721;;UNC_M_CAS_COUNT.RD[UNIT0];15998460;100.00;;"
8203 [139721527260864] INFO perfrun.perfcollector <> - PERF_STAT : "     1.499760730;CPU10;122;;UNC_M_CAS_COUNT.RD[UNIT0];16007568;100.00;;"
8203 [139721527260864] INFO perfrun.perfcollector <> - PERF_STAT : "     1.499760730;CPU0;3404;;UNC_M_CAS_COUNT.RD[UNIT1];15998733;100.00;;"
8203 [139721527260864] INFO perfrun.perfcollector <> - PERF_STAT : "     1.499760730;CPU10;188;;UNC_M_CAS_COUNT.RD[UNIT1];15992760;100.00;;"
8203 [139721527260864] INFO perfrun.perfcollector <> - PERF_STAT : "     1.499760730;CPU0;2690;;UNC_M_CAS_COUNT.RD[UNIT4];15998664;100.00;;"
8203 [139721527260864] INFO perfrun.perfcollector <> - PERF_STAT : "     1.499760730;CPU10;162;;UNC_M_CAS_COUNT.RD[UNIT4];15992793;100.00;;"
8204 [139721527260864] INFO perfrun.perfcollector <> - PERF_STAT : "     1.499760730;CPU0;3349;;UNC_M_CAS_COUNT.RD[UNIT5];15998650;100.00;;"
8204 [139721527260864] INFO perfrun.perfcollector <> - PERF_STAT : "     1.499760730;CPU10;243;;UNC_M_CAS_COUNT.RD[UNIT5];15992684;100.00;;"
8204 [139721527260864] INFO perfrun.perfcollector <> - PERF_STAT : "     1.499760730;CPU0;1160;;UNC_M_CAS_COUNT.WR[UNIT0];15998649;100.00;;"
8204 [139721527260864] INFO perfrun.perfcollector <> - PERF_STAT : "     1.499760730;CPU10;25;;UNC_M_CAS_COUNT.WR[UNIT0];15992600;100.00;;"
8204 [139721527260864] INFO perfrun.perfcollector <> - PERF_STAT : "     1.499760730;CPU0;2014;;UNC_M_CAS_COUNT.WR[UNIT1];15998418;100.00;;"
8204 [139721527260864] INFO perfrun.perfcollector <> - PERF_STAT : "     1.499760730;CPU10;116;;UNC_M_CAS_COUNT.WR[UNIT1];15992718;100.00;;"
8204 [139721527260864] INFO perfrun.perfcollector <> - PERF_STAT : "     1.499760730;CPU0;1132;;UNC_M_CAS_COUNT.WR[UNIT4];15998258;100.00;;"
8204 [139721527260864] INFO perfrun.perfcollector <> - PERF_STAT : "     1.499760730;CPU10;41;;UNC_M_CAS_COUNT.WR[UNIT4];15992723;100.00;;"
8204 [139721527260864] INFO perfrun.perfcollector <> - PERF_STAT : "     1.499760730;CPU0;2052;;UNC_M_CAS_COUNT.WR[UNIT5];15998219;100.00;;"
8204 [139721527260864] INFO perfrun.perfcollector <> - PERF_STAT : "     1.499760730;CPU10;126;;UNC_M_CAS_COUNT.WR[UNIT5];15992626;100.00;;"
8219 [139721527260864] INFO perfrun.perfcollector <> - PERF_STAT : "     1.515777980;CPU0;1937;;UNC_M_CAS_COUNT.RD[UNIT0];15996705;100.00;;"
8220 [139721527260864] INFO perfrun.perfcollector <> - PERF_STAT : "     1.515777980;CPU10;168;;UNC_M_CAS_COUNT.RD[UNIT0];15989405;100.00;;"
8220 [139721527260864] INFO perfrun.perfcollector <> - PERF_STAT : "     1.515777980;CPU0;2737;;UNC_M_CAS_COUNT.RD[UNIT1];15996292;100.00;;"
8220 [139721527260864] INFO perfrun.perfcollector <> - PERF_STAT : "     1.515777980;CPU10;213;;UNC_M_CAS_COUNT.RD[UNIT1];15992196;100.00;;"
8220 [139721527260864] INFO perfrun.perfcollector <> - PERF_STAT : "     1.515777980;CPU0;1949;;UNC_M_CAS_COUNT.RD[UNIT4];15996341;100.00;;"
8220 [139721527260864] INFO perfrun.perfcollector <> - PERF_STAT : "     1.515777980;CPU10;256;;UNC_M_CAS_COUNT.RD[UNIT4];15993893;100.00;;"
8220 [139721527260864] INFO perfrun.perfcollector <> - PERF_STAT : "     1.515777980;CPU0;2791;;UNC_M_CAS_COUNT.RD[UNIT5];15996358;100.00;;"
8220 [139721527260864] INFO perfrun.perfcollector <> - PERF_STAT : "     1.515777980;CPU10;330;;UNC_M_CAS_COUNT.RD[UNIT5];15995821;100.00;;"
8220 [139721527260864] INFO perfrun.perfcollector <> - PERF_STAT : "     1.515777980;CPU0;1095;;UNC_M_CAS_COUNT.WR[UNIT0];15996386;100.00;;"
8220 [139721527260864] INFO perfrun.perfcollector <> - PERF_STAT : "     1.515777980;CPU10;50;;UNC_M_CAS_COUNT.WR[UNIT0];15997623;100.00;;"
8220 [139721527260864] INFO perfrun.perfcollector <> - PERF_STAT : "     1.515777980;CPU0;2055;;UNC_M_CAS_COUNT.WR[UNIT1];15996496;100.00;;"
8220 [139721527260864] INFO perfrun.perfcollector <> - PERF_STAT : "     1.515777980;CPU10;109;;UNC_M_CAS_COUNT.WR[UNIT1];15999355;100.00;;"
8220 [139721527260864] INFO perfrun.perfcollector <> - PERF_STAT : "     1.515777980;CPU0;1213;;UNC_M_CAS_COUNT.WR[UNIT4];15996505;100.00;;"
8220 [139721527260864] INFO perfrun.perfcollector <> - PERF_STAT : "     1.515777980;CPU10;80;;UNC_M_CAS_COUNT.WR[UNIT4];16001322;100.00;;"
8220 [139721527260864] INFO perfrun.perfcollector <> - PERF_STAT : "     1.515777980;CPU0;2054;;UNC_M_CAS_COUNT.WR[UNIT5];15996658;100.00;;"
8220 [139721527260864] INFO perfrun.perfcollector <> - PERF_STAT : "     1.515777980;CPU10;141;;UNC_M_CAS_COUNT.WR[UNIT5];16003080;100.00;;"
8235 [139721527260864] INFO perfrun.perfcollector <> - PERF_STAT : "     1.531832440;CPU0;2027;;UNC_M_CAS_COUNT.RD[UNIT0];16005525;100.00;;"
8236 [139721527260864] INFO perfrun.perfcollector <> - PERF_STAT : "     1.531832440;CPU10;175;;UNC_M_CAS_COUNT.RD[UNIT0];16005512;100.00;;"
8236 [139721527260864] INFO perfrun.perfcollector <> - PERF_STAT : "     1.531832440;CPU0;2848;;UNC_M_CAS_COUNT.RD[UNIT1];16005414;100.00;;"
8236 [139721527260864] INFO perfrun.perfcollector <> - PERF_STAT : "     1.531832440;CPU10;222;;UNC_M_CAS_COUNT.RD[UNIT1];16005514;100.00;;"
8236 [139721527260864] INFO perfrun.perfcollector <> - PERF_STAT : "     1.531832440;CPU0;2044;;UNC_M_CAS_COUNT.RD[UNIT4];16005683;100.00;;"
8236 [139721527260864] INFO perfrun.perfcollector <> - PERF_STAT : "     1.531832440;CPU10;204;;UNC_M_CAS_COUNT.RD[UNIT4];16005557;100.00;;"
8236 [139721527260864] INFO perfrun.perfcollector <> - PERF_STAT : "     1.531832440;CPU0;2879;;UNC_M_CAS_COUNT.RD[UNIT5];16005581;100.00;;"
8236 [139721527260864] INFO perfrun.perfcollector <> - PERF_STAT : "     1.531832440;CPU10;276;;UNC_M_CAS_COUNT.RD[UNIT5];16005688;100.00;;"
8236 [139721527260864] INFO perfrun.perfcollector <> - PERF_STAT : "     1.531832440;CPU0;1250;;UNC_M_CAS_COUNT.WR[UNIT0];16005563;100.00;;"
8236 [139721527260864] INFO perfrun.perfcollector <> - PERF_STAT : "     1.531832440;CPU10;42;;UNC_M_CAS_COUNT.WR[UNIT0];16005839;100.00;;"
8236 [139721527260864] INFO perfrun.perfcollector <> - PERF_STAT : "     1.531832440;CPU0;2065;;UNC_M_CAS_COUNT.WR[UNIT1];16005573;100.00;;"
8236 [139721527260864] INFO perfrun.perfcollector <> - PERF_STAT : "     1.531832440;CPU10;124;;UNC_M_CAS_COUNT.WR[UNIT1];16005839;100.00;;"
8236 [139721527260864] INFO perfrun.perfcollector <> - PERF_STAT : "     1.531832440;CPU0;1209;;UNC_M_CAS_COUNT.WR[UNIT4];16005583;100.00;;"
8236 [139721527260864] INFO perfrun.perfcollector <> - PERF_STAT : "     1.531832440;CPU10;52;;UNC_M_CAS_COUNT.WR[UNIT4];16005708;100.00;;"
8236 [139721527260864] INFO perfrun.perfcollector <> - PERF_STAT : "     1.531832440;CPU0;2033;;UNC_M_CAS_COUNT.WR[UNIT5];16005439;100.00;;"
8236 [139721527260864] INFO perfrun.perfcollector <> - PERF_STAT : "     1.531832440;CPU10;134;;UNC_M_CAS_COUNT.WR[UNIT5];16005708;100.00;;"
8259 [139721527260864] INFO perfrun.perfcollector <> - PERF_STAT : "     1.547837217;CPU0;2986;;UNC_M_CAS_COUNT.RD[UNIT0];23996800;100.00;;"
8260 [139721527260864] INFO perfrun.perfcollector <> - PERF_STAT : "     1.547837217;CPU10;163;;UNC_M_CAS_COUNT.RD[UNIT0];23998108;100.00;;"
8260 [139721527260864] INFO perfrun.perfcollector <> - PERF_STAT : "     1.547837217;CPU0;4220;;UNC_M_CAS_COUNT.RD[UNIT1];23996950;100.00;;"
8260 [139721527260864] INFO perfrun.perfcollector <> - PERF_STAT : "     1.547837217;CPU10;221;;UNC_M_CAS_COUNT.RD[UNIT1];23998070;100.00;;"
8260 [139721527260864] INFO perfrun.perfcollector <> - PERF_STAT : "     1.547837217;CPU0;3006;;UNC_M_CAS_COUNT.RD[UNIT4];23996563;100.00;;"
8260 [139721527260864] INFO perfrun.perfcollector <> - PERF_STAT : "     1.547837217;CPU10;171;;UNC_M_CAS_COUNT.RD[UNIT4];23998119;100.00;;"
8260 [139721527260864] INFO perfrun.perfcollector <> - PERF_STAT : "     1.547837217;CPU0;4243;;UNC_M_CAS_COUNT.RD[UNIT5];23996661;100.00;;"
8260 [139721527260864] INFO perfrun.perfcollector <> - PERF_STAT : "     1.547837217;CPU10;239;;UNC_M_CAS_COUNT.RD[UNIT5];23997985;100.00;;"
8260 [139721527260864] INFO perfrun.perfcollector <> - PERF_STAT : "     1.547837217;CPU0;1751;;UNC_M_CAS_COUNT.WR[UNIT0];23996776;100.00;;"
8260 [139721527260864] INFO perfrun.perfcollector <> - PERF_STAT : "     1.547837217;CPU10;80;;UNC_M_CAS_COUNT.WR[UNIT0];23997874;100.00;;"
8260 [139721527260864] INFO perfrun.perfcollector <> - PERF_STAT : "     1.547837217;CPU0;2969;;UNC_M_CAS_COUNT.WR[UNIT1];23996668;100.00;;"
8260 [139721527260864] INFO perfrun.perfcollector <> - PERF_STAT : "     1.547837217;CPU10;150;;UNC_M_CAS_COUNT.WR[UNIT1];23997868;100.00;;"
8260 [139721527260864] INFO perfrun.perfcollector <> - PERF_STAT : "     1.547837217;CPU0;1752;;UNC_M_CAS_COUNT.WR[UNIT4];23996656;100.00;;"
8260 [139721527260864] INFO perfrun.perfcollector <> - PERF_STAT : "     1.547837217;CPU10;62;;UNC_M_CAS_COUNT.WR[UNIT4];23997995;100.00;;"
8260 [139721527260864] INFO perfrun.perfcollector <> - PERF_STAT : "     1.547837217;CPU0;2997;;UNC_M_CAS_COUNT.WR[UNIT5];23996656;100.00;;"
8260 [139721527260864] INFO perfrun.perfcollector <> - PERF_STAT : "     1.547837217;CPU10;138;;UNC_M_CAS_COUNT.WR[UNIT5];23998195;100.00;;"
8275 [139721527260864] INFO perfrun.perfcollector <> - PERF_STAT : "     1.571836896;CPU0;1913;;UNC_M_CAS_COUNT.RD[UNIT0];15998355;100.00;;"
8276 [139721527260864] INFO perfrun.perfcollector <> - PERF_STAT : "     1.571836896;CPU10;126;;UNC_M_CAS_COUNT.RD[UNIT0];15997142;100.00;;"
8276 [139721527260864] INFO perfrun.perfcollector <> - PERF_STAT : "     1.571836896;CPU0;2732;;UNC_M_CAS_COUNT.RD[UNIT1];15998233;100.00;;"
8276 [139721527260864] INFO perfrun.perfcollector <> - PERF_STAT : "     1.571836896;CPU10;179;;UNC_M_CAS_COUNT.RD[UNIT1];15997151;100.00;;"
8276 [139721527260864] INFO perfrun.perfcollector <> - PERF_STAT : "     1.571836896;CPU0;1873;;UNC_M_CAS_COUNT.RD[UNIT4];15999013;100.00;;"
8276 [139721527260864] INFO perfrun.perfcollector <> - PERF_STAT : "     1.571836896;CPU10;159;;UNC_M_CAS_COUNT.RD[UNIT4];15997175;100.00;;"
8276 [139721527260864] INFO perfrun.perfcollector <> - PERF_STAT : "     1.571836896;CPU0;2736;;UNC_M_CAS_COUNT.RD[UNIT5];15998961;100.00;;"
8276 [139721527260864] INFO perfrun.perfcollector <> - PERF_STAT : "     1.571836896;CPU10;218;;UNC_M_CAS_COUNT.RD[UNIT5];15997259;100.00;;"
8276 [139721527260864] INFO perfrun.perfcollector <> - PERF_STAT : "     1.571836896;CPU0;1153;;UNC_M_CAS_COUNT.WR[UNIT0];15998851;100.00;;"
8276 [139721527260864] INFO perfrun.perfcollector <> - PERF_STAT : "     1.571836896;CPU10;42;;UNC_M_CAS_COUNT.WR[UNIT0];15997216;100.00;;"
8276 [139721527260864] INFO perfrun.perfcollector <> - PERF_STAT : "     1.571836896;CPU0;1981;;UNC_M_CAS_COUNT.WR[UNIT1];15998981;100.00;;"
8276 [139721527260864] INFO perfrun.perfcollector <> - PERF_STAT : "     1.571836896;CPU10;100;;UNC_M_CAS_COUNT.WR[UNIT1];15997185;100.00;;"
8276 [139721527260864] INFO perfrun.perfcollector <> - PERF_STAT : "     1.571836896;CPU0;1160;;UNC_M_CAS_COUNT.WR[UNIT4];15998994;100.00;;"
8276 [139721527260864] INFO perfrun.perfcollector <> - PERF_STAT : "     1.571836896;CPU10;39;;UNC_M_CAS_COUNT.WR[UNIT4];15997145;100.00;;"
8276 [139721527260864] INFO perfrun.perfcollector <> - PERF_STAT : "     1.571836896;CPU0;1920;;UNC_M_CAS_COUNT.WR[UNIT5];15999046;100.00;;"
8276 [139721527260864] INFO perfrun.perfcollector <> - PERF_STAT : "     1.571836896;CPU10;106;;UNC_M_CAS_COUNT.WR[UNIT5];15997072;100.00;;"
8291 [139721527260864] INFO perfrun.perfcollector <> - PERF_STAT : "     1.587831702;CPU0;2018;;UNC_M_CAS_COUNT.RD[UNIT0];16000961;100.00;;"
8291 [139721527260864] INFO perfrun.perfcollector <> - PERF_STAT : "     1.587831702;CPU10;117;;UNC_M_CAS_COUNT.RD[UNIT0];16011132;100.00;;"
8291 [139721527260864] INFO perfrun.perfcollector <> - PERF_STAT : "     1.587831702;CPU0;2844;;UNC_M_CAS_COUNT.RD[UNIT1];16001127;100.00;;"
8291 [139721527260864] INFO perfrun.perfcollector <> - PERF_STAT : "     1.587831702;CPU10;165;;UNC_M_CAS_COUNT.RD[UNIT1];16008384;100.00;;"
8291 [139721527260864] INFO perfrun.perfcollector <> - PERF_STAT : "     1.587831702;CPU0;1995;;UNC_M_CAS_COUNT.RD[UNIT4];16000408;100.00;;"
8291 [139721527260864] INFO perfrun.perfcollector <> - PERF_STAT : "     1.587831702;CPU10;157;;UNC_M_CAS_COUNT.RD[UNIT4];16006474;100.00;;"
8292 [139721527260864] INFO perfrun.perfcollector <> - PERF_STAT : "     1.587831702;CPU0;2825;;UNC_M_CAS_COUNT.RD[UNIT5];16000450;100.00;;"
8292 [139721527260864] INFO perfrun.perfcollector <> - PERF_STAT : "     1.587831702;CPU10;203;;UNC_M_CAS_COUNT.RD[UNIT5];16004561;100.00;;"
8292 [139721527260864] INFO perfrun.perfcollector <> - PERF_STAT : "     1.587831702;CPU0;1280;;UNC_M_CAS_COUNT.WR[UNIT0];16000441;100.00;;"
8292 [139721527260864] INFO perfrun.perfcollector <> - PERF_STAT : "     1.587831702;CPU10;39;;UNC_M_CAS_COUNT.WR[UNIT0];16002754;100.00;;"
8292 [139721527260864] INFO perfrun.perfcollector <> - PERF_STAT : "     1.587831702;CPU0;2088;;UNC_M_CAS_COUNT.WR[UNIT1];16000325;100.00;;"
8292 [139721527260864] INFO perfrun.perfcollector <> - PERF_STAT : "     1.587831702;CPU10;104;;UNC_M_CAS_COUNT.WR[UNIT1];16000945;100.00;;"
8292 [139721527260864] INFO perfrun.perfcollector <> - PERF_STAT : "     1.587831702;CPU0;1242;;UNC_M_CAS_COUNT.WR[UNIT4];16000316;100.00;;"
8292 [139721527260864] INFO perfrun.perfcollector <> - PERF_STAT : "     1.587831702;CPU10;40;;UNC_M_CAS_COUNT.WR[UNIT4];15999029;100.00;;"
8292 [139721527260864] INFO perfrun.perfcollector <> - PERF_STAT : "     1.587831702;CPU0;2055;;UNC_M_CAS_COUNT.WR[UNIT5];16000428;100.00;;"
8292 [139721527260864] INFO perfrun.perfcollector <> - PERF_STAT : "     1.587831702;CPU10;109;;UNC_M_CAS_COUNT.WR[UNIT5];15997121;100.00;;"
8307 [139721527260864] INFO perfrun.perfcollector <> - PERF_STAT : "     1.603774136;CPU0;1959;;UNC_M_CAS_COUNT.RD[UNIT0];16006211;100.00;;"
8308 [139721527260864] INFO perfrun.perfcollector <> - PERF_STAT : "     1.603774136;CPU10;651;;UNC_M_CAS_COUNT.RD[UNIT0];15997137;100.00;;"
8308 [139721527260864] INFO perfrun.perfcollector <> - PERF_STAT : "     1.603774136;CPU0;2821;;UNC_M_CAS_COUNT.RD[UNIT1];16006281;100.00;;"
8308 [139721527260864] INFO perfrun.perfcollector <> - PERF_STAT : "     1.603774136;CPU10;765;;UNC_M_CAS_COUNT.RD[UNIT1];15999986;100.00;;"
8308 [139721527260864] INFO perfrun.perfcollector <> - PERF_STAT : "     1.603774136;CPU0;1981;;UNC_M_CAS_COUNT.RD[UNIT4];16006335;100.00;;"
8308 [139721527260864] INFO perfrun.perfcollector <> - PERF_STAT : "     1.603774136;CPU10;787;;UNC_M_CAS_COUNT.RD[UNIT4];16001982;100.00;;"
8308 [139721527260864] INFO perfrun.perfcollector <> - PERF_STAT : "     1.603774136;CPU0;2829;;UNC_M_CAS_COUNT.RD[UNIT5];16006374;100.00;;"
8308 [139721527260864] INFO perfrun.perfcollector <> - PERF_STAT : "     1.603774136;CPU10;905;;UNC_M_CAS_COUNT.RD[UNIT5];16003811;100.00;;"
8308 [139721527260864] INFO perfrun.perfcollector <> - PERF_STAT : "     1.603774136;CPU0;1206;;UNC_M_CAS_COUNT.WR[UNIT0];16006511;100.00;;"
8308 [139721527260864] INFO perfrun.perfcollector <> - PERF_STAT : "     1.603774136;CPU10;129;;UNC_M_CAS_COUNT.WR[UNIT0];16005676;100.00;;"
8308 [139721527260864] INFO perfrun.perfcollector <> - PERF_STAT : "     1.603774136;CPU0;2012;;UNC_M_CAS_COUNT.WR[UNIT1];16006491;100.00;;"
8308 [139721527260864] INFO perfrun.perfcollector <> - PERF_STAT : "     1.603774136;CPU10;227;;UNC_M_CAS_COUNT.WR[UNIT1];16007494;100.00;;"
8308 [139721527260864] INFO perfrun.perfcollector <> - PERF_STAT : "     1.603774136;CPU0;1180;;UNC_M_CAS_COUNT.WR[UNIT4];16006517;100.00;;"
8308 [139721527260864] INFO perfrun.perfcollector <> - PERF_STAT : "     1.603774136;CPU10;149;;UNC_M_CAS_COUNT.WR[UNIT4];16009344;100.00;;"
8308 [139721527260864] INFO perfrun.perfcollector <> - PERF_STAT : "     1.603774136;CPU0;2107;;UNC_M_CAS_COUNT.WR[UNIT5];16006375;100.00;;"
8308 [139721527260864] INFO perfrun.perfcollector <> - PERF_STAT : "     1.603774136;CPU10;290;;UNC_M_CAS_COUNT.WR[UNIT5];16011165;100.00;;"
8323 [139721527260864] INFO perfrun.perfcollector <> - PERF_STAT : "     1.619842647;CPU0;1953;;UNC_M_CAS_COUNT.RD[UNIT0];15992940;100.00;;"
8324 [139721527260864] INFO perfrun.perfcollector <> - PERF_STAT : "     1.619842647;CPU10;150;;UNC_M_CAS_COUNT.RD[UNIT0];15991519;100.00;;"
8324 [139721527260864] INFO perfrun.perfcollector <> - PERF_STAT : "     1.619842647;CPU0;2797;;UNC_M_CAS_COUNT.RD[UNIT1];15992778;100.00;;"
8324 [139721527260864] INFO perfrun.perfcollector <> - PERF_STAT : "     1.619842647;CPU10;197;;UNC_M_CAS_COUNT.RD[UNIT1];15991421;100.00;;"
8324 [139721527260864] INFO perfrun.perfcollector <> - PERF_STAT : "     1.619842647;CPU0;1952;;UNC_M_CAS_COUNT.RD[UNIT4];15992771;100.00;;"
8324 [139721527260864] INFO perfrun.perfcollector <> - PERF_STAT : "     1.619842647;CPU10;178;;UNC_M_CAS_COUNT.RD[UNIT4];15991222;100.00;;"
8324 [139721527260864] INFO perfrun.perfcollector <> - PERF_STAT : "     1.619842647;CPU0;2766;;UNC_M_CAS_COUNT.RD[UNIT5];15992746;100.00;;"
8324 [139721527260864] INFO perfrun.perfcollector <> - PERF_STAT : "     1.619842647;CPU10;220;;UNC_M_CAS_COUNT.RD[UNIT5];15991218;100.00;;"
8324 [139721527260864] INFO perfrun.perfcollector <> - PERF_STAT : "     1.619842647;CPU0;1137;;UNC_M_CAS_COUNT.WR[UNIT0];15992702;100.00;;"
8324 [139721527260864] INFO perfrun.perfcollector <> - PERF_STAT : "     1.619842647;CPU10;55;;UNC_M_CAS_COUNT.WR[UNIT0];15991208;100.00;;"
8324 [139721527260864] INFO perfrun.perfcollector <> - PERF_STAT : "     1.619842647;CPU0;1984;;UNC_M_CAS_COUNT.WR[UNIT1];15992705;100.00;;"
8324 [139721527260864] INFO perfrun.perfcollector <> - PERF_STAT : "     1.619842647;CPU10;123;;UNC_M_CAS_COUNT.WR[UNIT1];15991729;100.00;;"
8324 [139721527260864] INFO perfrun.perfcollector <> - PERF_STAT : "     1.619842647;CPU0;1136;;UNC_M_CAS_COUNT.WR[UNIT4];15992680;100.00;;"
8324 [139721527260864] INFO perfrun.perfcollector <> - PERF_STAT : "     1.619842647;CPU10;33;;UNC_M_CAS_COUNT.WR[UNIT4];15991682;100.00;;"
8324 [139721527260864] INFO perfrun.perfcollector <> - PERF_STAT : "     1.619842647;CPU0;1972;;UNC_M_CAS_COUNT.WR[UNIT5];15992671;100.00;;"
8324 [139721527260864] INFO perfrun.perfcollector <> - PERF_STAT : "     1.619842647;CPU10;99;;UNC_M_CAS_COUNT.WR[UNIT5];15991671;100.00;;"
8339 [139721527260864] INFO perfrun.perfcollector <> - PERF_STAT : "     1.635828794;CPU0;2797;;UNC_M_CAS_COUNT.RD[UNIT0];16004197;100.00;;"
8339 [139721527260864] INFO perfrun.perfcollector <> - PERF_STAT : "     1.635828794;CPU10;185;;UNC_M_CAS_COUNT.RD[UNIT0];16002641;100.00;;"
8339 [139721527260864] INFO perfrun.perfcollector <> - PERF_STAT : "     1.635828794;CPU0;3446;;UNC_M_CAS_COUNT.RD[UNIT1];16004329;100.00;;"
8340 [139721527260864] INFO perfrun.perfcollector <> - PERF_STAT : "     1.635828794;CPU10;263;;UNC_M_CAS_COUNT.RD[UNIT1];16002614;100.00;;"
8340 [139721527260864] INFO perfrun.perfcollector <> - PERF_STAT : "     1.635828794;CPU0;2683;;UNC_M_CAS_COUNT.RD[UNIT4];16004213;100.00;;"
8340 [139721527260864] INFO perfrun.perfcollector <> - PERF_STAT : "     1.635828794;CPU10;280;;UNC_M_CAS_COUNT.RD[UNIT4];16002641;100.00;;"
8340 [139721527260864] INFO perfrun.perfcollector <> - PERF_STAT : "     1.635828794;CPU0;3358;;UNC_M_CAS_COUNT.RD[UNIT5];16004334;100.00;;"
8340 [139721527260864] INFO perfrun.perfcollector <> - PERF_STAT : "     1.635828794;CPU10;339;;UNC_M_CAS_COUNT.RD[UNIT5];16002638;100.00;;"
8340 [139721527260864] INFO perfrun.perfcollector <> - PERF_STAT : "     1.635828794;CPU0;1300;;UNC_M_CAS_COUNT.WR[UNIT0];16004240;100.00;;"
8340 [139721527260864] INFO perfrun.perfcollector <> - PERF_STAT : "     1.635828794;CPU10;50;;UNC_M_CAS_COUNT.WR[UNIT0];16002627;100.00;;"
8340 [139721527260864] INFO perfrun.perfcollector <> - PERF_STAT : "     1.635828794;CPU0;2176;;UNC_M_CAS_COUNT.WR[UNIT1];16004238;100.00;;"
8340 [139721527260864] INFO perfrun.perfcollector <> - PERF_STAT : "     1.635828794;CPU10;141;;UNC_M_CAS_COUNT.WR[UNIT1];16002145;100.00;;"
8340 [139721527260864] INFO perfrun.perfcollector <> - PERF_STAT : "     1.635828794;CPU0;1282;;UNC_M_CAS_COUNT.WR[UNIT4];16004278;100.00;;"
8340 [139721527260864] INFO perfrun.perfcollector <> - PERF_STAT : "     1.635828794;CPU10;84;;UNC_M_CAS_COUNT.WR[UNIT4];16002328;100.00;;"
8340 [139721527260864] INFO perfrun.perfcollector <> - PERF_STAT : "     1.635828794;CPU0;2139;;UNC_M_CAS_COUNT.WR[UNIT5];16004308;100.00;;"
8340 [139721527260864] INFO perfrun.perfcollector <> - PERF_STAT : "     1.635828794;CPU10;181;;UNC_M_CAS_COUNT.WR[UNIT5];16002378;100.00;;"
8359 [139721527260864] INFO perfrun.perfcollector <> - PERF_STAT : "     1.651821717;CPU0;6336;;UNC_M_CAS_COUNT.RD[UNIT0];20041362;100.00;;"
8359 [139721527260864] INFO perfrun.perfcollector <> - PERF_STAT : "     1.651821717;CPU10;5589;;UNC_M_CAS_COUNT.RD[UNIT0];20010265;100.00;;"
8359 [139721527260864] INFO perfrun.perfcollector <> - PERF_STAT : "     1.651821717;CPU0;7306;;UNC_M_CAS_COUNT.RD[UNIT1];20041969;100.00;;"
8359 [139721527260864] INFO perfrun.perfcollector <> - PERF_STAT : "     1.651821717;CPU10;5646;;UNC_M_CAS_COUNT.RD[UNIT1];20007839;100.00;;"
8359 [139721527260864] INFO perfrun.perfcollector <> - PERF_STAT : "     1.651821717;CPU0;6338;;UNC_M_CAS_COUNT.RD[UNIT4];20042415;100.00;;"
8360 [139721527260864] INFO perfrun.perfcollector <> - PERF_STAT : "     1.651821717;CPU10;5734;;UNC_M_CAS_COUNT.RD[UNIT4];20006380;100.00;;"
8360 [139721527260864] INFO perfrun.perfcollector <> - PERF_STAT : "     1.651821717;CPU0;7303;;UNC_M_CAS_COUNT.RD[UNIT5];20042828;100.00;;"
8360 [139721527260864] INFO perfrun.perfcollector <> - PERF_STAT : "     1.651821717;CPU10;5857;;UNC_M_CAS_COUNT.RD[UNIT5];20005206;100.00;;"
8360 [139721527260864] INFO perfrun.perfcollector <> - PERF_STAT : "     1.651821717;CPU0;34202;;UNC_M_CAS_COUNT.WR[UNIT0];20043045;100.00;;"
8360 [139721527260864] INFO perfrun.perfcollector <> - PERF_STAT : "     1.651821717;CPU10;1206;;UNC_M_CAS_COUNT.WR[UNIT0];20003863;100.00;;"
8360 [139721527260864] INFO perfrun.perfcollector <> - PERF_STAT : "     1.651821717;CPU0;35305;;UNC_M_CAS_COUNT.WR[UNIT1];20043607;100.00;;"
8360 [139721527260864] INFO perfrun.perfcollector <> - PERF_STAT : "     1.651821717;CPU10;1232;;UNC_M_CAS_COUNT.WR[UNIT1];20002335;100.00;;"
8360 [139721527260864] INFO perfrun.perfcollector <> - PERF_STAT : "     1.651821717;CPU0;34359;;UNC_M_CAS_COUNT.WR[UNIT4];20043752;100.00;;"
8360 [139721527260864] INFO perfrun.perfcollector <> - PERF_STAT : "     1.651821717;CPU10;1249;;UNC_M_CAS_COUNT.WR[UNIT4];20000503;100.00;;"
8360 [139721527260864] INFO perfrun.perfcollector <> - PERF_STAT : "     1.651821717;CPU0;35401;;UNC_M_CAS_COUNT.WR[UNIT5];20044081;100.00;;"
8360 [139721527260864] INFO perfrun.perfcollector <> - PERF_STAT : "     1.651821717;CPU10;1366;;UNC_M_CAS_COUNT.WR[UNIT5];19998844;100.00;;"
8375 [139721527260864] INFO perfrun.perfcollector <> - PERF_STAT : "     1.671776872;CPU0;139157;;UNC_M_CAS_COUNT.RD[UNIT0];15968170;100.00;;"
8375 [139721527260864] INFO perfrun.perfcollector <> - PERF_STAT : "     1.671776872;CPU10;4431;;UNC_M_CAS_COUNT.RD[UNIT0];15969651;100.00;;"
8375 [139721527260864] INFO perfrun.perfcollector <> - PERF_STAT : "     1.671776872;CPU0;110753;;UNC_M_CAS_COUNT.RD[UNIT1];15969505;100.00;;"
8375 [139721527260864] INFO perfrun.perfcollector <> - PERF_STAT : "     1.671776872;CPU10;5244;;UNC_M_CAS_COUNT.RD[UNIT1];15969278;100.00;;"
8375 [139721527260864] INFO perfrun.perfcollector <> - PERF_STAT : "     1.671776872;CPU0;127419;;UNC_M_CAS_COUNT.RD[UNIT4];15970151;100.00;;"
8375 [139721527260864] INFO perfrun.perfcollector <> - PERF_STAT : "     1.671776872;CPU10;4771;;UNC_M_CAS_COUNT.RD[UNIT4];15969759;100.00;;"
8376 [139721527260864] INFO perfrun.perfcollector <> - PERF_STAT : "     1.671776872;CPU0;124134;;UNC_M_CAS_COUNT.RD[UNIT5];15970356;100.00;;"
8376 [139721527260864] INFO perfrun.perfcollector <> - PERF_STAT : "     1.671776872;CPU10;5318;;UNC_M_CAS_COUNT.RD[UNIT5];15970779;100.00;;"
8376 [139721527260864] INFO perfrun.perfcollector <> - PERF_STAT : "     1.671776872;CPU0;59149;;UNC_M_CAS_COUNT.WR[UNIT0];15971245;100.00;;"
8376 [139721527260864] INFO perfrun.perfcollector <> - PERF_STAT : "     1.671776872;CPU10;22919;;UNC_M_CAS_COUNT.WR[UNIT0];15970618;100.00;;"
8376 [139721527260864] INFO perfrun.perfcollector <> - PERF_STAT : "     1.671776872;CPU0;56684;;UNC_M_CAS_COUNT.WR[UNIT1];15971700;100.00;;"
8376 [139721527260864] INFO perfrun.perfcollector <> - PERF_STAT : "     1.671776872;CPU10;23777;;UNC_M_CAS_COUNT.WR[UNIT1];15970552;100.00;;"
8376 [139721527260864] INFO perfrun.perfcollector <> - PERF_STAT : "     1.671776872;CPU0;58535;;UNC_M_CAS_COUNT.WR[UNIT4];15972684;100.00;;"
8376 [139721527260864] INFO perfrun.perfcollector <> - PERF_STAT : "     1.671776872;CPU10;23199;;UNC_M_CAS_COUNT.WR[UNIT4];15970639;100.00;;"
8376 [139721527260864] INFO perfrun.perfcollector <> - PERF_STAT : "     1.671776872;CPU0;58644;;UNC_M_CAS_COUNT.WR[UNIT5];15973180;100.00;;"
8376 [139721527260864] INFO perfrun.perfcollector <> - PERF_STAT : "     1.671776872;CPU10;23814;;UNC_M_CAS_COUNT.WR[UNIT5];15970694;100.00;;"
8399 [139721527260864] INFO perfrun.perfcollector <> - PERF_STAT : "     1.687726314;CPU0;974355;;UNC_M_CAS_COUNT.RD[UNIT0];23997234;100.00;;"
8399 [139721527260864] INFO perfrun.perfcollector <> - PERF_STAT : "     1.687726314;CPU10;3338;;UNC_M_CAS_COUNT.RD[UNIT0];23994768;100.00;;"
8399 [139721527260864] INFO perfrun.perfcollector <> - PERF_STAT : "     1.687726314;CPU0;677635;;UNC_M_CAS_COUNT.RD[UNIT1];23996825;100.00;;"
8399 [139721527260864] INFO perfrun.perfcollector <> - PERF_STAT : "     1.687726314;CPU10;4402;;UNC_M_CAS_COUNT.RD[UNIT1];23995095;100.00;;"
8400 [139721527260864] INFO perfrun.perfcollector <> - PERF_STAT : "     1.687726314;CPU0;917561;;UNC_M_CAS_COUNT.RD[UNIT4];23996122;100.00;;"
8400 [139721527260864] INFO perfrun.perfcollector <> - PERF_STAT : "     1.687726314;CPU10;3727;;UNC_M_CAS_COUNT.RD[UNIT4];23995724;100.00;;"
8400 [139721527260864] INFO perfrun.perfcollector <> - PERF_STAT : "     1.687726314;CPU0;837709;;UNC_M_CAS_COUNT.RD[UNIT5];23996133;100.00;;"
8400 [139721527260864] INFO perfrun.perfcollector <> - PERF_STAT : "     1.687726314;CPU10;4742;;UNC_M_CAS_COUNT.RD[UNIT5];23996206;100.00;;"
8400 [139721527260864] INFO perfrun.perfcollector <> - PERF_STAT : "     1.687726314;CPU0;87069;;UNC_M_CAS_COUNT.WR[UNIT0];23995457;100.00;;"
8400 [139721527260864] INFO perfrun.perfcollector <> - PERF_STAT : "     1.687726314;CPU10;52853;;UNC_M_CAS_COUNT.WR[UNIT0];23997698;100.00;;"
8400 [139721527260864] INFO perfrun.perfcollector <> - PERF_STAT : "     1.687726314;CPU0;52472;;UNC_M_CAS_COUNT.WR[UNIT1];23994840;100.00;;"
8400 [139721527260864] INFO perfrun.perfcollector <> - PERF_STAT : "     1.687726314;CPU10;54133;;UNC_M_CAS_COUNT.WR[UNIT1];23997827;100.00;;"
8400 [139721527260864] INFO perfrun.perfcollector <> - PERF_STAT : "     1.687726314;CPU0;83793;;UNC_M_CAS_COUNT.WR[UNIT4];23993845;100.00;;"
8400 [139721527260864] INFO perfrun.perfcollector <> - PERF_STAT : "     1.687726314;CPU10;52584;;UNC_M_CAS_COUNT.WR[UNIT4];23997688;100.00;;"
8400 [139721527260864] INFO perfrun.perfcollector <> - PERF_STAT : "     1.687726314;CPU0;71744;;UNC_M_CAS_COUNT.WR[UNIT5];23993111;100.00;;"
8400 [139721527260864] INFO perfrun.perfcollector <> - PERF_STAT : "     1.687726314;CPU10;53795;;UNC_M_CAS_COUNT.WR[UNIT5];23998085;100.00;;"
8415 [139721527260864] INFO perfrun.perfcollector <> - PERF_STAT : "     1.711725576;CPU0;657682;;UNC_M_CAS_COUNT.RD[UNIT0];15997036;100.00;;"
8415 [139721527260864] INFO perfrun.perfcollector <> - PERF_STAT : "     1.711725576;CPU10;795;;UNC_M_CAS_COUNT.RD[UNIT0];15987298;100.00;;"
8415 [139721527260864] INFO perfrun.perfcollector <> - PERF_STAT : "     1.711725576;CPU0;416253;;UNC_M_CAS_COUNT.RD[UNIT1];15995731;100.00;;"
8415 [139721527260864] INFO perfrun.perfcollector <> - PERF_STAT : "     1.711725576;CPU10;1537;;UNC_M_CAS_COUNT.RD[UNIT1];15987819;100.00;;"
8415 [139721527260864] INFO perfrun.perfcollector <> - PERF_STAT : "     1.711725576;CPU0;621685;;UNC_M_CAS_COUNT.RD[UNIT4];15995628;100.00;;"
8415 [139721527260864] INFO perfrun.perfcollector <> - PERF_STAT : "     1.711725576;CPU10;898;;UNC_M_CAS_COUNT.RD[UNIT4];15986592;100.00;;"
8415 [139721527260864] INFO perfrun.perfcollector <> - PERF_STAT : "     1.711725576;CPU0;551611;;UNC_M_CAS_COUNT.RD[UNIT5];15995307;100.00;;"
8415 [139721527260864] INFO perfrun.perfcollector <> - PERF_STAT : "     1.711725576;CPU10;1635;;UNC_M_CAS_COUNT.RD[UNIT5];15985212;100.00;;"
8416 [139721527260864] INFO perfrun.perfcollector <> - PERF_STAT : "     1.711725576;CPU0;42520;;UNC_M_CAS_COUNT.WR[UNIT0];15995197;100.00;;"
8416 [139721527260864] INFO perfrun.perfcollector <> - PERF_STAT : "     1.711725576;CPU10;1074;;UNC_M_CAS_COUNT.WR[UNIT0];15983547;100.00;;"
8416 [139721527260864] INFO perfrun.perfcollector <> - PERF_STAT : "     1.711725576;CPU0;13498;;UNC_M_CAS_COUNT.WR[UNIT1];15995116;100.00;;"
8416 [139721527260864] INFO perfrun.perfcollector <> - PERF_STAT : "     1.711725576;CPU10;1938;;UNC_M_CAS_COUNT.WR[UNIT1];15983335;100.00;;"
8416 [139721527260864] INFO perfrun.perfcollector <> - PERF_STAT : "     1.711725576;CPU0;39701;;UNC_M_CAS_COUNT.WR[UNIT4];15995203;100.00;;"
8416 [139721527260864] INFO perfrun.perfcollector <> - PERF_STAT : "     1.711725576;CPU10;1089;;UNC_M_CAS_COUNT.WR[UNIT4];15983398;100.00;;"
8416 [139721527260864] INFO perfrun.perfcollector <> - PERF_STAT : "     1.711725576;CPU0;30046;;UNC_M_CAS_COUNT.WR[UNIT5];15995319;100.00;;"
8416 [139721527260864] INFO perfrun.perfcollector <> - PERF_STAT : "     1.711725576;CPU10;1933;;UNC_M_CAS_COUNT.WR[UNIT5];15984639;100.00;;"
8431 [139721527260864] INFO perfrun.perfcollector <> - PERF_STAT : "     1.727705027;CPU0;648485;;UNC_M_CAS_COUNT.RD[UNIT0];16001165;100.00;;"
8431 [139721527260864] INFO perfrun.perfcollector <> - PERF_STAT : "     1.727705027;CPU10;556;;UNC_M_CAS_COUNT.RD[UNIT0];16001802;100.00;;"
8431 [139721527260864] INFO perfrun.perfcollector <> - PERF_STAT : "     1.727705027;CPU0;436221;;UNC_M_CAS_COUNT.RD[UNIT1];16001198;100.00;;"
8431 [139721527260864] INFO perfrun.perfcollector <> - PERF_STAT : "     1.727705027;CPU10;1293;;UNC_M_CAS_COUNT.RD[UNIT1];16001805;100.00;;"
8431 [139721527260864] INFO perfrun.perfcollector <> - PERF_STAT : "     1.727705027;CPU0;595194;;UNC_M_CAS_COUNT.RD[UNIT4];16001185;100.00;;"
8431 [139721527260864] INFO perfrun.perfcollector <> - PERF_STAT : "     1.727705027;CPU10;644;;UNC_M_CAS_COUNT.RD[UNIT4];16001763;100.00;;"
8431 [139721527260864] INFO perfrun.perfcollector <> - PERF_STAT : "     1.727705027;CPU0;547355;;UNC_M_CAS_COUNT.RD[UNIT5];16001148;100.00;;"
8432 [139721527260864] INFO perfrun.perfcollector <> - PERF_STAT : "     1.727705027;CPU10;1376;;UNC_M_CAS_COUNT.RD[UNIT5];16001827;100.00;;"
8432 [139721527260864] INFO perfrun.perfcollector <> - PERF_STAT : "     1.727705027;CPU0;39742;;UNC_M_CAS_COUNT.WR[UNIT0];16001120;100.00;;"
8432 [139721527260864] INFO perfrun.perfcollector <> - PERF_STAT : "     1.727705027;CPU10;417;;UNC_M_CAS_COUNT.WR[UNIT0];16001991;100.00;;"
8432 [139721527260864] INFO perfrun.perfcollector <> - PERF_STAT : "     1.727705027;CPU0;15650;;UNC_M_CAS_COUNT.WR[UNIT1];16001117;100.00;;"
8432 [139721527260864] INFO perfrun.perfcollector <> - PERF_STAT : "     1.727705027;CPU10;1224;;UNC_M_CAS_COUNT.WR[UNIT1];16002088;100.00;;"
8432 [139721527260864] INFO perfrun.perfcollector <> - PERF_STAT : "     1.727705027;CPU0;35411;;UNC_M_CAS_COUNT.WR[UNIT4];16001019;100.00;;"
8432 [139721527260864] INFO perfrun.perfcollector <> - PERF_STAT : "     1.727705027;CPU10;450;;UNC_M_CAS_COUNT.WR[UNIT4];16002477;100.00;;"
8432 [139721527260864] INFO perfrun.perfcollector <> - PERF_STAT : "     1.727705027;CPU0;29380;;UNC_M_CAS_COUNT.WR[UNIT5];16000858;100.00;;"
8432 [139721527260864] INFO perfrun.perfcollector <> - PERF_STAT : "     1.727705027;CPU10;1252;;UNC_M_CAS_COUNT.WR[UNIT5];16001360;100.00;;"
8446 [139721527260864] INFO perfrun.perfcollector <> - PERF_STAT : "     1.743713579;CPU0;626884;;UNC_M_CAS_COUNT.RD[UNIT0];14744122;100.00;;"
8446 [139721527260864] INFO perfrun.perfcollector <> - PERF_STAT : "     1.743713579;CPU10;1381;;UNC_M_CAS_COUNT.RD[UNIT0];14745339;100.00;;"
8446 [139721527260864] INFO perfrun.perfcollector <> - PERF_STAT : "     1.743713579;CPU0;414010;;UNC_M_CAS_COUNT.RD[UNIT1];14744265;100.00;;"
8446 [139721527260864] INFO perfrun.perfcollector <> - PERF_STAT : "     1.743713579;CPU10;2061;;UNC_M_CAS_COUNT.RD[UNIT1];14744764;100.00;;"
8446 [139721527260864] INFO perfrun.perfcollector <> - PERF_STAT : "     1.743713579;CPU0;577092;;UNC_M_CAS_COUNT.RD[UNIT4];14744363;100.00;;"
8446 [139721527260864] INFO perfrun.perfcollector <> - PERF_STAT : "     1.743713579;CPU10;1515;;UNC_M_CAS_COUNT.RD[UNIT4];14745054;100.00;;"
8446 [139721527260864] INFO perfrun.perfcollector <> - PERF_STAT : "     1.743713579;CPU0;525679;;UNC_M_CAS_COUNT.RD[UNIT5];14744294;100.00;;"
8446 [139721527260864] INFO perfrun.perfcollector <> - PERF_STAT : "     1.743713579;CPU10;2297;;UNC_M_CAS_COUNT.RD[UNIT5];14745750;100.00;;"
8446 [139721527260864] INFO perfrun.perfcollector <> - PERF_STAT : "     1.743713579;CPU0;39353;;UNC_M_CAS_COUNT.WR[UNIT0];14744363;100.00;;"
8446 [139721527260864] INFO perfrun.perfcollector <> - PERF_STAT : "     1.743713579;CPU10;681;;UNC_M_CAS_COUNT.WR[UNIT0];14745639;100.00;;"
8446 [139721527260864] INFO perfrun.perfcollector <> - PERF_STAT : "     1.743713579;CPU0;15014;;UNC_M_CAS_COUNT.WR[UNIT1];14744346;100.00;;"
8446 [139721527260864] INFO perfrun.perfcollector <> - PERF_STAT : "     1.743713579;CPU10;1419;;UNC_M_CAS_COUNT.WR[UNIT1];14745725;100.00;;"
8446 [139721527260864] INFO perfrun.perfcollector <> - PERF_STAT : "     1.743713579;CPU0;35252;;UNC_M_CAS_COUNT.WR[UNIT4];14744343;100.00;;"
8446 [139721527260864] INFO perfrun.perfcollector <> - PERF_STAT : "     1.743713579;CPU10;761;;UNC_M_CAS_COUNT.WR[UNIT4];14745222;100.00;;"
8446 [139721527260864] INFO perfrun.perfcollector <> - PERF_STAT : "     1.743713579;CPU0;28450;;UNC_M_CAS_COUNT.WR[UNIT5];14744348;100.00;;"
8446 [139721527260864] INFO perfrun.perfcollector <> - PERF_STAT : "     1.743713579;CPU10;1537;;UNC_M_CAS_COUNT.WR[UNIT5];14745460;100.00;;"
8459 [139721527260864] INFO perfrun.perfcollector <> - PERF_STAT : "     1.758457578;CPU0;559101;;UNC_M_CAS_COUNT.RD[UNIT0];13256724;100.00;;"
8459 [139721527260864] INFO perfrun.perfcollector <> - PERF_STAT : "     1.758457578;CPU10;797;;UNC_M_CAS_COUNT.RD[UNIT0];13259826;100.00;;"
8459 [139721527260864] INFO perfrun.perfcollector <> - PERF_STAT : "     1.758457578;CPU0;354410;;UNC_M_CAS_COUNT.RD[UNIT1];13256845;100.00;;"
8459 [139721527260864] INFO perfrun.perfcollector <> - PERF_STAT : "     1.758457578;CPU10;1360;;UNC_M_CAS_COUNT.RD[UNIT1];13259304;100.00;;"
8459 [139721527260864] INFO perfrun.perfcollector <> - PERF_STAT : "     1.758457578;CPU0;546632;;UNC_M_CAS_COUNT.RD[UNIT4];13256712;100.00;;"
8459 [139721527260864] INFO perfrun.perfcollector <> - PERF_STAT : "     1.758457578;CPU10;956;;UNC_M_CAS_COUNT.RD[UNIT4];13259494;100.00;;"
8459 [139721527260864] INFO perfrun.perfcollector <> - PERF_STAT : "     1.758457578;CPU0;475684;;UNC_M_CAS_COUNT.RD[UNIT5];13256881;100.00;;"
8460 [139721527260864] INFO perfrun.perfcollector <> - PERF_STAT : "     1.758457578;CPU10;1597;;UNC_M_CAS_COUNT.RD[UNIT5];13258956;100.00;;"
8460 [139721527260864] INFO perfrun.perfcollector <> - PERF_STAT : "     1.758457578;CPU0;39474;;UNC_M_CAS_COUNT.WR[UNIT0];13256959;100.00;;"
8460 [139721527260864] INFO perfrun.perfcollector <> - PERF_STAT : "     1.758457578;CPU10;5738;;UNC_M_CAS_COUNT.WR[UNIT0];13260554;100.00;;"
8460 [139721527260864] INFO perfrun.perfcollector <> - PERF_STAT : "     1.758457578;CPU0;15114;;UNC_M_CAS_COUNT.WR[UNIT1];13257208;100.00;;"
8460 [139721527260864] INFO perfrun.perfcollector <> - PERF_STAT : "     1.758457578;CPU10;6240;;UNC_M_CAS_COUNT.WR[UNIT1];13260608;100.00;;"
8460 [139721527260864] INFO perfrun.perfcollector <> - PERF_STAT : "     1.758457578;CPU0;37958;;UNC_M_CAS_COUNT.WR[UNIT4];13257234;100.00;;"
8460 [139721527260864] INFO perfrun.perfcollector <> - PERF_STAT : "     1.758457578;CPU10;5608;;UNC_M_CAS_COUNT.WR[UNIT4];13260652;100.00;;"
8460 [139721527260864] INFO perfrun.perfcollector <> - PERF_STAT : "     1.758457578;CPU0;28969;;UNC_M_CAS_COUNT.WR[UNIT5];13257242;100.00;;"
8460 [139721527260864] INFO perfrun.perfcollector <> - PERF_STAT : "     1.758457578;CPU10;6316;;UNC_M_CAS_COUNT.WR[UNIT5];13260728;100.00;;"
8471 [139721527260864] INFO perfrun.perfcollector <> - PERF_STAT : "     1.771710940;CPU0;536392;;UNC_M_CAS_COUNT.RD[UNIT0];12024652;100.00;;"
8471 [139721527260864] INFO perfrun.perfcollector <> - PERF_STAT : "     1.771710940;CPU10;946;;UNC_M_CAS_COUNT.RD[UNIT0];12019538;100.00;;"
8471 [139721527260864] INFO perfrun.perfcollector <> - PERF_STAT : "     1.771710940;CPU0;366835;;UNC_M_CAS_COUNT.RD[UNIT1];12024444;100.00;;"
8471 [139721527260864] INFO perfrun.perfcollector <> - PERF_STAT : "     1.771710940;CPU10;1448;;UNC_M_CAS_COUNT.RD[UNIT1];12020278;100.00;;"
8471 [139721527260864] INFO perfrun.perfcollector <> - PERF_STAT : "     1.771710940;CPU0;491982;;UNC_M_CAS_COUNT.RD[UNIT4];12024510;100.00;;"
8471 [139721527260864] INFO perfrun.perfcollector <> - PERF_STAT : "     1.771710940;CPU10;1047;;UNC_M_CAS_COUNT.RD[UNIT4];12019795;100.00;;"
8472 [139721527260864] INFO perfrun.perfcollector <> - PERF_STAT : "     1.771710940;CPU0;456193;;UNC_M_CAS_COUNT.RD[UNIT5];12024429;100.00;;"
8472 [139721527260864] INFO perfrun.perfcollector <> - PERF_STAT : "     1.771710940;CPU10;1569;;UNC_M_CAS_COUNT.RD[UNIT5];12019718;100.00;;"
8472 [139721527260864] INFO perfrun.perfcollector <> - PERF_STAT : "     1.771710940;CPU0;35990;;UNC_M_CAS_COUNT.WR[UNIT0];12024428;100.00;;"
8472 [139721527260864] INFO perfrun.perfcollector <> - PERF_STAT : "     1.771710940;CPU10;1196;;UNC_M_CAS_COUNT.WR[UNIT0];12018897;100.00;;"
8472 [139721527260864] INFO perfrun.perfcollector <> - PERF_STAT : "     1.771710940;CPU0;16695;;UNC_M_CAS_COUNT.WR[UNIT1];12024168;100.00;;"
8472 [139721527260864] INFO perfrun.perfcollector <> - PERF_STAT : "     1.771710940;CPU10;1804;;UNC_M_CAS_COUNT.WR[UNIT1];12018684;100.00;;"
8472 [139721527260864] INFO perfrun.perfcollector <> - PERF_STAT : "     1.771710940;CPU0;31739;;UNC_M_CAS_COUNT.WR[UNIT4];12024185;100.00;;"
8472 [139721527260864] INFO perfrun.perfcollector <> - PERF_STAT : "     1.771710940;CPU10;1216;;UNC_M_CAS_COUNT.WR[UNIT4];12018700;100.00;;"
8472 [139721527260864] INFO perfrun.perfcollector <> - PERF_STAT : "     1.771710940;CPU0;27360;;UNC_M_CAS_COUNT.WR[UNIT5];12024182;100.00;;"
8472 [139721527260864] INFO perfrun.perfcollector <> - PERF_STAT : "     1.771710940;CPU10;1827;;UNC_M_CAS_COUNT.WR[UNIT5];12018107;100.00;;"
8487 [139721527260864] INFO perfrun.perfcollector <> - PERF_STAT : "     1.783727538;CPU0;727079;;UNC_M_CAS_COUNT.RD[UNIT0];15974309;100.00;;"
8487 [139721527260864] INFO perfrun.perfcollector <> - PERF_STAT : "     1.783727538;CPU10;804;;UNC_M_CAS_COUNT.RD[UNIT0];15975772;100.00;;"
8487 [139721527260864] INFO perfrun.perfcollector <> - PERF_STAT : "     1.783727538;CPU0;484537;;UNC_M_CAS_COUNT.RD[UNIT1];15974488;100.00;;"
8487 [139721527260864] INFO perfrun.perfcollector <> - PERF_STAT : "     1.783727538;CPU10;1509;;UNC_M_CAS_COUNT.RD[UNIT1];15975774;100.00;;"
8487 [139721527260864] INFO perfrun.perfcollector <> - PERF_STAT : "     1.783727538;CPU0;680000;;UNC_M_CAS_COUNT.RD[UNIT4];15974502;100.00;;"
8487 [139721527260864] INFO perfrun.perfcollector <> - PERF_STAT : "     1.783727538;CPU10;1054;;UNC_M_CAS_COUNT.RD[UNIT4];15975859;100.00;;"
8487 [139721527260864] INFO perfrun.perfcollector <> - PERF_STAT : "     1.783727538;CPU0;617589;;UNC_M_CAS_COUNT.RD[UNIT5];15974697;100.00;;"
8488 [139721527260864] INFO perfrun.perfcollector <> - PERF_STAT : "     1.783727538;CPU10;1671;;UNC_M_CAS_COUNT.RD[UNIT5];15975690;100.00;;"
8488 [139721527260864] INFO perfrun.perfcollector <> - PERF_STAT : "     1.783727538;CPU0;49108;;UNC_M_CAS_COUNT.WR[UNIT0];15974697;100.00;;"
8488 [139721527260864] INFO perfrun.perfcollector <> - PERF_STAT : "     1.783727538;CPU10;435;;UNC_M_CAS_COUNT.WR[UNIT0];15974904;100.00;;"
8488 [139721527260864] INFO perfrun.perfcollector <> - PERF_STAT : "     1.783727538;CPU0;20884;;UNC_M_CAS_COUNT.WR[UNIT1];15974696;100.00;;"
8488 [139721527260864] INFO perfrun.perfcollector <> - PERF_STAT : "     1.783727538;CPU10;1246;;UNC_M_CAS_COUNT.WR[UNIT1];15975602;100.00;;"
8488 [139721527260864] INFO perfrun.perfcollector <> - PERF_STAT : "     1.783727538;CPU0;43844;;UNC_M_CAS_COUNT.WR[UNIT4];15974649;100.00;;"
8488 [139721527260864] INFO perfrun.perfcollector <> - PERF_STAT : "     1.783727538;CPU10;478;;UNC_M_CAS_COUNT.WR[UNIT4];15975622;100.00;;"
8488 [139721527260864] INFO perfrun.perfcollector <> - PERF_STAT : "     1.783727538;CPU0;36312;;UNC_M_CAS_COUNT.WR[UNIT5];15974648;100.00;;"
8488 [139721527260864] INFO perfrun.perfcollector <> - PERF_STAT : "     1.783727538;CPU10;1268;;UNC_M_CAS_COUNT.WR[UNIT5];15975338;100.00;;"
8503 [139721527260864] INFO perfrun.perfcollector <> - PERF_STAT : "     1.799708067;CPU0;699337;;UNC_M_CAS_COUNT.RD[UNIT0];16000499;100.00;;"
8503 [139721527260864] INFO perfrun.perfcollector <> - PERF_STAT : "     1.799708067;CPU10;1917;;UNC_M_CAS_COUNT.RD[UNIT0];16001091;100.00;;"
8503 [139721527260864] INFO perfrun.perfcollector <> - PERF_STAT : "     1.799708067;CPU0;450971;;UNC_M_CAS_COUNT.RD[UNIT1];16000566;100.00;;"
8503 [139721527260864] INFO perfrun.perfcollector <> - PERF_STAT : "     1.799708067;CPU10;2570;;UNC_M_CAS_COUNT.RD[UNIT1];16000827;100.00;;"
8503 [139721527260864] INFO perfrun.perfcollector <> - PERF_STAT : "     1.799708067;CPU0;672656;;UNC_M_CAS_COUNT.RD[UNIT4];16000674;100.00;;"
8503 [139721527260864] INFO perfrun.perfcollector <> - PERF_STAT : "     1.799708067;CPU10;2068;;UNC_M_CAS_COUNT.RD[UNIT4];16000941;100.00;;"
8504 [139721527260864] INFO perfrun.perfcollector <> - PERF_STAT : "     1.799708067;CPU0;595018;;UNC_M_CAS_COUNT.RD[UNIT5];16000631;100.00;;"
8504 [139721527260864] INFO perfrun.perfcollector <> - PERF_STAT : "     1.799708067;CPU10;2856;;UNC_M_CAS_COUNT.RD[UNIT5];16002261;100.00;;"
8504 [139721527260864] INFO perfrun.perfcollector <> - PERF_STAT : "     1.799708067;CPU0;47415;;UNC_M_CAS_COUNT.WR[UNIT0];16000586;100.00;;"
8504 [139721527260864] INFO perfrun.perfcollector <> - PERF_STAT : "     1.799708067;CPU10;639;;UNC_M_CAS_COUNT.WR[UNIT0];16002595;100.00;;"
8504 [139721527260864] INFO perfrun.perfcollector <> - PERF_STAT : "     1.799708067;CPU0;17543;;UNC_M_CAS_COUNT.WR[UNIT1];16000580;100.00;;"
8504 [139721527260864] INFO perfrun.perfcollector <> - PERF_STAT : "     1.799708067;CPU10;1398;;UNC_M_CAS_COUNT.WR[UNIT1];16002180;100.00;;"
8504 [139721527260864] INFO perfrun.perfcollector <> - PERF_STAT : "     1.799708067;CPU0;43489;;UNC_M_CAS_COUNT.WR[UNIT4];16000631;100.00;;"
8504 [139721527260864] INFO perfrun.perfcollector <> - PERF_STAT : "     1.799708067;CPU10;675;;UNC_M_CAS_COUNT.WR[UNIT4];16002127;100.00;;"
8504 [139721527260864] INFO perfrun.perfcollector <> - PERF_STAT : "     1.799708067;CPU0;34203;;UNC_M_CAS_COUNT.WR[UNIT5];16000758;100.00;;"
8504 [139721527260864] INFO perfrun.perfcollector <> - PERF_STAT : "     1.799708067;CPU10;1463;;UNC_M_CAS_COUNT.WR[UNIT5];16002368;100.00;;"
8519 [139721527260864] INFO perfrun.perfcollector <> - PERF_STAT : "     1.815716686;CPU0;706645;;UNC_M_CAS_COUNT.RD[UNIT0];16000540;100.00;;"
8519 [139721527260864] INFO perfrun.perfcollector <> - PERF_STAT : "     1.815716686;CPU10;7782;;UNC_M_CAS_COUNT.RD[UNIT0];16007666;100.00;;"
8519 [139721527260864] INFO perfrun.perfcollector <> - PERF_STAT : "     1.815716686;CPU0;460541;;UNC_M_CAS_COUNT.RD[UNIT1];16001053;100.00;;"
8519 [139721527260864] INFO perfrun.perfcollector <> - PERF_STAT : "     1.815716686;CPU10;8464;;UNC_M_CAS_COUNT.RD[UNIT1];16008332;100.00;;"
8520 [139721527260864] INFO perfrun.perfcollector <> - PERF_STAT : "     1.815716686;CPU0;680139;;UNC_M_CAS_COUNT.RD[UNIT4];16000962;100.00;;"
8520 [139721527260864] INFO perfrun.perfcollector <> - PERF_STAT : "     1.815716686;CPU10;7946;;UNC_M_CAS_COUNT.RD[UNIT4];16012056;100.00;;"
8520 [139721527260864] INFO perfrun.perfcollector <> - PERF_STAT : "     1.815716686;CPU0;602234;;UNC_M_CAS_COUNT.RD[UNIT5];16001073;100.00;;"
8520 [139721527260864] INFO perfrun.perfcollector <> - PERF_STAT : "     1.815716686;CPU10;8785;;UNC_M_CAS_COUNT.RD[UNIT5];16010757;100.00;;"
8520 [139721527260864] INFO perfrun.perfcollector <> - PERF_STAT : "     1.815716686;CPU0;50712;;UNC_M_CAS_COUNT.WR[UNIT0];16001351;100.00;;"
8520 [139721527260864] INFO perfrun.perfcollector <> - PERF_STAT : "     1.815716686;CPU10;5741;;UNC_M_CAS_COUNT.WR[UNIT0];16011439;100.00;;"
8520 [139721527260864] INFO perfrun.perfcollector <> - PERF_STAT : "     1.815716686;CPU0;21336;;UNC_M_CAS_COUNT.WR[UNIT1];16001381;100.00;;"
8520 [139721527260864] INFO perfrun.perfcollector <> - PERF_STAT : "     1.815716686;CPU10;6660;;UNC_M_CAS_COUNT.WR[UNIT1];16011329;100.00;;"
8520 [139721527260864] INFO perfrun.perfcollector <> - PERF_STAT : "     1.815716686;CPU0;46900;;UNC_M_CAS_COUNT.WR[UNIT4];16001368;100.00;;"
8520 [139721527260864] INFO perfrun.perfcollector <> - PERF_STAT : "     1.815716686;CPU10;5793;;UNC_M_CAS_COUNT.WR[UNIT4];16012082;100.00;;"
8520 [139721527260864] INFO perfrun.perfcollector <> - PERF_STAT : "     1.815716686;CPU0;37725;;UNC_M_CAS_COUNT.WR[UNIT5];16001361;100.00;;"
8520 [139721527260864] INFO perfrun.perfcollector <> - PERF_STAT : "     1.815716686;CPU10;6792;;UNC_M_CAS_COUNT.WR[UNIT5];16013252;100.00;;"
8535 [139721527260864] INFO perfrun.perfcollector <> - PERF_STAT : "     1.831735640;CPU0;732357;;UNC_M_CAS_COUNT.RD[UNIT0];15998261;100.00;;"
8535 [139721527260864] INFO perfrun.perfcollector <> - PERF_STAT : "     1.831735640;CPU10;942;;UNC_M_CAS_COUNT.RD[UNIT0];15992814;100.00;;"
8535 [139721527260864] INFO perfrun.perfcollector <> - PERF_STAT : "     1.831735640;CPU0;483093;;UNC_M_CAS_COUNT.RD[UNIT1];15997602;100.00;;"
8535 [139721527260864] INFO perfrun.perfcollector <> - PERF_STAT : "     1.831735640;CPU10;1685;;UNC_M_CAS_COUNT.RD[UNIT1];15991802;100.00;;"
8535 [139721527260864] INFO perfrun.perfcollector <> - PERF_STAT : "     1.831735640;CPU0;687485;;UNC_M_CAS_COUNT.RD[UNIT4];15997610;100.00;;"
8535 [139721527260864] INFO perfrun.perfcollector <> - PERF_STAT : "     1.831735640;CPU10;1075;;UNC_M_CAS_COUNT.RD[UNIT4];15990542;100.00;;"
8536 [139721527260864] INFO perfrun.perfcollector <> - PERF_STAT : "     1.831735640;CPU0;620796;;UNC_M_CAS_COUNT.RD[UNIT5];15997525;100.00;;"
8536 [139721527260864] INFO perfrun.perfcollector <> - PERF_STAT : "     1.831735640;CPU10;1813;;UNC_M_CAS_COUNT.RD[UNIT5];15990657;100.00;;"
8536 [139721527260864] INFO perfrun.perfcollector <> - PERF_STAT : "     1.831735640;CPU0;49248;;UNC_M_CAS_COUNT.WR[UNIT0];15997268;100.00;;"
8536 [139721527260864] INFO perfrun.perfcollector <> - PERF_STAT : "     1.831735640;CPU10;638;;UNC_M_CAS_COUNT.WR[UNIT0];15990094;100.00;;"
8536 [139721527260864] INFO perfrun.perfcollector <> - PERF_STAT : "     1.831735640;CPU0;20376;;UNC_M_CAS_COUNT.WR[UNIT1];15997250;100.00;;"
8536 [139721527260864] INFO perfrun.perfcollector <> - PERF_STAT : "     1.831735640;CPU10;1445;;UNC_M_CAS_COUNT.WR[UNIT1];15990114;100.00;;"
8536 [139721527260864] INFO perfrun.perfcollector <> - PERF_STAT : "     1.831735640;CPU0;44523;;UNC_M_CAS_COUNT.WR[UNIT4];15997253;100.00;;"
8536 [139721527260864] INFO perfrun.perfcollector <> - PERF_STAT : "     1.831735640;CPU10;686;;UNC_M_CAS_COUNT.WR[UNIT4];15989637;100.00;;"
8536 [139721527260864] INFO perfrun.perfcollector <> - PERF_STAT : "     1.831735640;CPU0;36047;;UNC_M_CAS_COUNT.WR[UNIT5];15997130;100.00;;"
8536 [139721527260864] INFO perfrun.perfcollector <> - PERF_STAT : "     1.831735640;CPU10;1451;;UNC_M_CAS_COUNT.WR[UNIT5];15988344;100.00;;"
8546 [139721527260864] INFO perfrun.perfcollector <> - PERF_STAT : "     1.847715019;CPU0;492839;;UNC_M_CAS_COUNT.RD[UNIT0];10929254;100.00;;"
8546 [139721527260864] INFO perfrun.perfcollector <> - PERF_STAT : "     1.847715019;CPU10;843;;UNC_M_CAS_COUNT.RD[UNIT0];10926145;100.00;;"
8546 [139721527260864] INFO perfrun.perfcollector <> - PERF_STAT : "     1.847715019;CPU0;340967;;UNC_M_CAS_COUNT.RD[UNIT1];10929442;100.00;;"
8546 [139721527260864] INFO perfrun.perfcollector <> - PERF_STAT : "     1.847715019;CPU10;1350;;UNC_M_CAS_COUNT.RD[UNIT1];10926110;100.00;;"
8546 [139721527260864] INFO perfrun.perfcollector <> - PERF_STAT : "     1.847715019;CPU0;449369;;UNC_M_CAS_COUNT.RD[UNIT4];10929420;100.00;;"
8546 [139721527260864] INFO perfrun.perfcollector <> - PERF_STAT : "     1.847715019;CPU10;941;;UNC_M_CAS_COUNT.RD[UNIT4];10924972;100.00;;"
8546 [139721527260864] INFO perfrun.perfcollector <> - PERF_STAT : "     1.847715019;CPU0;421431;;UNC_M_CAS_COUNT.RD[UNIT5];10929257;100.00;;"
8546 [139721527260864] INFO perfrun.perfcollector <> - PERF_STAT : "     1.847715019;CPU10;1431;;UNC_M_CAS_COUNT.RD[UNIT5];10925949;100.00;;"
8546 [139721527260864] INFO perfrun.perfcollector <> - PERF_STAT : "     1.847715019;CPU0;32352;;UNC_M_CAS_COUNT.WR[UNIT0];10929269;100.00;;"
8546 [139721527260864] INFO perfrun.perfcollector <> - PERF_STAT : "     1.847715019;CPU10;247;;UNC_M_CAS_COUNT.WR[UNIT0];10926251;100.00;;"
8546 [139721527260864] INFO perfrun.perfcollector <> - PERF_STAT : "     1.847715019;CPU0;15293;;UNC_M_CAS_COUNT.WR[UNIT1];10929279;100.00;;"
8546 [139721527260864] INFO perfrun.perfcollector <> - PERF_STAT : "     1.847715019;CPU10;820;;UNC_M_CAS_COUNT.WR[UNIT1];10926906;100.00;;"
8546 [139721527260864] INFO perfrun.perfcollector <> - PERF_STAT : "     1.847715019;CPU0;27921;;UNC_M_CAS_COUNT.WR[UNIT4];10929273;100.00;;"
8547 [139721527260864] INFO perfrun.perfcollector <> - PERF_STAT : "     1.847715019;CPU10;311;;UNC_M_CAS_COUNT.WR[UNIT4];10926964;100.00;;"
8547 [139721527260864] INFO perfrun.perfcollector <> - PERF_STAT : "     1.847715019;CPU0;24895;;UNC_M_CAS_COUNT.WR[UNIT5];10929304;100.00;;"
8547 [139721527260864] INFO perfrun.perfcollector <> - PERF_STAT : "     1.847715019;CPU10;809;;UNC_M_CAS_COUNT.WR[UNIT5];10926945;100.00;;"
8559 [139721527260864] INFO perfrun.perfcollector <> - PERF_STAT : "     1.858641955;CPU0;562966;;UNC_M_CAS_COUNT.RD[UNIT0];13071427;100.00;;"
8559 [139721527260864] INFO perfrun.perfcollector <> - PERF_STAT : "     1.858641955;CPU10;754;;UNC_M_CAS_COUNT.RD[UNIT0];13071112;100.00;;"
8559 [139721527260864] INFO perfrun.perfcollector <> - PERF_STAT : "     1.858641955;CPU0;355688;;UNC_M_CAS_COUNT.RD[UNIT1];13070993;100.00;;"
8559 [139721527260864] INFO perfrun.perfcollector <> - PERF_STAT : "     1.858641955;CPU10;1297;;UNC_M_CAS_COUNT.RD[UNIT1];13072914;100.00;;"
8559 [139721527260864] INFO perfrun.perfcollector <> - PERF_STAT : "     1.858641955;CPU0;552237;;UNC_M_CAS_COUNT.RD[UNIT4];13071002;100.00;;"
8559 [139721527260864] INFO perfrun.perfcollector <> - PERF_STAT : "     1.858641955;CPU10;885;;UNC_M_CAS_COUNT.RD[UNIT4];13071731;100.00;;"
8559 [139721527260864] INFO perfrun.perfcollector <> - PERF_STAT : "     1.858641955;CPU0;480143;;UNC_M_CAS_COUNT.RD[UNIT5];13070997;100.00;;"
8560 [139721527260864] INFO perfrun.perfcollector <> - PERF_STAT : "     1.858641955;CPU10;1463;;UNC_M_CAS_COUNT.RD[UNIT5];13070334;100.00;;"
8560 [139721527260864] INFO perfrun.perfcollector <> - PERF_STAT : "     1.858641955;CPU0;37911;;UNC_M_CAS_COUNT.WR[UNIT0];13070965;100.00;;"
8560 [139721527260864] INFO perfrun.perfcollector <> - PERF_STAT : "     1.858641955;CPU10;272;;UNC_M_CAS_COUNT.WR[UNIT0];13070418;100.00;;"
8560 [139721527260864] INFO perfrun.perfcollector <> - PERF_STAT : "     1.858641955;CPU0;12832;;UNC_M_CAS_COUNT.WR[UNIT1];13070978;100.00;;"
8560 [139721527260864] INFO perfrun.perfcollector <> - PERF_STAT : "     1.858641955;CPU10;933;;UNC_M_CAS_COUNT.WR[UNIT1];13070604;100.00;;"
8560 [139721527260864] INFO perfrun.perfcollector <> - PERF_STAT : "     1.858641955;CPU0;35674;;UNC_M_CAS_COUNT.WR[UNIT4];13070944;100.00;;"
8560 [139721527260864] INFO perfrun.perfcollector <> - PERF_STAT : "     1.858641955;CPU10;294;;UNC_M_CAS_COUNT.WR[UNIT4];13070167;100.00;;"
8560 [139721527260864] INFO perfrun.perfcollector <> - PERF_STAT : "     1.858641955;CPU0;26846;;UNC_M_CAS_COUNT.WR[UNIT5];13071008;100.00;;"
8560 [139721527260864] INFO perfrun.perfcollector <> - PERF_STAT : "     1.858641955;CPU10;975;;UNC_M_CAS_COUNT.WR[UNIT5];13070233;100.00;;"
8575 [139721527260864] INFO perfrun.perfcollector <> - PERF_STAT : "     1.871703880;CPU0;720777;;UNC_M_CAS_COUNT.RD[UNIT0];16000035;100.00;;"
8575 [139721527260864] INFO perfrun.perfcollector <> - PERF_STAT : "     1.871703880;CPU10;825;;UNC_M_CAS_COUNT.RD[UNIT0];16000831;100.00;;"
8575 [139721527260864] INFO perfrun.perfcollector <> - PERF_STAT : "     1.871703880;CPU0;475907;;UNC_M_CAS_COUNT.RD[UNIT1];16000363;100.00;;"
8575 [139721527260864] INFO perfrun.perfcollector <> - PERF_STAT : "     1.871703880;CPU10;1511;;UNC_M_CAS_COUNT.RD[UNIT1];15999307;100.00;;"
8575 [139721527260864] INFO perfrun.perfcollector <> - PERF_STAT : "     1.871703880;CPU0;677400;;UNC_M_CAS_COUNT.RD[UNIT4];16000344;100.00;;"
8575 [139721527260864] INFO perfrun.perfcollector <> - PERF_STAT : "     1.871703880;CPU10;960;;UNC_M_CAS_COUNT.RD[UNIT4];15999336;100.00;;"
8575 [139721527260864] INFO perfrun.perfcollector <> - PERF_STAT : "     1.871703880;CPU0;610254;;UNC_M_CAS_COUNT.RD[UNIT5];16000406;100.00;;"
8576 [139721527260864] INFO perfrun.perfcollector <> - PERF_STAT : "     1.871703880;CPU10;1685;;UNC_M_CAS_COUNT.RD[UNIT5];15999697;100.00;;"
8576 [139721527260864] INFO perfrun.perfcollector <> - PERF_STAT : "     1.871703880;CPU0;48956;;UNC_M_CAS_COUNT.WR[UNIT0];16000492;100.00;;"
8576 [139721527260864] INFO perfrun.perfcollector <> - PERF_STAT : "     1.871703880;CPU10;266;;UNC_M_CAS_COUNT.WR[UNIT0];15999070;100.00;;"
8576 [139721527260864] INFO perfrun.perfcollector <> - PERF_STAT : "     1.871703880;CPU0;20028;;UNC_M_CAS_COUNT.WR[UNIT1];16000484;100.00;;"
8576 [139721527260864] INFO perfrun.perfcollector <> - PERF_STAT : "     1.871703880;CPU10;1041;;UNC_M_CAS_COUNT.WR[UNIT1];15998915;100.00;;"
8576 [139721527260864] INFO perfrun.perfcollector <> - PERF_STAT : "     1.871703880;CPU0;43652;;UNC_M_CAS_COUNT.WR[UNIT4];16000533;100.00;;"
8576 [139721527260864] INFO perfrun.perfcollector <> - PERF_STAT : "     1.871703880;CPU10;286;;UNC_M_CAS_COUNT.WR[UNIT4];15999458;100.00;;"
8576 [139721527260864] INFO perfrun.perfcollector <> - PERF_STAT : "     1.871703880;CPU0;35510;;UNC_M_CAS_COUNT.WR[UNIT5];16000469;100.00;;"
8576 [139721527260864] INFO perfrun.perfcollector <> - PERF_STAT : "     1.871703880;CPU10;1124;;UNC_M_CAS_COUNT.WR[UNIT5];15999448;100.00;;"
8591 [139721527260864] INFO perfrun.perfcollector <> - PERF_STAT : "     1.887703229;CPU0;706576;;UNC_M_CAS_COUNT.RD[UNIT0];15999194;100.00;;"
8591 [139721527260864] INFO perfrun.perfcollector <> - PERF_STAT : "     1.887703229;CPU10;987;;UNC_M_CAS_COUNT.RD[UNIT0];15997389;100.00;;"
8591 [139721527260864] INFO perfrun.perfcollector <> - PERF_STAT : "     1.887703229;CPU0;477358;;UNC_M_CAS_COUNT.RD[UNIT1];15998969;100.00;;"
8591 [139721527260864] INFO perfrun.perfcollector <> - PERF_STAT : "     1.887703229;CPU10;1708;;UNC_M_CAS_COUNT.RD[UNIT1];15998375;100.00;;"
8591 [139721527260864] INFO perfrun.perfcollector <> - PERF_STAT : "     1.887703229;CPU0;655659;;UNC_M_CAS_COUNT.RD[UNIT4];15998814;100.00;;"
8591 [139721527260864] INFO perfrun.perfcollector <> - PERF_STAT : "     1.887703229;CPU10;1206;;UNC_M_CAS_COUNT.RD[UNIT4];15997927;100.00;;"
8591 [139721527260864] INFO perfrun.perfcollector <> - PERF_STAT : "     1.887703229;CPU0;602945;;UNC_M_CAS_COUNT.RD[UNIT5];15998921;100.00;;"
8592 [139721527260864] INFO perfrun.perfcollector <> - PERF_STAT : "     1.887703229;CPU10;1844;;UNC_M_CAS_COUNT.RD[UNIT5];15997821;100.00;;"
8592 [139721527260864] INFO perfrun.perfcollector <> - PERF_STAT : "     1.887703229;CPU0;46866;;UNC_M_CAS_COUNT.WR[UNIT0];15998956;100.00;;"
8592 [139721527260864] INFO perfrun.perfcollector <> - PERF_STAT : "     1.887703229;CPU10;339;;UNC_M_CAS_COUNT.WR[UNIT0];15999245;100.00;;"
8592 [139721527260864] INFO perfrun.perfcollector <> - PERF_STAT : "     1.887703229;CPU0;20728;;UNC_M_CAS_COUNT.WR[UNIT1];15998862;100.00;;"
8592 [139721527260864] INFO perfrun.perfcollector <> - PERF_STAT : "     1.887703229;CPU10;1140;;UNC_M_CAS_COUNT.WR[UNIT1];15999842;100.00;;"
8592 [139721527260864] INFO perfrun.perfcollector <> - PERF_STAT : "     1.887703229;CPU0;41424;;UNC_M_CAS_COUNT.WR[UNIT4];15998852;100.00;;"
8592 [139721527260864] INFO perfrun.perfcollector <> - PERF_STAT : "     1.887703229;CPU10;365;;UNC_M_CAS_COUNT.WR[UNIT4];15999536;100.00;;"
8592 [139721527260864] INFO perfrun.perfcollector <> - PERF_STAT : "     1.887703229;CPU0;34946;;UNC_M_CAS_COUNT.WR[UNIT5];15998820;100.00;;"
8592 [139721527260864] INFO perfrun.perfcollector <> - PERF_STAT : "     1.887703229;CPU10;1211;;UNC_M_CAS_COUNT.WR[UNIT5];15999422;100.00;;"
8607 [139721527260864] INFO perfrun.perfcollector <> - PERF_STAT : "     1.903715746;CPU0;730826;;UNC_M_CAS_COUNT.RD[UNIT0];15997673;100.00;;"
8607 [139721527260864] INFO perfrun.perfcollector <> - PERF_STAT : "     1.903715746;CPU10;2971;;UNC_M_CAS_COUNT.RD[UNIT0];16001508;100.00;;"
8607 [139721527260864] INFO perfrun.perfcollector <> - PERF_STAT : "     1.903715746;CPU0;488775;;UNC_M_CAS_COUNT.RD[UNIT1];15997735;100.00;;"
8607 [139721527260864] INFO perfrun.perfcollector <> - PERF_STAT : "     1.903715746;CPU10;3808;;UNC_M_CAS_COUNT.RD[UNIT1];16000907;100.00;;"
8607 [139721527260864] INFO perfrun.perfcollector <> - PERF_STAT : "     1.903715746;CPU0;681838;;UNC_M_CAS_COUNT.RD[UNIT4];15997797;100.00;;"
8607 [139721527260864] INFO perfrun.perfcollector <> - PERF_STAT : "     1.903715746;CPU10;3123;;UNC_M_CAS_COUNT.RD[UNIT4];16001261;100.00;;"
8607 [139721527260864] INFO perfrun.perfcollector <> - PERF_STAT : "     1.903715746;CPU0;622558;;UNC_M_CAS_COUNT.RD[UNIT5];15997793;100.00;;"
8608 [139721527260864] INFO perfrun.perfcollector <> - PERF_STAT : "     1.903715746;CPU10;3881;;UNC_M_CAS_COUNT.RD[UNIT5];16001336;100.00;;"
8608 [139721527260864] INFO perfrun.perfcollector <> - PERF_STAT : "     1.903715746;CPU0;49284;;UNC_M_CAS_COUNT.WR[UNIT0];15997877;100.00;;"
8608 [139721527260864] INFO perfrun.perfcollector <> - PERF_STAT : "     1.903715746;CPU10;558;;UNC_M_CAS_COUNT.WR[UNIT0];15999990;100.00;;"
8608 [139721527260864] INFO perfrun.perfcollector <> - PERF_STAT : "     1.903715746;CPU0;21367;;UNC_M_CAS_COUNT.WR[UNIT1];15998027;100.00;;"
8608 [139721527260864] INFO perfrun.perfcollector <> - PERF_STAT : "     1.903715746;CPU10;1381;;UNC_M_CAS_COUNT.WR[UNIT1];15998630;100.00;;"
8608 [139721527260864] INFO perfrun.perfcollector <> - PERF_STAT : "     1.903715746;CPU0;43833;;UNC_M_CAS_COUNT.WR[UNIT4];15997988;100.00;;"
8608 [139721527260864] INFO perfrun.perfcollector <> - PERF_STAT : "     1.903715746;CPU10;576;;UNC_M_CAS_COUNT.WR[UNIT4];15998690;100.00;;"
8608 [139721527260864] INFO perfrun.perfcollector <> - PERF_STAT : "     1.903715746;CPU0;36648;;UNC_M_CAS_COUNT.WR[UNIT5];15998002;100.00;;"
8608 [139721527260864] INFO perfrun.perfcollector <> - PERF_STAT : "     1.903715746;CPU10;1378;;UNC_M_CAS_COUNT.WR[UNIT5];15998669;100.00;;"
8623 [139721527260864] INFO perfrun.perfcollector <> - PERF_STAT : "     1.919708962;CPU0;701459;;UNC_M_CAS_COUNT.RD[UNIT0];16003992;100.00;;"
8623 [139721527260864] INFO perfrun.perfcollector <> - PERF_STAT : "     1.919708962;CPU10;929;;UNC_M_CAS_COUNT.RD[UNIT0];16001202;100.00;;"
8623 [139721527260864] INFO perfrun.perfcollector <> - PERF_STAT : "     1.919708962;CPU0;452461;;UNC_M_CAS_COUNT.RD[UNIT1];16003961;100.00;;"
8623 [139721527260864] INFO perfrun.perfcollector <> - PERF_STAT : "     1.919708962;CPU10;1641;;UNC_M_CAS_COUNT.RD[UNIT1];16001156;100.00;;"
8623 [139721527260864] INFO perfrun.perfcollector <> - PERF_STAT : "     1.919708962;CPU0;673598;;UNC_M_CAS_COUNT.RD[UNIT4];16004075;100.00;;"
8623 [139721527260864] INFO perfrun.perfcollector <> - PERF_STAT : "     1.919708962;CPU10;1036;;UNC_M_CAS_COUNT.RD[UNIT4];16001534;100.00;;"
8623 [139721527260864] INFO perfrun.perfcollector <> - PERF_STAT : "     1.919708962;CPU0;595630;;UNC_M_CAS_COUNT.RD[UNIT5];16003825;100.00;;"
8624 [139721527260864] INFO perfrun.perfcollector <> - PERF_STAT : "     1.919708962;CPU10;1802;;UNC_M_CAS_COUNT.RD[UNIT5];16002558;100.00;;"
8624 [139721527260864] INFO perfrun.perfcollector <> - PERF_STAT : "     1.919708962;CPU0;47085;;UNC_M_CAS_COUNT.WR[UNIT0];16003671;100.00;;"
8624 [139721527260864] INFO perfrun.perfcollector <> - PERF_STAT : "     1.919708962;CPU10;969;;UNC_M_CAS_COUNT.WR[UNIT0];16002296;100.00;;"
8624 [139721527260864] INFO perfrun.perfcollector <> - PERF_STAT : "     1.919708962;CPU0;17393;;UNC_M_CAS_COUNT.WR[UNIT1];16003586;100.00;;"
8624 [139721527260864] INFO perfrun.perfcollector <> - PERF_STAT : "     1.919708962;CPU10;1790;;UNC_M_CAS_COUNT.WR[UNIT1];16002520;100.00;;"
8624 [139721527260864] INFO perfrun.perfcollector <> - PERF_STAT : "     1.919708962;CPU0;42857;;UNC_M_CAS_COUNT.WR[UNIT4];16003916;100.00;;"
8624 [139721527260864] INFO perfrun.perfcollector <> - PERF_STAT : "     1.919708962;CPU10;971;;UNC_M_CAS_COUNT.WR[UNIT4];16002448;100.00;;"
8624 [139721527260864] INFO perfrun.perfcollector <> - PERF_STAT : "     1.919708962;CPU0;33524;;UNC_M_CAS_COUNT.WR[UNIT5];16003898;100.00;;"
8624 [139721527260864] INFO perfrun.perfcollector <> - PERF_STAT : "     1.919708962;CPU10;1760;;UNC_M_CAS_COUNT.WR[UNIT5];16002491;100.00;;"
8639 [139721527260864] INFO perfrun.perfcollector <> - PERF_STAT : "     1.935706567;CPU0;702014;;UNC_M_CAS_COUNT.RD[UNIT0];15999526;100.00;;"
8639 [139721527260864] INFO perfrun.perfcollector <> - PERF_STAT : "     1.935706567;CPU10;688;;UNC_M_CAS_COUNT.RD[UNIT0];15999117;100.00;;"
8639 [139721527260864] INFO perfrun.perfcollector <> - PERF_STAT : "     1.935706567;CPU0;455040;;UNC_M_CAS_COUNT.RD[UNIT1];15999638;100.00;;"
8639 [139721527260864] INFO perfrun.perfcollector <> - PERF_STAT : "     1.935706567;CPU10;1424;;UNC_M_CAS_COUNT.RD[UNIT1];15998897;100.00;;"
8639 [139721527260864] INFO perfrun.perfcollector <> - PERF_STAT : "     1.935706567;CPU0;672905;;UNC_M_CAS_COUNT.RD[UNIT4];15999753;100.00;;"
8639 [139721527260864] INFO perfrun.perfcollector <> - PERF_STAT : "     1.935706567;CPU10;851;;UNC_M_CAS_COUNT.RD[UNIT4];15998369;100.00;;"
8640 [139721527260864] INFO perfrun.perfcollector <> - PERF_STAT : "     1.935706567;CPU0;596979;;UNC_M_CAS_COUNT.RD[UNIT5];15999829;100.00;;"
8640 [139721527260864] INFO perfrun.perfcollector <> - PERF_STAT : "     1.935706567;CPU10;1550;;UNC_M_CAS_COUNT.RD[UNIT5];15997508;100.00;;"
8640 [139721527260864] INFO perfrun.perfcollector <> - PERF_STAT : "     1.935706567;CPU0;46920;;UNC_M_CAS_COUNT.WR[UNIT0];15999856;100.00;;"
8640 [139721527260864] INFO perfrun.perfcollector <> - PERF_STAT : "     1.935706567;CPU10;210;;UNC_M_CAS_COUNT.WR[UNIT0];15998289;100.00;;"
8640 [139721527260864] INFO perfrun.perfcollector <> - PERF_STAT : "     1.935706567;CPU0;17627;;UNC_M_CAS_COUNT.WR[UNIT1];15999933;100.00;;"
8640 [139721527260864] INFO perfrun.perfcollector <> - PERF_STAT : "     1.935706567;CPU10;1013;;UNC_M_CAS_COUNT.WR[UNIT1];15997974;100.00;;"
8640 [139721527260864] INFO perfrun.perfcollector <> - PERF_STAT : "     1.935706567;CPU0;43046;;UNC_M_CAS_COUNT.WR[UNIT4];15999634;100.00;;"
8640 [139721527260864] INFO perfrun.perfcollector <> - PERF_STAT : "     1.935706567;CPU10;238;;UNC_M_CAS_COUNT.WR[UNIT4];15998375;100.00;;"
8640 [139721527260864] INFO perfrun.perfcollector <> - PERF_STAT : "     1.935706567;CPU0;33852;;UNC_M_CAS_COUNT.WR[UNIT5];15999651;100.00;;"
8640 [139721527260864] INFO perfrun.perfcollector <> - PERF_STAT : "     1.935706567;CPU10;1061;;UNC_M_CAS_COUNT.WR[UNIT5];15998428;100.00;;"
8659 [139721527260864] INFO perfrun.perfcollector <> - PERF_STAT : "     1.951708671;CPU0;885560;;UNC_M_CAS_COUNT.RD[UNIT0];20000020;100.00;;"
8659 [139721527260864] INFO perfrun.perfcollector <> - PERF_STAT : "     1.951708671;CPU10;1613;;UNC_M_CAS_COUNT.RD[UNIT0];20002702;100.00;;"
8659 [139721527260864] INFO perfrun.perfcollector <> - PERF_STAT : "     1.951708671;CPU0;585517;;UNC_M_CAS_COUNT.RD[UNIT1];20000214;100.00;;"
8659 [139721527260864] INFO perfrun.perfcollector <> - PERF_STAT : "     1.951708671;CPU10;2515;;UNC_M_CAS_COUNT.RD[UNIT1];20002772;100.00;;"
8659 [139721527260864] INFO perfrun.perfcollector <> - PERF_STAT : "     1.951708671;CPU0;836903;;UNC_M_CAS_COUNT.RD[UNIT4];20000084;100.00;;"
8659 [139721527260864] INFO perfrun.perfcollector <> - PERF_STAT : "     1.951708671;CPU10;1843;;UNC_M_CAS_COUNT.RD[UNIT4];20003234;100.00;;"
8660 [139721527260864] INFO perfrun.perfcollector <> - PERF_STAT : "     1.951708671;CPU0;754749;;UNC_M_CAS_COUNT.RD[UNIT5];20000110;100.00;;"
8660 [139721527260864] INFO perfrun.perfcollector <> - PERF_STAT : "     1.951708671;CPU10;2715;;UNC_M_CAS_COUNT.RD[UNIT5];20003161;100.00;;"
8660 [139721527260864] INFO perfrun.perfcollector <> - PERF_STAT : "     1.951708671;CPU0;59431;;UNC_M_CAS_COUNT.WR[UNIT0];20000200;100.00;;"
8660 [139721527260864] INFO perfrun.perfcollector <> - PERF_STAT : "     1.951708671;CPU10;481;;UNC_M_CAS_COUNT.WR[UNIT0];20002499;100.00;;"
8660 [139721527260864] INFO perfrun.perfcollector <> - PERF_STAT : "     1.951708671;CPU0;24117;;UNC_M_CAS_COUNT.WR[UNIT1];20000221;100.00;;"
8660 [139721527260864] INFO perfrun.perfcollector <> - PERF_STAT : "     1.951708671;CPU10;1501;;UNC_M_CAS_COUNT.WR[UNIT1];20003049;100.00;;"
8660 [139721527260864] INFO perfrun.perfcollector <> - PERF_STAT : "     1.951708671;CPU0;53439;;UNC_M_CAS_COUNT.WR[UNIT4];20000228;100.00;;"
8660 [139721527260864] INFO perfrun.perfcollector <> - PERF_STAT : "     1.951708671;CPU10;529;;UNC_M_CAS_COUNT.WR[UNIT4];20002986;100.00;;"
8660 [139721527260864] INFO perfrun.perfcollector <> - PERF_STAT : "     1.951708671;CPU0;43402;;UNC_M_CAS_COUNT.WR[UNIT5];20000266;100.00;;"
8660 [139721527260864] INFO perfrun.perfcollector <> - PERF_STAT : "     1.951708671;CPU10;1572;;UNC_M_CAS_COUNT.WR[UNIT5];20003151;100.00;;"
8675 [139721527260864] INFO perfrun.perfcollector <> - PERF_STAT : "     1.971715481;CPU0;731220;;UNC_M_CAS_COUNT.RD[UNIT0];16000174;100.00;;"
8675 [139721527260864] INFO perfrun.perfcollector <> - PERF_STAT : "     1.971715481;CPU10;893;;UNC_M_CAS_COUNT.RD[UNIT0];15998232;100.00;;"
8675 [139721527260864] INFO perfrun.perfcollector <> - PERF_STAT : "     1.971715481;CPU0;482780;;UNC_M_CAS_COUNT.RD[UNIT1];15999994;100.00;;"
8675 [139721527260864] INFO perfrun.perfcollector <> - PERF_STAT : "     1.971715481;CPU10;1572;;UNC_M_CAS_COUNT.RD[UNIT1];15998438;100.00;;"
8675 [139721527260864] INFO perfrun.perfcollector <> - PERF_STAT : "     1.971715481;CPU0;689379;;UNC_M_CAS_COUNT.RD[UNIT4];15999914;100.00;;"
8675 [139721527260864] INFO perfrun.perfcollector <> - PERF_STAT : "     1.971715481;CPU10;991;;UNC_M_CAS_COUNT.RD[UNIT4];15998593;100.00;;"
8675 [139721527260864] INFO perfrun.perfcollector <> - PERF_STAT : "     1.971715481;CPU0;620914;;UNC_M_CAS_COUNT.RD[UNIT5];15999888;100.00;;"
8676 [139721527260864] INFO perfrun.perfcollector <> - PERF_STAT : "     1.971715481;CPU10;1758;;UNC_M_CAS_COUNT.RD[UNIT5];15998211;100.00;;"
8676 [139721527260864] INFO perfrun.perfcollector <> - PERF_STAT : "     1.971715481;CPU0;49047;;UNC_M_CAS_COUNT.WR[UNIT0];15999755;100.00;;"
8676 [139721527260864] INFO perfrun.perfcollector <> - PERF_STAT : "     1.971715481;CPU10;197;;UNC_M_CAS_COUNT.WR[UNIT0];15998374;100.00;;"
8676 [139721527260864] INFO perfrun.perfcollector <> - PERF_STAT : "     1.971715481;CPU0;20135;;UNC_M_CAS_COUNT.WR[UNIT1];15999664;100.00;;"
8676 [139721527260864] INFO perfrun.perfcollector <> - PERF_STAT : "     1.971715481;CPU10;1012;;UNC_M_CAS_COUNT.WR[UNIT1];15997810;100.00;;"
8676 [139721527260864] INFO perfrun.perfcollector <> - PERF_STAT : "     1.971715481;CPU0;44460;;UNC_M_CAS_COUNT.WR[UNIT4];15999663;100.00;;"
8676 [139721527260864] INFO perfrun.perfcollector <> - PERF_STAT : "     1.971715481;CPU10;227;;UNC_M_CAS_COUNT.WR[UNIT4];15997362;100.00;;"
8676 [139721527260864] INFO perfrun.perfcollector <> - PERF_STAT : "     1.971715481;CPU0;36283;;UNC_M_CAS_COUNT.WR[UNIT5];15999615;100.00;;"
8676 [139721527260864] INFO perfrun.perfcollector <> - PERF_STAT : "     1.971715481;CPU10;1057;;UNC_M_CAS_COUNT.WR[UNIT5];15997215;100.00;;"
8691 [139721527260864] INFO perfrun.perfcollector <> - PERF_STAT : "     1.987712388;CPU0;705271;;UNC_M_CAS_COUNT.RD[UNIT0];15999454;100.00;;"
8691 [139721527260864] INFO perfrun.perfcollector <> - PERF_STAT : "     1.987712388;CPU10;784;;UNC_M_CAS_COUNT.RD[UNIT0];16001301;100.00;;"
8691 [139721527260864] INFO perfrun.perfcollector <> - PERF_STAT : "     1.987712388;CPU0;477524;;UNC_M_CAS_COUNT.RD[UNIT1];15999159;100.00;;"
8691 [139721527260864] INFO perfrun.perfcollector <> - PERF_STAT : "     1.987712388;CPU10;1463;;UNC_M_CAS_COUNT.RD[UNIT1];16001045;100.00;;"
8691 [139721527260864] INFO perfrun.perfcollector <> - PERF_STAT : "     1.987712388;CPU0;655880;;UNC_M_CAS_COUNT.RD[UNIT4];15999191;100.00;;"
8691 [139721527260864] INFO perfrun.perfcollector <> - PERF_STAT : "     1.987712388;CPU10;951;;UNC_M_CAS_COUNT.RD[UNIT4];16001613;100.00;;"
8691 [139721527260864] INFO perfrun.perfcollector <> - PERF_STAT : "     1.987712388;CPU0;601521;;UNC_M_CAS_COUNT.RD[UNIT5];15999338;100.00;;"
8692 [139721527260864] INFO perfrun.perfcollector <> - PERF_STAT : "     1.987712388;CPU10;1604;;UNC_M_CAS_COUNT.RD[UNIT5];16002178;100.00;;"
8692 [139721527260864] INFO perfrun.perfcollector <> - PERF_STAT : "     1.987712388;CPU0;46259;;UNC_M_CAS_COUNT.WR[UNIT0];15999419;100.00;;"
8692 [139721527260864] INFO perfrun.perfcollector <> - PERF_STAT : "     1.987712388;CPU10;192;;UNC_M_CAS_COUNT.WR[UNIT0];16002185;100.00;;"
8692 [139721527260864] INFO perfrun.perfcollector <> - PERF_STAT : "     1.987712388;CPU0;20190;;UNC_M_CAS_COUNT.WR[UNIT1];15999632;100.00;;"
8692 [139721527260864] INFO perfrun.perfcollector <> - PERF_STAT : "     1.987712388;CPU10;998;;UNC_M_CAS_COUNT.WR[UNIT1];16002496;100.00;;"
8692 [139721527260864] INFO perfrun.perfcollector <> - PERF_STAT : "     1.987712388;CPU0;40791;;UNC_M_CAS_COUNT.WR[UNIT4];15999657;100.00;;"
8692 [139721527260864] INFO perfrun.perfcollector <> - PERF_STAT : "     1.987712388;CPU10;229;;UNC_M_CAS_COUNT.WR[UNIT4];16002774;100.00;;"
8692 [139721527260864] INFO perfrun.perfcollector <> - PERF_STAT : "     1.987712388;CPU0;34463;;UNC_M_CAS_COUNT.WR[UNIT5];15999734;100.00;;"
8692 [139721527260864] INFO perfrun.perfcollector <> - PERF_STAT : "     1.987712388;CPU10;1033;;UNC_M_CAS_COUNT.WR[UNIT5];16002844;100.00;;"
8707 [139721527260864] INFO perfrun.perfcollector <> - PERF_STAT : "     2.003713713;CPU0;717406;;UNC_M_CAS_COUNT.RD[UNIT0];15999876;100.00;;"
8707 [139721527260864] INFO perfrun.perfcollector <> - PERF_STAT : "     2.003713713;CPU10;3055;;UNC_M_CAS_COUNT.RD[UNIT0];15999681;100.00;;"
8707 [139721527260864] INFO perfrun.perfcollector <> - PERF_STAT : "     2.003713713;CPU0;480598;;UNC_M_CAS_COUNT.RD[UNIT1];16000441;100.00;;"
8707 [139721527260864] INFO perfrun.perfcollector <> - PERF_STAT : "     2.003713713;CPU10;3640;;UNC_M_CAS_COUNT.RD[UNIT1];15999953;100.00;;"
8707 [139721527260864] INFO perfrun.perfcollector <> - PERF_STAT : "     2.003713713;CPU0;669205;;UNC_M_CAS_COUNT.RD[UNIT4];16000532;100.00;;"
8707 [139721527260864] INFO perfrun.perfcollector <> - PERF_STAT : "     2.003713713;CPU10;3162;;UNC_M_CAS_COUNT.RD[UNIT4];15998968;100.00;;"
8707 [139721527260864] INFO perfrun.perfcollector <> - PERF_STAT : "     2.003713713;CPU0;609602;;UNC_M_CAS_COUNT.RD[UNIT5];16000488;100.00;;"
8708 [139721527260864] INFO perfrun.perfcollector <> - PERF_STAT : "     2.003713713;CPU10;3862;;UNC_M_CAS_COUNT.RD[UNIT5];15998551;100.00;;"
8708 [139721527260864] INFO perfrun.perfcollector <> - PERF_STAT : "     2.003713713;CPU0;48052;;UNC_M_CAS_COUNT.WR[UNIT0];16000384;100.00;;"
8708 [139721527260864] INFO perfrun.perfcollector <> - PERF_STAT : "     2.003713713;CPU10;506;;UNC_M_CAS_COUNT.WR[UNIT0];15998562;100.00;;"
8708 [139721527260864] INFO perfrun.perfcollector <> - PERF_STAT : "     2.003713713;CPU0;20735;;UNC_M_CAS_COUNT.WR[UNIT1];16000188;100.00;;"
8708 [139721527260864] INFO perfrun.perfcollector <> - PERF_STAT : "     2.003713713;CPU10;1313;;UNC_M_CAS_COUNT.WR[UNIT1];15998329;100.00;;"
8708 [139721527260864] INFO perfrun.perfcollector <> - PERF_STAT : "     2.003713713;CPU0;42705;;UNC_M_CAS_COUNT.WR[UNIT4];16000167;100.00;;"
8708 [139721527260864] INFO perfrun.perfcollector <> - PERF_STAT : "     2.003713713;CPU10;503;;UNC_M_CAS_COUNT.WR[UNIT4];15998026;100.00;;"
8708 [139721527260864] INFO perfrun.perfcollector <> - PERF_STAT : "     2.003713713;CPU0;35749;;UNC_M_CAS_COUNT.WR[UNIT5];16000089;100.00;;"
8708 [139721527260864] INFO perfrun.perfcollector <> - PERF_STAT : "     2.003713713;CPU10;1401;;UNC_M_CAS_COUNT.WR[UNIT5];15998012;100.00;;"
8723 [139721527260864] INFO perfrun.perfcollector <> - PERF_STAT : "     2.019705068;CPU0;704924;;UNC_M_CAS_COUNT.RD[UNIT0];16003545;100.00;;"
8723 [139721527260864] INFO perfrun.perfcollector <> - PERF_STAT : "     2.019705068;CPU10;1785;;UNC_M_CAS_COUNT.RD[UNIT0];16006145;100.00;;"
8723 [139721527260864] INFO perfrun.perfcollector <> - PERF_STAT : "     2.019705068;CPU0;455940;;UNC_M_CAS_COUNT.RD[UNIT1];16003475;100.00;;"
8723 [139721527260864] INFO perfrun.perfcollector <> - PERF_STAT : "     2.019705068;CPU10;2441;;UNC_M_CAS_COUNT.RD[UNIT1];16005583;100.00;;"
8723 [139721527260864] INFO perfrun.perfcollector <> - PERF_STAT : "     2.019705068;CPU0;677595;;UNC_M_CAS_COUNT.RD[UNIT4];16003473;100.00;;"
8723 [139721527260864] INFO perfrun.perfcollector <> - PERF_STAT : "     2.019705068;CPU10;1922;;UNC_M_CAS_COUNT.RD[UNIT4];16005307;100.00;;"
8723 [139721527260864] INFO perfrun.perfcollector <> - PERF_STAT : "     2.019705068;CPU0;600165;;UNC_M_CAS_COUNT.RD[UNIT5];16003398;100.00;;"
8724 [139721527260864] INFO perfrun.perfcollector <> - PERF_STAT : "     2.019705068;CPU10;2662;;UNC_M_CAS_COUNT.RD[UNIT5];16005223;100.00;;"
8724 [139721527260864] INFO perfrun.perfcollector <> - PERF_STAT : "     2.019705068;CPU0;47681;;UNC_M_CAS_COUNT.WR[UNIT0];16003505;100.00;;"
8724 [139721527260864] INFO perfrun.perfcollector <> - PERF_STAT : "     2.019705068;CPU10;1123;;UNC_M_CAS_COUNT.WR[UNIT0];16005000;100.00;;"
8724 [139721527260864] INFO perfrun.perfcollector <> - PERF_STAT : "     2.019705068;CPU0;17844;;UNC_M_CAS_COUNT.WR[UNIT1];16003510;100.00;;"
8724 [139721527260864] INFO perfrun.perfcollector <> - PERF_STAT : "     2.019705068;CPU10;1928;;UNC_M_CAS_COUNT.WR[UNIT1];16005121;100.00;;"
8724 [139721527260864] INFO perfrun.perfcollector <> - PERF_STAT : "     2.019705068;CPU0;43636;;UNC_M_CAS_COUNT.WR[UNIT4];16003529;100.00;;"
8724 [139721527260864] INFO perfrun.perfcollector <> - PERF_STAT : "     2.019705068;CPU10;1157;;UNC_M_CAS_COUNT.WR[UNIT4];16005273;100.00;;"
8724 [139721527260864] INFO perfrun.perfcollector <> - PERF_STAT : "     2.019705068;CPU0;34235;;UNC_M_CAS_COUNT.WR[UNIT5];16003566;100.00;;"
8724 [139721527260864] INFO perfrun.perfcollector <> - PERF_STAT : "     2.019705068;CPU10;1945;;UNC_M_CAS_COUNT.WR[UNIT5];16005106;100.00;;"
8739 [139721527260864] INFO perfrun.perfcollector <> - PERF_STAT : "     2.035716879;CPU0;703358;;UNC_M_CAS_COUNT.RD[UNIT0];15997677;100.00;;"
8739 [139721527260864] INFO perfrun.perfcollector <> - PERF_STAT : "     2.035716879;CPU10;1590;;UNC_M_CAS_COUNT.RD[UNIT0];15991958;100.00;;"
8739 [139721527260864] INFO perfrun.perfcollector <> - PERF_STAT : "     2.035716879;CPU0;457185;;UNC_M_CAS_COUNT.RD[UNIT1];15997294;100.00;;"
8739 [139721527260864] INFO perfrun.perfcollector <> - PERF_STAT : "     2.035716879;CPU10;2286;;UNC_M_CAS_COUNT.RD[UNIT1];15991921;100.00;;"
8739 [139721527260864] INFO perfrun.perfcollector <> - PERF_STAT : "     2.035716879;CPU0;675376;;UNC_M_CAS_COUNT.RD[UNIT4];15997345;100.00;;"
8739 [139721527260864] INFO perfrun.perfcollector <> - PERF_STAT : "     2.035716879;CPU10;1725;;UNC_M_CAS_COUNT.RD[UNIT4];15992503;100.00;;"
8739 [139721527260864] INFO perfrun.perfcollector <> - PERF_STAT : "     2.035716879;CPU0;599216;;UNC_M_CAS_COUNT.RD[UNIT5];15997387;100.00;;"
8740 [139721527260864] INFO perfrun.perfcollector <> - PERF_STAT : "     2.035716879;CPU10;2440;;UNC_M_CAS_COUNT.RD[UNIT5];15992401;100.00;;"
8740 [139721527260864] INFO perfrun.perfcollector <> - PERF_STAT : "     2.035716879;CPU0;46866;;UNC_M_CAS_COUNT.WR[UNIT0];15997310;100.00;;"
8740 [139721527260864] INFO perfrun.perfcollector <> - PERF_STAT : "     2.035716879;CPU10;628;;UNC_M_CAS_COUNT.WR[UNIT0];15992719;100.00;;"
8740 [139721527260864] INFO perfrun.perfcollector <> - PERF_STAT : "     2.035716879;CPU0;17634;;UNC_M_CAS_COUNT.WR[UNIT1];15997206;100.00;;"
8740 [139721527260864] INFO perfrun.perfcollector <> - PERF_STAT : "     2.035716879;CPU10;1429;;UNC_M_CAS_COUNT.WR[UNIT1];15993445;100.00;;"
8740 [139721527260864] INFO perfrun.perfcollector <> - PERF_STAT : "     2.035716879;CPU0;42860;;UNC_M_CAS_COUNT.WR[UNIT4];15997214;100.00;;"
8740 [139721527260864] INFO perfrun.perfcollector <> - PERF_STAT : "     2.035716879;CPU10;633;;UNC_M_CAS_COUNT.WR[UNIT4];15993572;100.00;;"
8740 [139721527260864] INFO perfrun.perfcollector <> - PERF_STAT : "     2.035716879;CPU0;33877;;UNC_M_CAS_COUNT.WR[UNIT5];15997206;100.00;;"
8740 [139721527260864] INFO perfrun.perfcollector <> - PERF_STAT : "     2.035716879;CPU10;1402;;UNC_M_CAS_COUNT.WR[UNIT5];15993661;100.00;;"
8759 [139721527260864] INFO perfrun.perfcollector <> - PERF_STAT : "     2.051708842;CPU0;892134;;UNC_M_CAS_COUNT.RD[UNIT0];19999146;100.00;;"
8759 [139721527260864] INFO perfrun.perfcollector <> - PERF_STAT : "     2.051708842;CPU10;1122;;UNC_M_CAS_COUNT.RD[UNIT0];20004743;100.00;;"
8759 [139721527260864] INFO perfrun.perfcollector <> - PERF_STAT : "     2.051708842;CPU0;586699;;UNC_M_CAS_COUNT.RD[UNIT1];19999631;100.00;;"
8759 [139721527260864] INFO perfrun.perfcollector <> - PERF_STAT : "     2.051708842;CPU10;2030;;UNC_M_CAS_COUNT.RD[UNIT1];20004859;100.00;;"
8759 [139721527260864] INFO perfrun.perfcollector <> - PERF_STAT : "     2.051708842;CPU0;842479;;UNC_M_CAS_COUNT.RD[UNIT4];19999485;100.00;;"
8759 [139721527260864] INFO perfrun.perfcollector <> - PERF_STAT : "     2.051708842;CPU10;1423;;UNC_M_CAS_COUNT.RD[UNIT4];20004446;100.00;;"
8760 [139721527260864] INFO perfrun.perfcollector <> - PERF_STAT : "     2.051708842;CPU0;757741;;UNC_M_CAS_COUNT.RD[UNIT5];19999438;100.00;;"
8760 [139721527260864] INFO perfrun.perfcollector <> - PERF_STAT : "     2.051708842;CPU10;2262;;UNC_M_CAS_COUNT.RD[UNIT5];20004967;100.00;;"
8760 [139721527260864] INFO perfrun.perfcollector <> - PERF_STAT : "     2.051708842;CPU0;59523;;UNC_M_CAS_COUNT.WR[UNIT0];19999419;100.00;;"
8760 [139721527260864] INFO perfrun.perfcollector <> - PERF_STAT : "     2.051708842;CPU10;439;;UNC_M_CAS_COUNT.WR[UNIT0];20005008;100.00;;"
8760 [139721527260864] INFO perfrun.perfcollector <> - PERF_STAT : "     2.051708842;CPU0;24048;;UNC_M_CAS_COUNT.WR[UNIT1];19999457;100.00;;"
8760 [139721527260864] INFO perfrun.perfcollector <> - PERF_STAT : "     2.051708842;CPU10;1456;;UNC_M_CAS_COUNT.WR[UNIT1];20004202;100.00;;"
8760 [139721527260864] INFO perfrun.perfcollector <> - PERF_STAT : "     2.051708842;CPU0;53418;;UNC_M_CAS_COUNT.WR[UNIT4];19999466;100.00;;"
8760 [139721527260864] INFO perfrun.perfcollector <> - PERF_STAT : "     2.051708842;CPU10;508;;UNC_M_CAS_COUNT.WR[UNIT4];20004154;100.00;;"
8760 [139721527260864] INFO perfrun.perfcollector <> - PERF_STAT : "     2.051708842;CPU0;43402;;UNC_M_CAS_COUNT.WR[UNIT5];19999451;100.00;;"
8760 [139721527260864] INFO perfrun.perfcollector <> - PERF_STAT : "     2.051708842;CPU10;1533;;UNC_M_CAS_COUNT.WR[UNIT5];20004393;100.00;;"
8775 [139721527260864] INFO perfrun.perfcollector <> - PERF_STAT : "     2.071715562;CPU0;726085;;UNC_M_CAS_COUNT.RD[UNIT0];16000247;100.00;;"
8775 [139721527260864] INFO perfrun.perfcollector <> - PERF_STAT : "     2.071715562;CPU10;778;;UNC_M_CAS_COUNT.RD[UNIT0];15994558;100.00;;"
8775 [139721527260864] INFO perfrun.perfcollector <> - PERF_STAT : "     2.071715562;CPU0;475410;;UNC_M_CAS_COUNT.RD[UNIT1];15999695;100.00;;"
8775 [139721527260864] INFO perfrun.perfcollector <> - PERF_STAT : "     2.071715562;CPU10;1520;;UNC_M_CAS_COUNT.RD[UNIT1];15994891;100.00;;"
8775 [139721527260864] INFO perfrun.perfcollector <> - PERF_STAT : "     2.071715562;CPU0;685671;;UNC_M_CAS_COUNT.RD[UNIT4];15999655;100.00;;"
8775 [139721527260864] INFO perfrun.perfcollector <> - PERF_STAT : "     2.071715562;CPU10;879;;UNC_M_CAS_COUNT.RD[UNIT4];15995226;100.00;;"
8775 [139721527260864] INFO perfrun.perfcollector <> - PERF_STAT : "     2.071715562;CPU0;616729;;UNC_M_CAS_COUNT.RD[UNIT5];15999637;100.00;;"
8776 [139721527260864] INFO perfrun.perfcollector <> - PERF_STAT : "     2.071715562;CPU10;1672;;UNC_M_CAS_COUNT.RD[UNIT5];15996754;100.00;;"
8776 [139721527260864] INFO perfrun.perfcollector <> - PERF_STAT : "     2.071715562;CPU0;48886;;UNC_M_CAS_COUNT.WR[UNIT0];15999657;100.00;;"
8776 [139721527260864] INFO perfrun.perfcollector <> - PERF_STAT : "     2.071715562;CPU10;212;;UNC_M_CAS_COUNT.WR[UNIT0];15997634;100.00;;"
8776 [139721527260864] INFO perfrun.perfcollector <> - PERF_STAT : "     2.071715562;CPU0;19705;;UNC_M_CAS_COUNT.WR[UNIT1];15999740;100.00;;"
8776 [139721527260864] INFO perfrun.perfcollector <> - PERF_STAT : "     2.071715562;CPU10;1001;;UNC_M_CAS_COUNT.WR[UNIT1];15999318;100.00;;"
8776 [139721527260864] INFO perfrun.perfcollector <> - PERF_STAT : "     2.071715562;CPU0;43929;;UNC_M_CAS_COUNT.WR[UNIT4];15999771;100.00;;"
8776 [139721527260864] INFO perfrun.perfcollector <> - PERF_STAT : "     2.071715562;CPU10;223;;UNC_M_CAS_COUNT.WR[UNIT4];15999140;100.00;;"
8776 [139721527260864] INFO perfrun.perfcollector <> - PERF_STAT : "     2.071715562;CPU0;35838;;UNC_M_CAS_COUNT.WR[UNIT5];15999765;100.00;;"
8776 [139721527260864] INFO perfrun.perfcollector <> - PERF_STAT : "     2.071715562;CPU10;1036;;UNC_M_CAS_COUNT.WR[UNIT5];15998973;100.00;;"
8786 [139721527260864] INFO perfrun.perfcollector <> - PERF_STAT : "     2.087714029;CPU0;485666;;UNC_M_CAS_COUNT.RD[UNIT0];10815470;100.00;;"
8786 [139721527260864] INFO perfrun.perfcollector <> - PERF_STAT : "     2.087714029;CPU10;842;;UNC_M_CAS_COUNT.RD[UNIT0];10816681;100.00;;"
8786 [139721527260864] INFO perfrun.perfcollector <> - PERF_STAT : "     2.087714029;CPU0;338213;;UNC_M_CAS_COUNT.RD[UNIT1];10815550;100.00;;"
8786 [139721527260864] INFO perfrun.perfcollector <> - PERF_STAT : "     2.087714029;CPU10;1281;;UNC_M_CAS_COUNT.RD[UNIT1];10816203;100.00;;"
8786 [139721527260864] INFO perfrun.perfcollector <> - PERF_STAT : "     2.087714029;CPU0;441426;;UNC_M_CAS_COUNT.RD[UNIT4];10815618;100.00;;"
8786 [139721527260864] INFO perfrun.perfcollector <> - PERF_STAT : "     2.087714029;CPU10;912;;UNC_M_CAS_COUNT.RD[UNIT4];10816729;100.00;;"
8786 [139721527260864] INFO perfrun.perfcollector <> - PERF_STAT : "     2.087714029;CPU0;415979;;UNC_M_CAS_COUNT.RD[UNIT5];10815889;100.00;;"
8786 [139721527260864] INFO perfrun.perfcollector <> - PERF_STAT : "     2.087714029;CPU10;1372;;UNC_M_CAS_COUNT.RD[UNIT5];10815600;100.00;;"
8786 [139721527260864] INFO perfrun.perfcollector <> - PERF_STAT : "     2.087714029;CPU0;31804;;UNC_M_CAS_COUNT.WR[UNIT0];10815863;100.00;;"
8786 [139721527260864] INFO perfrun.perfcollector <> - PERF_STAT : "     2.087714029;CPU10;132;;UNC_M_CAS_COUNT.WR[UNIT0];10816510;100.00;;"
8786 [139721527260864] INFO perfrun.perfcollector <> - PERF_STAT : "     2.087714029;CPU0;15450;;UNC_M_CAS_COUNT.WR[UNIT1];10815809;100.00;;"
8786 [139721527260864] INFO perfrun.perfcollector <> - PERF_STAT : "     2.087714029;CPU10;684;;UNC_M_CAS_COUNT.WR[UNIT1];10815956;100.00;;"
8786 [139721527260864] INFO perfrun.perfcollector <> - PERF_STAT : "     2.087714029;CPU0;27429;;UNC_M_CAS_COUNT.WR[UNIT4];10815733;100.00;;"
8786 [139721527260864] INFO perfrun.perfcollector <> - PERF_STAT : "     2.087714029;CPU10;191;;UNC_M_CAS_COUNT.WR[UNIT4];10816356;100.00;;"
8786 [139721527260864] INFO perfrun.perfcollector <> - PERF_STAT : "     2.087714029;CPU0;24502;;UNC_M_CAS_COUNT.WR[UNIT5];10815755;100.00;;"
8786 [139721527260864] INFO perfrun.perfcollector <> - PERF_STAT : "     2.087714029;CPU10;713;;UNC_M_CAS_COUNT.WR[UNIT5];10817133;100.00;;"
8799 [139721527260864] INFO perfrun.perfcollector <> - PERF_STAT : "     2.098528579;CPU0;567036;;UNC_M_CAS_COUNT.RD[UNIT0];13187529;100.00;;"
8799 [139721527260864] INFO perfrun.perfcollector <> - PERF_STAT : "     2.098528579;CPU10;752;;UNC_M_CAS_COUNT.RD[UNIT0];13187152;100.00;;"
8799 [139721527260864] INFO perfrun.perfcollector <> - PERF_STAT : "     2.098528579;CPU0;356392;;UNC_M_CAS_COUNT.RD[UNIT1];13187662;100.00;;"
8799 [139721527260864] INFO perfrun.perfcollector <> - PERF_STAT : "     2.098528579;CPU10;1313;;UNC_M_CAS_COUNT.RD[UNIT1];13187679;100.00;;"
8799 [139721527260864] INFO perfrun.perfcollector <> - PERF_STAT : "     2.098528579;CPU0;555003;;UNC_M_CAS_COUNT.RD[UNIT4];13187482;100.00;;"
8799 [139721527260864] INFO perfrun.perfcollector <> - PERF_STAT : "     2.098528579;CPU10;1005;;UNC_M_CAS_COUNT.RD[UNIT4];13187250;100.00;;"
8799 [139721527260864] INFO perfrun.perfcollector <> - PERF_STAT : "     2.098528579;CPU0;481372;;UNC_M_CAS_COUNT.RD[UNIT5];13187384;100.00;;"
8800 [139721527260864] INFO perfrun.perfcollector <> - PERF_STAT : "     2.098528579;CPU10;1504;;UNC_M_CAS_COUNT.RD[UNIT5];13186342;100.00;;"
8800 [139721527260864] INFO perfrun.perfcollector <> - PERF_STAT : "     2.098528579;CPU0;38280;;UNC_M_CAS_COUNT.WR[UNIT0];13187294;100.00;;"
8800 [139721527260864] INFO perfrun.perfcollector <> - PERF_STAT : "     2.098528579;CPU10;246;;UNC_M_CAS_COUNT.WR[UNIT0];13184781;100.00;;"
8800 [139721527260864] INFO perfrun.perfcollector <> - PERF_STAT : "     2.098528579;CPU0;12764;;UNC_M_CAS_COUNT.WR[UNIT1];13187317;100.00;;"
8800 [139721527260864] INFO perfrun.perfcollector <> - PERF_STAT : "     2.098528579;CPU10;937;;UNC_M_CAS_COUNT.WR[UNIT1];13183840;100.00;;"
8800 [139721527260864] INFO perfrun.perfcollector <> - PERF_STAT : "     2.098528579;CPU0;35832;;UNC_M_CAS_COUNT.WR[UNIT4];13187347;100.00;;"
8800 [139721527260864] INFO perfrun.perfcollector <> - PERF_STAT : "     2.098528579;CPU10;274;;UNC_M_CAS_COUNT.WR[UNIT4];13183402;100.00;;"
8800 [139721527260864] INFO perfrun.perfcollector <> - PERF_STAT : "     2.098528579;CPU0;27017;;UNC_M_CAS_COUNT.WR[UNIT5];13187326;100.00;;"
8800 [139721527260864] INFO perfrun.perfcollector <> - PERF_STAT : "     2.098528579;CPU10;955;;UNC_M_CAS_COUNT.WR[UNIT5];13182757;100.00;;"
8815 [139721527260864] INFO perfrun.perfcollector <> - PERF_STAT : "     2.111708959;CPU0;725621;;UNC_M_CAS_COUNT.RD[UNIT0];15995533;100.00;;"
8815 [139721527260864] INFO perfrun.perfcollector <> - PERF_STAT : "     2.111708959;CPU10;2661;;UNC_M_CAS_COUNT.RD[UNIT0];15994969;100.00;;"
8815 [139721527260864] INFO perfrun.perfcollector <> - PERF_STAT : "     2.111708959;CPU0;476346;;UNC_M_CAS_COUNT.RD[UNIT1];15995664;100.00;;"
8815 [139721527260864] INFO perfrun.perfcollector <> - PERF_STAT : "     2.111708959;CPU10;3267;;UNC_M_CAS_COUNT.RD[UNIT1];15997653;100.00;;"
8815 [139721527260864] INFO perfrun.perfcollector <> - PERF_STAT : "     2.111708959;CPU0;683174;;UNC_M_CAS_COUNT.RD[UNIT4];15995919;100.00;;"
8815 [139721527260864] INFO perfrun.perfcollector <> - PERF_STAT : "     2.111708959;CPU10;2804;;UNC_M_CAS_COUNT.RD[UNIT4];15997190;100.00;;"
8816 [139721527260864] INFO perfrun.perfcollector <> - PERF_STAT : "     2.111708959;CPU0;614363;;UNC_M_CAS_COUNT.RD[UNIT5];15995963;100.00;;"
8816 [139721527260864] INFO perfrun.perfcollector <> - PERF_STAT : "     2.111708959;CPU10;3491;;UNC_M_CAS_COUNT.RD[UNIT5];15997279;100.00;;"
8816 [139721527260864] INFO perfrun.perfcollector <> - PERF_STAT : "     2.111708959;CPU0;48856;;UNC_M_CAS_COUNT.WR[UNIT0];15996047;100.00;;"
8816 [139721527260864] INFO perfrun.perfcollector <> - PERF_STAT : "     2.111708959;CPU10;817;;UNC_M_CAS_COUNT.WR[UNIT0];15997384;100.00;;"
8816 [139721527260864] INFO perfrun.perfcollector <> - PERF_STAT : "     2.111708959;CPU0;19618;;UNC_M_CAS_COUNT.WR[UNIT1];15996130;100.00;;"
8816 [139721527260864] INFO perfrun.perfcollector <> - PERF_STAT : "     2.111708959;CPU10;1643;;UNC_M_CAS_COUNT.WR[UNIT1];15998994;100.00;;"
8816 [139721527260864] INFO perfrun.perfcollector <> - PERF_STAT : "     2.111708959;CPU0;43846;;UNC_M_CAS_COUNT.WR[UNIT4];15996211;100.00;;"
8816 [139721527260864] INFO perfrun.perfcollector <> - PERF_STAT : "     2.111708959;CPU10;870;;UNC_M_CAS_COUNT.WR[UNIT4];15999149;100.00;;"
8816 [139721527260864] INFO perfrun.perfcollector <> - PERF_STAT : "     2.111708959;CPU0;35516;;UNC_M_CAS_COUNT.WR[UNIT5];15996243;100.00;;"
8816 [139721527260864] INFO perfrun.perfcollector <> - PERF_STAT : "     2.111708959;CPU10;1608;;UNC_M_CAS_COUNT.WR[UNIT5];15999123;100.00;;"
8831 [139721527260864] INFO perfrun.perfcollector <> - PERF_STAT : "     2.127713486;CPU0;695177;;UNC_M_CAS_COUNT.RD[UNIT0];16002169;100.00;;"
8831 [139721527260864] INFO perfrun.perfcollector <> - PERF_STAT : "     2.127713486;CPU10;788;;UNC_M_CAS_COUNT.RD[UNIT0];16007226;100.00;;"
8831 [139721527260864] INFO perfrun.perfcollector <> - PERF_STAT : "     2.127713486;CPU0;470311;;UNC_M_CAS_COUNT.RD[UNIT1];16002452;100.00;;"
8831 [139721527260864] INFO perfrun.perfcollector <> - PERF_STAT : "     2.127713486;CPU10;1527;;UNC_M_CAS_COUNT.RD[UNIT1];16004336;100.00;;"
8831 [139721527260864] INFO perfrun.perfcollector <> - PERF_STAT : "     2.127713486;CPU0;644655;;UNC_M_CAS_COUNT.RD[UNIT4];16002398;100.00;;"
8831 [139721527260864] INFO perfrun.perfcollector <> - PERF_STAT : "     2.127713486;CPU10;912;;UNC_M_CAS_COUNT.RD[UNIT4];16005383;100.00;;"
8831 [139721527260864] INFO perfrun.perfcollector <> - PERF_STAT : "     2.127713486;CPU0;594203;;UNC_M_CAS_COUNT.RD[UNIT5];16002318;100.00;;"
8832 [139721527260864] INFO perfrun.perfcollector <> - PERF_STAT : "     2.127713486;CPU10;1663;;UNC_M_CAS_COUNT.RD[UNIT5];16006797;100.00;;"
8832 [139721527260864] INFO perfrun.perfcollector <> - PERF_STAT : "     2.127713486;CPU0;45714;;UNC_M_CAS_COUNT.WR[UNIT0];16002420;100.00;;"
8832 [139721527260864] INFO perfrun.perfcollector <> - PERF_STAT : "     2.127713486;CPU10;510;;UNC_M_CAS_COUNT.WR[UNIT0];16006225;100.00;;"
8832 [139721527260864] INFO perfrun.perfcollector <> - PERF_STAT : "     2.127713486;CPU0;20082;;UNC_M_CAS_COUNT.WR[UNIT1];16002324;100.00;;"
8832 [139721527260864] INFO perfrun.perfcollector <> - PERF_STAT : "     2.127713486;CPU10;1304;;UNC_M_CAS_COUNT.WR[UNIT1];16005212;100.00;;"
8832 [139721527260864] INFO perfrun.perfcollector <> - PERF_STAT : "     2.127713486;CPU0;40250;;UNC_M_CAS_COUNT.WR[UNIT4];16002314;100.00;;"
8832 [139721527260864] INFO perfrun.perfcollector <> - PERF_STAT : "     2.127713486;CPU10;531;;UNC_M_CAS_COUNT.WR[UNIT4];16006106;100.00;;"
8832 [139721527260864] INFO perfrun.perfcollector <> - PERF_STAT : "     2.127713486;CPU0;34335;;UNC_M_CAS_COUNT.WR[UNIT5];16002281;100.00;;"
8832 [139721527260864] INFO perfrun.perfcollector <> - PERF_STAT : "     2.127713486;CPU10;1348;;UNC_M_CAS_COUNT.WR[UNIT5];16006405;100.00;;"
8847 [139721527260864] INFO perfrun.perfcollector <> - PERF_STAT : "     2.143721223;CPU0;706319;;UNC_M_CAS_COUNT.RD[UNIT0];15448576;100.00;;"
8847 [139721527260864] INFO perfrun.perfcollector <> - PERF_STAT : "     2.143721223;CPU10;894;;UNC_M_CAS_COUNT.RD[UNIT0];15445925;100.00;;"
8847 [139721527260864] INFO perfrun.perfcollector <> - PERF_STAT : "     2.143721223;CPU0;474309;;UNC_M_CAS_COUNT.RD[UNIT1];15448416;100.00;;"
8847 [139721527260864] INFO perfrun.perfcollector <> - PERF_STAT : "     2.143721223;CPU10;1610;;UNC_M_CAS_COUNT.RD[UNIT1];15446478;100.00;;"
8847 [139721527260864] INFO perfrun.perfcollector <> - PERF_STAT : "     2.143721223;CPU0;657100;;UNC_M_CAS_COUNT.RD[UNIT4];15448590;100.00;;"
8847 [139721527260864] INFO perfrun.perfcollector <> - PERF_STAT : "     2.143721223;CPU10;1063;;UNC_M_CAS_COUNT.RD[UNIT4];15445313;100.00;;"
8847 [139721527260864] INFO perfrun.perfcollector <> - PERF_STAT : "     2.143721223;CPU0;602176;;UNC_M_CAS_COUNT.RD[UNIT5];15448583;100.00;;"
8847 [139721527260864] INFO perfrun.perfcollector <> - PERF_STAT : "     2.143721223;CPU10;1829;;UNC_M_CAS_COUNT.RD[UNIT5];15444325;100.00;;"
8847 [139721527260864] INFO perfrun.perfcollector <> - PERF_STAT : "     2.143721223;CPU0;47162;;UNC_M_CAS_COUNT.WR[UNIT0];15448510;100.00;;"
8847 [139721527260864] INFO perfrun.perfcollector <> - PERF_STAT : "     2.143721223;CPU10;259;;UNC_M_CAS_COUNT.WR[UNIT0];15444358;100.00;;"
8847 [139721527260864] INFO perfrun.perfcollector <> - PERF_STAT : "     2.143721223;CPU0;20400;;UNC_M_CAS_COUNT.WR[UNIT1];15448536;100.00;;"
8847 [139721527260864] INFO perfrun.perfcollector <> - PERF_STAT : "     2.143721223;CPU10;1037;;UNC_M_CAS_COUNT.WR[UNIT1];15443639;100.00;;"
8847 [139721527260864] INFO perfrun.perfcollector <> - PERF_STAT : "     2.143721223;CPU0;41609;;UNC_M_CAS_COUNT.WR[UNIT4];15448446;100.00;;"
8847 [139721527260864] INFO perfrun.perfcollector <> - PERF_STAT : "     2.143721223;CPU10;275;;UNC_M_CAS_COUNT.WR[UNIT4];15443259;100.00;;"
8847 [139721527260864] INFO perfrun.perfcollector <> - PERF_STAT : "     2.143721223;CPU0;35046;;UNC_M_CAS_COUNT.WR[UNIT5];15448440;100.00;;"
8847 [139721527260864] INFO perfrun.perfcollector <> - PERF_STAT : "     2.143721223;CPU10;1095;;UNC_M_CAS_COUNT.WR[UNIT5];15442929;100.00;;"
8859 [139721527260864] INFO perfrun.perfcollector <> - PERF_STAT : "     2.159159697;CPU0;538877;;UNC_M_CAS_COUNT.RD[UNIT0];12552769;100.00;;"
8859 [139721527260864] INFO perfrun.perfcollector <> - PERF_STAT : "     2.159159697;CPU10;850;;UNC_M_CAS_COUNT.RD[UNIT0];12551143;100.00;;"
8859 [139721527260864] INFO perfrun.perfcollector <> - PERF_STAT : "     2.159159697;CPU0;337723;;UNC_M_CAS_COUNT.RD[UNIT1];12552257;100.00;;"
8859 [139721527260864] INFO perfrun.perfcollector <> - PERF_STAT : "     2.159159697;CPU10;1421;;UNC_M_CAS_COUNT.RD[UNIT1];12551474;100.00;;"
8859 [139721527260864] INFO perfrun.perfcollector <> - PERF_STAT : "     2.159159697;CPU0;529868;;UNC_M_CAS_COUNT.RD[UNIT4];12552018;100.00;;"
8859 [139721527260864] INFO perfrun.perfcollector <> - PERF_STAT : "     2.159159697;CPU10;1090;;UNC_M_CAS_COUNT.RD[UNIT4];12552215;100.00;;"
8859 [139721527260864] INFO perfrun.perfcollector <> - PERF_STAT : "     2.159159697;CPU0;458058;;UNC_M_CAS_COUNT.RD[UNIT5];12552012;100.00;;"
8859 [139721527260864] INFO perfrun.perfcollector <> - PERF_STAT : "     2.159159697;CPU10;1572;;UNC_M_CAS_COUNT.RD[UNIT5];12551765;100.00;;"
8860 [139721527260864] INFO perfrun.perfcollector <> - PERF_STAT : "     2.159159697;CPU0;36088;;UNC_M_CAS_COUNT.WR[UNIT0];12551997;100.00;;"
8860 [139721527260864] INFO perfrun.perfcollector <> - PERF_STAT : "     2.159159697;CPU10;228;;UNC_M_CAS_COUNT.WR[UNIT0];12551841;100.00;;"
8860 [139721527260864] INFO perfrun.perfcollector <> - PERF_STAT : "     2.159159697;CPU0;11649;;UNC_M_CAS_COUNT.WR[UNIT1];12551930;100.00;;"
8860 [139721527260864] INFO perfrun.perfcollector <> - PERF_STAT : "     2.159159697;CPU10;833;;UNC_M_CAS_COUNT.WR[UNIT1];12552007;100.00;;"
8860 [139721527260864] INFO perfrun.perfcollector <> - PERF_STAT : "     2.159159697;CPU0;34004;;UNC_M_CAS_COUNT.WR[UNIT4];12552034;100.00;;"
8860 [139721527260864] INFO perfrun.perfcollector <> - PERF_STAT : "     2.159159697;CPU10;272;;UNC_M_CAS_COUNT.WR[UNIT4];12552294;100.00;;"
8860 [139721527260864] INFO perfrun.perfcollector <> - PERF_STAT : "     2.159159697;CPU0;25346;;UNC_M_CAS_COUNT.WR[UNIT5];12552126;100.00;;"
8860 [139721527260864] INFO perfrun.perfcollector <> - PERF_STAT : "     2.159159697;CPU10;901;;UNC_M_CAS_COUNT.WR[UNIT5];12552350;100.00;;"
8875 [139721527260864] INFO perfrun.perfcollector <> - PERF_STAT : "     2.171706675;CPU0;728803;;UNC_M_CAS_COUNT.RD[UNIT0];15998777;100.00;;"
8875 [139721527260864] INFO perfrun.perfcollector <> - PERF_STAT : "     2.171706675;CPU10;671;;UNC_M_CAS_COUNT.RD[UNIT0];15998027;100.00;;"
8875 [139721527260864] INFO perfrun.perfcollector <> - PERF_STAT : "     2.171706675;CPU0;474973;;UNC_M_CAS_COUNT.RD[UNIT1];15999000;100.00;;"
8875 [139721527260864] INFO perfrun.perfcollector <> - PERF_STAT : "     2.171706675;CPU10;1407;;UNC_M_CAS_COUNT.RD[UNIT1];15996657;100.00;;"
8875 [139721527260864] INFO perfrun.perfcollector <> - PERF_STAT : "     2.171706675;CPU0;688467;;UNC_M_CAS_COUNT.RD[UNIT4];15999168;100.00;;"
8875 [139721527260864] INFO perfrun.perfcollector <> - PERF_STAT : "     2.171706675;CPU10;850;;UNC_M_CAS_COUNT.RD[UNIT4];15995849;100.00;;"
8875 [139721527260864] INFO perfrun.perfcollector <> - PERF_STAT : "     2.171706675;CPU0;614959;;UNC_M_CAS_COUNT.RD[UNIT5];15999058;100.00;;"
8876 [139721527260864] INFO perfrun.perfcollector <> - PERF_STAT : "     2.171706675;CPU10;1575;;UNC_M_CAS_COUNT.RD[UNIT5];15996014;100.00;;"
8876 [139721527260864] INFO perfrun.perfcollector <> - PERF_STAT : "     2.171706675;CPU0;48769;;UNC_M_CAS_COUNT.WR[UNIT0];15999218;100.00;;"
8876 [139721527260864] INFO perfrun.perfcollector <> - PERF_STAT : "     2.171706675;CPU10;201;;UNC_M_CAS_COUNT.WR[UNIT0];15995760;100.00;;"
8876 [139721527260864] INFO perfrun.perfcollector <> - PERF_STAT : "     2.171706675;CPU0;19259;;UNC_M_CAS_COUNT.WR[UNIT1];15999277;100.00;;"
8876 [139721527260864] INFO perfrun.perfcollector <> - PERF_STAT : "     2.171706675;CPU10;982;;UNC_M_CAS_COUNT.WR[UNIT1];15995393;100.00;;"
8876 [139721527260864] INFO perfrun.perfcollector <> - PERF_STAT : "     2.171706675;CPU0;44089;;UNC_M_CAS_COUNT.WR[UNIT4];15999160;100.00;;"
8876 [139721527260864] INFO perfrun.perfcollector <> - PERF_STAT : "     2.171706675;CPU10;221;;UNC_M_CAS_COUNT.WR[UNIT4];15996565;100.00;;"
8876 [139721527260864] INFO perfrun.perfcollector <> - PERF_STAT : "     2.171706675;CPU0;35478;;UNC_M_CAS_COUNT.WR[UNIT5];15999059;100.00;;"
8876 [139721527260864] INFO perfrun.perfcollector <> - PERF_STAT : "     2.171706675;CPU10;1027;;UNC_M_CAS_COUNT.WR[UNIT5];15996794;100.00;;"
8891 [139721527260864] INFO perfrun.perfcollector <> - PERF_STAT : "     2.187706407;CPU0;702902;;UNC_M_CAS_COUNT.RD[UNIT0];16000268;100.00;;"
8891 [139721527260864] INFO perfrun.perfcollector <> - PERF_STAT : "     2.187706407;CPU10;817;;UNC_M_CAS_COUNT.RD[UNIT0];16001577;100.00;;"
8891 [139721527260864] INFO perfrun.perfcollector <> - PERF_STAT : "     2.187706407;CPU0;474795;;UNC_M_CAS_COUNT.RD[UNIT1];16000317;100.00;;"
8891 [139721527260864] INFO perfrun.perfcollector <> - PERF_STAT : "     2.187706407;CPU10;1527;;UNC_M_CAS_COUNT.RD[UNIT1];16002030;100.00;;"
8891 [139721527260864] INFO perfrun.perfcollector <> - PERF_STAT : "     2.187706407;CPU0;653309;;UNC_M_CAS_COUNT.RD[UNIT4];16000272;100.00;;"
8891 [139721527260864] INFO perfrun.perfcollector <> - PERF_STAT : "     2.187706407;CPU10;1007;;UNC_M_CAS_COUNT.RD[UNIT4];16001971;100.00;;"
8891 [139721527260864] INFO perfrun.perfcollector <> - PERF_STAT : "     2.187706407;CPU0;600300;;UNC_M_CAS_COUNT.RD[UNIT5];16000418;100.00;;"
8892 [139721527260864] INFO perfrun.perfcollector <> - PERF_STAT : "     2.187706407;CPU10;1683;;UNC_M_CAS_COUNT.RD[UNIT5];16001807;100.00;;"
8892 [139721527260864] INFO perfrun.perfcollector <> - PERF_STAT : "     2.187706407;CPU0;46384;;UNC_M_CAS_COUNT.WR[UNIT0];16000246;100.00;;"
8892 [139721527260864] INFO perfrun.perfcollector <> - PERF_STAT : "     2.187706407;CPU10;219;;UNC_M_CAS_COUNT.WR[UNIT0];16004256;100.00;;"
8892 [139721527260864] INFO perfrun.perfcollector <> - PERF_STAT : "     2.187706407;CPU0;20130;;UNC_M_CAS_COUNT.WR[UNIT1];16000242;100.00;;"
8892 [139721527260864] INFO perfrun.perfcollector <> - PERF_STAT : "     2.187706407;CPU10;1047;;UNC_M_CAS_COUNT.WR[UNIT1];16005102;100.00;;"
8892 [139721527260864] INFO perfrun.perfcollector <> - PERF_STAT : "     2.187706407;CPU0;41304;;UNC_M_CAS_COUNT.WR[UNIT4];16000249;100.00;;"
8892 [139721527260864] INFO perfrun.perfcollector <> - PERF_STAT : "     2.187706407;CPU10;273;;UNC_M_CAS_COUNT.WR[UNIT4];16003279;100.00;;"
8892 [139721527260864] INFO perfrun.perfcollector <> - PERF_STAT : "     2.187706407;CPU0;34816;;UNC_M_CAS_COUNT.WR[UNIT5];16000268;100.00;;"
8892 [139721527260864] INFO perfrun.perfcollector <> - PERF_STAT : "     2.187706407;CPU10;1093;;UNC_M_CAS_COUNT.WR[UNIT5];16002966;100.00;;"
8907 [139721527260864] INFO perfrun.perfcollector <> - PERF_STAT : "     2.203711807;CPU0;706052;;UNC_M_CAS_COUNT.RD[UNIT0];16001837;100.00;;"
8907 [139721527260864] INFO perfrun.perfcollector <> - PERF_STAT : "     2.203711807;CPU10;2559;;UNC_M_CAS_COUNT.RD[UNIT0];16003564;100.00;;"
8907 [139721527260864] INFO perfrun.perfcollector <> - PERF_STAT : "     2.203711807;CPU0;476211;;UNC_M_CAS_COUNT.RD[UNIT1];16001863;100.00;;"
8907 [139721527260864] INFO perfrun.perfcollector <> - PERF_STAT : "     2.203711807;CPU10;3320;;UNC_M_CAS_COUNT.RD[UNIT1];16003275;100.00;;"
8907 [139721527260864] INFO perfrun.perfcollector <> - PERF_STAT : "     2.203711807;CPU0;656003;;UNC_M_CAS_COUNT.RD[UNIT4];16001747;100.00;;"
8907 [139721527260864] INFO perfrun.perfcollector <> - PERF_STAT : "     2.203711807;CPU10;2811;;UNC_M_CAS_COUNT.RD[UNIT4];16003374;100.00;;"
8907 [139721527260864] INFO perfrun.perfcollector <> - PERF_STAT : "     2.203711807;CPU0;600670;;UNC_M_CAS_COUNT.RD[UNIT5];16001624;100.00;;"
8908 [139721527260864] INFO perfrun.perfcollector <> - PERF_STAT : "     2.203711807;CPU10;3438;;UNC_M_CAS_COUNT.RD[UNIT5];16003229;100.00;;"
8908 [139721527260864] INFO perfrun.perfcollector <> - PERF_STAT : "     2.203711807;CPU0;47097;;UNC_M_CAS_COUNT.WR[UNIT0];16001714;100.00;;"
8908 [139721527260864] INFO perfrun.perfcollector <> - PERF_STAT : "     2.203711807;CPU10;424;;UNC_M_CAS_COUNT.WR[UNIT0];16000610;100.00;;"
8908 [139721527260864] INFO perfrun.perfcollector <> - PERF_STAT : "     2.203711807;CPU0;20561;;UNC_M_CAS_COUNT.WR[UNIT1];16001621;100.00;;"
8908 [139721527260864] INFO perfrun.perfcollector <> - PERF_STAT : "     2.203711807;CPU10;1249;;UNC_M_CAS_COUNT.WR[UNIT1];15999934;100.00;;"
8908 [139721527260864] INFO perfrun.perfcollector <> - PERF_STAT : "     2.203711807;CPU0;41414;;UNC_M_CAS_COUNT.WR[UNIT4];16001608;100.00;;"
8908 [139721527260864] INFO perfrun.perfcollector <> - PERF_STAT : "     2.203711807;CPU10;504;;UNC_M_CAS_COUNT.WR[UNIT4];15999659;100.00;;"
8908 [139721527260864] INFO perfrun.perfcollector <> - PERF_STAT : "     2.203711807;CPU0;35055;;UNC_M_CAS_COUNT.WR[UNIT5];16001605;100.00;;"
8908 [139721527260864] INFO perfrun.perfcollector <> - PERF_STAT : "     2.203711807;CPU10;1314;;UNC_M_CAS_COUNT.WR[UNIT5];15999416;100.00;;"
8923 [139721527260864] INFO perfrun.perfcollector <> - PERF_STAT : "     2.219714824;CPU0;726069;;UNC_M_CAS_COUNT.RD[UNIT0];16000163;100.00;;"
8923 [139721527260864] INFO perfrun.perfcollector <> - PERF_STAT : "     2.219714824;CPU10;711;;UNC_M_CAS_COUNT.RD[UNIT0];15997898;100.00;;"
8923 [139721527260864] INFO perfrun.perfcollector <> - PERF_STAT : "     2.219714824;CPU0;469258;;UNC_M_CAS_COUNT.RD[UNIT1];15999943;100.00;;"
8923 [139721527260864] INFO perfrun.perfcollector <> - PERF_STAT : "     2.219714824;CPU10;1398;;UNC_M_CAS_COUNT.RD[UNIT1];15998060;100.00;;"
8923 [139721527260864] INFO perfrun.perfcollector <> - PERF_STAT : "     2.219714824;CPU0;693756;;UNC_M_CAS_COUNT.RD[UNIT4];16000156;100.00;;"
8923 [139721527260864] INFO perfrun.perfcollector <> - PERF_STAT : "     2.219714824;CPU10;835;;UNC_M_CAS_COUNT.RD[UNIT4];15998826;100.00;;"
8923 [139721527260864] INFO perfrun.perfcollector <> - PERF_STAT : "     2.219714824;CPU0;617436;;UNC_M_CAS_COUNT.RD[UNIT5];16000123;100.00;;"
8924 [139721527260864] INFO perfrun.perfcollector <> - PERF_STAT : "     2.219714824;CPU10;1573;;UNC_M_CAS_COUNT.RD[UNIT5];15999023;100.00;;"
8924 [139721527260864] INFO perfrun.perfcollector <> - PERF_STAT : "     2.219714824;CPU0;48945;;UNC_M_CAS_COUNT.WR[UNIT0];16000042;100.00;;"
8924 [139721527260864] INFO perfrun.perfcollector <> - PERF_STAT : "     2.219714824;CPU10;828;;UNC_M_CAS_COUNT.WR[UNIT0];15999269;100.00;;"
8924 [139721527260864] INFO perfrun.perfcollector <> - PERF_STAT : "     2.219714824;CPU0;18339;;UNC_M_CAS_COUNT.WR[UNIT1];16000129;100.00;;"
8924 [139721527260864] INFO perfrun.perfcollector <> - PERF_STAT : "     2.219714824;CPU10;1650;;UNC_M_CAS_COUNT.WR[UNIT1];15999053;100.00;;"
8924 [139721527260864] INFO perfrun.perfcollector <> - PERF_STAT : "     2.219714824;CPU0;44612;;UNC_M_CAS_COUNT.WR[UNIT4];16000150;100.00;;"
8924 [139721527260864] INFO perfrun.perfcollector <> - PERF_STAT : "     2.219714824;CPU10;882;;UNC_M_CAS_COUNT.WR[UNIT4];15999185;100.00;;"
8924 [139721527260864] INFO perfrun.perfcollector <> - PERF_STAT : "     2.219714824;CPU0;35289;;UNC_M_CAS_COUNT.WR[UNIT5];16000134;100.00;;"
8924 [139721527260864] INFO perfrun.perfcollector <> - PERF_STAT : "     2.219714824;CPU10;1691;;UNC_M_CAS_COUNT.WR[UNIT5];15999238;100.00;;"
8939 [139721527260864] INFO perfrun.perfcollector <> - PERF_STAT : "     2.235706731;CPU0;705427;;UNC_M_CAS_COUNT.RD[UNIT0];15999421;100.00;;"
8939 [139721527260864] INFO perfrun.perfcollector <> - PERF_STAT : "     2.235706731;CPU10;1785;;UNC_M_CAS_COUNT.RD[UNIT0];16001152;100.00;;"
8939 [139721527260864] INFO perfrun.perfcollector <> - PERF_STAT : "     2.235706731;CPU0;456494;;UNC_M_CAS_COUNT.RD[UNIT1];15999713;100.00;;"
8939 [139721527260864] INFO perfrun.perfcollector <> - PERF_STAT : "     2.235706731;CPU10;2487;;UNC_M_CAS_COUNT.RD[UNIT1];16001141;100.00;;"
8939 [139721527260864] INFO perfrun.perfcollector <> - PERF_STAT : "     2.235706731;CPU0;678922;;UNC_M_CAS_COUNT.RD[UNIT4];15999579;100.00;;"
8939 [139721527260864] INFO perfrun.perfcollector <> - PERF_STAT : "     2.235706731;CPU10;1958;;UNC_M_CAS_COUNT.RD[UNIT4];16000746;100.00;;"
8939 [139721527260864] INFO perfrun.perfcollector <> - PERF_STAT : "     2.235706731;CPU0;602030;;UNC_M_CAS_COUNT.RD[UNIT5];15999766;100.00;;"
8940 [139721527260864] INFO perfrun.perfcollector <> - PERF_STAT : "     2.235706731;CPU10;2618;;UNC_M_CAS_COUNT.RD[UNIT5];16000757;100.00;;"
8940 [139721527260864] INFO perfrun.perfcollector <> - PERF_STAT : "     2.235706731;CPU0;47081;;UNC_M_CAS_COUNT.WR[UNIT0];15999926;100.00;;"
8940 [139721527260864] INFO perfrun.perfcollector <> - PERF_STAT : "     2.235706731;CPU10;418;;UNC_M_CAS_COUNT.WR[UNIT0];16001408;100.00;;"
8940 [139721527260864] INFO perfrun.perfcollector <> - PERF_STAT : "     2.235706731;CPU0;17586;;UNC_M_CAS_COUNT.WR[UNIT1];15999925;100.00;;"
8940 [139721527260864] INFO perfrun.perfcollector <> - PERF_STAT : "     2.235706731;CPU10;1212;;UNC_M_CAS_COUNT.WR[UNIT1];16002926;100.00;;"
8940 [139721527260864] INFO perfrun.perfcollector <> - PERF_STAT : "     2.235706731;CPU0;43576;;UNC_M_CAS_COUNT.WR[UNIT4];15999924;100.00;;"
8940 [139721527260864] INFO perfrun.perfcollector <> - PERF_STAT : "     2.235706731;CPU10;449;;UNC_M_CAS_COUNT.WR[UNIT4];16002763;100.00;;"
8940 [139721527260864] INFO perfrun.perfcollector <> - PERF_STAT : "     2.235706731;CPU0;34113;;UNC_M_CAS_COUNT.WR[UNIT5];15999931;100.00;;"
8940 [139721527260864] INFO perfrun.perfcollector <> - PERF_STAT : "     2.235706731;CPU10;1248;;UNC_M_CAS_COUNT.WR[UNIT5];16002789;100.00;;"
8959 [139721527260864] INFO perfrun.perfcollector <> - PERF_STAT : "     2.251715063;CPU0;882860;;UNC_M_CAS_COUNT.RD[UNIT0];20001470;100.00;;"
8959 [139721527260864] INFO perfrun.perfcollector <> - PERF_STAT : "     2.251715063;CPU10;1174;;UNC_M_CAS_COUNT.RD[UNIT0];20003905;100.00;;"
8959 [139721527260864] INFO perfrun.perfcollector <> - PERF_STAT : "     2.251715063;CPU0;583569;;UNC_M_CAS_COUNT.RD[UNIT1];20001625;100.00;;"
8959 [139721527260864] INFO perfrun.perfcollector <> - PERF_STAT : "     2.251715063;CPU10;2054;;UNC_M_CAS_COUNT.RD[UNIT1];20004271;100.00;;"
8959 [139721527260864] INFO perfrun.perfcollector <> - PERF_STAT : "     2.251715063;CPU0;834686;;UNC_M_CAS_COUNT.RD[UNIT4];20001504;100.00;;"
8960 [139721527260864] INFO perfrun.perfcollector <> - PERF_STAT : "     2.251715063;CPU10;1466;;UNC_M_CAS_COUNT.RD[UNIT4];20004251;100.00;;"
8960 [139721527260864] INFO perfrun.perfcollector <> - PERF_STAT : "     2.251715063;CPU0;751959;;UNC_M_CAS_COUNT.RD[UNIT5];20001398;100.00;;"
8960 [139721527260864] INFO perfrun.perfcollector <> - PERF_STAT : "     2.251715063;CPU10;2362;;UNC_M_CAS_COUNT.RD[UNIT5];20005844;100.00;;"
8960 [139721527260864] INFO perfrun.perfcollector <> - PERF_STAT : "     2.251715063;CPU0;58799;;UNC_M_CAS_COUNT.WR[UNIT0];20001247;100.00;;"
8960 [139721527260864] INFO perfrun.perfcollector <> - PERF_STAT : "     2.251715063;CPU10;523;;UNC_M_CAS_COUNT.WR[UNIT0];20005430;100.00;;"
8960 [139721527260864] INFO perfrun.perfcollector <> - PERF_STAT : "     2.251715063;CPU0;23845;;UNC_M_CAS_COUNT.WR[UNIT1];20001178;100.00;;"
8960 [139721527260864] INFO perfrun.perfcollector <> - PERF_STAT : "     2.251715063;CPU10;1500;;UNC_M_CAS_COUNT.WR[UNIT1];20004495;100.00;;"
8960 [139721527260864] INFO perfrun.perfcollector <> - PERF_STAT : "     2.251715063;CPU0;52719;;UNC_M_CAS_COUNT.WR[UNIT4];20001215;100.00;;"
8960 [139721527260864] INFO perfrun.perfcollector <> - PERF_STAT : "     2.251715063;CPU10;520;;UNC_M_CAS_COUNT.WR[UNIT4];20006985;100.00;;"
8960 [139721527260864] INFO perfrun.perfcollector <> - PERF_STAT : "     2.251715063;CPU0;43240;;UNC_M_CAS_COUNT.WR[UNIT5];20001228;100.00;;"
8960 [139721527260864] INFO perfrun.perfcollector <> - PERF_STAT : "     2.251715063;CPU10;1588;;UNC_M_CAS_COUNT.WR[UNIT5];20008388;100.00;;"
8975 [139721527260864] INFO perfrun.perfcollector <> - PERF_STAT : "     2.271729640;CPU0;731110;;UNC_M_CAS_COUNT.RD[UNIT0];15996539;100.00;;"
8975 [139721527260864] INFO perfrun.perfcollector <> - PERF_STAT : "     2.271729640;CPU10;921;;UNC_M_CAS_COUNT.RD[UNIT0];15992491;100.00;;"
8975 [139721527260864] INFO perfrun.perfcollector <> - PERF_STAT : "     2.271729640;CPU0;476394;;UNC_M_CAS_COUNT.RD[UNIT1];15996236;100.00;;"
8975 [139721527260864] INFO perfrun.perfcollector <> - PERF_STAT : "     2.271729640;CPU10;1634;;UNC_M_CAS_COUNT.RD[UNIT1];15991988;100.00;;"
8975 [139721527260864] INFO perfrun.perfcollector <> - PERF_STAT : "     2.271729640;CPU0;690513;;UNC_M_CAS_COUNT.RD[UNIT4];15996474;100.00;;"
8975 [139721527260864] INFO perfrun.perfcollector <> - PERF_STAT : "     2.271729640;CPU10;1200;;UNC_M_CAS_COUNT.RD[UNIT4];15991556;100.00;;"
8975 [139721527260864] INFO perfrun.perfcollector <> - PERF_STAT : "     2.271729640;CPU0;618934;;UNC_M_CAS_COUNT.RD[UNIT5];15996486;100.00;;"
8976 [139721527260864] INFO perfrun.perfcollector <> - PERF_STAT : "     2.271729640;CPU10;1889;;UNC_M_CAS_COUNT.RD[UNIT5];15990998;100.00;;"
8976 [139721527260864] INFO perfrun.perfcollector <> - PERF_STAT : "     2.271729640;CPU0;49260;;UNC_M_CAS_COUNT.WR[UNIT0];15996463;100.00;;"
8976 [139721527260864] INFO perfrun.perfcollector <> - PERF_STAT : "     2.271729640;CPU10;232;;UNC_M_CAS_COUNT.WR[UNIT0];15990789;100.00;;"
8976 [139721527260864] INFO perfrun.perfcollector <> - PERF_STAT : "     2.271729640;CPU0;19609;;UNC_M_CAS_COUNT.WR[UNIT1];15996532;100.00;;"
8976 [139721527260864] INFO perfrun.perfcollector <> - PERF_STAT : "     2.271729640;CPU10;1038;;UNC_M_CAS_COUNT.WR[UNIT1];15992454;100.00;;"
8976 [139721527260864] INFO perfrun.perfcollector <> - PERF_STAT : "     2.271729640;CPU0;44327;;UNC_M_CAS_COUNT.WR[UNIT4];15996588;100.00;;"
8976 [139721527260864] INFO perfrun.perfcollector <> - PERF_STAT : "     2.271729640;CPU10;259;;UNC_M_CAS_COUNT.WR[UNIT4];15990091;100.00;;"
8976 [139721527260864] INFO perfrun.perfcollector <> - PERF_STAT : "     2.271729640;CPU0;36007;;UNC_M_CAS_COUNT.WR[UNIT5];15996597;100.00;;"
8976 [139721527260864] INFO perfrun.perfcollector <> - PERF_STAT : "     2.271729640;CPU10;1092;;UNC_M_CAS_COUNT.WR[UNIT5];15988525;100.00;;"
8991 [139721527260864] INFO perfrun.perfcollector <> - PERF_STAT : "     2.287709868;CPU0;702652;;UNC_M_CAS_COUNT.RD[UNIT0];16003670;100.00;;"
9011 [139721527260864] INFO perfrun.perfcollector <> - PERF_STAT : "     2.287709868;CPU10;4025;;UNC_M_CAS_COUNT.RD[UNIT0];16006059;100.00;;"
9011 [139721527260864] INFO perfrun.perfcollector <> - PERF_STAT : "     2.287709868;CPU0;474897;;UNC_M_CAS_COUNT.RD[UNIT1];16003906;100.00;;"
9011 [139721527260864] INFO perfrun.perfcollector <> - PERF_STAT : "     2.287709868;CPU10;4650;;UNC_M_CAS_COUNT.RD[UNIT1];16006618;100.00;;"
9011 [139721527260864] INFO perfrun.perfcollector <> - PERF_STAT : "     2.287709868;CPU0;653056;;UNC_M_CAS_COUNT.RD[UNIT4];16003768;100.00;;"
9011 [139721527260864] INFO perfrun.perfcollector <> - PERF_STAT : "     2.287709868;CPU10;4241;;UNC_M_CAS_COUNT.RD[UNIT4];16006680;100.00;;"
9011 [139721527260864] INFO perfrun.perfcollector <> - PERF_STAT : "     2.287709868;CPU0;600050;;UNC_M_CAS_COUNT.RD[UNIT5];16003712;100.00;;"
9011 [139721527260864] INFO perfrun.perfcollector <> - PERF_STAT : "     2.287709868;CPU10;4917;;UNC_M_CAS_COUNT.RD[UNIT5];16006315;100.00;;"
9011 [139721527260864] INFO perfrun.perfcollector <> - PERF_STAT : "     2.287709868;CPU0;46441;;UNC_M_CAS_COUNT.WR[UNIT0];16003735;100.00;;"
9011 [139721527260864] INFO perfrun.perfcollector <> - PERF_STAT : "     2.287709868;CPU10;1051;;UNC_M_CAS_COUNT.WR[UNIT0];16007518;100.00;;"
9011 [139721527260864] INFO perfrun.perfcollector <> - PERF_STAT : "     2.287709868;CPU0;20559;;UNC_M_CAS_COUNT.WR[UNIT1];16003763;100.00;;"
9011 [139721527260864] INFO perfrun.perfcollector <> - PERF_STAT : "     2.287709868;CPU10;1885;;UNC_M_CAS_COUNT.WR[UNIT1];16006641;100.00;;"
9011 [139721527260864] INFO perfrun.perfcollector <> - PERF_STAT : "     2.287709868;CPU0;41180;;UNC_M_CAS_COUNT.WR[UNIT4];16003651;100.00;;"
9011 [139721527260864] INFO perfrun.perfcollector <> - PERF_STAT : "     2.287709868;CPU10;1162;;UNC_M_CAS_COUNT.WR[UNIT4];16006752;100.00;;"
9011 [139721527260864] INFO perfrun.perfcollector <> - PERF_STAT : "     2.287709868;CPU0;34743;;UNC_M_CAS_COUNT.WR[UNIT5];16003637;100.00;;"
9011 [139721527260864] INFO perfrun.perfcollector <> - PERF_STAT : "     2.287709868;CPU10;2037;;UNC_M_CAS_COUNT.WR[UNIT5];16007489;100.00;;"
9011 [139721527260864] INFO perfrun.perfcollector <> - PERF_STAT : "     2.303723224;CPU0;695750;;UNC_M_CAS_COUNT.RD[UNIT0];16022169;100.00;;"
9011 [139721527260864] INFO perfrun.perfcollector <> - PERF_STAT : "     2.303723224;CPU10;4042;;UNC_M_CAS_COUNT.RD[UNIT0];16023162;100.00;;"
9014 [139721527260864] INFO perfrun.perfcollector <> - PERF_STAT : "     2.303723224;CPU0;472184;;UNC_M_CAS_COUNT.RD[UNIT1];16022608;100.00;;"
9014 [139721527260864] INFO perfrun.perfcollector <> - PERF_STAT : "     2.303723224;CPU10;4649;;UNC_M_CAS_COUNT.RD[UNIT1];16023028;100.00;;"
9014 [139721527260864] INFO perfrun.perfcollector <> - PERF_STAT : "     2.303723224;CPU0;648472;;UNC_M_CAS_COUNT.RD[UNIT4];16022571;100.00;;"
9014 [139721527260864] INFO perfrun.perfcollector <> - PERF_STAT : "     2.303723224;CPU10;4435;;UNC_M_CAS_COUNT.RD[UNIT4];16023212;100.00;;"
9014 [139721527260864] INFO perfrun.perfcollector <> - PERF_STAT : "     2.303723224;CPU0;595309;;UNC_M_CAS_COUNT.RD[UNIT5];16022747;100.00;;"
9014 [139721527260864] INFO perfrun.perfcollector <> - PERF_STAT : "     2.303723224;CPU10;4966;;UNC_M_CAS_COUNT.RD[UNIT5];16022452;100.00;;"
9014 [139721527260864] INFO perfrun.perfcollector <> - PERF_STAT : "     2.303723224;CPU0;46197;;UNC_M_CAS_COUNT.WR[UNIT0];16022780;100.00;;"
9014 [139721527260864] INFO perfrun.perfcollector <> - PERF_STAT : "     2.303723224;CPU10;871;;UNC_M_CAS_COUNT.WR[UNIT0];16021081;100.00;;"
9014 [139721527260864] INFO perfrun.perfcollector <> - PERF_STAT : "     2.303723224;CPU0;20417;;UNC_M_CAS_COUNT.WR[UNIT1];16023021;100.00;;"
9014 [139721527260864] INFO perfrun.perfcollector <> - PERF_STAT : "     2.303723224;CPU10;1716;;UNC_M_CAS_COUNT.WR[UNIT1];16019834;100.00;;"
9014 [139721527260864] INFO perfrun.perfcollector <> - PERF_STAT : "     2.303723224;CPU0;41005;;UNC_M_CAS_COUNT.WR[UNIT4];16023016;100.00;;"
9014 [139721527260864] INFO perfrun.perfcollector <> - PERF_STAT : "     2.303723224;CPU10;1000;;UNC_M_CAS_COUNT.WR[UNIT4];16019621;100.00;;"
9014 [139721527260864] INFO perfrun.perfcollector <> - PERF_STAT : "     2.303723224;CPU0;34946;;UNC_M_CAS_COUNT.WR[UNIT5];16023007;100.00;;"
9014 [139721527260864] INFO perfrun.perfcollector <> - PERF_STAT : "     2.303723224;CPU10;1837;;UNC_M_CAS_COUNT.WR[UNIT5];16019041;100.00;;"
9023 [139721527260864] INFO perfrun.perfcollector <> - PERF_STAT : "     2.319777244;CPU0;64723;;UNC_M_CAS_COUNT.RD[UNIT0];15987670;100.00;;"
9023 [139721527260864] INFO perfrun.perfcollector <> - PERF_STAT : "     2.319777244;CPU10;2677;;UNC_M_CAS_COUNT.RD[UNIT0];16021738;100.00;;"
9023 [139721527260864] INFO perfrun.perfcollector <> - PERF_STAT : "     2.319777244;CPU0;65660;;UNC_M_CAS_COUNT.RD[UNIT1];15987355;100.00;;"
9023 [139721527260864] INFO perfrun.perfcollector <> - PERF_STAT : "     2.319777244;CPU10;2934;;UNC_M_CAS_COUNT.RD[UNIT1];16023194;100.00;;"
9023 [139721527260864] INFO perfrun.perfcollector <> - PERF_STAT : "     2.319777244;CPU0;64477;;UNC_M_CAS_COUNT.RD[UNIT4];15987617;100.00;;"
9023 [139721527260864] INFO perfrun.perfcollector <> - PERF_STAT : "     2.319777244;CPU10;2722;;UNC_M_CAS_COUNT.RD[UNIT4];16024241;100.00;;"
9023 [139721527260864] INFO perfrun.perfcollector <> - PERF_STAT : "     2.319777244;CPU0;65586;;UNC_M_CAS_COUNT.RD[UNIT5];15987458;100.00;;"
9023 [139721527260864] INFO perfrun.perfcollector <> - PERF_STAT : "     2.319777244;CPU10;2950;;UNC_M_CAS_COUNT.RD[UNIT5];16025056;100.00;;"
9024 [139721527260864] INFO perfrun.perfcollector <> - PERF_STAT : "     2.319777244;CPU0;11247;;UNC_M_CAS_COUNT.WR[UNIT0];15987320;100.00;;"
9024 [139721527260864] INFO perfrun.perfcollector <> - PERF_STAT : "     2.319777244;CPU10;5371;;UNC_M_CAS_COUNT.WR[UNIT0];16026199;100.00;;"
9024 [139721527260864] INFO perfrun.perfcollector <> - PERF_STAT : "     2.319777244;CPU0;12015;;UNC_M_CAS_COUNT.WR[UNIT1];15987057;100.00;;"
9024 [139721527260864] INFO perfrun.perfcollector <> - PERF_STAT : "     2.319777244;CPU10;5610;;UNC_M_CAS_COUNT.WR[UNIT1];16027443;100.00;;"
9024 [139721527260864] INFO perfrun.perfcollector <> - PERF_STAT : "     2.319777244;CPU0;11116;;UNC_M_CAS_COUNT.WR[UNIT4];15987018;100.00;;"
9024 [139721527260864] INFO perfrun.perfcollector <> - PERF_STAT : "     2.319777244;CPU10;5403;;UNC_M_CAS_COUNT.WR[UNIT4];16028707;100.00;;"
9024 [139721527260864] INFO perfrun.perfcollector <> - PERF_STAT : "     2.319777244;CPU0;11877;;UNC_M_CAS_COUNT.WR[UNIT5];15987099;100.00;;"
9024 [139721527260864] INFO perfrun.perfcollector <> - PERF_STAT : "     2.319777244;CPU10;5717;;UNC_M_CAS_COUNT.WR[UNIT5];16029813;100.00;;"
9034 [139721527260864] INFO perfrun.perfcollector <> - PERF_STAT : "     2.335750610;CPU0;67821;;UNC_M_CAS_COUNT.RD[UNIT0];10287553;100.00;;"
9034 [139721527260864] INFO perfrun.perfcollector <> - PERF_STAT : "     2.335750610;CPU10;65271;;UNC_M_CAS_COUNT.RD[UNIT0];10254283;100.00;;"
9034 [139721527260864] INFO perfrun.perfcollector <> - PERF_STAT : "     2.335750610;CPU0;67278;;UNC_M_CAS_COUNT.RD[UNIT1];10293777;100.00;;"
9034 [139721527260864] INFO perfrun.perfcollector <> - PERF_STAT : "     2.335750610;CPU10;78634;;UNC_M_CAS_COUNT.RD[UNIT1];10251626;100.00;;"
9034 [139721527260864] INFO perfrun.perfcollector <> - PERF_STAT : "     2.335750610;CPU0;66160;;UNC_M_CAS_COUNT.RD[UNIT4];10294059;100.00;;"
9034 [139721527260864] INFO perfrun.perfcollector <> - PERF_STAT : "     2.335750610;CPU10;63202;;UNC_M_CAS_COUNT.RD[UNIT4];10249871;100.00;;"
9034 [139721527260864] INFO perfrun.perfcollector <> - PERF_STAT : "     2.335750610;CPU0;66574;;UNC_M_CAS_COUNT.RD[UNIT5];10294008;100.00;;"
9034 [139721527260864] INFO perfrun.perfcollector <> - PERF_STAT : "     2.335750610;CPU10;65009;;UNC_M_CAS_COUNT.RD[UNIT5];10248113;100.00;;"
9034 [139721527260864] INFO perfrun.perfcollector <> - PERF_STAT : "     2.335750610;CPU0;27230;;UNC_M_CAS_COUNT.WR[UNIT0];10293958;100.00;;"
9034 [139721527260864] INFO perfrun.perfcollector <> - PERF_STAT : "     2.335750610;CPU10;9306;;UNC_M_CAS_COUNT.WR[UNIT0];10246321;100.00;;"
9034 [139721527260864] INFO perfrun.perfcollector <> - PERF_STAT : "     2.335750610;CPU0;27490;;UNC_M_CAS_COUNT.WR[UNIT1];10293975;100.00;;"
9034 [139721527260864] INFO perfrun.perfcollector <> - PERF_STAT : "     2.335750610;CPU10;10433;;UNC_M_CAS_COUNT.WR[UNIT1];10244766;100.00;;"
9034 [139721527260864] INFO perfrun.perfcollector <> - PERF_STAT : "     2.335750610;CPU0;27201;;UNC_M_CAS_COUNT.WR[UNIT4];10294099;100.00;;"
9034 [139721527260864] INFO perfrun.perfcollector <> - PERF_STAT : "     2.335750610;CPU10;9248;;UNC_M_CAS_COUNT.WR[UNIT4];10243061;100.00;;"
9034 [139721527260864] INFO perfrun.perfcollector <> - PERF_STAT : "     2.335750610;CPU0;27856;;UNC_M_CAS_COUNT.WR[UNIT5];10294038;100.00;;"
9034 [139721527260864] INFO perfrun.perfcollector <> - PERF_STAT : "     2.335750610;CPU10;9638;;UNC_M_CAS_COUNT.WR[UNIT5];10241322;100.00;;"
9037 [139721932821184] INFO perfrun.launcher <> - Launcher: the profiled application was terminated  with exit code = 0
9047 [139721776817856] INFO perfrun.itt <> - stop itt controller
9047 [139721776817856] INFO perfrun.itt <> - detach itt controller
9056 [139721527260864] INFO perfrun.perfcollector <> - PERF_STAT : "     2.345973220;CPU0;30181;;UNC_M_CAS_COUNT.RD[UNIT0];21746124;100.00;;"
9056 [139721527260864] INFO perfrun.perfcollector <> - PERF_STAT : "     2.345973220;CPU10;24626;;UNC_M_CAS_COUNT.RD[UNIT0];21756053;100.00;;"
9056 [139721527260864] INFO perfrun.perfcollector <> - PERF_STAT : "     2.345973220;CPU0;30047;;UNC_M_CAS_COUNT.RD[UNIT1];21739693;100.00;;"
9056 [139721527260864] INFO perfrun.perfcollector <> - PERF_STAT : "     2.345973220;CPU10;27344;;UNC_M_CAS_COUNT.RD[UNIT1];21759633;100.00;;"
9056 [139721527260864] INFO perfrun.perfcollector <> - PERF_STAT : "     2.345973220;CPU0;27061;;UNC_M_CAS_COUNT.RD[UNIT4];21739111;100.00;;"
9056 [139721527260864] INFO perfrun.perfcollector <> - PERF_STAT : "     2.345973220;CPU10;25408;;UNC_M_CAS_COUNT.RD[UNIT4];21762410;100.00;;"
9056 [139721527260864] INFO perfrun.perfcollector <> - PERF_STAT : "     2.345973220;CPU0;28766;;UNC_M_CAS_COUNT.RD[UNIT5];21738683;100.00;;"
9056 [139721527260864] INFO perfrun.perfcollector <> - PERF_STAT : "     2.345973220;CPU10;27185;;UNC_M_CAS_COUNT.RD[UNIT5];21765069;100.00;;"
9056 [139721527260864] INFO perfrun.perfcollector <> - PERF_STAT : "     2.345973220;CPU0;15018;;UNC_M_CAS_COUNT.WR[UNIT0];21738574;100.00;;"
9056 [139721527260864] INFO perfrun.perfcollector <> - PERF_STAT : "     2.345973220;CPU10;3986;;UNC_M_CAS_COUNT.WR[UNIT0];21767678;100.00;;"
9056 [139721527260864] INFO perfrun.perfcollector <> - PERF_STAT : "     2.345973220;CPU0;15818;;UNC_M_CAS_COUNT.WR[UNIT1];21738458;100.00;;"
9056 [139721527260864] INFO perfrun.perfcollector <> - PERF_STAT : "     2.345973220;CPU10;4789;;UNC_M_CAS_COUNT.WR[UNIT1];21770228;100.00;;"
9056 [139721527260864] INFO perfrun.perfcollector <> - PERF_STAT : "     2.345973220;CPU0;14747;;UNC_M_CAS_COUNT.WR[UNIT4];21738323;100.00;;"
9056 [139721527260864] INFO perfrun.perfcollector <> - PERF_STAT : "     2.345973220;CPU10;4062;;UNC_M_CAS_COUNT.WR[UNIT4];21772738;100.00;;"
9056 [139721527260864] INFO perfrun.perfcollector <> - PERF_STAT : "     2.345973220;CPU0;16021;;UNC_M_CAS_COUNT.WR[UNIT5];21738317;100.00;;"
9056 [139721527260864] INFO perfrun.perfcollector <> - PERF_STAT : "     2.345973220;CPU10;4707;;UNC_M_CAS_COUNT.WR[UNIT5];21775300;100.00;;"
9066 [139721527260864] INFO perfrun.perfcollector <> - PERF_STAT : "     2.367852194;CPU0;9657;;UNC_M_CAS_COUNT.RD[UNIT0];10348705;100.00;;"
9067 [139721527260864] INFO perfrun.perfcollector <> - PERF_STAT : "     2.367852194;CPU10;12390;;UNC_M_CAS_COUNT.RD[UNIT0];10330888;100.00;;"
9067 [139721527260864] INFO perfrun.perfcollector <> - PERF_STAT : "     2.367852194;CPU0;10539;;UNC_M_CAS_COUNT.RD[UNIT1];10348726;100.00;;"
9067 [139721527260864] INFO perfrun.perfcollector <> - PERF_STAT : "     2.367852194;CPU10;12929;;UNC_M_CAS_COUNT.RD[UNIT1];10327221;100.00;;"
9067 [139721527260864] INFO perfrun.perfcollector <> - PERF_STAT : "     2.367852194;CPU0;6564;;UNC_M_CAS_COUNT.RD[UNIT4];10348723;100.00;;"
9067 [139721527260864] INFO perfrun.perfcollector <> - PERF_STAT : "     2.367852194;CPU10;12464;;UNC_M_CAS_COUNT.RD[UNIT4];10324331;100.00;;"
9067 [139721527260864] INFO perfrun.perfcollector <> - PERF_STAT : "     2.367852194;CPU0;7257;;UNC_M_CAS_COUNT.RD[UNIT5];10348822;100.00;;"
9067 [139721527260864] INFO perfrun.perfcollector <> - PERF_STAT : "     2.367852194;CPU10;12564;;UNC_M_CAS_COUNT.RD[UNIT5];10321807;100.00;;"
9067 [139721527260864] INFO perfrun.perfcollector <> - PERF_STAT : "     2.367852194;CPU0;5578;;UNC_M_CAS_COUNT.WR[UNIT0];10348826;100.00;;"
9067 [139721527260864] INFO perfrun.perfcollector <> - PERF_STAT : "     2.367852194;CPU10;1214;;UNC_M_CAS_COUNT.WR[UNIT0];10319193;100.00;;"
9067 [139721527260864] INFO perfrun.perfcollector <> - PERF_STAT : "     2.367852194;CPU0;6056;;UNC_M_CAS_COUNT.WR[UNIT1];10349096;100.00;;"
9067 [139720445114048] INFO perfrun.perfcollector <> - Monitor: runCmd RC = true
9067 [139721527260864] INFO perfrun.perfcollector <> - PERF_STAT : "     2.367852194;CPU10;1702;;UNC_M_CAS_COUNT.WR[UNIT1];10316577;100.00;;"
9067 [139721527260864] INFO perfrun.perfcollector <> - PERF_STAT : "     2.367852194;CPU0;5375;;UNC_M_CAS_COUNT.WR[UNIT4];10349134;100.00;;"
9067 [139721527260864] INFO perfrun.perfcollector <> - PERF_STAT : "     2.367852194;CPU10;1336;;UNC_M_CAS_COUNT.WR[UNIT4];10314130;100.00;;"
9067 [139721776817856] INFO perfrun.perfcollector <> - Monitor: state = 3, error = 1
9067 [139721527260864] INFO perfrun.perfcollector <> - PERF_STAT : "     2.367852194;CPU0;5870;;UNC_M_CAS_COUNT.WR[UNIT5];10349111;100.00;;"
9067 [139721527260864] INFO perfrun.perfcollector <> - PERF_STAT : "     2.367852194;CPU10;1622;;UNC_M_CAS_COUNT.WR[UNIT5];10311723;100.00;;"
9070 [139721527260864] INFO perfrun.perfcollector <> - PERF_STAT : "     2.372414649;CPU0;1480;;UNC_M_CAS_COUNT.RD[UNIT0];4556159;100.00;;"
9070 [139721527260864] INFO perfrun.perfcollector <> - PERF_STAT : "     2.372414649;CPU10;2022;;UNC_M_CAS_COUNT.RD[UNIT0];4551257;100.00;;"
9070 [139721527260864] INFO perfrun.perfcollector <> - PERF_STAT : "     2.372414649;CPU0;1761;;UNC_M_CAS_COUNT.RD[UNIT1];4555750;100.00;;"
9070 [139721527260864] INFO perfrun.perfcollector <> - PERF_STAT : "     2.372414649;CPU10;2233;;UNC_M_CAS_COUNT.RD[UNIT1];4550656;100.00;;"
9070 [139721527260864] INFO perfrun.perfcollector <> - PERF_STAT : "     2.372414649;CPU0;1512;;UNC_M_CAS_COUNT.RD[UNIT4];4555786;100.00;;"
9070 [139721527260864] INFO perfrun.perfcollector <> - PERF_STAT : "     2.372414649;CPU10;2090;;UNC_M_CAS_COUNT.RD[UNIT4];4550635;100.00;;"
9070 [139721527260864] INFO perfrun.perfcollector <> - PERF_STAT : "     2.372414649;CPU0;1680;;UNC_M_CAS_COUNT.RD[UNIT5];4555763;100.00;;"
9070 [139721527260864] INFO perfrun.perfcollector <> - PERF_STAT : "     2.372414649;CPU10;2264;;UNC_M_CAS_COUNT.RD[UNIT5];4550674;100.00;;"
9070 [139721527260864] INFO perfrun.perfcollector <> - PERF_STAT : "     2.372414649;CPU0;797;;UNC_M_CAS_COUNT.WR[UNIT0];4555769;100.00;;"
9070 [139721527260864] INFO perfrun.perfcollector <> - PERF_STAT : "     2.372414649;CPU10;340;;UNC_M_CAS_COUNT.WR[UNIT0];4550665;100.00;;"
9070 [139721527260864] INFO perfrun.perfcollector <> - PERF_STAT : "     2.372414649;CPU0;1022;;UNC_M_CAS_COUNT.WR[UNIT1];4555454;100.00;;"
9070 [139721527260864] INFO perfrun.perfcollector <> - PERF_STAT : "     2.372414649;CPU10;548;;UNC_M_CAS_COUNT.WR[UNIT1];4550668;100.00;;"
9070 [139721527260864] INFO perfrun.perfcollector <> - PERF_STAT : "     2.372414649;CPU0;733;;UNC_M_CAS_COUNT.WR[UNIT4];4555418;100.00;;"
9070 [139721527260864] INFO perfrun.perfcollector <> - PERF_STAT : "     2.372414649;CPU10;349;;UNC_M_CAS_COUNT.WR[UNIT4];4550693;100.00;;"
9070 [139721527260864] INFO perfrun.perfcollector <> - PERF_STAT : "     2.372414649;CPU0;1046;;UNC_M_CAS_COUNT.WR[UNIT5];4555463;100.00;;"
9070 [139721527260864] INFO perfrun.perfcollector <> - PERF_STAT : "     2.372414649;CPU10;551;;UNC_M_CAS_COUNT.WR[UNIT5];4550551;100.00;;"
9074 [139720436721344] INFO perfrun.perfcollector <> - Monitor: runCmd RC = true
9074 [139721776817856] INFO perfrun.perfcollector <> - Monitor: state = 3, error = 1
9074 [139721776817856] INFO perfrun.sdk <> - De-allocating TMU: /tmp/amplxe-tmp-dhamorim/amplxe-res-1445957-16360307266045740/data.0/systemcollector-1445957-hype1.sc
9074 [139721776817856] INFO perfrun.system <> - closed the system trace file: /tmp/amplxe-tmp-dhamorim/amplxe-res-1445957-16360307266045740/data.0/systemcollector-1445957-hype1.sc
9074 [139721932821184] INFO perfrun.launcher <> - Launcher: all plugins were stopped.
9074 [139721932821184] INFO perfrun.launcher <> - DeadlineTimer is going to be destroyed
9074 [139721932821184] INFO perfrun.launcher <> - DeadlineTimer was destroyed
9074 [139721932821184] INFO perfrun.launcher <> - DirectoryMonitor object was destroyed
9074 [139721932821184] WARN perfrun.launcher <> - Stop command is ignored because it is received when collection is already stopped, at file: vcs/perfrun1/launcher/src/command_handler.cpp:212
10056 [139721932821184] INFO perfrun.launcher <> - Application exit code: 0
10056 [139721932821184] INFO perfrun.launcher <> - Exit code: 0
