14 [140369674134208] INFO perfrun.launcher <> - Launcher main begin
17 [140369674134208] INFO perfrun.launcher <> - MessageCatalogInit finished
17 [140369674134208] INFO perfrun.launcher <> - Launcher instance created
17 [140369674134208] INFO perfrun.launcher <> - argc = 7; cmdline = /home/intel/oneapi/vtune/2021.1.1/bin64/amplxe-runss --ui-output-format xml --ui-output-fd 5 --option-file /home/users/dhamorim/pagerank-openmp/results/hpc-performance_web-Google_32/config/runsa.options 
33 [140369674134208] INFO perfrun.launcher <> - plugin remoteplug has been added successfully
33 [140369674134208] INFO perfrun.launcher <> - plugin system has been added successfully
33 [140369674134208] INFO perfrun.launcher <> - plugin vdso has been added successfully
33 [140369674134208] INFO perfrun.launcher <> - plugin itt has been added successfully
33 [140369674134208] INFO perfrun.launcher <> - plugin ptracecollector has been added successfully
33 [140369674134208] INFO perfrun.launcher <> - plugin gpu has been added successfully
33 [140369674134208] INFO perfrun.launcher <> - plugin  has been added successfully
33 [140369674134208] INFO perfrun.launcher <> - plugin  has been added successfully
33 [140369674134208] INFO perfrun.launcher <> - plugin  has been added successfully
33 [140369674134208] INFO perfrun.launcher <> - plugin mrte has been added successfully
33 [140369674134208] INFO perfrun.launcher <> - plugin emon has been added successfully
33 [140369674134208] INFO perfrun.launcher <> - plugin cuscol has been added successfully
34 [140369674134208] INFO perfrun.launcher <> - plugin stdsrc has been added successfully
34 [140369674134208] INFO perfrun.launcher <> - plugin sep has been added successfully
34 [140369674134208] INFO perfrun.launcher <> - plugin vtsspp has been added successfully
34 [140369674134208] INFO perfrun.sdk <> - Reading value (-1) from file: /proc/sys/kernel/perf_event_paranoid
34 [140369674134208] INFO perfrun.perfcollector <> - checking access to: /home/intel/oneapi/vtune/2021.1.1/bin64/amplxe-perf-priv
37 [140369674134208] INFO perfrun.perfcollector <> - cpu: family = 6 model = 63
38 [140369674134208] INFO perfrun.perfcollector <> - dir found : /sys/bus/event_source/devices/software
38 [140369674134208] WARN perfrun.perfcollector <> - format subdir doesn't exist, at file: vcs/perfrun1/plugins/perfcollector/src/controller.cpp:725
38 [140369674134208] WARN perfrun.perfcollector <> - pmu hwInfo is not set, at file: vcs/perfrun1/plugins/perfcollector/src/controller.cpp:819
38 [140369674134208] INFO perfrun.perfcollector <> - pmu added : family : software , id : 0
38 [140369674134208] INFO perfrun.perfcollector <> - dir found : /sys/bus/event_source/devices/uncore_imc_5
38 [140369674134208] INFO perfrun.perfcollector <> - format: event config:0-7 mask:0-7
38 [140369674134208] INFO perfrun.perfcollector <> - format: edge config:18 mask:18
38 [140369674134208] INFO perfrun.perfcollector <> - format: inv config:23 mask:23
38 [140369674134208] INFO perfrun.perfcollector <> - format: umask config:8-15 mask:8-15
38 [140369674134208] INFO perfrun.perfcollector <> - format: thresh config:24-31 mask:24-31
38 [140369674134208] INFO perfrun.perfcollector <> - hwInfo : PERF_IMC_PMU_DETAILS
38 [140369674134208] INFO perfrun.perfcollector <> - pmu added : family : uncore_imc , id : 5
38 [140369674134208] INFO perfrun.perfcollector <> - dir found : /sys/bus/event_source/devices/uncore_sbox_2
38 [140369674134208] INFO perfrun.perfcollector <> - format: event config:0-7 mask:0-7
38 [140369674134208] INFO perfrun.perfcollector <> - format: edge config:18 mask:18
38 [140369674134208] INFO perfrun.perfcollector <> - format: inv config:23 mask:23
38 [140369674134208] INFO perfrun.perfcollector <> - format: umask config:8-15 mask:8-15
38 [140369674134208] INFO perfrun.perfcollector <> - format: tid_en config:19 mask:19
38 [140369674134208] INFO perfrun.perfcollector <> - format: thresh config:24-31 mask:24-31
38 [140369674134208] WARN perfrun.perfcollector <> - pmu hwInfo is not set, at file: vcs/perfrun1/plugins/perfcollector/src/controller.cpp:819
38 [140369674134208] INFO perfrun.perfcollector <> - pmu added : family : uncore_sbox , id : 2
38 [140369674134208] INFO perfrun.perfcollector <> - dir found : /sys/bus/event_source/devices/uncore_cbox_8
38 [140369674134208] INFO perfrun.perfcollector <> - format: event config:0-7 mask:0-7
38 [140369674134208] INFO perfrun.perfcollector <> - format: filter_link config1:6-8 mask:6-8
38 [140369674134208] INFO perfrun.perfcollector <> - format: filter_c6 config1:61 mask:61
38 [140369674134208] INFO perfrun.perfcollector <> - format: edge config:18 mask:18
38 [140369674134208] INFO perfrun.perfcollector <> - format: filter_isoc config1:63 mask:63
38 [140369674134208] INFO perfrun.perfcollector <> - format: filter_tid config1:0-5 mask:0-5
38 [140369674134208] INFO perfrun.perfcollector <> - format: filter_nid config1:32-47 mask:32-47
38 [140369674134208] INFO perfrun.perfcollector <> - format: filter_nc config1:62 mask:62
38 [140369674134208] INFO perfrun.perfcollector <> - format: umask config:8-15 mask:8-15
38 [140369674134208] INFO perfrun.perfcollector <> - format: tid_en config:19 mask:19
38 [140369674134208] INFO perfrun.perfcollector <> - format: thresh config:24-31 mask:24-31
38 [140369674134208] INFO perfrun.perfcollector <> - format: filter_state config1:17-23 mask:17-23
38 [140369674134208] INFO perfrun.perfcollector <> - format: filter_opc config1:52-60 mask:52-60
38 [140369674134208] WARN perfrun.perfcollector <> - pmu hwInfo is not set, at file: vcs/perfrun1/plugins/perfcollector/src/controller.cpp:819
38 [140369674134208] INFO perfrun.perfcollector <> - pmu added : family : uncore_cbox , id : 8
38 [140369674134208] INFO perfrun.perfcollector <> - dir found : /sys/bus/event_source/devices/uncore_r2pcie
39 [140369674134208] INFO perfrun.perfcollector <> - format: event config:0-7 mask:0-7
39 [140369674134208] INFO perfrun.perfcollector <> - format: edge config:18 mask:18
39 [140369674134208] INFO perfrun.perfcollector <> - format: inv config:23 mask:23
39 [140369674134208] INFO perfrun.perfcollector <> - format: umask config:8-15 mask:8-15
39 [140369674134208] INFO perfrun.perfcollector <> - format: thresh config:24-31 mask:24-31
39 [140369674134208] WARN perfrun.perfcollector <> - pmu hwInfo is not set, at file: vcs/perfrun1/plugins/perfcollector/src/controller.cpp:819
39 [140369674134208] INFO perfrun.perfcollector <> - pmu added : family : uncore_r2pcie , id : 0
39 [140369674134208] INFO perfrun.perfcollector <> - dir found : /sys/bus/event_source/devices/uncore_sbox_0
39 [140369674134208] INFO perfrun.perfcollector <> - format: event config:0-7 mask:0-7
39 [140369674134208] INFO perfrun.perfcollector <> - format: edge config:18 mask:18
39 [140369674134208] INFO perfrun.perfcollector <> - format: inv config:23 mask:23
39 [140369674134208] INFO perfrun.perfcollector <> - format: umask config:8-15 mask:8-15
39 [140369674134208] INFO perfrun.perfcollector <> - format: tid_en config:19 mask:19
39 [140369674134208] INFO perfrun.perfcollector <> - format: thresh config:24-31 mask:24-31
39 [140369674134208] WARN perfrun.perfcollector <> - pmu hwInfo is not set, at file: vcs/perfrun1/plugins/perfcollector/src/controller.cpp:819
39 [140369674134208] INFO perfrun.perfcollector <> - pmu added : family : uncore_sbox , id : 0
39 [140369674134208] INFO perfrun.perfcollector <> - dir found : /sys/bus/event_source/devices/uncore_cbox_6
39 [140369674134208] INFO perfrun.perfcollector <> - format: event config:0-7 mask:0-7
39 [140369674134208] INFO perfrun.perfcollector <> - format: filter_link config1:6-8 mask:6-8
39 [140369674134208] INFO perfrun.perfcollector <> - format: filter_c6 config1:61 mask:61
39 [140369674134208] INFO perfrun.perfcollector <> - format: edge config:18 mask:18
39 [140369674134208] INFO perfrun.perfcollector <> - format: filter_isoc config1:63 mask:63
39 [140369674134208] INFO perfrun.perfcollector <> - format: filter_tid config1:0-5 mask:0-5
39 [140369674134208] INFO perfrun.perfcollector <> - format: filter_nid config1:32-47 mask:32-47
39 [140369674134208] INFO perfrun.perfcollector <> - format: filter_nc config1:62 mask:62
39 [140369674134208] INFO perfrun.perfcollector <> - format: umask config:8-15 mask:8-15
39 [140369674134208] INFO perfrun.perfcollector <> - format: tid_en config:19 mask:19
39 [140369674134208] INFO perfrun.perfcollector <> - format: thresh config:24-31 mask:24-31
39 [140369674134208] INFO perfrun.perfcollector <> - format: filter_state config1:17-23 mask:17-23
39 [140369674134208] INFO perfrun.perfcollector <> - format: filter_opc config1:52-60 mask:52-60
39 [140369674134208] WARN perfrun.perfcollector <> - pmu hwInfo is not set, at file: vcs/perfrun1/plugins/perfcollector/src/controller.cpp:819
39 [140369674134208] INFO perfrun.perfcollector <> - pmu added : family : uncore_cbox , id : 6
39 [140369674134208] INFO perfrun.perfcollector <> - dir found : /sys/bus/event_source/devices/uncore_imc_1
39 [140369674134208] INFO perfrun.perfcollector <> - format: event config:0-7 mask:0-7
39 [140369674134208] INFO perfrun.perfcollector <> - format: edge config:18 mask:18
39 [140369674134208] INFO perfrun.perfcollector <> - format: inv config:23 mask:23
39 [140369674134208] INFO perfrun.perfcollector <> - format: umask config:8-15 mask:8-15
39 [140369674134208] INFO perfrun.perfcollector <> - format: thresh config:24-31 mask:24-31
40 [140369674134208] INFO perfrun.perfcollector <> - hwInfo : PERF_IMC_PMU_DETAILS
40 [140369674134208] INFO perfrun.perfcollector <> - pmu added : family : uncore_imc , id : 1
40 [140369674134208] INFO perfrun.perfcollector <> - dir found : /sys/bus/event_source/devices/power
40 [140369674134208] INFO perfrun.perfcollector <> - format: event config:0-7 mask:0-7
40 [140369674134208] WARN perfrun.perfcollector <> - pmu hwInfo is not set, at file: vcs/perfrun1/plugins/perfcollector/src/controller.cpp:819
40 [140369674134208] INFO perfrun.perfcollector <> - pmu added : family : power , id : 0
40 [140369674134208] INFO perfrun.perfcollector <> - dir found : /sys/bus/event_source/devices/uncore_cbox_4
40 [140369674134208] INFO perfrun.perfcollector <> - format: event config:0-7 mask:0-7
40 [140369674134208] INFO perfrun.perfcollector <> - format: filter_link config1:6-8 mask:6-8
40 [140369674134208] INFO perfrun.perfcollector <> - format: filter_c6 config1:61 mask:61
40 [140369674134208] INFO perfrun.perfcollector <> - format: edge config:18 mask:18
40 [140369674134208] INFO perfrun.perfcollector <> - format: filter_isoc config1:63 mask:63
40 [140369674134208] INFO perfrun.perfcollector <> - format: filter_tid config1:0-5 mask:0-5
40 [140369674134208] INFO perfrun.perfcollector <> - format: filter_nid config1:32-47 mask:32-47
40 [140369674134208] INFO perfrun.perfcollector <> - format: filter_nc config1:62 mask:62
40 [140369674134208] INFO perfrun.perfcollector <> - format: umask config:8-15 mask:8-15
40 [140369674134208] INFO perfrun.perfcollector <> - format: tid_en config:19 mask:19
40 [140369674134208] INFO perfrun.perfcollector <> - format: thresh config:24-31 mask:24-31
40 [140369674134208] INFO perfrun.perfcollector <> - format: filter_state config1:17-23 mask:17-23
40 [140369674134208] INFO perfrun.perfcollector <> - format: filter_opc config1:52-60 mask:52-60
40 [140369674134208] WARN perfrun.perfcollector <> - pmu hwInfo is not set, at file: vcs/perfrun1/plugins/perfcollector/src/controller.cpp:819
40 [140369674134208] INFO perfrun.perfcollector <> - pmu added : family : uncore_cbox , id : 4
40 [140369674134208] INFO perfrun.perfcollector <> - dir found : /sys/bus/event_source/devices/uprobe
40 [140369674134208] INFO perfrun.perfcollector <> - format: ref_ctr_offset config:32-63 mask:32-63
40 [140369674134208] INFO perfrun.perfcollector <> - format: retprobe config:0 mask:0
40 [140369674134208] WARN perfrun.perfcollector <> - pmu hwInfo is not set, at file: vcs/perfrun1/plugins/perfcollector/src/controller.cpp:819
40 [140369674134208] INFO perfrun.perfcollector <> - pmu added : family : uprobe , id : 0
40 [140369674134208] INFO perfrun.perfcollector <> - dir found : /sys/bus/event_source/devices/cpu
40 [140369674134208] INFO perfrun.perfcollector <> - format: event config:0-7 mask:0-7
40 [140369674134208] INFO perfrun.perfcollector <> - format: pc config:19 mask:19
40 [140369674134208] INFO perfrun.perfcollector <> - format: edge config:18 mask:18
40 [140369674134208] INFO perfrun.perfcollector <> - format: any config:21 mask:21
40 [140369674134208] INFO perfrun.perfcollector <> - format: offcore_rsp config1:0-63 mask:0-63
40 [140369674134208] INFO perfrun.perfcollector <> - format: ldlat config1:0-15 mask:0-15
40 [140369674134208] INFO perfrun.perfcollector <> - format: inv config:23 mask:23
40 [140369674134208] INFO perfrun.perfcollector <> - format: umask config:8-15 mask:8-15
40 [140369674134208] INFO perfrun.perfcollector <> - format: cmask config:24-31 mask:24-31
40 [140369674134208] INFO perfrun.perfcollector <> - hwInfo : PERF_CPU_PMU_DETAILS
40 [140369674134208] INFO perfrun.perfcollector <> - pmu added : family : cpu , id : 0
40 [140369674134208] INFO perfrun.perfcollector <> - dir found : /sys/bus/event_source/devices/uncore_r3qpi_0
40 [140369674134208] INFO perfrun.perfcollector <> - format: event config:0-7 mask:0-7
40 [140369674134208] INFO perfrun.perfcollector <> - format: edge config:18 mask:18
40 [140369674134208] INFO perfrun.perfcollector <> - format: inv config:23 mask:23
41 [140369674134208] INFO perfrun.perfcollector <> - format: umask config:8-15 mask:8-15
41 [140369674134208] INFO perfrun.perfcollector <> - format: thresh config:24-31 mask:24-31
41 [140369674134208] WARN perfrun.perfcollector <> - pmu hwInfo is not set, at file: vcs/perfrun1/plugins/perfcollector/src/controller.cpp:819
41 [140369674134208] INFO perfrun.perfcollector <> - pmu added : family : uncore_r3qpi , id : 0
41 [140369674134208] INFO perfrun.perfcollector <> - dir found : /sys/bus/event_source/devices/cstate_core
41 [140369674134208] INFO perfrun.perfcollector <> - format: event config:0-63 mask:0-63
41 [140369674134208] WARN perfrun.perfcollector <> - pmu hwInfo is not set, at file: vcs/perfrun1/plugins/perfcollector/src/controller.cpp:819
41 [140369674134208] INFO perfrun.perfcollector <> - pmu added : family : cstate_core , id : 0
41 [140369674134208] INFO perfrun.perfcollector <> - dir found : /sys/bus/event_source/devices/uncore_cbox_2
41 [140369674134208] INFO perfrun.perfcollector <> - format: event config:0-7 mask:0-7
41 [140369674134208] INFO perfrun.perfcollector <> - format: filter_link config1:6-8 mask:6-8
41 [140369674134208] INFO perfrun.perfcollector <> - format: filter_c6 config1:61 mask:61
41 [140369674134208] INFO perfrun.perfcollector <> - format: edge config:18 mask:18
41 [140369674134208] INFO perfrun.perfcollector <> - format: filter_isoc config1:63 mask:63
41 [140369674134208] INFO perfrun.perfcollector <> - format: filter_tid config1:0-5 mask:0-5
41 [140369674134208] INFO perfrun.perfcollector <> - format: filter_nid config1:32-47 mask:32-47
41 [140369674134208] INFO perfrun.perfcollector <> - format: filter_nc config1:62 mask:62
41 [140369674134208] INFO perfrun.perfcollector <> - format: umask config:8-15 mask:8-15
41 [140369674134208] INFO perfrun.perfcollector <> - format: tid_en config:19 mask:19
41 [140369674134208] INFO perfrun.perfcollector <> - format: thresh config:24-31 mask:24-31
41 [140369674134208] INFO perfrun.perfcollector <> - format: filter_state config1:17-23 mask:17-23
41 [140369674134208] INFO perfrun.perfcollector <> - format: filter_opc config1:52-60 mask:52-60
41 [140369674134208] WARN perfrun.perfcollector <> - pmu hwInfo is not set, at file: vcs/perfrun1/plugins/perfcollector/src/controller.cpp:819
41 [140369674134208] INFO perfrun.perfcollector <> - pmu added : family : uncore_cbox , id : 2
41 [140369674134208] INFO perfrun.perfcollector <> - dir found : /sys/bus/event_source/devices/breakpoint
41 [140369674134208] WARN perfrun.perfcollector <> - format subdir doesn't exist, at file: vcs/perfrun1/plugins/perfcollector/src/controller.cpp:725
41 [140369674134208] WARN perfrun.perfcollector <> - pmu hwInfo is not set, at file: vcs/perfrun1/plugins/perfcollector/src/controller.cpp:819
41 [140369674134208] INFO perfrun.perfcollector <> - pmu added : family : breakpoint , id : 0
41 [140369674134208] INFO perfrun.perfcollector <> - dir found : /sys/bus/event_source/devices/uncore_ha_0
41 [140369674134208] INFO perfrun.perfcollector <> - format: event config:0-7 mask:0-7
41 [140369674134208] INFO perfrun.perfcollector <> - format: edge config:18 mask:18
41 [140369674134208] INFO perfrun.perfcollector <> - format: inv config:23 mask:23
41 [140369674134208] INFO perfrun.perfcollector <> - format: umask config:8-15 mask:8-15
41 [140369674134208] INFO perfrun.perfcollector <> - format: thresh config:24-31 mask:24-31
41 [140369674134208] WARN perfrun.perfcollector <> - pmu hwInfo is not set, at file: vcs/perfrun1/plugins/perfcollector/src/controller.cpp:819
41 [140369674134208] INFO perfrun.perfcollector <> - pmu added : family : uncore_ha , id : 0
41 [140369674134208] INFO perfrun.perfcollector <> - dir found : /sys/bus/event_source/devices/uncore_cbox_0
41 [140369674134208] INFO perfrun.perfcollector <> - format: event config:0-7 mask:0-7
41 [140369674134208] INFO perfrun.perfcollector <> - format: filter_link config1:6-8 mask:6-8
41 [140369674134208] INFO perfrun.perfcollector <> - format: filter_c6 config1:61 mask:61
41 [140369674134208] INFO perfrun.perfcollector <> - format: edge config:18 mask:18
41 [140369674134208] INFO perfrun.perfcollector <> - format: filter_isoc config1:63 mask:63
41 [140369674134208] INFO perfrun.perfcollector <> - format: filter_tid config1:0-5 mask:0-5
41 [140369674134208] INFO perfrun.perfcollector <> - format: filter_nid config1:32-47 mask:32-47
42 [140369674134208] INFO perfrun.perfcollector <> - format: filter_nc config1:62 mask:62
42 [140369674134208] INFO perfrun.perfcollector <> - format: umask config:8-15 mask:8-15
42 [140369674134208] INFO perfrun.perfcollector <> - format: tid_en config:19 mask:19
42 [140369674134208] INFO perfrun.perfcollector <> - format: thresh config:24-31 mask:24-31
42 [140369674134208] INFO perfrun.perfcollector <> - format: filter_state config1:17-23 mask:17-23
42 [140369674134208] INFO perfrun.perfcollector <> - format: filter_opc config1:52-60 mask:52-60
42 [140369674134208] WARN perfrun.perfcollector <> - pmu hwInfo is not set, at file: vcs/perfrun1/plugins/perfcollector/src/controller.cpp:819
42 [140369674134208] INFO perfrun.perfcollector <> - pmu added : family : uncore_cbox , id : 0
42 [140369674134208] INFO perfrun.perfcollector <> - dir found : /sys/bus/event_source/devices/tracepoint
42 [140369674134208] WARN perfrun.perfcollector <> - format subdir doesn't exist, at file: vcs/perfrun1/plugins/perfcollector/src/controller.cpp:725
42 [140369674134208] WARN perfrun.perfcollector <> - pmu hwInfo is not set, at file: vcs/perfrun1/plugins/perfcollector/src/controller.cpp:819
42 [140369674134208] INFO perfrun.perfcollector <> - pmu added : family : tracepoint , id : 0
42 [140369674134208] INFO perfrun.perfcollector <> - dir found : /sys/bus/event_source/devices/uncore_sbox_3
42 [140369674134208] INFO perfrun.perfcollector <> - format: event config:0-7 mask:0-7
42 [140369674134208] INFO perfrun.perfcollector <> - format: edge config:18 mask:18
42 [140369674134208] INFO perfrun.perfcollector <> - format: inv config:23 mask:23
42 [140369674134208] INFO perfrun.perfcollector <> - format: umask config:8-15 mask:8-15
42 [140369674134208] INFO perfrun.perfcollector <> - format: tid_en config:19 mask:19
42 [140369674134208] INFO perfrun.perfcollector <> - format: thresh config:24-31 mask:24-31
42 [140369674134208] WARN perfrun.perfcollector <> - pmu hwInfo is not set, at file: vcs/perfrun1/plugins/perfcollector/src/controller.cpp:819
42 [140369674134208] INFO perfrun.perfcollector <> - pmu added : family : uncore_sbox , id : 3
42 [140369674134208] INFO perfrun.perfcollector <> - dir found : /sys/bus/event_source/devices/uncore_cbox_9
42 [140369674134208] INFO perfrun.perfcollector <> - format: event config:0-7 mask:0-7
42 [140369674134208] INFO perfrun.perfcollector <> - format: filter_link config1:6-8 mask:6-8
42 [140369674134208] INFO perfrun.perfcollector <> - format: filter_c6 config1:61 mask:61
42 [140369674134208] INFO perfrun.perfcollector <> - format: edge config:18 mask:18
42 [140369674134208] INFO perfrun.perfcollector <> - format: filter_isoc config1:63 mask:63
42 [140369674134208] INFO perfrun.perfcollector <> - format: filter_tid config1:0-5 mask:0-5
42 [140369674134208] INFO perfrun.perfcollector <> - format: filter_nid config1:32-47 mask:32-47
42 [140369674134208] INFO perfrun.perfcollector <> - format: filter_nc config1:62 mask:62
42 [140369674134208] INFO perfrun.perfcollector <> - format: umask config:8-15 mask:8-15
42 [140369674134208] INFO perfrun.perfcollector <> - format: tid_en config:19 mask:19
42 [140369674134208] INFO perfrun.perfcollector <> - format: thresh config:24-31 mask:24-31
42 [140369674134208] INFO perfrun.perfcollector <> - format: filter_state config1:17-23 mask:17-23
42 [140369674134208] INFO perfrun.perfcollector <> - format: filter_opc config1:52-60 mask:52-60
42 [140369674134208] WARN perfrun.perfcollector <> - pmu hwInfo is not set, at file: vcs/perfrun1/plugins/perfcollector/src/controller.cpp:819
42 [140369674134208] INFO perfrun.perfcollector <> - pmu added : family : uncore_cbox , id : 9
42 [140369674134208] INFO perfrun.perfcollector <> - dir found : /sys/bus/event_source/devices/cstate_pkg
42 [140369674134208] INFO perfrun.perfcollector <> - format: event config:0-63 mask:0-63
42 [140369674134208] WARN perfrun.perfcollector <> - pmu hwInfo is not set, at file: vcs/perfrun1/plugins/perfcollector/src/controller.cpp:819
42 [140369674134208] INFO perfrun.perfcollector <> - pmu added : family : cstate_pkg , id : 0
42 [140369674134208] INFO perfrun.perfcollector <> - dir found : /sys/bus/event_source/devices/uncore_imc_4
43 [140369674134208] INFO perfrun.perfcollector <> - format: event config:0-7 mask:0-7
43 [140369674134208] INFO perfrun.perfcollector <> - format: edge config:18 mask:18
43 [140369674134208] INFO perfrun.perfcollector <> - format: inv config:23 mask:23
43 [140369674134208] INFO perfrun.perfcollector <> - format: umask config:8-15 mask:8-15
43 [140369674134208] INFO perfrun.perfcollector <> - format: thresh config:24-31 mask:24-31
43 [140369674134208] INFO perfrun.perfcollector <> - hwInfo : PERF_IMC_PMU_DETAILS
43 [140369674134208] INFO perfrun.perfcollector <> - pmu added : family : uncore_imc , id : 4
43 [140369674134208] INFO perfrun.perfcollector <> - dir found : /sys/bus/event_source/devices/uncore_ubox
43 [140369674134208] INFO perfrun.perfcollector <> - format: event config:0-7 mask:0-7
43 [140369674134208] INFO perfrun.perfcollector <> - format: edge config:18 mask:18
43 [140369674134208] INFO perfrun.perfcollector <> - format: filter_tid config1:0 mask:0
43 [140369674134208] INFO perfrun.perfcollector <> - format: inv config:23 mask:23
43 [140369674134208] INFO perfrun.perfcollector <> - format: umask config:8-15 mask:8-15
43 [140369674134208] INFO perfrun.perfcollector <> - format: thresh config:24-28 mask:24-28
43 [140369674134208] INFO perfrun.perfcollector <> - format: filter_cid config1:5 mask:5
43 [140369674134208] WARN perfrun.perfcollector <> - pmu hwInfo is not set, at file: vcs/perfrun1/plugins/perfcollector/src/controller.cpp:819
43 [140369674134208] INFO perfrun.perfcollector <> - pmu added : family : uncore_ubox , id : 0
43 [140369674134208] INFO perfrun.perfcollector <> - dir found : /sys/bus/event_source/devices/uncore_sbox_1
43 [140369674134208] INFO perfrun.perfcollector <> - format: event config:0-7 mask:0-7
43 [140369674134208] INFO perfrun.perfcollector <> - format: edge config:18 mask:18
43 [140369674134208] INFO perfrun.perfcollector <> - format: inv config:23 mask:23
43 [140369674134208] INFO perfrun.perfcollector <> - format: umask config:8-15 mask:8-15
43 [140369674134208] INFO perfrun.perfcollector <> - format: tid_en config:19 mask:19
43 [140369674134208] INFO perfrun.perfcollector <> - format: thresh config:24-31 mask:24-31
43 [140369674134208] WARN perfrun.perfcollector <> - pmu hwInfo is not set, at file: vcs/perfrun1/plugins/perfcollector/src/controller.cpp:819
43 [140369674134208] INFO perfrun.perfcollector <> - pmu added : family : uncore_sbox , id : 1
43 [140369674134208] INFO perfrun.perfcollector <> - dir found : /sys/bus/event_source/devices/uncore_cbox_7
43 [140369674134208] INFO perfrun.perfcollector <> - format: event config:0-7 mask:0-7
43 [140369674134208] INFO perfrun.perfcollector <> - format: filter_link config1:6-8 mask:6-8
43 [140369674134208] INFO perfrun.perfcollector <> - format: filter_c6 config1:61 mask:61
43 [140369674134208] INFO perfrun.perfcollector <> - format: edge config:18 mask:18
43 [140369674134208] INFO perfrun.perfcollector <> - format: filter_isoc config1:63 mask:63
43 [140369674134208] INFO perfrun.perfcollector <> - format: filter_tid config1:0-5 mask:0-5
43 [140369674134208] INFO perfrun.perfcollector <> - format: filter_nid config1:32-47 mask:32-47
43 [140369674134208] INFO perfrun.perfcollector <> - format: filter_nc config1:62 mask:62
43 [140369674134208] INFO perfrun.perfcollector <> - format: umask config:8-15 mask:8-15
43 [140369674134208] INFO perfrun.perfcollector <> - format: tid_en config:19 mask:19
43 [140369674134208] INFO perfrun.perfcollector <> - format: thresh config:24-31 mask:24-31
43 [140369674134208] INFO perfrun.perfcollector <> - format: filter_state config1:17-23 mask:17-23
43 [140369674134208] INFO perfrun.perfcollector <> - format: filter_opc config1:52-60 mask:52-60
43 [140369674134208] WARN perfrun.perfcollector <> - pmu hwInfo is not set, at file: vcs/perfrun1/plugins/perfcollector/src/controller.cpp:819
43 [140369674134208] INFO perfrun.perfcollector <> - pmu added : family : uncore_cbox , id : 7
43 [140369674134208] INFO perfrun.perfcollector <> - dir found : /sys/bus/event_source/devices/kprobe
44 [140369674134208] INFO perfrun.perfcollector <> - format: retprobe config:0 mask:0
44 [140369674134208] WARN perfrun.perfcollector <> - pmu hwInfo is not set, at file: vcs/perfrun1/plugins/perfcollector/src/controller.cpp:819
44 [140369674134208] INFO perfrun.perfcollector <> - pmu added : family : kprobe , id : 0
44 [140369674134208] INFO perfrun.perfcollector <> - dir found : /sys/bus/event_source/devices/uncore_cbox_5
44 [140369674134208] INFO perfrun.perfcollector <> - format: event config:0-7 mask:0-7
44 [140369674134208] INFO perfrun.perfcollector <> - format: filter_link config1:6-8 mask:6-8
44 [140369674134208] INFO perfrun.perfcollector <> - format: filter_c6 config1:61 mask:61
44 [140369674134208] INFO perfrun.perfcollector <> - format: edge config:18 mask:18
44 [140369674134208] INFO perfrun.perfcollector <> - format: filter_isoc config1:63 mask:63
44 [140369674134208] INFO perfrun.perfcollector <> - format: filter_tid config1:0-5 mask:0-5
44 [140369674134208] INFO perfrun.perfcollector <> - format: filter_nid config1:32-47 mask:32-47
44 [140369674134208] INFO perfrun.perfcollector <> - format: filter_nc config1:62 mask:62
44 [140369674134208] INFO perfrun.perfcollector <> - format: umask config:8-15 mask:8-15
44 [140369674134208] INFO perfrun.perfcollector <> - format: tid_en config:19 mask:19
44 [140369674134208] INFO perfrun.perfcollector <> - format: thresh config:24-31 mask:24-31
44 [140369674134208] INFO perfrun.perfcollector <> - format: filter_state config1:17-23 mask:17-23
44 [140369674134208] INFO perfrun.perfcollector <> - format: filter_opc config1:52-60 mask:52-60
44 [140369674134208] WARN perfrun.perfcollector <> - pmu hwInfo is not set, at file: vcs/perfrun1/plugins/perfcollector/src/controller.cpp:819
44 [140369674134208] INFO perfrun.perfcollector <> - pmu added : family : uncore_cbox , id : 5
44 [140369674134208] INFO perfrun.perfcollector <> - dir found : /sys/bus/event_source/devices/uncore_imc_0
44 [140369674134208] INFO perfrun.perfcollector <> - format: event config:0-7 mask:0-7
44 [140369674134208] INFO perfrun.perfcollector <> - format: edge config:18 mask:18
44 [140369674134208] INFO perfrun.perfcollector <> - format: inv config:23 mask:23
44 [140369674134208] INFO perfrun.perfcollector <> - format: umask config:8-15 mask:8-15
44 [140369674134208] INFO perfrun.perfcollector <> - format: thresh config:24-31 mask:24-31
44 [140369674134208] INFO perfrun.perfcollector <> - hwInfo : PERF_IMC_PMU_DETAILS
44 [140369674134208] INFO perfrun.perfcollector <> - pmu added : family : uncore_imc , id : 0
44 [140369674134208] INFO perfrun.perfcollector <> - dir found : /sys/bus/event_source/devices/uncore_pcu
44 [140369674134208] INFO perfrun.perfcollector <> - format: filter_band2 config1:16-23 mask:16-23
44 [140369674134208] INFO perfrun.perfcollector <> - format: event config:0-7 mask:0-7
44 [140369674134208] INFO perfrun.perfcollector <> - format: filter_band0 config1:0-7 mask:0-7
44 [140369674134208] INFO perfrun.perfcollector <> - format: edge config:18 mask:18
44 [140369674134208] INFO perfrun.perfcollector <> - format: occ_invert config:30 mask:30
44 [140369674134208] INFO perfrun.perfcollector <> - format: occ_edge config:14-51 mask:14-51
44 [140369674134208] INFO perfrun.perfcollector <> - format: filter_band3 config1:24-31 mask:24-31
44 [140369674134208] INFO perfrun.perfcollector <> - format: filter_band1 config1:8-15 mask:8-15
44 [140369674134208] INFO perfrun.perfcollector <> - format: inv config:23 mask:23
44 [140369674134208] INFO perfrun.perfcollector <> - format: thresh config:24-28 mask:24-28
44 [140369674134208] INFO perfrun.perfcollector <> - format: occ_sel config:14-15 mask:14-15
44 [140369674134208] WARN perfrun.perfcollector <> - pmu hwInfo is not set, at file: vcs/perfrun1/plugins/perfcollector/src/controller.cpp:819
44 [140369674134208] INFO perfrun.perfcollector <> - pmu added : family : uncore_pcu , id : 0
44 [140369674134208] INFO perfrun.perfcollector <> - dir found : /sys/bus/event_source/devices/uncore_r3qpi_1
45 [140369674134208] INFO perfrun.perfcollector <> - format: event config:0-7 mask:0-7
45 [140369674134208] INFO perfrun.perfcollector <> - format: edge config:18 mask:18
45 [140369674134208] INFO perfrun.perfcollector <> - format: inv config:23 mask:23
45 [140369674134208] INFO perfrun.perfcollector <> - format: umask config:8-15 mask:8-15
45 [140369674134208] INFO perfrun.perfcollector <> - format: thresh config:24-31 mask:24-31
45 [140369674134208] WARN perfrun.perfcollector <> - pmu hwInfo is not set, at file: vcs/perfrun1/plugins/perfcollector/src/controller.cpp:819
45 [140369674134208] INFO perfrun.perfcollector <> - pmu added : family : uncore_r3qpi , id : 1
45 [140369674134208] INFO perfrun.perfcollector <> - dir found : /sys/bus/event_source/devices/msr
45 [140369674134208] INFO perfrun.perfcollector <> - format: event config:0-63 mask:0-63
45 [140369674134208] WARN perfrun.perfcollector <> - pmu hwInfo is not set, at file: vcs/perfrun1/plugins/perfcollector/src/controller.cpp:819
45 [140369674134208] INFO perfrun.perfcollector <> - pmu added : family : msr , id : 0
45 [140369674134208] INFO perfrun.perfcollector <> - dir found : /sys/bus/event_source/devices/uncore_cbox_3
45 [140369674134208] INFO perfrun.perfcollector <> - format: event config:0-7 mask:0-7
45 [140369674134208] INFO perfrun.perfcollector <> - format: filter_link config1:6-8 mask:6-8
45 [140369674134208] INFO perfrun.perfcollector <> - format: filter_c6 config1:61 mask:61
45 [140369674134208] INFO perfrun.perfcollector <> - format: edge config:18 mask:18
45 [140369674134208] INFO perfrun.perfcollector <> - format: filter_isoc config1:63 mask:63
45 [140369674134208] INFO perfrun.perfcollector <> - format: filter_tid config1:0-5 mask:0-5
45 [140369674134208] INFO perfrun.perfcollector <> - format: filter_nid config1:32-47 mask:32-47
45 [140369674134208] INFO perfrun.perfcollector <> - format: filter_nc config1:62 mask:62
45 [140369674134208] INFO perfrun.perfcollector <> - format: umask config:8-15 mask:8-15
45 [140369674134208] INFO perfrun.perfcollector <> - format: tid_en config:19 mask:19
45 [140369674134208] INFO perfrun.perfcollector <> - format: thresh config:24-31 mask:24-31
45 [140369674134208] INFO perfrun.perfcollector <> - format: filter_state config1:17-23 mask:17-23
45 [140369674134208] INFO perfrun.perfcollector <> - format: filter_opc config1:52-60 mask:52-60
45 [140369674134208] WARN perfrun.perfcollector <> - pmu hwInfo is not set, at file: vcs/perfrun1/plugins/perfcollector/src/controller.cpp:819
45 [140369674134208] INFO perfrun.perfcollector <> - pmu added : family : uncore_cbox , id : 3
45 [140369674134208] INFO perfrun.perfcollector <> - dir found : /sys/bus/event_source/devices/uncore_ha_1
45 [140369674134208] INFO perfrun.perfcollector <> - format: event config:0-7 mask:0-7
45 [140369674134208] INFO perfrun.perfcollector <> - format: edge config:18 mask:18
45 [140369674134208] INFO perfrun.perfcollector <> - format: inv config:23 mask:23
45 [140369674134208] INFO perfrun.perfcollector <> - format: umask config:8-15 mask:8-15
45 [140369674134208] INFO perfrun.perfcollector <> - format: thresh config:24-31 mask:24-31
45 [140369674134208] WARN perfrun.perfcollector <> - pmu hwInfo is not set, at file: vcs/perfrun1/plugins/perfcollector/src/controller.cpp:819
45 [140369674134208] INFO perfrun.perfcollector <> - pmu added : family : uncore_ha , id : 1
45 [140369674134208] INFO perfrun.perfcollector <> - dir found : /sys/bus/event_source/devices/uncore_cbox_1
45 [140369674134208] INFO perfrun.perfcollector <> - format: event config:0-7 mask:0-7
46 [140369674134208] INFO perfrun.perfcollector <> - format: filter_link config1:6-8 mask:6-8
46 [140369674134208] INFO perfrun.perfcollector <> - format: filter_c6 config1:61 mask:61
46 [140369674134208] INFO perfrun.perfcollector <> - format: edge config:18 mask:18
46 [140369674134208] INFO perfrun.perfcollector <> - format: filter_isoc config1:63 mask:63
46 [140369674134208] INFO perfrun.perfcollector <> - format: filter_tid config1:0-5 mask:0-5
46 [140369674134208] INFO perfrun.perfcollector <> - format: filter_nid config1:32-47 mask:32-47
46 [140369674134208] INFO perfrun.perfcollector <> - format: filter_nc config1:62 mask:62
46 [140369674134208] INFO perfrun.perfcollector <> - format: umask config:8-15 mask:8-15
46 [140369674134208] INFO perfrun.perfcollector <> - format: tid_en config:19 mask:19
46 [140369674134208] INFO perfrun.perfcollector <> - format: thresh config:24-31 mask:24-31
46 [140369674134208] INFO perfrun.perfcollector <> - format: filter_state config1:17-23 mask:17-23
46 [140369674134208] INFO perfrun.perfcollector <> - format: filter_opc config1:52-60 mask:52-60
46 [140369674134208] WARN perfrun.perfcollector <> - pmu hwInfo is not set, at file: vcs/perfrun1/plugins/perfcollector/src/controller.cpp:819
46 [140369674134208] INFO perfrun.perfcollector <> - pmu added : family : uncore_cbox , id : 1
46 [140369674134208] INFO perfrun.launcher <> - plugin perf has been added successfully
46 [140369674134208] INFO perfrun.launcher <> - plugin aoclprofile has been added successfully
46 [140369674134208] INFO perfrun.launcher <> - plugin tpss has been added successfully
46 [140369674134208] INFO perfrun.launcher <> - plugin exprof has been added successfully
46 [140369674134208] INFO perfrun.launcher <> - plugin media has been added successfully
46 [140369674134208] INFO perfrun.launcher <> - plugin ice has been added successfully
46 [140369674134208] INFO perfrun.launcher <> - plugin  has been added successfully
46 [140369674134208] INFO perfrun.launcher <> - plugin  has been added successfully
46 [140369674134208] INFO perfrun.launcher <> - plugin parallelfs has been added successfully
46 [140369674134208] INFO perfrun.launcher <> - plugin power has been added successfully
46 [140369674134208] INFO perfrun.launcher <> - plugin hwloc has been added successfully
46 [140369674134208] INFO perfrun.launcher <> - plugin ipmwatch has been added successfully
46 [140369674134208] INFO perfrun.launcher <> - plugin os_counters has been added successfully
47 [140369674134208] INFO perfrun.launcher <> - the option was added --interval: Specify an interval of data collection (for example, sampling) in milliseconds.
47 [140369674134208] INFO perfrun.launcher <> - the option was added --follow-child: Profile process with or without children.
47 [140369674134208] INFO perfrun.launcher <> - the option was added --gelding: BADMSG: perfrun1.launcher.plugin_manager::gelding
47 [140369674134208] INFO perfrun.launcher <> - the option was added --time-source: Specify time source for measurement. Possible values: sys - wall clock time; tsc - time stamp counter; ext - time from an external source; auto - auto select accurate time source.
47 [140369674134208] INFO perfrun.launcher <> - the option was added --stack: Enable or disable collection of stacks.
47 [140369674134208] INFO perfrun.launcher <> - the option was added --stack-stitching: Enable or disable the stack stitching algorithm for Intel TBB-based applications.
47 [140369674134208] INFO perfrun.launcher <> - the option was added --type: Specify type of data to be collected. For example, --type cpu:counters,waiting:nostack,io.
47 [140369674134208] INFO perfrun.launcher <> - the option was added --mrte-mode: Specify Java/.NET/other managed runtime collection mode. Possible values: native - collect information only for native code; managed - collect information only for managed code; mixed - collect information for both managed and native code; auto - choose the mode based on binary type.
47 [140369674134208] INFO perfrun.launcher <> - the option was added --mrte-mode-list: List supported Java/.NET/other managed runtime collection modes.
47 [140369674134208] INFO perfrun.launcher <> - the option was added --mrte-type: Specify which managed runtimes to collect. Possible values: java - collect information for Java; dotnet - collect information for .NET; python - collect information for CPython. You can specify several values separated by comma.
47 [140369674134208] INFO perfrun.launcher <> - the option was added --mrte-type-list: List supported Java/.NET/other managed runtime types.
47 [140369674134208] INFO perfrun.launcher <> - the option was added --trace-strategy: Specify how to profile a process tree. <string> can be "<process>:trace:notrace" - profile the process but do not profile its children. Shorthand parameters: t - trace, nt - notrace. For example, "vtunedemo.exe:t:t".
47 [140369674134208] INFO perfrun.launcher <> - the option was added --collector: BADMSG: perfrun1.launcher.plugin_manager::collector
47 [140369674134208] INFO perfrun.launcher <> - the option was added --system-wide: Enable system-wide profiling. This mode may require additional permissions.
47 [140369674134208] INFO perfrun.launcher <> - the option was added --kvm-guest: Enable KVM guest OS profiling.
47 [140369674134208] INFO perfrun.launcher <> - the option was added --kvm-guest-kallsyms: Specify a local path to the /proc/kallsyms file copied from the guest OS for proper symbol resolution.
47 [140369674134208] INFO perfrun.launcher <> - the option was added --kvm-guest-modules: Specify a local path to the /proc/modules file copied from the guest OS for proper symbol resolution.
47 [140369674134208] INFO perfrun.launcher <> - the option was added --bandwidth-limits: Measure bandwidth limits
47 [140369674134208] INFO perfrun.launcher <> - the option was added --acrn-map-info: Collect map info for ACRN
47 [140369674134208] INFO perfrun.launcher <> - the option was added --bandwidth-strategy: Bandwidth limits determination specific properties (example: --bandwidth-strategy array-size=0,duration=500).
47 [140369674134208] INFO perfrun.launcher <> - the option was added --bandwidth-config: List of benchmarks to run.
47 [140369674134208] INFO perfrun.launcher <> - the option was added --target-gpu: target-gpu
47 [140369674134208] INFO perfrun.launcher <> - the option was added --dump-vdso: Dump [vdso] to result directory
47 [140369674134208] INFO perfrun.launcher <> - the option was added --system-collector-config: Specify subcollectors. Possible values: all, container, device-info, none. Specify subcollectors. Possible values: all, vdso.
47 [140369674134208] INFO perfrun.launcher <> - the option was added --itt-config: Specify a sub-set of ITT API to collect.
47 [140369674134208] INFO perfrun.launcher <> - the option was added --itt-debug: Set pseudo-breakpoint at ITT API collector's start to enable the debugger to attach early.
47 [140369674134208] INFO perfrun.launcher <> - the option was added --ptrace: Ptrace collector.
47 [140369674134208] INFO perfrun.launcher <> - the option was added --target-pid: BADMSG: perfrun1.ptracecollector::target-pid
47 [140369674134208] INFO perfrun.launcher <> - the option was added --ptrace-server-pid: BADMSG: perfrun1.ptracecollector::ptrace-server-pid
47 [140369674134208] INFO perfrun.launcher <> - the option was added --ptrace-trace: BADMSG: perfrun1.ptracecollector::ptrace-trace
47 [140369674134208] INFO perfrun.launcher <> - the option was added --ptrace-time-source: BADMSG: perfrun1.ptracecollector::ptrace-time-source
48 [140369674134208] INFO perfrun.launcher <> - the option was added --ptrace-start-type: BADMSG: perfrun1.ptracecollector::ptrace-start-type
48 [140369674134208] INFO perfrun.launcher <> - the option was added --gpu-config: Specify types of GPU data to be collected. Possible values: preset1, preset2.
48 [140369674134208] INFO perfrun.launcher <> - the option was added --gpu-debug: Enable self-testing of the GPGPU profiling collector.
48 [140369674134208] INFO perfrun.launcher <> - the option was added --gpu-counting: Collect GPU data in the counting mode.
48 [140369674134208] INFO perfrun.launcher <> - the option was added --emon-preset: Specify a preset for EMON collector. For available presets, run: emon -preset-list.
48 [140369674134208] INFO perfrun.launcher <> - the option was added --emon-csv-trace-format: Use CSV format for EMON trace file.
48 [140369674134208] INFO perfrun.launcher <> - the option was added --emon-machine-readable-ver: Write machine readable EMON version file.
48 [140369674134208] INFO perfrun.launcher <> - the option was added --custom-collector: Allows to provide arbitrary command line to be run on collection steps.
48 [140369674134208] INFO perfrun.launcher <> - the option was added --stdsrc-config: Specify Standard Sources category tag(s).
48 [140369674134208] INFO perfrun.launcher <> - the option was added --ftrace-config-list: List Linux Ftrace category tag(s).
48 [140369674134208] INFO perfrun.launcher <> - the option was added --ftrace-config: Specify Linux Ftrace category tag(s).
48 [140369674134208] INFO perfrun.launcher <> - the option was added --ftrace-function-groups: Enable tracing of specific groups of functions.
48 [140369674134208] INFO perfrun.launcher <> - the option was added --event-info: BADMSG: perfrun1.stdsrc::event-info
48 [140369674134208] INFO perfrun.launcher <> - the option was added --cpu-list: List supported CPUs.
48 [140369674134208] INFO perfrun.launcher <> - the option was added --target-list: List available targets for performing sampling collection.
48 [140369674134208] INFO perfrun.launcher <> - the option was added --event-value-list: Display event information.
48 [140369674134208] INFO perfrun.launcher <> - the option was added --platform-value-list: Display details of supported platforms.
48 [140369674134208] INFO perfrun.launcher <> - the option was added --uncore-event-list: List uncore events for which a sampling data collection can be performed on this platform.
48 [140369674134208] INFO perfrun.launcher <> - the option was added --modifier-list: Specify the event name <string> for which the modifiers list is requested.
48 [140369674134208] INFO perfrun.launcher <> - the option was added --pmu-list: List supported PMUs.
48 [140369674134208] INFO perfrun.launcher <> - the option was added --os-mode-only: Enable sampling data collection for OS-mode processes only.
48 [140369674134208] INFO perfrun.launcher <> - the option was added --user-mode-only: Enable sampling data collection for user-mode processes only.
48 [140369674134208] INFO perfrun.launcher <> - the option was added --event-config: Perform data collection for the events with <string> configured using the format <event name1>":modifier1=val:modifier2=val/constraint1={:modifier3=val:modifier4=val}...,"<event name2>":... Specify the events(s) to monitor and embed the event names within double quotes("). [:modifier=val] specifies individual event modifiers along with the respective values for a given platform. Note that the modifiers can be generic to an event as well as specific to a constraint (or an event qualifier). The constraint specific special modifiers appear after [/constraint=]. The modifiers can be in decimal or hexadecimal format. Only specific modifiers accept the value as a string. Each event specification is delimited by a comma (,). For a list of supported modifiers and constraints, refer to the documentation.
48 [140369674134208] INFO perfrun.launcher <> - the option was added --chipset-event-config: Perform data collection for the chipset events with <string> configured using the format "<event name1>"...,"<event name2>":... Specify the events(s) to monitor and embed the event names within double quotes(").
48 [140369674134208] INFO perfrun.launcher <> - the option was added --uncore-event-config: Perform uncore data collection in ebc count mode for the events with <string> configured using the format "<event name1>"...,"<event name2>":... Specify the events(s) to monitor and embed the event names within double quotes(").
48 [140369674134208] INFO perfrun.launcher <> - the option was added --count-emon: Enable counting mode and output the data in EMON format.
48 [140369674134208] INFO perfrun.launcher <> - the option was added --event-based-counts: Enable event-based counting mode. During sampling data collection, event counts data is collected for the list of events specified in -event-config option.
48 [140369674134208] INFO perfrun.launcher <> - the option was added --event-mux-tfactor: Specify the event multiplexing tfactor as <integer> to set the length of the interval between interrupts. The larger the tfactor value, the larger the period between interrupts. Currently this option is only available on Intel platforms codenamed Knights Corner.
48 [140369674134208] INFO perfrun.launcher <> - the option was added --full-pebs-capture: Capture full pebs information.
48 [140369674134208] INFO perfrun.launcher <> - the option was added --last-branch-records: Capture Last Branch Records information.
48 [140369674134208] INFO perfrun.launcher <> - the option was added --pmu-type: Specify the targeted PMU name as <string>.
48 [140369674134208] INFO perfrun.launcher <> - the option was added --platform-type: Specify the targeted platform number as <number>.
48 [140369674134208] INFO perfrun.launcher <> - the option was added --p-state-trigger: Specify the name of the trigger event for P-state data as <string>. The default trigger is CPU_CLK_UNHALTED.REF_TSC.
48 [140369674134208] INFO perfrun.launcher <> - the option was added --rdt-auto-rmid: Enable automatic Core pinning on RMIDs for RDT monitoring capabilities.
48 [140369674134208] INFO perfrun.launcher <> - the option was added --bts-count: Specify the <integer> number of BTS records collected after each sample or context switch (VTSS++ only).
48 [140369674134208] INFO perfrun.launcher <> - the option was added --cpu-mask: Specify which CPU(s) <string> to collect data on. For example, specify "2-8,10,12-14" to sample only CPUs 2 through 8, 10, and 12 through 14.
49 [140369674134208] INFO perfrun.launcher <> - the option was added --event-mux-alg: Specify the event multiplexing algorithm. Possible values: sequence, timer, trigger.
49 [140369674134208] INFO perfrun.launcher <> - the option was added --event-mux-timeslice: Specify the event multiplexing time slice value as <integer>. The time slice specifies the duration between cycles for each event multiplexing group. The default value is 50 milliseconds. This option is valid only for timer-based event multiplexing. Specify the event multiplexing time slice value as <integer>. The time slice specifies the duration between cycles for each event multiplexing group. The default value is 1 millisecond. This option is valid only for timer-based event multiplexing.
49 [140369674134208] INFO perfrun.launcher <> - the option was added --event-mux-factor: Specify the event multiplexing factor as <integer>. It controls the switching of event multiplexing groups. The default factor is 50. This option is valid only for trigger-based event multiplexing. Specify the event multiplexing factor as <integer>. It controls the switching of event multiplexing groups. The default factor is 1. This option is valid only for trigger-based event multiplexing.
49 [140369674134208] INFO perfrun.launcher <> - the option was added --event-mux-trigger: Specify the name of the trigger event for event multiplexing as <string>. This option is valid only for trigger-based event multiplexing. The default trigger is CPU_CLK_UNHALTED.CORE (or CPU_CLK_UNHALTED.THREAD). BADMSG: perfrun1.vtsspp::event-mux-trigger
49 [140369674134208] INFO perfrun.launcher <> - the option was added --pt-mode: BADMSG: perfrun1.vtsspp::pt-mode
49 [140369674134208] INFO perfrun.launcher <> - the option was added --sample-after-multiplier: Specify the sample after multiplier as <double>. This multiplier modifies the sample after value for all the events specified in -event-config option. The values can range from 0.1 to 100.0. SAV multiplier value
49 [140369674134208] INFO perfrun.launcher <> - the option was added --uncore-sampling-interval: Specify the uncore sampling interval as <integer>. This value set the uncore sampling interval for all the uncore events specified in -event-config option.
49 [140369674134208] INFO perfrun.launcher <> - the option was added --count: Enable counting mode. Enable counting mode
49 [140369674134208] INFO perfrun.launcher <> - the option was added --trace-mpi: Configure collector to trace MPI code.
49 [140369674134208] INFO perfrun.launcher <> - the option was added --aggregated-counting: Enable aggregated counting mode. Enable aggregated-counting mode
49 [140369674134208] INFO perfrun.launcher <> - the option was added --perf-per-cpu: System-wide collection from all CPUs
49 [140369674134208] INFO perfrun.launcher <> - the option was added --raw-perf-config: Specify a verified configuration for the Perf collector in the format: <describer>,<content>. For example: map-events-file,<path_to_map_events_file>.
49 [140369674134208] INFO perfrun.launcher <> - the option was added --sys-config: BADMSG: perfrun1.vtsspp::sys-config Specify types of system data to be collected. Supported value: cswitch - collect context switch information.
49 [140369674134208] INFO perfrun.launcher <> - the option was added --perf-event-config: Specify events for Perf collector in Perf format. For example: perf-event-config=cpu-clock.
49 [140369674134208] INFO perfrun.launcher <> - the option was added --perf-aio: Number of control blocks in asynchronous trace writing mode.
49 [140369674134208] INFO perfrun.launcher <> - the option was added --perf-compression: Specify compression of Perf collector output data. Possible levels: 0 - without compression, 1..3 - best speed, 4..22 - best compression that incurs big overhead.
49 [140369674134208] INFO perfrun.launcher <> - the option was added --perf-mmap-flush: Minimum data size read from the kernel mapped region.
49 [140369674134208] INFO perfrun.launcher <> - the option was added --perf-affinity: Adjust an affinity mask of the Perf thread to a node with an allocated memory trace buffer.
49 [140369674134208] INFO perfrun.launcher <> - the option was added --perf-threads: Setup threading mode for trace writing.
49 [140369674134208] INFO perfrun.launcher <> - the option was added --generate-platform-cmd: Get perf command line for an arbitrary target.
49 [140369674134208] INFO perfrun.launcher <> - the option was added --aocl-profile: Enable profiling and data collection through AOCL profiling tool.
49 [140369674134208] INFO perfrun.launcher <> - the option was added --aocl-source-file: Path to .source file. Find this in the compilation output directory of the FPGA application. Use this option to help attribute performance statistics to the source lines. If unspecified, AOCL profiler will attempt to locate the file in the current directory.
49 [140369674134208] INFO perfrun.launcher <> - the option was added --aocl-binary-aocx-file: Path to .aocx file (OpenCL flow) or host binary (DPC++ flow). If you do not provide this path: 1) For OpenCL flow, AOCL Profiler attempts to locate the file in the working directory. 2) For DPC++ flow, the collector assumes that host binary is used as an application to launch.
49 [140369674134208] INFO perfrun.launcher <> - the option was added --aocl-period: Specifies the number of cycles between readbacks from the device. The default value is 0 and indicates that the profiler should read back data as often as possible.
49 [140369674134208] INFO perfrun.launcher <> - the option was added --aocl-no-temporal: Disables readback during execution and only reads back non-autorun kernels once they finish executing.
49 [140369674134208] INFO perfrun.launcher <> - the option was added --aocl-no-mem-transfers: Disables the recording of memory transfer information.
49 [140369674134208] INFO perfrun.launcher <> - the option was added --stackwalk: Specify stack unwinding method. Possible values: online - unwind stacks during collection; offline - unwind stacks after collection is finished. Specify stack unwinding method. Possible value: lbr - unwind stacks during collection. Specify stack unwinding method. Possible values: online - unwind stacks during collection; offline - unwind stacks after collection is finished; lbr - enable LBR-based call stack collection. Specify stack unwinding method. Possible values: online - unwind stacks during collection; offline - unwind stacks after collection is finished. Specify stack unwinding method. Possible values: online - unwind stacks during collection; offline - unwind stacks after collection is finished.
49 [140369674134208] INFO perfrun.launcher <> - the option was added --filter-include: Filter data during collection. Possible values: contended=<on|off> - filter out uncontended events; contended_nostack=<time> - filter out stacks for contended events that take less than <time> microseconds; wait=<time> - ignore transitions and blocks with wait time less than <time> microseconds; wait_nostack=<time> - filter out stacks for waits that take less than <time> microseconds.
49 [140369674134208] INFO perfrun.launcher <> - the option was added --debug-pin: Debug PIN tool and runtime.
49 [140369674134208] INFO perfrun.launcher <> - the option was added --debug-exception: Disallow the application to set own abnormal termination handler.
49 [140369674134208] INFO perfrun.launcher <> - the option was added --trace-type: Specify the trace file granularity. Possible values: per-thread - per-thread trace file generation; per-process - per-process trace file generation.
50 [140369674134208] INFO perfrun.launcher <> - the option was added --instrumentation-type: Specify type of instrumentation.
50 [140369674134208] INFO perfrun.launcher <> - the option was added --altstack: Enable or disable usage of altstacks for profiling signal handlers.
50 [140369674134208] INFO perfrun.launcher <> - the option was added --profiling-signal: BADMSG: perfrun1.ptracecollector::profiling-signal Alternate profiling signal.
50 [140369674134208] INFO perfrun.launcher <> - the option was added --memory-strategy: Specify a minimal memory object size to be traced and a hash table size for faster objects search; for example: --memory-strategy obj-size-min=1024,hash-table-size=4096.
50 [140369674134208] INFO perfrun.launcher <> - the option was added --gpu-profiling-type: Specify a type of deep GPU profiling: none, bblatency, memlatency, instcount.
50 [140369674134208] INFO perfrun.launcher <> - the option was added --opencl-trace-mode: Specify OpenCL kernel tracing modes: 'default' to trace OpenCL kernels for Intel Graphics Driver only; 'epoch' for any non-Intel graphics, where OpenCL kernels will be traced and OpenCL profiling API timestamps will be interpreted as Unux Epoch time in nanoseconds; 'completion' to trace OpenCL kernels for any Graphics Driver and bind OpenCL profiling API timestamps to the timestamp of OpenCL completion callback.
50 [140369674134208] INFO perfrun.launcher <> - the option was added --gpu-kernels-to-profile: Specify a comma-separated list of GPU kernel names and invocations to be profiled in the following format: kernel_name[#start_idx#step#stop_idx], where kernel_name is the name of GPU kernel; start_idx is the number of the first invocation; and stop_idx is the number of the last invocation to be profiled.
50 [140369674134208] INFO perfrun.launcher <> - the option was added --exprof-com-list: List available COM ports.
50 [140369674134208] INFO perfrun.launcher <> - the option was added --exprof-dvc-list: List available DvC IDs.
50 [140369674134208] INFO perfrun.launcher <> - the option was added --exprof-trace-channel: BADMSG: perfrun1.exprof::exprof-trace-channel
50 [140369674134208] INFO perfrun.launcher <> - the option was added --exprof-event-config: Specify ExactProfiling Event Classes.
50 [140369674134208] INFO perfrun.launcher <> - the option was added --ice-pmons-list: BADMSG: perfrun1.ice::ice-pmons-list
50 [140369674134208] INFO perfrun.launcher <> - the option was added --ice-pmons-config: BADMSG: perfrun1.ice::ice-pmons-config
50 [140369674134208] INFO perfrun.launcher <> - the option was added --ice-sw-trace: Collect software traces of the Intel Neural Network Processor (NNP-I) and analyze software context of inference progress.
50 [140369674134208] INFO perfrun.launcher <> - the option was added --ice-sample-after-value: BADMSG: perfrun1.ice::ice-sample-after-value
50 [140369674134208] INFO perfrun.launcher <> - the option was added --ice-frequency: BADMSG: perfrun1.ice::ice-frequency
50 [140369674134208] INFO perfrun.launcher <> - the option was added --parallel-fs-config: Specify parallel fs counters to collect.
50 [140369674134208] INFO perfrun.launcher <> - the option was added --pwr-config: BADMSG: perfrun1.vtsspp::pwr-config Specify power metrics configuration.
50 [140369674134208] INFO perfrun.launcher <> - the option was added --pwr-sampling-interval: Specify Intel SoC Watch sampling interval.
50 [140369674134208] INFO perfrun.launcher <> - the option was added --collect-topology: Collect topology info with hwloc.
50 [140369674134208] INFO perfrun.launcher <> - the option was added --persistent-mem-metrics: Collect Persistent Memory performance counters.
50 [140369674134208] INFO perfrun.launcher <> - the option was added --os-counters: Collect OS counters
53 [140369674134208] INFO perfrun.launcher <> - create msngr2::ICliToolContext
53 [140369674134208] INFO perfrun.launcher <> - create file finder object
53 [140369674134208] INFO perfrun.launcher <> - create a result directory: pattern = /home/users/dhamorim/pagerank-openmp/results/hpc-performance_web-Google_32 pid = 4294967295
58 [140369674134208] INFO perfrun.sdk <> - checked that the directory /home/users/dhamorim/pagerank-openmp/results/hpc-performance_web-Google_32 is a local directory
58 [140369674134208] INFO perfrun.sdk <> - the directory /home/users/dhamorim/pagerank-openmp/results/hpc-performance_web-Google_32 is located on a share or its FS ID is unknown 26985
58 [140369674134208] INFO perfrun.sdk <> - checked that the directory /tmp/amplxe-tmp-dhamorim is a local directory
58 [140369674134208] INFO perfrun.sdk <> - the directory /tmp/amplxe-tmp-dhamorim is a local directory with FS type ID 61267
59 [140369674134208] INFO perfrun.launcher <> - Create a local result directory /tmp/amplxe-tmp-dhamorim/amplxe-res-1442629-16359279856238468 due to the user result path /home/users/dhamorim/pagerank-openmp/results/hpc-performance_web-Google_32 is located on a share
59 [140369674134208] INFO perfrun.launcher <> - create data directory = /tmp/amplxe-tmp-dhamorim/amplxe-res-1442629-16359279856238468/data.0
60 [140369674134208] INFO perfrun.launcher <> - create data directory = /home/users/dhamorim/pagerank-openmp/results/hpc-performance_web-Google_32/data.0
84 [140369674134208] INFO perfrun.launcher <> - Creating the master collection flag
112 [140369674134208] INFO perfrun.launcher <> - Done creating the master collection flag
116 [140369517864640] INFO perfrun.launcher <> - plugin [remoteplug] was disabled because it doesn't support the given collection type.
116 [140369517864640] INFO perfrun.system <> - online nodes : 0-1
116 [140369517864640] INFO perfrun.system <> - nodes with cpus : 0-1
116 [140369517864640] INFO perfrun.system <> - nodes with memory : 0-1
121 [140369517864640] INFO perfrun.sdk <> - Allocating TMU :/tmp/amplxe-tmp-dhamorim/amplxe-res-1442629-16359279856238468/data.0/systemcollector-1442629-hype1.sc
121 [140369517864640] INFO perfrun.launcher <> - plugin [ptracecollector] was disabled because it doesn't support the given collection type.
121 [140369517864640] INFO perfrun.launcher <> - plugin [gpu] was disabled because it doesn't support the given collection type.
121 [140369517864640] INFO perfrun.launcher <> - plugin [] was disabled because it doesn't support the given collection type.
121 [140369517864640] INFO perfrun.launcher <> - plugin [] was disabled because it doesn't support the given collection type.
121 [140369517864640] INFO perfrun.launcher <> - plugin [] was disabled because it doesn't support the given collection type.
121 [140369517864640] INFO perfrun.mrte <> - system-wide mode is 0
121 [140369517864640] INFO perfrun.mrte <> - Getting  mrte profiling environment ...
151 [140369517864640] INFO perfrun.mrte <> - INTEL_MRTE_DATA_DIR=/tmp/amplxe-tmp-dhamorim/amplxe-res-1442629-16359279856238468/data.0
151 [140369517864640] INFO perfrun.mrte <> - INTEL_MRTE_HOST_NAME=hype1
151 [140369517864640] INFO perfrun.mrte <> - JAVA_TOOL_OPTIONS=-agentlib:amplxe_samplingmrte_javaprof_1.0 -Dsun.boot.library.path=/home/intel/oneapi/vtune/2021.1.1/lib32/runtime:/home/intel/oneapi/vtune/2021.1.1/lib64/runtime
151 [140369517864640] INFO perfrun.mrte <> - CORECLR_ENABLE_PROFILING=1
151 [140369517864640] INFO perfrun.mrte <> - CORECLR_PROFILER={AA5E4821-E3B1-479c-B7FF-5AD047D22CED}
151 [140369517864640] INFO perfrun.mrte <> - CORECLR_PROFILER_PATH=/home/intel/oneapi/vtune/2021.1.1/lib64/libamplxe_samplingmrte_clrprof_1.0.so
151 [140369517864640] INFO perfrun.mrte <> - INTEL_MRTE_PROFILER_MODE=mixed
151 [140369517864640] INFO perfrun.mrte <> - Data directory: /tmp/amplxe-tmp-dhamorim/amplxe-res-1442629-16359279856238468/data.0
151 [140369517864640] INFO perfrun.mrte <> - Mrte plugin is initialized
151 [140369517864640] INFO perfrun.launcher <> - plugin [emon] was disabled because it doesn't support the given collection type.
151 [140369517864640] INFO perfrun.launcher <> - plugin [cuscol] was disabled because it doesn't support the given collection type.
151 [140369517864640] INFO perfrun.launcher <> - plugin [stdsrc] was disabled because it doesn't support the given collection type.
151 [140369517864640] INFO perfrun.launcher <> - plugin [sep] was disabled because it doesn't support the given collection type.
151 [140369517864640] INFO perfrun.launcher <> - plugin [vtsspp] was disabled because it doesn't support the given collection type.
151 [140369517864640] INFO perfrun.perfcollector <> - AIO blocks = 0
151 [140369517864640] INFO perfrun.perfcollector <> - compression level = 1
151 [140369517864640] INFO perfrun.perfcollector <> - Perf threads mode = CPU
151 [140369517864640] INFO perfrun.perfcollector <> - No MPI detected-1
151 [140369517864640] WARN perfrun.launcher <> - Messenger::say: To profile kernel modules during the session, make sure they are available in the /lib/modules/kernel_version/ location.
151 [140369517864640] INFO perfrun.sdk <> - runCmd: "/home/intel/oneapi/vtune/2021.1.1/bin64/sep" -dry-run -sam 5 -ec "CPU_CLK_UNHALTED.THREAD:sa=2300000,CPU_CLK_UNHALTED.REF_TSC:sample:sa=2300000,INST_RETIRED.ANY:sample:sa=2300000,CPU_CLK_UNHALTED.REF_XCLK:sa=100003,CPU_CLK_UNHALTED.ONE_THREAD_ACTIVE:sa=100003,CYCLE_ACTIVITY.CYCLES_NO_EXECUTE:sa=2000003,CYCLE_ACTIVITY.STALLS_L1D_PENDING:sa=2000003,CYCLE_ACTIVITY.STALLS_LDM_PENDING:sa=2000003,CYCLE_ACTIVITY.STALLS_L2_PENDING:sa=2000003,IDQ_UOPS_NOT_DELIVERED.CORE:sa=2000003,INT_MISC.RECOVERY_CYCLES:sa=2000003,MEM_LOAD_UOPS_RETIRED.L3_HIT_PS:sa=50003,MEM_LOAD_UOPS_RETIRED.L3_MISS_PS:sa=50003,OFFCORE_REQUESTS_OUTSTANDING.CYCLES_WITH_DATA_RD:sa=2000003,OFFCORE_REQUESTS_OUTSTANDING.ALL_DATA_RD:cmask=6:sa=2000003,RESOURCE_STALLS.SB:sa=2000003,RS_EVENTS.EMPTY_CYCLES:sa=2000003,UOPS_EXECUTED.CORE:cmask=1:sa=2000003,UOPS_EXECUTED.CORE:cmask=2:sa=2000003,UOPS_EXECUTED.CORE:cmask=3:sa=2000003,UOPS_ISSUED.ANY:sa=2000003,UOPS_RETIRED.RETIRE_SLOTS:sa=2000003,IDQ_UOPS_NOT_DELIVERED.CYCLES_0_UOPS_DELIV.CORE:sa=2000003,MEM_UOPS_RETIRED.ALL_LOADS_PS:sa=100003,MEM_UOPS_RETIRED.ALL_STORES_PS:sa=100003,MEM_LOAD_UOPS_L3_MISS_RETIRED.LOCAL_DRAM_PS:sa=100003,MEM_LOAD_UOPS_L3_MISS_RETIRED.REMOTE_DRAM_PS:sa=100003,MEM_LOAD_UOPS_L3_MISS_RETIRED.REMOTE_HITM_PS:sa=100003,MEM_LOAD_UOPS_L3_MISS_RETIRED.REMOTE_FWD_PS:sa=100003,UNC_M_CAS_COUNT.RD,UNC_M_CAS_COUNT.WR" -experimental
240 [140369517864640] INFO perfrun.perfcollector <> - SepDryRun RC = true
240 [140369517864640] INFO perfrun.perfcollector <> - DRY_RUN : "PMU type: Core (core)"
243 [140369517864640] INFO perfrun.perfcollector <> - pmu type : cpu
243 [140369517864640] INFO perfrun.perfcollector <> - DRY_RUN : "Group 0:"
243 [140369517864640] INFO perfrun.perfcollector <> - id : 0
243 [140369517864640] INFO perfrun.perfcollector <> - DRY_RUN : "INST_RETIRED.ANY: event id 2"
243 [140369517864640] INFO perfrun.perfcollector <> - eventName : INST_RETIRED.ANY , eventId : 2
243 [140369517864640] INFO perfrun.perfcollector <> - DRY_RUN : "CPU_CLK_UNHALTED.THREAD: event id 0"
243 [140369517864640] INFO perfrun.perfcollector <> - eventName : CPU_CLK_UNHALTED.THREAD , eventId : 0
243 [140369517864640] INFO perfrun.perfcollector <> - DRY_RUN : "CPU_CLK_UNHALTED.REF_TSC: event id 1"
244 [140369517864640] INFO perfrun.perfcollector <> - eventName : CPU_CLK_UNHALTED.REF_TSC , eventId : 1
244 [140369517864640] INFO perfrun.perfcollector <> - DRY_RUN : "CPU_CLK_UNHALTED.REF_XCLK: event id 4"
244 [140369517864640] INFO perfrun.perfcollector <> - eventName : CPU_CLK_UNHALTED.REF_XCLK , eventId : 4
244 [140369517864640] INFO perfrun.perfcollector <> - DRY_RUN : "CPU_CLK_UNHALTED.ONE_THREAD_ACTIVE: event id 5"
244 [140369517864640] INFO perfrun.perfcollector <> - eventName : CPU_CLK_UNHALTED.ONE_THREAD_ACTIVE , eventId : 5
244 [140369517864640] INFO perfrun.perfcollector <> - DRY_RUN : "CYCLE_ACTIVITY.STALLS_L1D_PENDING: event id 3"
244 [140369517864640] INFO perfrun.perfcollector <> - eventName : CYCLE_ACTIVITY.STALLS_L1D_PENDING , eventId : 3
244 [140369517864640] INFO perfrun.perfcollector <> - DRY_RUN : "CYCLE_ACTIVITY.CYCLES_NO_EXECUTE: event id 6"
244 [140369517864640] INFO perfrun.perfcollector <> - eventName : CYCLE_ACTIVITY.CYCLES_NO_EXECUTE , eventId : 6
244 [140369517864640] INFO perfrun.perfcollector <> - DRY_RUN : "CCCR"
244 [140369517864640] INFO perfrun.perfcollector <> - DRY_RUN : "reg_type       = 1	event_id       = g	reg_id         = 38f	reg_value      = 70000000f"
244 [140369517864640] INFO perfrun.perfcollector <> - eventId : g , ignored
244 [140369517864640] INFO perfrun.perfcollector <> - DRY_RUN : "reg_type       = 1	event_id       = g	reg_id         = 390	reg_value      = 70000000f"
244 [140369517864640] INFO perfrun.perfcollector <> - eventId : g , ignored
244 [140369517864640] INFO perfrun.perfcollector <> - DRY_RUN : "reg_type       = 1	event_id       = g	reg_id         = 3f1	reg_value      = 0"
244 [140369517864640] INFO perfrun.perfcollector <> - eventId : g , ignored
244 [140369517864640] INFO perfrun.perfcollector <> - DRY_RUN : "reg_type       = 1	event_id       = g	reg_id         = 1d9	reg_value      = 1800"
244 [140369517864640] INFO perfrun.perfcollector <> - eventId : g , ignored
244 [140369517864640] INFO perfrun.perfcollector <> - DRY_RUN : "reg_type       = 1	event_id       = g	reg_id         = 38d	reg_value      = bbb"
244 [140369517864640] INFO perfrun.perfcollector <> - eventId : g , ignored
244 [140369517864640] INFO perfrun.perfcollector <> - DRY_RUN : "reg_type       = 1	event_id       = 4	reg_id         = 186	reg_value      = 53013c"
244 [140369517864640] INFO perfrun.perfcollector <> - eventId : 4 , cccrAddr : 186 , cccrVal : 53013c
244 [140369517864640] INFO perfrun.perfcollector <> - DRY_RUN : "reg_type       = 1	event_id       = 5	reg_id         = 187	reg_value      = 53023c"
244 [140369517864640] INFO perfrun.perfcollector <> - eventId : 5 , cccrAddr : 187 , cccrVal : 53023c
244 [140369517864640] INFO perfrun.perfcollector <> - DRY_RUN : "reg_type       = 1	event_id       = 3	reg_id         = 188	reg_value      = c530ca3"
244 [140369517864640] INFO perfrun.perfcollector <> - eventId : 3 , cccrAddr : 188 , cccrVal : c530ca3
244 [140369517864640] INFO perfrun.perfcollector <> - DRY_RUN : "reg_type       = 1	event_id       = 6	reg_id         = 189	reg_value      = 45304a3"
244 [140369517864640] INFO perfrun.perfcollector <> - eventId : 6 , cccrAddr : 189 , cccrVal : 45304a3
244 [140369517864640] INFO perfrun.perfcollector <> - DRY_RUN : "ESCR"
244 [140369517864640] INFO perfrun.perfcollector <> - DRY_RUN : "reg_type       = 2	event_id       = g	reg_id         = 1c8	reg_value      = 0"
244 [140369517864640] INFO perfrun.perfcollector <> - eventId : g , ignored
244 [140369517864640] INFO perfrun.perfcollector <> - DRY_RUN : "DATA"
244 [140369517864640] INFO perfrun.perfcollector <> - DRY_RUN : "reg_type       = 4	event_id       = 2	reg_id         = 309	reg_value      = ffffff508620"
244 [140369517864640] INFO perfrun.perfcollector <> - eventId : 2 , dataAddr : 309 , dataVal : ffffff508620
244 [140369517864640] INFO perfrun.perfcollector <> - DRY_RUN : "reg_type       = 4	event_id       = 0	reg_id         = 30a	reg_value      = ffffff508620"
244 [140369517864640] INFO perfrun.perfcollector <> - eventId : 0 , dataAddr : 30a , dataVal : ffffff508620
244 [140369517864640] INFO perfrun.perfcollector <> - DRY_RUN : "reg_type       = 4	event_id       = 1	reg_id         = 30b	reg_value      = ffffff508620"
244 [140369517864640] INFO perfrun.perfcollector <> - eventId : 1 , dataAddr : 30b , dataVal : ffffff508620
244 [140369517864640] INFO perfrun.perfcollector <> - DRY_RUN : "reg_type       = 4	event_id       = 4	reg_id         = c1	reg_value      = fffffff85ed1"
244 [140369517864640] INFO perfrun.perfcollector <> - eventId : 4 , dataAddr : c1 , dataVal : fffffff85ed1
244 [140369517864640] INFO perfrun.perfcollector <> - DRY_RUN : "reg_type       = 4	event_id       = 5	reg_id         = c2	reg_value      = fffffff85ed1"
244 [140369517864640] INFO perfrun.perfcollector <> - eventId : 5 , dataAddr : c2 , dataVal : fffffff85ed1
244 [140369517864640] INFO perfrun.perfcollector <> - DRY_RUN : "reg_type       = 4	event_id       = 3	reg_id         = c3	reg_value      = ffffff676971"
244 [140369517864640] INFO perfrun.perfcollector <> - eventId : 3 , dataAddr : c3 , dataVal : ffffff676971
244 [140369517864640] INFO perfrun.perfcollector <> - DRY_RUN : "reg_type       = 4	event_id       = 6	reg_id         = c4	reg_value      = ffffff676971"
244 [140369517864640] INFO perfrun.perfcollector <> - eventId : 6 , dataAddr : c4 , dataVal : ffffff676971
244 [140369517864640] INFO perfrun.perfcollector <> - DRY_RUN : "Group 1:"
244 [140369517864640] INFO perfrun.perfcollector <> - id : 1
244 [140369517864640] INFO perfrun.perfcollector <> - DRY_RUN : "INST_RETIRED.ANY: event id 2"
244 [140369517864640] INFO perfrun.perfcollector <> - eventName : INST_RETIRED.ANY , eventId : 2
244 [140369517864640] INFO perfrun.perfcollector <> - DRY_RUN : "CPU_CLK_UNHALTED.THREAD: event id 0"
244 [140369517864640] INFO perfrun.perfcollector <> - eventName : CPU_CLK_UNHALTED.THREAD , eventId : 0
244 [140369517864640] INFO perfrun.perfcollector <> - DRY_RUN : "CPU_CLK_UNHALTED.REF_TSC: event id 1"
244 [140369517864640] INFO perfrun.perfcollector <> - eventName : CPU_CLK_UNHALTED.REF_TSC , eventId : 1
244 [140369517864640] INFO perfrun.perfcollector <> - DRY_RUN : "CYCLE_ACTIVITY.STALLS_LDM_PENDING: event id 7"
244 [140369517864640] INFO perfrun.perfcollector <> - eventName : CYCLE_ACTIVITY.STALLS_LDM_PENDING , eventId : 7
244 [140369517864640] INFO perfrun.perfcollector <> - DRY_RUN : "CYCLE_ACTIVITY.STALLS_L2_PENDING: event id 8"
244 [140369517864640] INFO perfrun.perfcollector <> - eventName : CYCLE_ACTIVITY.STALLS_L2_PENDING , eventId : 8
244 [140369517864640] INFO perfrun.perfcollector <> - DRY_RUN : "IDQ_UOPS_NOT_DELIVERED.CORE: event id 9"
244 [140369517864640] INFO perfrun.perfcollector <> - eventName : IDQ_UOPS_NOT_DELIVERED.CORE , eventId : 9
244 [140369517864640] INFO perfrun.perfcollector <> - DRY_RUN : "INT_MISC.RECOVERY_CYCLES: event id 10"
244 [140369517864640] INFO perfrun.perfcollector <> - eventName : INT_MISC.RECOVERY_CYCLES , eventId : 10
244 [140369517864640] INFO perfrun.perfcollector <> - DRY_RUN : "CCCR"
244 [140369517864640] INFO perfrun.perfcollector <> - DRY_RUN : "reg_type       = 1	event_id       = g	reg_id         = 38f	reg_value      = 70000000f"
244 [140369517864640] INFO perfrun.perfcollector <> - eventId : g , ignored
244 [140369517864640] INFO perfrun.perfcollector <> - DRY_RUN : "reg_type       = 1	event_id       = g	reg_id         = 390	reg_value      = 70000000f"
244 [140369517864640] INFO perfrun.perfcollector <> - eventId : g , ignored
244 [140369517864640] INFO perfrun.perfcollector <> - DRY_RUN : "reg_type       = 1	event_id       = g	reg_id         = 3f1	reg_value      = 0"
244 [140369517864640] INFO perfrun.perfcollector <> - eventId : g , ignored
244 [140369517864640] INFO perfrun.perfcollector <> - DRY_RUN : "reg_type       = 1	event_id       = g	reg_id         = 1d9	reg_value      = 1800"
244 [140369517864640] INFO perfrun.perfcollector <> - eventId : g , ignored
244 [140369517864640] INFO perfrun.perfcollector <> - DRY_RUN : "reg_type       = 1	event_id       = g	reg_id         = 38d	reg_value      = bbb"
244 [140369517864640] INFO perfrun.perfcollector <> - eventId : g , ignored
244 [140369517864640] INFO perfrun.perfcollector <> - DRY_RUN : "reg_type       = 1	event_id       = 7	reg_id         = 186	reg_value      = 65306a3"
244 [140369517864640] INFO perfrun.perfcollector <> - eventId : 7 , cccrAddr : 186 , cccrVal : 65306a3
244 [140369517864640] INFO perfrun.perfcollector <> - DRY_RUN : "reg_type       = 1	event_id       = 8	reg_id         = 187	reg_value      = 55305a3"
244 [140369517864640] INFO perfrun.perfcollector <> - eventId : 8 , cccrAddr : 187 , cccrVal : 55305a3
244 [140369517864640] INFO perfrun.perfcollector <> - DRY_RUN : "reg_type       = 1	event_id       = 9	reg_id         = 188	reg_value      = 53019c"
244 [140369517864640] INFO perfrun.perfcollector <> - eventId : 9 , cccrAddr : 188 , cccrVal : 53019c
244 [140369517864640] INFO perfrun.perfcollector <> - DRY_RUN : "reg_type       = 1	event_id       = 10	reg_id         = 189	reg_value      = 153030d"
244 [140369517864640] INFO perfrun.perfcollector <> - eventId : 10 , cccrAddr : 189 , cccrVal : 153030d
244 [140369517864640] INFO perfrun.perfcollector <> - DRY_RUN : "ESCR"
244 [140369517864640] INFO perfrun.perfcollector <> - DRY_RUN : "reg_type       = 2	event_id       = g	reg_id         = 1c8	reg_value      = 0"
244 [140369517864640] INFO perfrun.perfcollector <> - eventId : g , ignored
244 [140369517864640] INFO perfrun.perfcollector <> - DRY_RUN : "DATA"
244 [140369517864640] INFO perfrun.perfcollector <> - DRY_RUN : "reg_type       = 4	event_id       = 2	reg_id         = 309	reg_value      = ffffff508620"
244 [140369517864640] INFO perfrun.perfcollector <> - eventId : 2 , dataAddr : 309 , dataVal : ffffff508620
244 [140369517864640] INFO perfrun.perfcollector <> - DRY_RUN : "reg_type       = 4	event_id       = 0	reg_id         = 30a	reg_value      = ffffff508620"
244 [140369517864640] INFO perfrun.perfcollector <> - eventId : 0 , dataAddr : 30a , dataVal : ffffff508620
244 [140369517864640] INFO perfrun.perfcollector <> - DRY_RUN : "reg_type       = 4	event_id       = 1	reg_id         = 30b	reg_value      = ffffff508620"
244 [140369517864640] INFO perfrun.perfcollector <> - eventId : 1 , dataAddr : 30b , dataVal : ffffff508620
244 [140369517864640] INFO perfrun.perfcollector <> - DRY_RUN : "reg_type       = 4	event_id       = 7	reg_id         = c1	reg_value      = ffffff676971"
244 [140369517864640] INFO perfrun.perfcollector <> - eventId : 7 , dataAddr : c1 , dataVal : ffffff676971
244 [140369517864640] INFO perfrun.perfcollector <> - DRY_RUN : "reg_type       = 4	event_id       = 8	reg_id         = c2	reg_value      = ffffff676971"
244 [140369517864640] INFO perfrun.perfcollector <> - eventId : 8 , dataAddr : c2 , dataVal : ffffff676971
244 [140369517864640] INFO perfrun.perfcollector <> - DRY_RUN : "reg_type       = 4	event_id       = 9	reg_id         = c3	reg_value      = ffffff676971"
244 [140369517864640] INFO perfrun.perfcollector <> - eventId : 9 , dataAddr : c3 , dataVal : ffffff676971
244 [140369517864640] INFO perfrun.perfcollector <> - DRY_RUN : "reg_type       = 4	event_id       = 10	reg_id         = c4	reg_value      = ffffff676971"
244 [140369517864640] INFO perfrun.perfcollector <> - eventId : 10 , dataAddr : c4 , dataVal : ffffff676971
244 [140369517864640] INFO perfrun.perfcollector <> - DRY_RUN : "Group 2:"
244 [140369517864640] INFO perfrun.perfcollector <> - id : 2
244 [140369517864640] INFO perfrun.perfcollector <> - DRY_RUN : "INST_RETIRED.ANY: event id 2"
244 [140369517864640] INFO perfrun.perfcollector <> - eventName : INST_RETIRED.ANY , eventId : 2
244 [140369517864640] INFO perfrun.perfcollector <> - DRY_RUN : "CPU_CLK_UNHALTED.THREAD: event id 0"
244 [140369517864640] INFO perfrun.perfcollector <> - eventName : CPU_CLK_UNHALTED.THREAD , eventId : 0
244 [140369517864640] INFO perfrun.perfcollector <> - DRY_RUN : "CPU_CLK_UNHALTED.REF_TSC: event id 1"
244 [140369517864640] INFO perfrun.perfcollector <> - eventName : CPU_CLK_UNHALTED.REF_TSC , eventId : 1
244 [140369517864640] INFO perfrun.perfcollector <> - DRY_RUN : "MEM_LOAD_UOPS_RETIRED.L3_HIT_PS: event id 11"
244 [140369517864640] INFO perfrun.perfcollector <> - eventName : MEM_LOAD_UOPS_RETIRED.L3_HIT_PS , eventId : 11
244 [140369517864640] INFO perfrun.perfcollector <> - DRY_RUN : "MEM_LOAD_UOPS_RETIRED.L3_MISS_PS: event id 12"
244 [140369517864640] INFO perfrun.perfcollector <> - eventName : MEM_LOAD_UOPS_RETIRED.L3_MISS_PS , eventId : 12
244 [140369517864640] INFO perfrun.perfcollector <> - DRY_RUN : "OFFCORE_REQUESTS_OUTSTANDING.CYCLES_WITH_DATA_RD: event id 13"
244 [140369517864640] INFO perfrun.perfcollector <> - eventName : OFFCORE_REQUESTS_OUTSTANDING.CYCLES_WITH_DATA_RD , eventId : 13
244 [140369517864640] INFO perfrun.perfcollector <> - DRY_RUN : "OFFCORE_REQUESTS_OUTSTANDING.ALL_DATA_RD:cmask=6: event id 14"
244 [140369517864640] INFO perfrun.perfcollector <> - eventName : OFFCORE_REQUESTS_OUTSTANDING.ALL_DATA_RD:cmask=6 , eventId : 14
244 [140369517864640] INFO perfrun.perfcollector <> - DRY_RUN : "CCCR"
244 [140369517864640] INFO perfrun.perfcollector <> - DRY_RUN : "reg_type       = 1	event_id       = g	reg_id         = 38f	reg_value      = 70000000f"
244 [140369517864640] INFO perfrun.perfcollector <> - eventId : g , ignored
244 [140369517864640] INFO perfrun.perfcollector <> - DRY_RUN : "reg_type       = 1	event_id       = g	reg_id         = 390	reg_value      = 70000000f"
244 [140369517864640] INFO perfrun.perfcollector <> - eventId : g , ignored
244 [140369517864640] INFO perfrun.perfcollector <> - DRY_RUN : "reg_type       = 1	event_id       = g	reg_id         = 3f1	reg_value      = 300000003"
244 [140369517864640] INFO perfrun.perfcollector <> - eventId : g , ignored
244 [140369517864640] INFO perfrun.perfcollector <> - DRY_RUN : "reg_type       = 1	event_id       = g	reg_id         = 1d9	reg_value      = 1800"
244 [140369517864640] INFO perfrun.perfcollector <> - eventId : g , ignored
244 [140369517864640] INFO perfrun.perfcollector <> - DRY_RUN : "reg_type       = 1	event_id       = g	reg_id         = 38d	reg_value      = bbb"
244 [140369517864640] INFO perfrun.perfcollector <> - eventId : g , ignored
244 [140369517864640] INFO perfrun.perfcollector <> - DRY_RUN : "reg_type       = 1	event_id       = 11	reg_id         = 186	reg_value      = 4304d1"
244 [140369517864640] INFO perfrun.perfcollector <> - eventId : 11 , cccrAddr : 186 , cccrVal : 4304d1
244 [140369517864640] INFO perfrun.perfcollector <> - DRY_RUN : "reg_type       = 1	event_id       = 12	reg_id         = 187	reg_value      = 4320d1"
244 [140369517864640] INFO perfrun.perfcollector <> - eventId : 12 , cccrAddr : 187 , cccrVal : 4320d1
244 [140369517864640] INFO perfrun.perfcollector <> - DRY_RUN : "reg_type       = 1	event_id       = 13	reg_id         = 188	reg_value      = 1530860"
244 [140369517864640] INFO perfrun.perfcollector <> - eventId : 13 , cccrAddr : 188 , cccrVal : 1530860
244 [140369517864640] INFO perfrun.perfcollector <> - DRY_RUN : "reg_type       = 1	event_id       = 14	reg_id         = 189	reg_value      = 6530860"
244 [140369517864640] INFO perfrun.perfcollector <> - eventId : 14 , cccrAddr : 189 , cccrVal : 6530860
244 [140369517864640] INFO perfrun.perfcollector <> - DRY_RUN : "ESCR"
244 [140369517864640] INFO perfrun.perfcollector <> - DRY_RUN : "reg_type       = 2	event_id       = g	reg_id         = 1c8	reg_value      = 0"
244 [140369517864640] INFO perfrun.perfcollector <> - eventId : g , ignored
244 [140369517864640] INFO perfrun.perfcollector <> - DRY_RUN : "DATA"
244 [140369517864640] INFO perfrun.perfcollector <> - DRY_RUN : "reg_type       = 4	event_id       = 2	reg_id         = 309	reg_value      = ffffff508620"
244 [140369517864640] INFO perfrun.perfcollector <> - eventId : 2 , dataAddr : 309 , dataVal : ffffff508620
244 [140369517864640] INFO perfrun.perfcollector <> - DRY_RUN : "reg_type       = 4	event_id       = 0	reg_id         = 30a	reg_value      = ffffff508620"
244 [140369517864640] INFO perfrun.perfcollector <> - eventId : 0 , dataAddr : 30a , dataVal : ffffff508620
244 [140369517864640] INFO perfrun.perfcollector <> - DRY_RUN : "reg_type       = 4	event_id       = 1	reg_id         = 30b	reg_value      = ffffff508620"
244 [140369517864640] INFO perfrun.perfcollector <> - eventId : 1 , dataAddr : 30b , dataVal : ffffff508620
244 [140369517864640] INFO perfrun.perfcollector <> - DRY_RUN : "reg_type       = 4	event_id       = 11	reg_id         = c1	reg_value      = fffffffc2f61"
244 [140369517864640] INFO perfrun.perfcollector <> - eventId : 11 , dataAddr : c1 , dataVal : fffffffc2f61
244 [140369517864640] INFO perfrun.perfcollector <> - DRY_RUN : "reg_type       = 4	event_id       = 12	reg_id         = c2	reg_value      = fffffffc2f61"
244 [140369517864640] INFO perfrun.perfcollector <> - eventId : 12 , dataAddr : c2 , dataVal : fffffffc2f61
244 [140369517864640] INFO perfrun.perfcollector <> - DRY_RUN : "reg_type       = 4	event_id       = 13	reg_id         = c3	reg_value      = ffffff676971"
244 [140369517864640] INFO perfrun.perfcollector <> - eventId : 13 , dataAddr : c3 , dataVal : ffffff676971
244 [140369517864640] INFO perfrun.perfcollector <> - DRY_RUN : "reg_type       = 4	event_id       = 14	reg_id         = c4	reg_value      = ffffff676971"
244 [140369517864640] INFO perfrun.perfcollector <> - eventId : 14 , dataAddr : c4 , dataVal : ffffff676971
244 [140369517864640] INFO perfrun.perfcollector <> - DRY_RUN : "Group 3:"
244 [140369517864640] INFO perfrun.perfcollector <> - id : 3
244 [140369517864640] INFO perfrun.perfcollector <> - DRY_RUN : "INST_RETIRED.ANY: event id 2"
244 [140369517864640] INFO perfrun.perfcollector <> - eventName : INST_RETIRED.ANY , eventId : 2
244 [140369517864640] INFO perfrun.perfcollector <> - DRY_RUN : "CPU_CLK_UNHALTED.THREAD: event id 0"
244 [140369517864640] INFO perfrun.perfcollector <> - eventName : CPU_CLK_UNHALTED.THREAD , eventId : 0
244 [140369517864640] INFO perfrun.perfcollector <> - DRY_RUN : "CPU_CLK_UNHALTED.REF_TSC: event id 1"
244 [140369517864640] INFO perfrun.perfcollector <> - eventName : CPU_CLK_UNHALTED.REF_TSC , eventId : 1
244 [140369517864640] INFO perfrun.perfcollector <> - DRY_RUN : "RESOURCE_STALLS.SB: event id 15"
244 [140369517864640] INFO perfrun.perfcollector <> - eventName : RESOURCE_STALLS.SB , eventId : 15
244 [140369517864640] INFO perfrun.perfcollector <> - DRY_RUN : "RS_EVENTS.EMPTY_CYCLES: event id 16"
244 [140369517864640] INFO perfrun.perfcollector <> - eventName : RS_EVENTS.EMPTY_CYCLES , eventId : 16
244 [140369517864640] INFO perfrun.perfcollector <> - DRY_RUN : "UOPS_EXECUTED.CORE:cmask=1: event id 17"
244 [140369517864640] INFO perfrun.perfcollector <> - eventName : UOPS_EXECUTED.CORE:cmask=1 , eventId : 17
244 [140369517864640] INFO perfrun.perfcollector <> - DRY_RUN : "UOPS_EXECUTED.CORE:cmask=2: event id 18"
244 [140369517864640] INFO perfrun.perfcollector <> - eventName : UOPS_EXECUTED.CORE:cmask=2 , eventId : 18
244 [140369517864640] INFO perfrun.perfcollector <> - DRY_RUN : "CCCR"
244 [140369517864640] INFO perfrun.perfcollector <> - DRY_RUN : "reg_type       = 1	event_id       = g	reg_id         = 38f	reg_value      = 70000000f"
244 [140369517864640] INFO perfrun.perfcollector <> - eventId : g , ignored
244 [140369517864640] INFO perfrun.perfcollector <> - DRY_RUN : "reg_type       = 1	event_id       = g	reg_id         = 390	reg_value      = 70000000f"
244 [140369517864640] INFO perfrun.perfcollector <> - eventId : g , ignored
244 [140369517864640] INFO perfrun.perfcollector <> - DRY_RUN : "reg_type       = 1	event_id       = g	reg_id         = 3f1	reg_value      = 0"
244 [140369517864640] INFO perfrun.perfcollector <> - eventId : g , ignored
244 [140369517864640] INFO perfrun.perfcollector <> - DRY_RUN : "reg_type       = 1	event_id       = g	reg_id         = 1d9	reg_value      = 1800"
244 [140369517864640] INFO perfrun.perfcollector <> - eventId : g , ignored
244 [140369517864640] INFO perfrun.perfcollector <> - DRY_RUN : "reg_type       = 1	event_id       = g	reg_id         = 38d	reg_value      = bbb"
244 [140369517864640] INFO perfrun.perfcollector <> - eventId : g , ignored
244 [140369517864640] INFO perfrun.perfcollector <> - DRY_RUN : "reg_type       = 1	event_id       = 15	reg_id         = 186	reg_value      = 5308a2"
244 [140369517864640] INFO perfrun.perfcollector <> - eventId : 15 , cccrAddr : 186 , cccrVal : 5308a2
244 [140369517864640] INFO perfrun.perfcollector <> - DRY_RUN : "reg_type       = 1	event_id       = 16	reg_id         = 187	reg_value      = 53015e"
244 [140369517864640] INFO perfrun.perfcollector <> - eventId : 16 , cccrAddr : 187 , cccrVal : 53015e
244 [140369517864640] INFO perfrun.perfcollector <> - DRY_RUN : "reg_type       = 1	event_id       = 17	reg_id         = 188	reg_value      = 15302b1"
244 [140369517864640] INFO perfrun.perfcollector <> - eventId : 17 , cccrAddr : 188 , cccrVal : 15302b1
244 [140369517864640] INFO perfrun.perfcollector <> - DRY_RUN : "reg_type       = 1	event_id       = 18	reg_id         = 189	reg_value      = 25302b1"
244 [140369517864640] INFO perfrun.perfcollector <> - eventId : 18 , cccrAddr : 189 , cccrVal : 25302b1
244 [140369517864640] INFO perfrun.perfcollector <> - DRY_RUN : "ESCR"
244 [140369517864640] INFO perfrun.perfcollector <> - DRY_RUN : "reg_type       = 2	event_id       = g	reg_id         = 1c8	reg_value      = 0"
244 [140369517864640] INFO perfrun.perfcollector <> - eventId : g , ignored
244 [140369517864640] INFO perfrun.perfcollector <> - DRY_RUN : "DATA"
244 [140369517864640] INFO perfrun.perfcollector <> - DRY_RUN : "reg_type       = 4	event_id       = 2	reg_id         = 309	reg_value      = ffffff508620"
244 [140369517864640] INFO perfrun.perfcollector <> - eventId : 2 , dataAddr : 309 , dataVal : ffffff508620
244 [140369517864640] INFO perfrun.perfcollector <> - DRY_RUN : "reg_type       = 4	event_id       = 0	reg_id         = 30a	reg_value      = ffffff508620"
244 [140369517864640] INFO perfrun.perfcollector <> - eventId : 0 , dataAddr : 30a , dataVal : ffffff508620
244 [140369517864640] INFO perfrun.perfcollector <> - DRY_RUN : "reg_type       = 4	event_id       = 1	reg_id         = 30b	reg_value      = ffffff508620"
244 [140369517864640] INFO perfrun.perfcollector <> - eventId : 1 , dataAddr : 30b , dataVal : ffffff508620
244 [140369517864640] INFO perfrun.perfcollector <> - DRY_RUN : "reg_type       = 4	event_id       = 15	reg_id         = c1	reg_value      = ffffff676971"
244 [140369517864640] INFO perfrun.perfcollector <> - eventId : 15 , dataAddr : c1 , dataVal : ffffff676971
244 [140369517864640] INFO perfrun.perfcollector <> - DRY_RUN : "reg_type       = 4	event_id       = 16	reg_id         = c2	reg_value      = ffffff676971"
244 [140369517864640] INFO perfrun.perfcollector <> - eventId : 16 , dataAddr : c2 , dataVal : ffffff676971
244 [140369517864640] INFO perfrun.perfcollector <> - DRY_RUN : "reg_type       = 4	event_id       = 17	reg_id         = c3	reg_value      = ffffff676971"
245 [140369517864640] INFO perfrun.perfcollector <> - eventId : 17 , dataAddr : c3 , dataVal : ffffff676971
245 [140369517864640] INFO perfrun.perfcollector <> - DRY_RUN : "reg_type       = 4	event_id       = 18	reg_id         = c4	reg_value      = ffffff676971"
245 [140369517864640] INFO perfrun.perfcollector <> - eventId : 18 , dataAddr : c4 , dataVal : ffffff676971
245 [140369517864640] INFO perfrun.perfcollector <> - DRY_RUN : "Group 4:"
245 [140369517864640] INFO perfrun.perfcollector <> - id : 4
245 [140369517864640] INFO perfrun.perfcollector <> - DRY_RUN : "INST_RETIRED.ANY: event id 2"
245 [140369517864640] INFO perfrun.perfcollector <> - eventName : INST_RETIRED.ANY , eventId : 2
245 [140369517864640] INFO perfrun.perfcollector <> - DRY_RUN : "CPU_CLK_UNHALTED.THREAD: event id 0"
245 [140369517864640] INFO perfrun.perfcollector <> - eventName : CPU_CLK_UNHALTED.THREAD , eventId : 0
245 [140369517864640] INFO perfrun.perfcollector <> - DRY_RUN : "CPU_CLK_UNHALTED.REF_TSC: event id 1"
245 [140369517864640] INFO perfrun.perfcollector <> - eventName : CPU_CLK_UNHALTED.REF_TSC , eventId : 1
245 [140369517864640] INFO perfrun.perfcollector <> - DRY_RUN : "UOPS_EXECUTED.CORE:cmask=3: event id 19"
245 [140369517864640] INFO perfrun.perfcollector <> - eventName : UOPS_EXECUTED.CORE:cmask=3 , eventId : 19
245 [140369517864640] INFO perfrun.perfcollector <> - DRY_RUN : "UOPS_ISSUED.ANY: event id 20"
245 [140369517864640] INFO perfrun.perfcollector <> - eventName : UOPS_ISSUED.ANY , eventId : 20
245 [140369517864640] INFO perfrun.perfcollector <> - DRY_RUN : "UOPS_RETIRED.RETIRE_SLOTS: event id 21"
245 [140369517864640] INFO perfrun.perfcollector <> - eventName : UOPS_RETIRED.RETIRE_SLOTS , eventId : 21
245 [140369517864640] INFO perfrun.perfcollector <> - DRY_RUN : "IDQ_UOPS_NOT_DELIVERED.CYCLES_0_UOPS_DELIV.CORE: event id 22"
245 [140369517864640] INFO perfrun.perfcollector <> - eventName : IDQ_UOPS_NOT_DELIVERED.CYCLES_0_UOPS_DELIV.CORE , eventId : 22
245 [140369517864640] INFO perfrun.perfcollector <> - DRY_RUN : "CCCR"
245 [140369517864640] INFO perfrun.perfcollector <> - DRY_RUN : "reg_type       = 1	event_id       = g	reg_id         = 38f	reg_value      = 70000000f"
245 [140369517864640] INFO perfrun.perfcollector <> - eventId : g , ignored
245 [140369517864640] INFO perfrun.perfcollector <> - DRY_RUN : "reg_type       = 1	event_id       = g	reg_id         = 390	reg_value      = 70000000f"
245 [140369517864640] INFO perfrun.perfcollector <> - eventId : g , ignored
245 [140369517864640] INFO perfrun.perfcollector <> - DRY_RUN : "reg_type       = 1	event_id       = g	reg_id         = 3f1	reg_value      = 0"
245 [140369517864640] INFO perfrun.perfcollector <> - eventId : g , ignored
245 [140369517864640] INFO perfrun.perfcollector <> - DRY_RUN : "reg_type       = 1	event_id       = g	reg_id         = 1d9	reg_value      = 1800"
245 [140369517864640] INFO perfrun.perfcollector <> - eventId : g , ignored
245 [140369517864640] INFO perfrun.perfcollector <> - DRY_RUN : "reg_type       = 1	event_id       = g	reg_id         = 38d	reg_value      = bbb"
245 [140369517864640] INFO perfrun.perfcollector <> - eventId : g , ignored
245 [140369517864640] INFO perfrun.perfcollector <> - DRY_RUN : "reg_type       = 1	event_id       = 19	reg_id         = 186	reg_value      = 35302b1"
245 [140369517864640] INFO perfrun.perfcollector <> - eventId : 19 , cccrAddr : 186 , cccrVal : 35302b1
245 [140369517864640] INFO perfrun.perfcollector <> - DRY_RUN : "reg_type       = 1	event_id       = 20	reg_id         = 187	reg_value      = 53010e"
245 [140369517864640] INFO perfrun.perfcollector <> - eventId : 20 , cccrAddr : 187 , cccrVal : 53010e
245 [140369517864640] INFO perfrun.perfcollector <> - DRY_RUN : "reg_type       = 1	event_id       = 21	reg_id         = 188	reg_value      = 5302c2"
245 [140369517864640] INFO perfrun.perfcollector <> - eventId : 21 , cccrAddr : 188 , cccrVal : 5302c2
245 [140369517864640] INFO perfrun.perfcollector <> - DRY_RUN : "reg_type       = 1	event_id       = 22	reg_id         = 189	reg_value      = 453019c"
245 [140369517864640] INFO perfrun.perfcollector <> - eventId : 22 , cccrAddr : 189 , cccrVal : 453019c
245 [140369517864640] INFO perfrun.perfcollector <> - DRY_RUN : "ESCR"
245 [140369517864640] INFO perfrun.perfcollector <> - DRY_RUN : "reg_type       = 2	event_id       = g	reg_id         = 1c8	reg_value      = 0"
245 [140369517864640] INFO perfrun.perfcollector <> - eventId : g , ignored
245 [140369517864640] INFO perfrun.perfcollector <> - DRY_RUN : "DATA"
245 [140369517864640] INFO perfrun.perfcollector <> - DRY_RUN : "reg_type       = 4	event_id       = 2	reg_id         = 309	reg_value      = ffffff508620"
245 [140369517864640] INFO perfrun.perfcollector <> - eventId : 2 , dataAddr : 309 , dataVal : ffffff508620
245 [140369517864640] INFO perfrun.perfcollector <> - DRY_RUN : "reg_type       = 4	event_id       = 0	reg_id         = 30a	reg_value      = ffffff508620"
245 [140369517864640] INFO perfrun.perfcollector <> - eventId : 0 , dataAddr : 30a , dataVal : ffffff508620
245 [140369517864640] INFO perfrun.perfcollector <> - DRY_RUN : "reg_type       = 4	event_id       = 1	reg_id         = 30b	reg_value      = ffffff508620"
245 [140369517864640] INFO perfrun.perfcollector <> - eventId : 1 , dataAddr : 30b , dataVal : ffffff508620
245 [140369517864640] INFO perfrun.perfcollector <> - DRY_RUN : "reg_type       = 4	event_id       = 19	reg_id         = c1	reg_value      = ffffff676971"
245 [140369517864640] INFO perfrun.perfcollector <> - eventId : 19 , dataAddr : c1 , dataVal : ffffff676971
245 [140369517864640] INFO perfrun.perfcollector <> - DRY_RUN : "reg_type       = 4	event_id       = 20	reg_id         = c2	reg_value      = ffffff676971"
245 [140369517864640] INFO perfrun.perfcollector <> - eventId : 20 , dataAddr : c2 , dataVal : ffffff676971
245 [140369517864640] INFO perfrun.perfcollector <> - DRY_RUN : "reg_type       = 4	event_id       = 21	reg_id         = c3	reg_value      = ffffff676971"
245 [140369517864640] INFO perfrun.perfcollector <> - eventId : 21 , dataAddr : c3 , dataVal : ffffff676971
245 [140369517864640] INFO perfrun.perfcollector <> - DRY_RUN : "reg_type       = 4	event_id       = 22	reg_id         = c4	reg_value      = ffffff676971"
245 [140369517864640] INFO perfrun.perfcollector <> - eventId : 22 , dataAddr : c4 , dataVal : ffffff676971
245 [140369517864640] INFO perfrun.perfcollector <> - DRY_RUN : "Group 5:"
245 [140369517864640] INFO perfrun.perfcollector <> - id : 5
245 [140369517864640] INFO perfrun.perfcollector <> - DRY_RUN : "INST_RETIRED.ANY: event id 2"
245 [140369517864640] INFO perfrun.perfcollector <> - eventName : INST_RETIRED.ANY , eventId : 2
245 [140369517864640] INFO perfrun.perfcollector <> - DRY_RUN : "CPU_CLK_UNHALTED.THREAD: event id 0"
245 [140369517864640] INFO perfrun.perfcollector <> - eventName : CPU_CLK_UNHALTED.THREAD , eventId : 0
245 [140369517864640] INFO perfrun.perfcollector <> - DRY_RUN : "CPU_CLK_UNHALTED.REF_TSC: event id 1"
245 [140369517864640] INFO perfrun.perfcollector <> - eventName : CPU_CLK_UNHALTED.REF_TSC , eventId : 1
245 [140369517864640] INFO perfrun.perfcollector <> - DRY_RUN : "MEM_UOPS_RETIRED.ALL_LOADS_PS: event id 23"
245 [140369517864640] INFO perfrun.perfcollector <> - eventName : MEM_UOPS_RETIRED.ALL_LOADS_PS , eventId : 23
245 [140369517864640] INFO perfrun.perfcollector <> - DRY_RUN : "MEM_UOPS_RETIRED.ALL_STORES_PS: event id 24"
245 [140369517864640] INFO perfrun.perfcollector <> - eventName : MEM_UOPS_RETIRED.ALL_STORES_PS , eventId : 24
245 [140369517864640] INFO perfrun.perfcollector <> - DRY_RUN : "MEM_LOAD_UOPS_L3_MISS_RETIRED.LOCAL_DRAM_PS: event id 25"
245 [140369517864640] INFO perfrun.perfcollector <> - eventName : MEM_LOAD_UOPS_L3_MISS_RETIRED.LOCAL_DRAM_PS , eventId : 25
245 [140369517864640] INFO perfrun.perfcollector <> - DRY_RUN : "MEM_LOAD_UOPS_L3_MISS_RETIRED.REMOTE_DRAM_PS: event id 26"
245 [140369517864640] INFO perfrun.perfcollector <> - eventName : MEM_LOAD_UOPS_L3_MISS_RETIRED.REMOTE_DRAM_PS , eventId : 26
245 [140369517864640] INFO perfrun.perfcollector <> - DRY_RUN : "CCCR"
245 [140369517864640] INFO perfrun.perfcollector <> - DRY_RUN : "reg_type       = 1	event_id       = g	reg_id         = 38f	reg_value      = 70000000f"
245 [140369517864640] INFO perfrun.perfcollector <> - eventId : g , ignored
245 [140369517864640] INFO perfrun.perfcollector <> - DRY_RUN : "reg_type       = 1	event_id       = g	reg_id         = 390	reg_value      = 70000000f"
245 [140369517864640] INFO perfrun.perfcollector <> - eventId : g , ignored
245 [140369517864640] INFO perfrun.perfcollector <> - DRY_RUN : "reg_type       = 1	event_id       = g	reg_id         = 3f1	reg_value      = f0000000f"
245 [140369517864640] INFO perfrun.perfcollector <> - eventId : g , ignored
245 [140369517864640] INFO perfrun.perfcollector <> - DRY_RUN : "reg_type       = 1	event_id       = g	reg_id         = 1d9	reg_value      = 1800"
245 [140369517864640] INFO perfrun.perfcollector <> - eventId : g , ignored
245 [140369517864640] INFO perfrun.perfcollector <> - DRY_RUN : "reg_type       = 1	event_id       = g	reg_id         = 38d	reg_value      = bbb"
245 [140369517864640] INFO perfrun.perfcollector <> - eventId : g , ignored
245 [140369517864640] INFO perfrun.perfcollector <> - DRY_RUN : "reg_type       = 1	event_id       = 23	reg_id         = 186	reg_value      = 4381d0"
245 [140369517864640] INFO perfrun.perfcollector <> - eventId : 23 , cccrAddr : 186 , cccrVal : 4381d0
245 [140369517864640] INFO perfrun.perfcollector <> - DRY_RUN : "reg_type       = 1	event_id       = 24	reg_id         = 187	reg_value      = 4382d0"
245 [140369517864640] INFO perfrun.perfcollector <> - eventId : 24 , cccrAddr : 187 , cccrVal : 4382d0
245 [140369517864640] INFO perfrun.perfcollector <> - DRY_RUN : "reg_type       = 1	event_id       = 25	reg_id         = 188	reg_value      = 4301d3"
245 [140369517864640] INFO perfrun.perfcollector <> - eventId : 25 , cccrAddr : 188 , cccrVal : 4301d3
245 [140369517864640] INFO perfrun.perfcollector <> - DRY_RUN : "reg_type       = 1	event_id       = 26	reg_id         = 189	reg_value      = 4304d3"
245 [140369517864640] INFO perfrun.perfcollector <> - eventId : 26 , cccrAddr : 189 , cccrVal : 4304d3
245 [140369517864640] INFO perfrun.perfcollector <> - DRY_RUN : "ESCR"
245 [140369517864640] INFO perfrun.perfcollector <> - DRY_RUN : "reg_type       = 2	event_id       = g	reg_id         = 1c8	reg_value      = 0"
245 [140369517864640] INFO perfrun.perfcollector <> - eventId : g , ignored
245 [140369517864640] INFO perfrun.perfcollector <> - DRY_RUN : "DATA"
245 [140369517864640] INFO perfrun.perfcollector <> - DRY_RUN : "reg_type       = 4	event_id       = 2	reg_id         = 309	reg_value      = ffffff508620"
245 [140369517864640] INFO perfrun.perfcollector <> - eventId : 2 , dataAddr : 309 , dataVal : ffffff508620
245 [140369517864640] INFO perfrun.perfcollector <> - DRY_RUN : "reg_type       = 4	event_id       = 0	reg_id         = 30a	reg_value      = ffffff508620"
245 [140369517864640] INFO perfrun.perfcollector <> - eventId : 0 , dataAddr : 30a , dataVal : ffffff508620
245 [140369517864640] INFO perfrun.perfcollector <> - DRY_RUN : "reg_type       = 4	event_id       = 1	reg_id         = 30b	reg_value      = ffffff508620"
245 [140369517864640] INFO perfrun.perfcollector <> - eventId : 1 , dataAddr : 30b , dataVal : ffffff508620
245 [140369517864640] INFO perfrun.perfcollector <> - DRY_RUN : "reg_type       = 4	event_id       = 23	reg_id         = c1	reg_value      = fffffff85ed1"
245 [140369517864640] INFO perfrun.perfcollector <> - eventId : 23 , dataAddr : c1 , dataVal : fffffff85ed1
245 [140369517864640] INFO perfrun.perfcollector <> - DRY_RUN : "reg_type       = 4	event_id       = 24	reg_id         = c2	reg_value      = fffffff85ed1"
245 [140369517864640] INFO perfrun.perfcollector <> - eventId : 24 , dataAddr : c2 , dataVal : fffffff85ed1
245 [140369517864640] INFO perfrun.perfcollector <> - DRY_RUN : "reg_type       = 4	event_id       = 25	reg_id         = c3	reg_value      = fffffff85ed1"
245 [140369517864640] INFO perfrun.perfcollector <> - eventId : 25 , dataAddr : c3 , dataVal : fffffff85ed1
245 [140369517864640] INFO perfrun.perfcollector <> - DRY_RUN : "reg_type       = 4	event_id       = 26	reg_id         = c4	reg_value      = fffffff85ed1"
245 [140369517864640] INFO perfrun.perfcollector <> - eventId : 26 , dataAddr : c4 , dataVal : fffffff85ed1
245 [140369517864640] INFO perfrun.perfcollector <> - DRY_RUN : "Group 6:"
245 [140369517864640] INFO perfrun.perfcollector <> - id : 6
245 [140369517864640] INFO perfrun.perfcollector <> - DRY_RUN : "INST_RETIRED.ANY: event id 2"
245 [140369517864640] INFO perfrun.perfcollector <> - eventName : INST_RETIRED.ANY , eventId : 2
245 [140369517864640] INFO perfrun.perfcollector <> - DRY_RUN : "CPU_CLK_UNHALTED.THREAD: event id 0"
245 [140369517864640] INFO perfrun.perfcollector <> - eventName : CPU_CLK_UNHALTED.THREAD , eventId : 0
245 [140369517864640] INFO perfrun.perfcollector <> - DRY_RUN : "CPU_CLK_UNHALTED.REF_TSC: event id 1"
245 [140369517864640] INFO perfrun.perfcollector <> - eventName : CPU_CLK_UNHALTED.REF_TSC , eventId : 1
245 [140369517864640] INFO perfrun.perfcollector <> - DRY_RUN : "MEM_LOAD_UOPS_L3_MISS_RETIRED.REMOTE_HITM_PS: event id 27"
245 [140369517864640] INFO perfrun.perfcollector <> - eventName : MEM_LOAD_UOPS_L3_MISS_RETIRED.REMOTE_HITM_PS , eventId : 27
245 [140369517864640] INFO perfrun.perfcollector <> - DRY_RUN : "MEM_LOAD_UOPS_L3_MISS_RETIRED.REMOTE_FWD_PS: event id 28"
245 [140369517864640] INFO perfrun.perfcollector <> - eventName : MEM_LOAD_UOPS_L3_MISS_RETIRED.REMOTE_FWD_PS , eventId : 28
245 [140369517864640] INFO perfrun.perfcollector <> - DRY_RUN : "CCCR"
245 [140369517864640] INFO perfrun.perfcollector <> - DRY_RUN : "reg_type       = 1	event_id       = g	reg_id         = 38f	reg_value      = 700000003"
245 [140369517864640] INFO perfrun.perfcollector <> - eventId : g , ignored
245 [140369517864640] INFO perfrun.perfcollector <> - DRY_RUN : "reg_type       = 1	event_id       = g	reg_id         = 390	reg_value      = 700000003"
245 [140369517864640] INFO perfrun.perfcollector <> - eventId : g , ignored
245 [140369517864640] INFO perfrun.perfcollector <> - DRY_RUN : "reg_type       = 1	event_id       = g	reg_id         = 3f1	reg_value      = 300000003"
245 [140369517864640] INFO perfrun.perfcollector <> - eventId : g , ignored
245 [140369517864640] INFO perfrun.perfcollector <> - DRY_RUN : "reg_type       = 1	event_id       = g	reg_id         = 1d9	reg_value      = 1800"
245 [140369517864640] INFO perfrun.perfcollector <> - eventId : g , ignored
245 [140369517864640] INFO perfrun.perfcollector <> - DRY_RUN : "reg_type       = 1	event_id       = g	reg_id         = 38d	reg_value      = bbb"
245 [140369517864640] INFO perfrun.perfcollector <> - eventId : g , ignored
245 [140369517864640] INFO perfrun.perfcollector <> - DRY_RUN : "reg_type       = 1	event_id       = 27	reg_id         = 186	reg_value      = 4310d3"
245 [140369517864640] INFO perfrun.perfcollector <> - eventId : 27 , cccrAddr : 186 , cccrVal : 4310d3
245 [140369517864640] INFO perfrun.perfcollector <> - DRY_RUN : "reg_type       = 1	event_id       = 28	reg_id         = 187	reg_value      = 4320d3"
245 [140369517864640] INFO perfrun.perfcollector <> - eventId : 28 , cccrAddr : 187 , cccrVal : 4320d3
245 [140369517864640] INFO perfrun.perfcollector <> - DRY_RUN : "ESCR"
245 [140369517864640] INFO perfrun.perfcollector <> - DRY_RUN : "reg_type       = 2	event_id       = g	reg_id         = 1c8	reg_value      = 0"
245 [140369517864640] INFO perfrun.perfcollector <> - eventId : g , ignored
245 [140369517864640] INFO perfrun.perfcollector <> - DRY_RUN : "DATA"
245 [140369517864640] INFO perfrun.perfcollector <> - DRY_RUN : "reg_type       = 4	event_id       = 2	reg_id         = 309	reg_value      = ffffff508620"
245 [140369517864640] INFO perfrun.perfcollector <> - eventId : 2 , dataAddr : 309 , dataVal : ffffff508620
245 [140369517864640] INFO perfrun.perfcollector <> - DRY_RUN : "reg_type       = 4	event_id       = 0	reg_id         = 30a	reg_value      = ffffff508620"
245 [140369517864640] INFO perfrun.perfcollector <> - eventId : 0 , dataAddr : 30a , dataVal : ffffff508620
245 [140369517864640] INFO perfrun.perfcollector <> - DRY_RUN : "reg_type       = 4	event_id       = 1	reg_id         = 30b	reg_value      = ffffff508620"
245 [140369517864640] INFO perfrun.perfcollector <> - eventId : 1 , dataAddr : 30b , dataVal : ffffff508620
245 [140369517864640] INFO perfrun.perfcollector <> - DRY_RUN : "reg_type       = 4	event_id       = 27	reg_id         = c1	reg_value      = fffffff85ed1"
245 [140369517864640] INFO perfrun.perfcollector <> - eventId : 27 , dataAddr : c1 , dataVal : fffffff85ed1
245 [140369517864640] INFO perfrun.perfcollector <> - DRY_RUN : "reg_type       = 4	event_id       = 28	reg_id         = c2	reg_value      = fffffff85ed1"
245 [140369517864640] INFO perfrun.perfcollector <> - eventId : 28 , dataAddr : c2 , dataVal : fffffff85ed1
245 [140369517864640] INFO perfrun.perfcollector <> - DRY_RUN : "PMU type: Uncore (imc)"
253 [140369517864640] INFO perfrun.perfcollector <> - pmu type : uncore_imc
253 [140369517864640] INFO perfrun.perfcollector <> - DRY_RUN : "Number of units: 8"
253 [140369517864640] INFO perfrun.perfcollector <> - id : 8
253 [140369517864640] INFO perfrun.perfcollector <> - DRY_RUN : "Group 0:"
253 [140369517864640] INFO perfrun.perfcollector <> - id : 0
253 [140369517864640] INFO perfrun.perfcollector <> - DRY_RUN : "UNC_M_CAS_COUNT.RD: event id 29"
253 [140369517864640] INFO perfrun.perfcollector <> - eventName : UNC_M_CAS_COUNT.RD , eventId : 29
253 [140369517864640] INFO perfrun.perfcollector <> - DRY_RUN : "UNC_M_CAS_COUNT.WR: event id 30"
253 [140369517864640] INFO perfrun.perfcollector <> - eventName : UNC_M_CAS_COUNT.WR , eventId : 30
253 [140369517864640] INFO perfrun.perfcollector <> - DRY_RUN : "CCCR"
253 [140369517864640] INFO perfrun.perfcollector <> - DRY_RUN : "idx = 0	reg_type       = 1	event_id = 30	reg_id         = 700	reg_value      = 80000000	bar_index      = 0"
253 [140369517864640] INFO perfrun.perfcollector <> - eventId : 30 , cccrAddr : 700 , cccrVal : 80000000
253 [140369517864640] INFO perfrun.perfcollector <> - DRY_RUN : "idx = 2	reg_type       = 5	event_id = 29	reg_id         = d8	reg_value      = 400304	bar_index      = 0"
253 [140369517864640] INFO perfrun.perfcollector <> - eventId : 29 , cccrAddr : d8 , cccrVal : 400304
253 [140369517864640] INFO perfrun.perfcollector <> - DRY_RUN : "idx = 3	reg_type       = 5	event_id = 30	reg_id         = dc	reg_value      = 400c04	bar_index      = 0"
253 [140369517864640] INFO perfrun.perfcollector <> - eventId : 30 , cccrAddr : dc , cccrVal : 400c04
253 [140369517864640] INFO perfrun.perfcollector <> - DRY_RUN : "idx = 6	reg_type       = 2	event_id = g	reg_id         = f4	reg_value      = 0	bar_index      = 0"
253 [140369517864640] INFO perfrun.perfcollector <> - eventId : g , ignored
253 [140369517864640] INFO perfrun.perfcollector <> - DRY_RUN : "idx = 8	reg_type       = 5	event_id = 29	reg_id         = d8	reg_value      = 400304	bar_index      = 0"
253 [140369517864640] INFO perfrun.perfcollector <> - eventId : 29 , cccrAddr : d8 , cccrVal : 400304
253 [140369517864640] INFO perfrun.perfcollector <> - DRY_RUN : "idx = 9	reg_type       = 5	event_id = 30	reg_id         = dc	reg_value      = 400c04	bar_index      = 0"
253 [140369517864640] INFO perfrun.perfcollector <> - eventId : 30 , cccrAddr : dc , cccrVal : 400c04
253 [140369517864640] INFO perfrun.perfcollector <> - DRY_RUN : "idx = 12	reg_type       = 2	event_id = g	reg_id         = f4	reg_value      = 0	bar_index      = 0"
253 [140369517864640] INFO perfrun.perfcollector <> - eventId : g , ignored
253 [140369517864640] INFO perfrun.perfcollector <> - DRY_RUN : "idx = 14	reg_type       = 5	event_id = 29	reg_id         = d8	reg_value      = 400304	bar_index      = 0"
253 [140369517864640] INFO perfrun.perfcollector <> - eventId : 29 , cccrAddr : d8 , cccrVal : 400304
253 [140369517864640] INFO perfrun.perfcollector <> - DRY_RUN : "idx = 15	reg_type       = 5	event_id = 30	reg_id         = dc	reg_value      = 400c04	bar_index      = 0"
253 [140369517864640] INFO perfrun.perfcollector <> - eventId : 30 , cccrAddr : dc , cccrVal : 400c04
253 [140369517864640] INFO perfrun.perfcollector <> - DRY_RUN : "idx = 18	reg_type       = 2	event_id = g	reg_id         = f4	reg_value      = 0	bar_index      = 0"
253 [140369517864640] INFO perfrun.perfcollector <> - eventId : g , ignored
253 [140369517864640] INFO perfrun.perfcollector <> - DRY_RUN : "idx = 20	reg_type       = 5	event_id = 29	reg_id         = d8	reg_value      = 400304	bar_index      = 0"
253 [140369517864640] INFO perfrun.perfcollector <> - eventId : 29 , cccrAddr : d8 , cccrVal : 400304
253 [140369517864640] INFO perfrun.perfcollector <> - DRY_RUN : "idx = 21	reg_type       = 5	event_id = 30	reg_id         = dc	reg_value      = 400c04	bar_index      = 0"
253 [140369517864640] INFO perfrun.perfcollector <> - eventId : 30 , cccrAddr : dc , cccrVal : 400c04
253 [140369517864640] INFO perfrun.perfcollector <> - DRY_RUN : "idx = 24	reg_type       = 2	event_id = g	reg_id         = f4	reg_value      = 0	bar_index      = 0"
253 [140369517864640] INFO perfrun.perfcollector <> - eventId : g , ignored
253 [140369517864640] INFO perfrun.perfcollector <> - DRY_RUN : "idx = 26	reg_type       = 5	event_id = 29	reg_id         = d8	reg_value      = 400304	bar_index      = 0"
253 [140369517864640] INFO perfrun.perfcollector <> - eventId : 29 , cccrAddr : d8 , cccrVal : 400304
253 [140369517864640] INFO perfrun.perfcollector <> - DRY_RUN : "idx = 27	reg_type       = 5	event_id = 30	reg_id         = dc	reg_value      = 400c04	bar_index      = 0"
253 [140369517864640] INFO perfrun.perfcollector <> - eventId : 30 , cccrAddr : dc , cccrVal : 400c04
253 [140369517864640] INFO perfrun.perfcollector <> - DRY_RUN : "idx = 30	reg_type       = 2	event_id = g	reg_id         = f4	reg_value      = 0	bar_index      = 0"
253 [140369517864640] INFO perfrun.perfcollector <> - eventId : g , ignored
253 [140369517864640] INFO perfrun.perfcollector <> - DRY_RUN : "idx = 32	reg_type       = 5	event_id = 29	reg_id         = d8	reg_value      = 400304	bar_index      = 0"
253 [140369517864640] INFO perfrun.perfcollector <> - eventId : 29 , cccrAddr : d8 , cccrVal : 400304
253 [140369517864640] INFO perfrun.perfcollector <> - DRY_RUN : "idx = 33	reg_type       = 5	event_id = 30	reg_id         = dc	reg_value      = 400c04	bar_index      = 0"
253 [140369517864640] INFO perfrun.perfcollector <> - eventId : 30 , cccrAddr : dc , cccrVal : 400c04
253 [140369517864640] INFO perfrun.perfcollector <> - DRY_RUN : "idx = 36	reg_type       = 2	event_id = g	reg_id         = f4	reg_value      = 0	bar_index      = 0"
253 [140369517864640] INFO perfrun.perfcollector <> - eventId : g , ignored
253 [140369517864640] INFO perfrun.perfcollector <> - DRY_RUN : "idx = 38	reg_type       = 5	event_id = 29	reg_id         = d8	reg_value      = 400304	bar_index      = 0"
253 [140369517864640] INFO perfrun.perfcollector <> - eventId : 29 , cccrAddr : d8 , cccrVal : 400304
253 [140369517864640] INFO perfrun.perfcollector <> - DRY_RUN : "idx = 39	reg_type       = 5	event_id = 30	reg_id         = dc	reg_value      = 400c04	bar_index      = 0"
253 [140369517864640] INFO perfrun.perfcollector <> - eventId : 30 , cccrAddr : dc , cccrVal : 400c04
253 [140369517864640] INFO perfrun.perfcollector <> - DRY_RUN : "idx = 42	reg_type       = 2	event_id = g	reg_id         = f4	reg_value      = 0	bar_index      = 0"
253 [140369517864640] INFO perfrun.perfcollector <> - eventId : g , ignored
253 [140369517864640] INFO perfrun.perfcollector <> - DRY_RUN : "idx = 44	reg_type       = 5	event_id = 29	reg_id         = d8	reg_value      = 400304	bar_index      = 0"
253 [140369517864640] INFO perfrun.perfcollector <> - eventId : 29 , cccrAddr : d8 , cccrVal : 400304
253 [140369517864640] INFO perfrun.perfcollector <> - DRY_RUN : "idx = 45	reg_type       = 5	event_id = 30	reg_id         = dc	reg_value      = 400c04	bar_index      = 0"
253 [140369517864640] INFO perfrun.perfcollector <> - eventId : 30 , cccrAddr : dc , cccrVal : 400c04
253 [140369517864640] INFO perfrun.perfcollector <> - DRY_RUN : "idx = 48	reg_type       = 2	event_id = g	reg_id         = f4	reg_value      = 0	bar_index      = 0"
253 [140369517864640] INFO perfrun.perfcollector <> - eventId : g , ignored
253 [140369517864640] INFO perfrun.perfcollector <> - DRY_RUN : "ESCR"
253 [140369517864640] INFO perfrun.perfcollector <> - DRY_RUN : "DATA"
253 [140369517864640] INFO perfrun.perfcollector <> - DRY_RUN : "idx = 50	reg_type       = 4	event_id       = 29	reg_id         = a0	reg_value      = 0	pci reg_id  offset    = 0xa0	pci reg id  data_size = 0	bar_index      = 0"
253 [140369517864640] INFO perfrun.perfcollector <> - eventId : 29 , dataAddr : a0 , dataVal : 0
253 [140369517864640] INFO perfrun.perfcollector <> - DRY_RUN : "idx = 51	reg_type       = 4	event_id       = 30	reg_id         = a8	reg_value      = 0	pci reg_id  offset    = 0xa8	pci reg id  data_size = 0	bar_index      = 0"
253 [140369517864640] INFO perfrun.perfcollector <> - eventId : 30 , dataAddr : a8 , dataVal : 0
253 [140369517864640] INFO perfrun.perfcollector <> - DRY_RUN : "idx = 55	reg_type       = 4	event_id       = 29	reg_id         = a0	reg_value      = 0	pci reg_id  offset    = 0xa0	pci reg id  data_size = 0	bar_index      = 0"
253 [140369517864640] INFO perfrun.perfcollector <> - eventId : 29 , dataAddr : a0 , dataVal : 0
253 [140369517864640] INFO perfrun.perfcollector <> - DRY_RUN : "idx = 56	reg_type       = 4	event_id       = 30	reg_id         = a8	reg_value      = 0	pci reg_id  offset    = 0xa8	pci reg id  data_size = 0	bar_index      = 0"
253 [140369517864640] INFO perfrun.perfcollector <> - eventId : 30 , dataAddr : a8 , dataVal : 0
253 [140369517864640] INFO perfrun.perfcollector <> - DRY_RUN : "idx = 60	reg_type       = 4	event_id       = 29	reg_id         = a0	reg_value      = 0	pci reg_id  offset    = 0xa0	pci reg id  data_size = 0	bar_index      = 0"
253 [140369517864640] INFO perfrun.perfcollector <> - eventId : 29 , dataAddr : a0 , dataVal : 0
253 [140369517864640] INFO perfrun.perfcollector <> - DRY_RUN : "idx = 61	reg_type       = 4	event_id       = 30	reg_id         = a8	reg_value      = 0	pci reg_id  offset    = 0xa8	pci reg id  data_size = 0	bar_index      = 0"
253 [140369517864640] INFO perfrun.perfcollector <> - eventId : 30 , dataAddr : a8 , dataVal : 0
253 [140369517864640] INFO perfrun.perfcollector <> - DRY_RUN : "idx = 65	reg_type       = 4	event_id       = 29	reg_id         = a0	reg_value      = 0	pci reg_id  offset    = 0xa0	pci reg id  data_size = 0	bar_index      = 0"
253 [140369517864640] INFO perfrun.perfcollector <> - eventId : 29 , dataAddr : a0 , dataVal : 0
253 [140369517864640] INFO perfrun.perfcollector <> - DRY_RUN : "idx = 66	reg_type       = 4	event_id       = 30	reg_id         = a8	reg_value      = 0	pci reg_id  offset    = 0xa8	pci reg id  data_size = 0	bar_index      = 0"
253 [140369517864640] INFO perfrun.perfcollector <> - eventId : 30 , dataAddr : a8 , dataVal : 0
253 [140369517864640] INFO perfrun.perfcollector <> - DRY_RUN : "idx = 70	reg_type       = 4	event_id       = 29	reg_id         = a0	reg_value      = 0	pci reg_id  offset    = 0xa0	pci reg id  data_size = 0	bar_index      = 0"
253 [140369517864640] INFO perfrun.perfcollector <> - eventId : 29 , dataAddr : a0 , dataVal : 0
253 [140369517864640] INFO perfrun.perfcollector <> - DRY_RUN : "idx = 71	reg_type       = 4	event_id       = 30	reg_id         = a8	reg_value      = 0	pci reg_id  offset    = 0xa8	pci reg id  data_size = 0	bar_index      = 0"
253 [140369517864640] INFO perfrun.perfcollector <> - eventId : 30 , dataAddr : a8 , dataVal : 0
253 [140369517864640] INFO perfrun.perfcollector <> - DRY_RUN : "idx = 75	reg_type       = 4	event_id       = 29	reg_id         = a0	reg_value      = 0	pci reg_id  offset    = 0xa0	pci reg id  data_size = 0	bar_index      = 0"
253 [140369517864640] INFO perfrun.perfcollector <> - eventId : 29 , dataAddr : a0 , dataVal : 0
253 [140369517864640] INFO perfrun.perfcollector <> - DRY_RUN : "idx = 76	reg_type       = 4	event_id       = 30	reg_id         = a8	reg_value      = 0	pci reg_id  offset    = 0xa8	pci reg id  data_size = 0	bar_index      = 0"
253 [140369517864640] INFO perfrun.perfcollector <> - eventId : 30 , dataAddr : a8 , dataVal : 0
253 [140369517864640] INFO perfrun.perfcollector <> - DRY_RUN : "idx = 80	reg_type       = 4	event_id       = 29	reg_id         = a0	reg_value      = 0	pci reg_id  offset    = 0xa0	pci reg id  data_size = 0	bar_index      = 0"
253 [140369517864640] INFO perfrun.perfcollector <> - eventId : 29 , dataAddr : a0 , dataVal : 0
253 [140369517864640] INFO perfrun.perfcollector <> - DRY_RUN : "idx = 81	reg_type       = 4	event_id       = 30	reg_id         = a8	reg_value      = 0	pci reg_id  offset    = 0xa8	pci reg id  data_size = 0	bar_index      = 0"
253 [140369517864640] INFO perfrun.perfcollector <> - eventId : 30 , dataAddr : a8 , dataVal : 0
253 [140369517864640] INFO perfrun.perfcollector <> - DRY_RUN : "idx = 85	reg_type       = 4	event_id       = 29	reg_id         = a0	reg_value      = 0	pci reg_id  offset    = 0xa0	pci reg id  data_size = 0	bar_index      = 0"
253 [140369517864640] INFO perfrun.perfcollector <> - eventId : 29 , dataAddr : a0 , dataVal : 0
253 [140369517864640] INFO perfrun.perfcollector <> - DRY_RUN : "idx = 86	reg_type       = 4	event_id       = 30	reg_id         = a8	reg_value      = 0	pci reg_id  offset    = 0xa8	pci reg id  data_size = 0	bar_index      = 0"
253 [140369517864640] INFO perfrun.perfcollector <> - eventId : 30 , dataAddr : a8 , dataVal : 0
253 [140369517864640] INFO perfrun.perfcollector <> - pmu config : cpu , m_cccrAddr : ffffffff , m_cccrVal : 0 , m_escrAddr : ffffffff , m_escrVal : 0 , m_dataAddr : 30a , m_dataVal : ffffffffff508620
253 [140369517864640] INFO perfrun.perfcollector <> - config : event : 3c
253 [140369517864640] INFO perfrun.perfcollector <> - config : pc : 0
253 [140369517864640] INFO perfrun.perfcollector <> - config : edge : 0
253 [140369517864640] INFO perfrun.perfcollector <> - config : any : 0
253 [140369517864640] INFO perfrun.perfcollector <> - config1 : offcore_rsp : 0
253 [140369517864640] INFO perfrun.perfcollector <> - config1 : ldlat : 0
253 [140369517864640] INFO perfrun.perfcollector <> - config : inv : 0
253 [140369517864640] INFO perfrun.perfcollector <> - config : umask : 0
253 [140369517864640] INFO perfrun.perfcollector <> - config : cmask : 0
253 [140369517864640] INFO perfrun.perfcollector <> - format : cpu/period=0xaf79e0,event=0x3c,name='CPU_CLK_UNHALTED.THREAD'/D
253 [140369517864640] INFO perfrun.perfcollector <> - pmu config : cpu , m_cccrAddr : ffffffff , m_cccrVal : 0 , m_escrAddr : ffffffff , m_escrVal : 0 , m_dataAddr : 30b , m_dataVal : ffffffffff508620
253 [140369517864640] INFO perfrun.perfcollector <> - config : event : 0
253 [140369517864640] INFO perfrun.perfcollector <> - config : pc : 0
253 [140369517864640] INFO perfrun.perfcollector <> - config : edge : 0
253 [140369517864640] INFO perfrun.perfcollector <> - config : any : 0
253 [140369517864640] INFO perfrun.perfcollector <> - config1 : offcore_rsp : 0
253 [140369517864640] INFO perfrun.perfcollector <> - config1 : ldlat : 0
253 [140369517864640] INFO perfrun.perfcollector <> - config : inv : 0
253 [140369517864640] INFO perfrun.perfcollector <> - config : umask : 3
253 [140369517864640] INFO perfrun.perfcollector <> - config : cmask : 0
253 [140369517864640] INFO perfrun.perfcollector <> - format : cpu/period=0xaf79e0,umask=0x3,name='CPU_CLK_UNHALTED.REF_TSC'/D
253 [140369517864640] INFO perfrun.perfcollector <> - pmu config : cpu , m_cccrAddr : ffffffff , m_cccrVal : 0 , m_escrAddr : ffffffff , m_escrVal : 0 , m_dataAddr : 309 , m_dataVal : ffffffffff508620
253 [140369517864640] INFO perfrun.perfcollector <> - config : event : c0
253 [140369517864640] INFO perfrun.perfcollector <> - config : pc : 0
253 [140369517864640] INFO perfrun.perfcollector <> - config : edge : 0
253 [140369517864640] INFO perfrun.perfcollector <> - config : any : 0
253 [140369517864640] INFO perfrun.perfcollector <> - config1 : offcore_rsp : 0
253 [140369517864640] INFO perfrun.perfcollector <> - config1 : ldlat : 0
253 [140369517864640] INFO perfrun.perfcollector <> - config : inv : 0
253 [140369517864640] INFO perfrun.perfcollector <> - config : umask : 0
253 [140369517864640] INFO perfrun.perfcollector <> - config : cmask : 0
253 [140369517864640] INFO perfrun.perfcollector <> - format : cpu/period=0xaf79e0,event=0xc0,name='INST_RETIRED.ANY'/D
253 [140369517864640] INFO perfrun.perfcollector <> - pmu config : cpu , m_cccrAddr : 188 , m_cccrVal : c530ca3 , m_escrAddr : ffffffff , m_escrVal : 0 , m_dataAddr : c3 , m_dataVal : ffffffffff676971
253 [140369517864640] INFO perfrun.perfcollector <> - config : event : a3
253 [140369517864640] INFO perfrun.perfcollector <> - config : pc : 0
253 [140369517864640] INFO perfrun.perfcollector <> - config : edge : 0
253 [140369517864640] INFO perfrun.perfcollector <> - config : any : 0
253 [140369517864640] INFO perfrun.perfcollector <> - config1 : offcore_rsp : 0
253 [140369517864640] INFO perfrun.perfcollector <> - config1 : ldlat : 0
253 [140369517864640] INFO perfrun.perfcollector <> - config : inv : 0
253 [140369517864640] INFO perfrun.perfcollector <> - config : umask : c
253 [140369517864640] INFO perfrun.perfcollector <> - config : cmask : c
253 [140369517864640] INFO perfrun.perfcollector <> - format : cpu/period=0x98968f,event=0xa3,umask=0xc,cmask=0xc,name='CYCLE_ACTIVITY.STALLS_L1D_PENDING'/
253 [140369517864640] INFO perfrun.perfcollector <> - pmu config : cpu , m_cccrAddr : 186 , m_cccrVal : 53013c , m_escrAddr : ffffffff , m_escrVal : 0 , m_dataAddr : c1 , m_dataVal : fffffffffff85ed1
253 [140369517864640] INFO perfrun.perfcollector <> - config : event : 3c
253 [140369517864640] INFO perfrun.perfcollector <> - config : pc : 0
253 [140369517864640] INFO perfrun.perfcollector <> - config : edge : 0
253 [140369517864640] INFO perfrun.perfcollector <> - config : any : 0
253 [140369517864640] INFO perfrun.perfcollector <> - config1 : offcore_rsp : 0
253 [140369517864640] INFO perfrun.perfcollector <> - config1 : ldlat : 0
253 [140369517864640] INFO perfrun.perfcollector <> - config : inv : 0
253 [140369517864640] INFO perfrun.perfcollector <> - config : umask : 1
253 [140369517864640] INFO perfrun.perfcollector <> - config : cmask : 0
253 [140369517864640] INFO perfrun.perfcollector <> - format : cpu/period=0x7a12f,event=0x3c,umask=0x1,name='CPU_CLK_UNHALTED.REF_XCLK'/
253 [140369517864640] INFO perfrun.perfcollector <> - pmu config : cpu , m_cccrAddr : 187 , m_cccrVal : 53023c , m_escrAddr : ffffffff , m_escrVal : 0 , m_dataAddr : c2 , m_dataVal : fffffffffff85ed1
253 [140369517864640] INFO perfrun.perfcollector <> - config : event : 3c
253 [140369517864640] INFO perfrun.perfcollector <> - config : pc : 0
253 [140369517864640] INFO perfrun.perfcollector <> - config : edge : 0
253 [140369517864640] INFO perfrun.perfcollector <> - config : any : 0
253 [140369517864640] INFO perfrun.perfcollector <> - config1 : offcore_rsp : 0
253 [140369517864640] INFO perfrun.perfcollector <> - config1 : ldlat : 0
253 [140369517864640] INFO perfrun.perfcollector <> - config : inv : 0
253 [140369517864640] INFO perfrun.perfcollector <> - config : umask : 2
253 [140369517864640] INFO perfrun.perfcollector <> - config : cmask : 0
253 [140369517864640] INFO perfrun.perfcollector <> - format : cpu/period=0x7a12f,event=0x3c,umask=0x2,name='CPU_CLK_UNHALTED.ONE_THREAD_ACTIVE'/
253 [140369517864640] INFO perfrun.perfcollector <> - pmu config : cpu , m_cccrAddr : 189 , m_cccrVal : 45304a3 , m_escrAddr : ffffffff , m_escrVal : 0 , m_dataAddr : c4 , m_dataVal : ffffffffff676971
253 [140369517864640] INFO perfrun.perfcollector <> - config : event : a3
253 [140369517864640] INFO perfrun.perfcollector <> - config : pc : 0
253 [140369517864640] INFO perfrun.perfcollector <> - config : edge : 0
253 [140369517864640] INFO perfrun.perfcollector <> - config : any : 0
253 [140369517864640] INFO perfrun.perfcollector <> - config1 : offcore_rsp : 0
253 [140369517864640] INFO perfrun.perfcollector <> - config1 : ldlat : 0
253 [140369517864640] INFO perfrun.perfcollector <> - config : inv : 0
253 [140369517864640] INFO perfrun.perfcollector <> - config : umask : 4
253 [140369517864640] INFO perfrun.perfcollector <> - config : cmask : 4
253 [140369517864640] INFO perfrun.perfcollector <> - format : cpu/period=0x98968f,event=0xa3,umask=0x4,cmask=0x4,name='CYCLE_ACTIVITY.CYCLES_NO_EXECUTE'/
253 [140369517864640] INFO perfrun.perfcollector <> - pmu config : cpu , m_cccrAddr : 186 , m_cccrVal : 65306a3 , m_escrAddr : ffffffff , m_escrVal : 0 , m_dataAddr : c1 , m_dataVal : ffffffffff676971
253 [140369517864640] INFO perfrun.perfcollector <> - config : event : a3
253 [140369517864640] INFO perfrun.perfcollector <> - config : pc : 0
253 [140369517864640] INFO perfrun.perfcollector <> - config : edge : 0
253 [140369517864640] INFO perfrun.perfcollector <> - config : any : 0
253 [140369517864640] INFO perfrun.perfcollector <> - config1 : offcore_rsp : 0
253 [140369517864640] INFO perfrun.perfcollector <> - config1 : ldlat : 0
253 [140369517864640] INFO perfrun.perfcollector <> - config : inv : 0
253 [140369517864640] INFO perfrun.perfcollector <> - config : umask : 6
253 [140369517864640] INFO perfrun.perfcollector <> - config : cmask : 6
253 [140369517864640] INFO perfrun.perfcollector <> - format : cpu/period=0x98968f,event=0xa3,umask=0x6,cmask=0x6,name='CYCLE_ACTIVITY.STALLS_LDM_PENDING'/
253 [140369517864640] INFO perfrun.perfcollector <> - pmu config : cpu , m_cccrAddr : 187 , m_cccrVal : 55305a3 , m_escrAddr : ffffffff , m_escrVal : 0 , m_dataAddr : c2 , m_dataVal : ffffffffff676971
253 [140369517864640] INFO perfrun.perfcollector <> - config : event : a3
253 [140369517864640] INFO perfrun.perfcollector <> - config : pc : 0
253 [140369517864640] INFO perfrun.perfcollector <> - config : edge : 0
253 [140369517864640] INFO perfrun.perfcollector <> - config : any : 0
253 [140369517864640] INFO perfrun.perfcollector <> - config1 : offcore_rsp : 0
253 [140369517864640] INFO perfrun.perfcollector <> - config1 : ldlat : 0
253 [140369517864640] INFO perfrun.perfcollector <> - config : inv : 0
253 [140369517864640] INFO perfrun.perfcollector <> - config : umask : 5
253 [140369517864640] INFO perfrun.perfcollector <> - config : cmask : 5
253 [140369517864640] INFO perfrun.perfcollector <> - format : cpu/period=0x98968f,event=0xa3,umask=0x5,cmask=0x5,name='CYCLE_ACTIVITY.STALLS_L2_PENDING'/
253 [140369517864640] INFO perfrun.perfcollector <> - pmu config : cpu , m_cccrAddr : 188 , m_cccrVal : 53019c , m_escrAddr : ffffffff , m_escrVal : 0 , m_dataAddr : c3 , m_dataVal : ffffffffff676971
253 [140369517864640] INFO perfrun.perfcollector <> - config : event : 9c
253 [140369517864640] INFO perfrun.perfcollector <> - config : pc : 0
253 [140369517864640] INFO perfrun.perfcollector <> - config : edge : 0
253 [140369517864640] INFO perfrun.perfcollector <> - config : any : 0
253 [140369517864640] INFO perfrun.perfcollector <> - config1 : offcore_rsp : 0
253 [140369517864640] INFO perfrun.perfcollector <> - config1 : ldlat : 0
253 [140369517864640] INFO perfrun.perfcollector <> - config : inv : 0
253 [140369517864640] INFO perfrun.perfcollector <> - config : umask : 1
253 [140369517864640] INFO perfrun.perfcollector <> - config : cmask : 0
253 [140369517864640] INFO perfrun.perfcollector <> - format : cpu/period=0x98968f,event=0x9c,umask=0x1,name='IDQ_UOPS_NOT_DELIVERED.CORE'/
253 [140369517864640] INFO perfrun.perfcollector <> - pmu config : cpu , m_cccrAddr : 189 , m_cccrVal : 153030d , m_escrAddr : ffffffff , m_escrVal : 0 , m_dataAddr : c4 , m_dataVal : ffffffffff676971
253 [140369517864640] INFO perfrun.perfcollector <> - config : event : d
253 [140369517864640] INFO perfrun.perfcollector <> - config : pc : 0
253 [140369517864640] INFO perfrun.perfcollector <> - config : edge : 0
253 [140369517864640] INFO perfrun.perfcollector <> - config : any : 0
253 [140369517864640] INFO perfrun.perfcollector <> - config1 : offcore_rsp : 0
253 [140369517864640] INFO perfrun.perfcollector <> - config1 : ldlat : 0
253 [140369517864640] INFO perfrun.perfcollector <> - config : inv : 0
253 [140369517864640] INFO perfrun.perfcollector <> - config : umask : 3
253 [140369517864640] INFO perfrun.perfcollector <> - config : cmask : 1
253 [140369517864640] INFO perfrun.perfcollector <> - format : cpu/period=0x98968f,event=0xd,umask=0x3,cmask=0x1,name='INT_MISC.RECOVERY_CYCLES'/
253 [140369517864640] INFO perfrun.perfcollector <> - pmu config : cpu , m_cccrAddr : 186 , m_cccrVal : 4304d1 , m_escrAddr : ffffffff , m_escrVal : 0 , m_dataAddr : c1 , m_dataVal : fffffffffffc2f61
253 [140369517864640] INFO perfrun.perfcollector <> - config : event : d1
253 [140369517864640] INFO perfrun.perfcollector <> - config : pc : 0
253 [140369517864640] INFO perfrun.perfcollector <> - config : edge : 0
253 [140369517864640] INFO perfrun.perfcollector <> - config : any : 0
253 [140369517864640] INFO perfrun.perfcollector <> - config1 : offcore_rsp : 0
253 [140369517864640] INFO perfrun.perfcollector <> - config1 : ldlat : 0
253 [140369517864640] INFO perfrun.perfcollector <> - config : inv : 0
253 [140369517864640] INFO perfrun.perfcollector <> - config : umask : 4
253 [140369517864640] INFO perfrun.perfcollector <> - config : cmask : 0
253 [140369517864640] WARN perfrun.perfcollector <> - precise event : config : 4d1 , [m_cccrVal & impreciseMask(0x100000)] : 0, at file: vcs/perfrun1/plugins/perfcollector/src/event_manager.cpp:292
253 [140369517864640] INFO perfrun.perfcollector <> - format : cpu/period=0x3d09f,event=0xd1,umask=0x4,name='MEM_LOAD_UOPS_RETIRED.L3_HIT_PS'/
254 [140369517864640] INFO perfrun.perfcollector <> - pmu config : cpu , m_cccrAddr : 187 , m_cccrVal : 4320d1 , m_escrAddr : ffffffff , m_escrVal : 0 , m_dataAddr : c2 , m_dataVal : fffffffffffc2f61
254 [140369517864640] INFO perfrun.perfcollector <> - config : event : d1
254 [140369517864640] INFO perfrun.perfcollector <> - config : pc : 0
254 [140369517864640] INFO perfrun.perfcollector <> - config : edge : 0
254 [140369517864640] INFO perfrun.perfcollector <> - config : any : 0
254 [140369517864640] INFO perfrun.perfcollector <> - config1 : offcore_rsp : 0
254 [140369517864640] INFO perfrun.perfcollector <> - config1 : ldlat : 0
254 [140369517864640] INFO perfrun.perfcollector <> - config : inv : 0
254 [140369517864640] INFO perfrun.perfcollector <> - config : umask : 20
254 [140369517864640] INFO perfrun.perfcollector <> - config : cmask : 0
254 [140369517864640] WARN perfrun.perfcollector <> - precise event : config : 20d1 , [m_cccrVal & impreciseMask(0x100000)] : 0, at file: vcs/perfrun1/plugins/perfcollector/src/event_manager.cpp:292
254 [140369517864640] INFO perfrun.perfcollector <> - format : cpu/period=0x3d09f,event=0xd1,umask=0x20,name='MEM_LOAD_UOPS_RETIRED.L3_MISS_PS'/
254 [140369517864640] INFO perfrun.perfcollector <> - pmu config : cpu , m_cccrAddr : 188 , m_cccrVal : 1530860 , m_escrAddr : ffffffff , m_escrVal : 0 , m_dataAddr : c3 , m_dataVal : ffffffffff676971
254 [140369517864640] INFO perfrun.perfcollector <> - config : event : 60
254 [140369517864640] INFO perfrun.perfcollector <> - config : pc : 0
254 [140369517864640] INFO perfrun.perfcollector <> - config : edge : 0
254 [140369517864640] INFO perfrun.perfcollector <> - config : any : 0
254 [140369517864640] INFO perfrun.perfcollector <> - config1 : offcore_rsp : 0
254 [140369517864640] INFO perfrun.perfcollector <> - config1 : ldlat : 0
254 [140369517864640] INFO perfrun.perfcollector <> - config : inv : 0
254 [140369517864640] INFO perfrun.perfcollector <> - config : umask : 8
254 [140369517864640] INFO perfrun.perfcollector <> - config : cmask : 1
254 [140369517864640] INFO perfrun.perfcollector <> - format : cpu/period=0x98968f,event=0x60,umask=0x8,cmask=0x1,name='OFFCORE_REQUESTS_OUTSTANDING.CYCLES_WITH_DATA_RD'/
254 [140369517864640] INFO perfrun.perfcollector <> - pmu config : cpu , m_cccrAddr : 189 , m_cccrVal : 6530860 , m_escrAddr : ffffffff , m_escrVal : 0 , m_dataAddr : c4 , m_dataVal : ffffffffff676971
254 [140369517864640] INFO perfrun.perfcollector <> - config : event : 60
254 [140369517864640] INFO perfrun.perfcollector <> - config : pc : 0
254 [140369517864640] INFO perfrun.perfcollector <> - config : edge : 0
254 [140369517864640] INFO perfrun.perfcollector <> - config : any : 0
254 [140369517864640] INFO perfrun.perfcollector <> - config1 : offcore_rsp : 0
254 [140369517864640] INFO perfrun.perfcollector <> - config1 : ldlat : 0
254 [140369517864640] INFO perfrun.perfcollector <> - config : inv : 0
254 [140369517864640] INFO perfrun.perfcollector <> - config : umask : 8
254 [140369517864640] INFO perfrun.perfcollector <> - config : cmask : 6
254 [140369517864640] INFO perfrun.perfcollector <> - format : cpu/period=0x98968f,event=0x60,umask=0x8,cmask=0x6,name='OFFCORE_REQUESTS_OUTSTANDING.ALL_DATA_RD:cmask=6'/
254 [140369517864640] INFO perfrun.perfcollector <> - pmu config : cpu , m_cccrAddr : 186 , m_cccrVal : 5308a2 , m_escrAddr : ffffffff , m_escrVal : 0 , m_dataAddr : c1 , m_dataVal : ffffffffff676971
254 [140369517864640] INFO perfrun.perfcollector <> - config : event : a2
254 [140369517864640] INFO perfrun.perfcollector <> - config : pc : 0
254 [140369517864640] INFO perfrun.perfcollector <> - config : edge : 0
254 [140369517864640] INFO perfrun.perfcollector <> - config : any : 0
254 [140369517864640] INFO perfrun.perfcollector <> - config1 : offcore_rsp : 0
254 [140369517864640] INFO perfrun.perfcollector <> - config1 : ldlat : 0
254 [140369517864640] INFO perfrun.perfcollector <> - config : inv : 0
254 [140369517864640] INFO perfrun.perfcollector <> - config : umask : 8
254 [140369517864640] INFO perfrun.perfcollector <> - config : cmask : 0
254 [140369517864640] INFO perfrun.perfcollector <> - format : cpu/period=0x98968f,event=0xa2,umask=0x8,name='RESOURCE_STALLS.SB'/
254 [140369517864640] INFO perfrun.perfcollector <> - pmu config : cpu , m_cccrAddr : 187 , m_cccrVal : 53015e , m_escrAddr : ffffffff , m_escrVal : 0 , m_dataAddr : c2 , m_dataVal : ffffffffff676971
254 [140369517864640] INFO perfrun.perfcollector <> - config : event : 5e
254 [140369517864640] INFO perfrun.perfcollector <> - config : pc : 0
254 [140369517864640] INFO perfrun.perfcollector <> - config : edge : 0
254 [140369517864640] INFO perfrun.perfcollector <> - config : any : 0
254 [140369517864640] INFO perfrun.perfcollector <> - config1 : offcore_rsp : 0
254 [140369517864640] INFO perfrun.perfcollector <> - config1 : ldlat : 0
254 [140369517864640] INFO perfrun.perfcollector <> - config : inv : 0
254 [140369517864640] INFO perfrun.perfcollector <> - config : umask : 1
254 [140369517864640] INFO perfrun.perfcollector <> - config : cmask : 0
254 [140369517864640] INFO perfrun.perfcollector <> - format : cpu/period=0x98968f,event=0x5e,umask=0x1,name='RS_EVENTS.EMPTY_CYCLES'/
254 [140369517864640] INFO perfrun.perfcollector <> - pmu config : cpu , m_cccrAddr : 188 , m_cccrVal : 15302b1 , m_escrAddr : ffffffff , m_escrVal : 0 , m_dataAddr : c3 , m_dataVal : ffffffffff676971
254 [140369517864640] INFO perfrun.perfcollector <> - config : event : b1
254 [140369517864640] INFO perfrun.perfcollector <> - config : pc : 0
254 [140369517864640] INFO perfrun.perfcollector <> - config : edge : 0
254 [140369517864640] INFO perfrun.perfcollector <> - config : any : 0
254 [140369517864640] INFO perfrun.perfcollector <> - config1 : offcore_rsp : 0
254 [140369517864640] INFO perfrun.perfcollector <> - config1 : ldlat : 0
254 [140369517864640] INFO perfrun.perfcollector <> - config : inv : 0
254 [140369517864640] INFO perfrun.perfcollector <> - config : umask : 2
254 [140369517864640] INFO perfrun.perfcollector <> - config : cmask : 1
254 [140369517864640] INFO perfrun.perfcollector <> - format : cpu/period=0x98968f,event=0xb1,umask=0x2,cmask=0x1,name='UOPS_EXECUTED.CORE:cmask=1'/
254 [140369517864640] INFO perfrun.perfcollector <> - pmu config : cpu , m_cccrAddr : 189 , m_cccrVal : 25302b1 , m_escrAddr : ffffffff , m_escrVal : 0 , m_dataAddr : c4 , m_dataVal : ffffffffff676971
254 [140369517864640] INFO perfrun.perfcollector <> - config : event : b1
254 [140369517864640] INFO perfrun.perfcollector <> - config : pc : 0
254 [140369517864640] INFO perfrun.perfcollector <> - config : edge : 0
254 [140369517864640] INFO perfrun.perfcollector <> - config : any : 0
254 [140369517864640] INFO perfrun.perfcollector <> - config1 : offcore_rsp : 0
254 [140369517864640] INFO perfrun.perfcollector <> - config1 : ldlat : 0
254 [140369517864640] INFO perfrun.perfcollector <> - config : inv : 0
254 [140369517864640] INFO perfrun.perfcollector <> - config : umask : 2
254 [140369517864640] INFO perfrun.perfcollector <> - config : cmask : 2
254 [140369517864640] INFO perfrun.perfcollector <> - format : cpu/period=0x98968f,event=0xb1,umask=0x2,cmask=0x2,name='UOPS_EXECUTED.CORE:cmask=2'/
254 [140369517864640] INFO perfrun.perfcollector <> - pmu config : cpu , m_cccrAddr : 186 , m_cccrVal : 35302b1 , m_escrAddr : ffffffff , m_escrVal : 0 , m_dataAddr : c1 , m_dataVal : ffffffffff676971
254 [140369517864640] INFO perfrun.perfcollector <> - config : event : b1
254 [140369517864640] INFO perfrun.perfcollector <> - config : pc : 0
254 [140369517864640] INFO perfrun.perfcollector <> - config : edge : 0
254 [140369517864640] INFO perfrun.perfcollector <> - config : any : 0
254 [140369517864640] INFO perfrun.perfcollector <> - config1 : offcore_rsp : 0
254 [140369517864640] INFO perfrun.perfcollector <> - config1 : ldlat : 0
254 [140369517864640] INFO perfrun.perfcollector <> - config : inv : 0
254 [140369517864640] INFO perfrun.perfcollector <> - config : umask : 2
254 [140369517864640] INFO perfrun.perfcollector <> - config : cmask : 3
254 [140369517864640] INFO perfrun.perfcollector <> - format : cpu/period=0x98968f,event=0xb1,umask=0x2,cmask=0x3,name='UOPS_EXECUTED.CORE:cmask=3'/
254 [140369517864640] INFO perfrun.perfcollector <> - pmu config : cpu , m_cccrAddr : 187 , m_cccrVal : 53010e , m_escrAddr : ffffffff , m_escrVal : 0 , m_dataAddr : c2 , m_dataVal : ffffffffff676971
254 [140369517864640] INFO perfrun.perfcollector <> - config : event : e
254 [140369517864640] INFO perfrun.perfcollector <> - config : pc : 0
254 [140369517864640] INFO perfrun.perfcollector <> - config : edge : 0
254 [140369517864640] INFO perfrun.perfcollector <> - config : any : 0
254 [140369517864640] INFO perfrun.perfcollector <> - config1 : offcore_rsp : 0
254 [140369517864640] INFO perfrun.perfcollector <> - config1 : ldlat : 0
254 [140369517864640] INFO perfrun.perfcollector <> - config : inv : 0
254 [140369517864640] INFO perfrun.perfcollector <> - config : umask : 1
254 [140369517864640] INFO perfrun.perfcollector <> - config : cmask : 0
254 [140369517864640] INFO perfrun.perfcollector <> - format : cpu/period=0x98968f,event=0xe,umask=0x1,name='UOPS_ISSUED.ANY'/
254 [140369517864640] INFO perfrun.perfcollector <> - pmu config : cpu , m_cccrAddr : 188 , m_cccrVal : 5302c2 , m_escrAddr : ffffffff , m_escrVal : 0 , m_dataAddr : c3 , m_dataVal : ffffffffff676971
254 [140369517864640] INFO perfrun.perfcollector <> - config : event : c2
254 [140369517864640] INFO perfrun.perfcollector <> - config : pc : 0
254 [140369517864640] INFO perfrun.perfcollector <> - config : edge : 0
254 [140369517864640] INFO perfrun.perfcollector <> - config : any : 0
254 [140369517864640] INFO perfrun.perfcollector <> - config1 : offcore_rsp : 0
254 [140369517864640] INFO perfrun.perfcollector <> - config1 : ldlat : 0
254 [140369517864640] INFO perfrun.perfcollector <> - config : inv : 0
254 [140369517864640] INFO perfrun.perfcollector <> - config : umask : 2
254 [140369517864640] INFO perfrun.perfcollector <> - config : cmask : 0
254 [140369517864640] INFO perfrun.perfcollector <> - format : cpu/period=0x98968f,event=0xc2,umask=0x2,name='UOPS_RETIRED.RETIRE_SLOTS'/
254 [140369517864640] INFO perfrun.perfcollector <> - pmu config : cpu , m_cccrAddr : 189 , m_cccrVal : 453019c , m_escrAddr : ffffffff , m_escrVal : 0 , m_dataAddr : c4 , m_dataVal : ffffffffff676971
254 [140369517864640] INFO perfrun.perfcollector <> - config : event : 9c
254 [140369517864640] INFO perfrun.perfcollector <> - config : pc : 0
254 [140369517864640] INFO perfrun.perfcollector <> - config : edge : 0
254 [140369517864640] INFO perfrun.perfcollector <> - config : any : 0
254 [140369517864640] INFO perfrun.perfcollector <> - config1 : offcore_rsp : 0
254 [140369517864640] INFO perfrun.perfcollector <> - config1 : ldlat : 0
254 [140369517864640] INFO perfrun.perfcollector <> - config : inv : 0
254 [140369517864640] INFO perfrun.perfcollector <> - config : umask : 1
254 [140369517864640] INFO perfrun.perfcollector <> - config : cmask : 4
254 [140369517864640] INFO perfrun.perfcollector <> - format : cpu/period=0x98968f,event=0x9c,umask=0x1,cmask=0x4,name='IDQ_UOPS_NOT_DELIVERED.CYCLES_0_UOPS_DELIV.CORE'/
254 [140369517864640] INFO perfrun.perfcollector <> - pmu config : cpu , m_cccrAddr : 186 , m_cccrVal : 4381d0 , m_escrAddr : ffffffff , m_escrVal : 0 , m_dataAddr : c1 , m_dataVal : fffffffffff85ed1
254 [140369517864640] INFO perfrun.perfcollector <> - config : event : d0
254 [140369517864640] INFO perfrun.perfcollector <> - config : pc : 0
254 [140369517864640] INFO perfrun.perfcollector <> - config : edge : 0
254 [140369517864640] INFO perfrun.perfcollector <> - config : any : 0
254 [140369517864640] INFO perfrun.perfcollector <> - config1 : offcore_rsp : 0
254 [140369517864640] INFO perfrun.perfcollector <> - config1 : ldlat : 0
254 [140369517864640] INFO perfrun.perfcollector <> - config : inv : 0
254 [140369517864640] INFO perfrun.perfcollector <> - config : umask : 81
254 [140369517864640] INFO perfrun.perfcollector <> - config : cmask : 0
254 [140369517864640] WARN perfrun.perfcollector <> - precise event : config : 81d0 , [m_cccrVal & impreciseMask(0x100000)] : 0, at file: vcs/perfrun1/plugins/perfcollector/src/event_manager.cpp:292
254 [140369517864640] INFO perfrun.perfcollector <> - format : cpu/period=0x7a12f,event=0xd0,umask=0x81,name='MEM_UOPS_RETIRED.ALL_LOADS_PS'/
254 [140369517864640] INFO perfrun.perfcollector <> - pmu config : cpu , m_cccrAddr : 187 , m_cccrVal : 4382d0 , m_escrAddr : ffffffff , m_escrVal : 0 , m_dataAddr : c2 , m_dataVal : fffffffffff85ed1
254 [140369517864640] INFO perfrun.perfcollector <> - config : event : d0
254 [140369517864640] INFO perfrun.perfcollector <> - config : pc : 0
254 [140369517864640] INFO perfrun.perfcollector <> - config : edge : 0
254 [140369517864640] INFO perfrun.perfcollector <> - config : any : 0
254 [140369517864640] INFO perfrun.perfcollector <> - config1 : offcore_rsp : 0
254 [140369517864640] INFO perfrun.perfcollector <> - config1 : ldlat : 0
254 [140369517864640] INFO perfrun.perfcollector <> - config : inv : 0
254 [140369517864640] INFO perfrun.perfcollector <> - config : umask : 82
254 [140369517864640] INFO perfrun.perfcollector <> - config : cmask : 0
254 [140369517864640] WARN perfrun.perfcollector <> - precise event : config : 82d0 , [m_cccrVal & impreciseMask(0x100000)] : 0, at file: vcs/perfrun1/plugins/perfcollector/src/event_manager.cpp:292
254 [140369517864640] INFO perfrun.perfcollector <> - format : cpu/period=0x7a12f,event=0xd0,umask=0x82,name='MEM_UOPS_RETIRED.ALL_STORES_PS'/
254 [140369517864640] INFO perfrun.perfcollector <> - pmu config : cpu , m_cccrAddr : 188 , m_cccrVal : 4301d3 , m_escrAddr : ffffffff , m_escrVal : 0 , m_dataAddr : c3 , m_dataVal : fffffffffff85ed1
254 [140369517864640] INFO perfrun.perfcollector <> - config : event : d3
254 [140369517864640] INFO perfrun.perfcollector <> - config : pc : 0
254 [140369517864640] INFO perfrun.perfcollector <> - config : edge : 0
254 [140369517864640] INFO perfrun.perfcollector <> - config : any : 0
254 [140369517864640] INFO perfrun.perfcollector <> - config1 : offcore_rsp : 0
254 [140369517864640] INFO perfrun.perfcollector <> - config1 : ldlat : 0
254 [140369517864640] INFO perfrun.perfcollector <> - config : inv : 0
254 [140369517864640] INFO perfrun.perfcollector <> - config : umask : 1
254 [140369517864640] INFO perfrun.perfcollector <> - config : cmask : 0
254 [140369517864640] WARN perfrun.perfcollector <> - precise event : config : 1d3 , [m_cccrVal & impreciseMask(0x100000)] : 0, at file: vcs/perfrun1/plugins/perfcollector/src/event_manager.cpp:292
254 [140369517864640] INFO perfrun.perfcollector <> - format : cpu/period=0x7a12f,event=0xd3,umask=0x1,name='MEM_LOAD_UOPS_L3_MISS_RETIRED.LOCAL_DRAM_PS'/
254 [140369517864640] INFO perfrun.perfcollector <> - pmu config : cpu , m_cccrAddr : 189 , m_cccrVal : 4304d3 , m_escrAddr : ffffffff , m_escrVal : 0 , m_dataAddr : c4 , m_dataVal : fffffffffff85ed1
254 [140369517864640] INFO perfrun.perfcollector <> - config : event : d3
254 [140369517864640] INFO perfrun.perfcollector <> - config : pc : 0
254 [140369517864640] INFO perfrun.perfcollector <> - config : edge : 0
254 [140369517864640] INFO perfrun.perfcollector <> - config : any : 0
254 [140369517864640] INFO perfrun.perfcollector <> - config1 : offcore_rsp : 0
254 [140369517864640] INFO perfrun.perfcollector <> - config1 : ldlat : 0
254 [140369517864640] INFO perfrun.perfcollector <> - config : inv : 0
254 [140369517864640] INFO perfrun.perfcollector <> - config : umask : 4
254 [140369517864640] INFO perfrun.perfcollector <> - config : cmask : 0
254 [140369517864640] WARN perfrun.perfcollector <> - precise event : config : 4d3 , [m_cccrVal & impreciseMask(0x100000)] : 0, at file: vcs/perfrun1/plugins/perfcollector/src/event_manager.cpp:292
254 [140369517864640] INFO perfrun.perfcollector <> - format : cpu/period=0x7a12f,event=0xd3,umask=0x4,name='MEM_LOAD_UOPS_L3_MISS_RETIRED.REMOTE_DRAM_PS'/
254 [140369517864640] INFO perfrun.perfcollector <> - pmu config : cpu , m_cccrAddr : 186 , m_cccrVal : 4310d3 , m_escrAddr : ffffffff , m_escrVal : 0 , m_dataAddr : c1 , m_dataVal : fffffffffff85ed1
254 [140369517864640] INFO perfrun.perfcollector <> - config : event : d3
254 [140369517864640] INFO perfrun.perfcollector <> - config : pc : 0
254 [140369517864640] INFO perfrun.perfcollector <> - config : edge : 0
254 [140369517864640] INFO perfrun.perfcollector <> - config : any : 0
254 [140369517864640] INFO perfrun.perfcollector <> - config1 : offcore_rsp : 0
254 [140369517864640] INFO perfrun.perfcollector <> - config1 : ldlat : 0
254 [140369517864640] INFO perfrun.perfcollector <> - config : inv : 0
254 [140369517864640] INFO perfrun.perfcollector <> - config : umask : 10
254 [140369517864640] INFO perfrun.perfcollector <> - config : cmask : 0
254 [140369517864640] WARN perfrun.perfcollector <> - precise event : config : 10d3 , [m_cccrVal & impreciseMask(0x100000)] : 0, at file: vcs/perfrun1/plugins/perfcollector/src/event_manager.cpp:292
254 [140369517864640] INFO perfrun.perfcollector <> - format : cpu/period=0x7a12f,event=0xd3,umask=0x10,name='MEM_LOAD_UOPS_L3_MISS_RETIRED.REMOTE_HITM_PS'/
254 [140369517864640] INFO perfrun.perfcollector <> - pmu config : cpu , m_cccrAddr : 187 , m_cccrVal : 4320d3 , m_escrAddr : ffffffff , m_escrVal : 0 , m_dataAddr : c2 , m_dataVal : fffffffffff85ed1
254 [140369517864640] INFO perfrun.perfcollector <> - config : event : d3
254 [140369517864640] INFO perfrun.perfcollector <> - config : pc : 0
254 [140369517864640] INFO perfrun.perfcollector <> - config : edge : 0
254 [140369517864640] INFO perfrun.perfcollector <> - config : any : 0
254 [140369517864640] INFO perfrun.perfcollector <> - config1 : offcore_rsp : 0
254 [140369517864640] INFO perfrun.perfcollector <> - config1 : ldlat : 0
254 [140369517864640] INFO perfrun.perfcollector <> - config : inv : 0
254 [140369517864640] INFO perfrun.perfcollector <> - config : umask : 20
254 [140369517864640] INFO perfrun.perfcollector <> - config : cmask : 0
254 [140369517864640] WARN perfrun.perfcollector <> - precise event : config : 20d3 , [m_cccrVal & impreciseMask(0x100000)] : 0, at file: vcs/perfrun1/plugins/perfcollector/src/event_manager.cpp:292
254 [140369517864640] INFO perfrun.perfcollector <> - format : cpu/period=0x7a12f,event=0xd3,umask=0x20,name='MEM_LOAD_UOPS_L3_MISS_RETIRED.REMOTE_FWD_PS'/
254 [140369517864640] INFO perfrun.perfcollector <> - pmu config : uncore_imc_0 , m_cccrAddr : d8 , m_cccrVal : 400304 , m_escrAddr : ffffffff , m_escrVal : 0 , m_dataAddr : a0 , m_dataVal : 0
254 [140369517864640] INFO perfrun.perfcollector <> - config : event : 4
254 [140369517864640] INFO perfrun.perfcollector <> - config : edge : 0
254 [140369517864640] INFO perfrun.perfcollector <> - config : inv : 0
254 [140369517864640] INFO perfrun.perfcollector <> - config : umask : 3
254 [140369517864640] INFO perfrun.perfcollector <> - config : thresh : 0
254 [140369517864640] INFO perfrun.perfcollector <> - format : uncore_imc_0/period=0x0,event=0x4,umask=0x3,name='UNC_M_CAS_COUNT.RD[UNIT0]'/
254 [140369517864640] INFO perfrun.perfcollector <> - pmu config : uncore_imc_1 , m_cccrAddr : d8 , m_cccrVal : 400304 , m_escrAddr : ffffffff , m_escrVal : 0 , m_dataAddr : a0 , m_dataVal : 0
254 [140369517864640] INFO perfrun.perfcollector <> - config : event : 4
254 [140369517864640] INFO perfrun.perfcollector <> - config : edge : 0
254 [140369517864640] INFO perfrun.perfcollector <> - config : inv : 0
254 [140369517864640] INFO perfrun.perfcollector <> - config : umask : 3
254 [140369517864640] INFO perfrun.perfcollector <> - config : thresh : 0
254 [140369517864640] INFO perfrun.perfcollector <> - format : uncore_imc_1/period=0x0,event=0x4,umask=0x3,name='UNC_M_CAS_COUNT.RD[UNIT1]'/
254 [140369517864640] INFO perfrun.perfcollector <> - pmu config : uncore_imc_4 , m_cccrAddr : d8 , m_cccrVal : 400304 , m_escrAddr : ffffffff , m_escrVal : 0 , m_dataAddr : a0 , m_dataVal : 0
254 [140369517864640] INFO perfrun.perfcollector <> - config : event : 4
254 [140369517864640] INFO perfrun.perfcollector <> - config : edge : 0
254 [140369517864640] INFO perfrun.perfcollector <> - config : inv : 0
254 [140369517864640] INFO perfrun.perfcollector <> - config : umask : 3
254 [140369517864640] INFO perfrun.perfcollector <> - config : thresh : 0
254 [140369517864640] INFO perfrun.perfcollector <> - format : uncore_imc_4/period=0x0,event=0x4,umask=0x3,name='UNC_M_CAS_COUNT.RD[UNIT4]'/
254 [140369517864640] INFO perfrun.perfcollector <> - pmu config : uncore_imc_5 , m_cccrAddr : d8 , m_cccrVal : 400304 , m_escrAddr : ffffffff , m_escrVal : 0 , m_dataAddr : a0 , m_dataVal : 0
254 [140369517864640] INFO perfrun.perfcollector <> - config : event : 4
254 [140369517864640] INFO perfrun.perfcollector <> - config : edge : 0
254 [140369517864640] INFO perfrun.perfcollector <> - config : inv : 0
254 [140369517864640] INFO perfrun.perfcollector <> - config : umask : 3
254 [140369517864640] INFO perfrun.perfcollector <> - config : thresh : 0
254 [140369517864640] INFO perfrun.perfcollector <> - format : uncore_imc_5/period=0x0,event=0x4,umask=0x3,name='UNC_M_CAS_COUNT.RD[UNIT5]'/
254 [140369517864640] INFO perfrun.perfcollector <> - pmu config : uncore_imc_0 , m_cccrAddr : dc , m_cccrVal : 400c04 , m_escrAddr : ffffffff , m_escrVal : 0 , m_dataAddr : a8 , m_dataVal : 0
254 [140369517864640] INFO perfrun.perfcollector <> - config : event : 4
254 [140369517864640] INFO perfrun.perfcollector <> - config : edge : 0
254 [140369517864640] INFO perfrun.perfcollector <> - config : inv : 0
254 [140369517864640] INFO perfrun.perfcollector <> - config : umask : c
254 [140369517864640] INFO perfrun.perfcollector <> - config : thresh : 0
254 [140369517864640] INFO perfrun.perfcollector <> - format : uncore_imc_0/period=0x0,event=0x4,umask=0xc,name='UNC_M_CAS_COUNT.WR[UNIT0]'/
254 [140369517864640] INFO perfrun.perfcollector <> - pmu config : uncore_imc_1 , m_cccrAddr : dc , m_cccrVal : 400c04 , m_escrAddr : ffffffff , m_escrVal : 0 , m_dataAddr : a8 , m_dataVal : 0
254 [140369517864640] INFO perfrun.perfcollector <> - config : event : 4
254 [140369517864640] INFO perfrun.perfcollector <> - config : edge : 0
254 [140369517864640] INFO perfrun.perfcollector <> - config : inv : 0
254 [140369517864640] INFO perfrun.perfcollector <> - config : umask : c
254 [140369517864640] INFO perfrun.perfcollector <> - config : thresh : 0
254 [140369517864640] INFO perfrun.perfcollector <> - format : uncore_imc_1/period=0x0,event=0x4,umask=0xc,name='UNC_M_CAS_COUNT.WR[UNIT1]'/
254 [140369517864640] INFO perfrun.perfcollector <> - pmu config : uncore_imc_4 , m_cccrAddr : dc , m_cccrVal : 400c04 , m_escrAddr : ffffffff , m_escrVal : 0 , m_dataAddr : a8 , m_dataVal : 0
254 [140369517864640] INFO perfrun.perfcollector <> - config : event : 4
254 [140369517864640] INFO perfrun.perfcollector <> - config : edge : 0
254 [140369517864640] INFO perfrun.perfcollector <> - config : inv : 0
254 [140369517864640] INFO perfrun.perfcollector <> - config : umask : c
254 [140369517864640] INFO perfrun.perfcollector <> - config : thresh : 0
254 [140369517864640] INFO perfrun.perfcollector <> - format : uncore_imc_4/period=0x0,event=0x4,umask=0xc,name='UNC_M_CAS_COUNT.WR[UNIT4]'/
254 [140369517864640] INFO perfrun.perfcollector <> - pmu config : uncore_imc_5 , m_cccrAddr : dc , m_cccrVal : 400c04 , m_escrAddr : ffffffff , m_escrVal : 0 , m_dataAddr : a8 , m_dataVal : 0
254 [140369517864640] INFO perfrun.perfcollector <> - config : event : 4
254 [140369517864640] INFO perfrun.perfcollector <> - config : edge : 0
254 [140369517864640] INFO perfrun.perfcollector <> - config : inv : 0
254 [140369517864640] INFO perfrun.perfcollector <> - config : umask : c
254 [140369517864640] INFO perfrun.perfcollector <> - config : thresh : 0
254 [140369517864640] INFO perfrun.perfcollector <> - format : uncore_imc_5/period=0x0,event=0x4,umask=0xc,name='UNC_M_CAS_COUNT.WR[UNIT5]'/
254 [140369517864640] INFO perfrun.perfcollector <> - event: cpu/period=0xaf79e0,event=0x3c,name='CPU_CLK_UNHALTED.THREAD'/Duk , added for sampling
254 [140369517864640] INFO perfrun.perfcollector <> - event: cpu/period=0xaf79e0,umask=0x3,name='CPU_CLK_UNHALTED.REF_TSC'/Duk , added for sampling
254 [140369517864640] INFO perfrun.perfcollector <> - event: cpu/period=0xaf79e0,event=0xc0,name='INST_RETIRED.ANY'/Duk , added for sampling
255 [140369517864640] INFO perfrun.perfcollector <> - event: cpu/period=0x98968f,event=0xa3,umask=0xc,cmask=0xc,name='CYCLE_ACTIVITY.STALLS_L1D_PENDING'/uk , added for sampling
255 [140369517864640] INFO perfrun.perfcollector <> - event: cpu/period=0x7a12f,event=0x3c,umask=0x1,name='CPU_CLK_UNHALTED.REF_XCLK'/uk , added for sampling
255 [140369517864640] INFO perfrun.perfcollector <> - event: cpu/period=0x7a12f,event=0x3c,umask=0x2,name='CPU_CLK_UNHALTED.ONE_THREAD_ACTIVE'/uk , added for sampling
255 [140369517864640] INFO perfrun.perfcollector <> - event: cpu/period=0x98968f,event=0xa3,umask=0x4,cmask=0x4,name='CYCLE_ACTIVITY.CYCLES_NO_EXECUTE'/uk , added for sampling
255 [140369517864640] INFO perfrun.perfcollector <> - event: cpu/period=0x98968f,event=0xa3,umask=0x6,cmask=0x6,name='CYCLE_ACTIVITY.STALLS_LDM_PENDING'/uk , added for sampling
255 [140369517864640] INFO perfrun.perfcollector <> - event: cpu/period=0x98968f,event=0xa3,umask=0x5,cmask=0x5,name='CYCLE_ACTIVITY.STALLS_L2_PENDING'/uk , added for sampling
255 [140369517864640] INFO perfrun.perfcollector <> - event: cpu/period=0x98968f,event=0x9c,umask=0x1,name='IDQ_UOPS_NOT_DELIVERED.CORE'/uk , added for sampling
255 [140369517864640] INFO perfrun.perfcollector <> - event: cpu/period=0x98968f,event=0xd,umask=0x3,cmask=0x1,name='INT_MISC.RECOVERY_CYCLES'/uk , added for sampling
255 [140369517864640] INFO perfrun.perfcollector <> - event: cpu/period=0x3d09f,event=0xd1,umask=0x4,name='MEM_LOAD_UOPS_RETIRED.L3_HIT_PS'/ukpp , added for sampling
255 [140369517864640] INFO perfrun.perfcollector <> - event: cpu/period=0x3d09f,event=0xd1,umask=0x20,name='MEM_LOAD_UOPS_RETIRED.L3_MISS_PS'/ukpp , added for sampling
255 [140369517864640] INFO perfrun.perfcollector <> - event: cpu/period=0x98968f,event=0x60,umask=0x8,cmask=0x1,name='OFFCORE_REQUESTS_OUTSTANDING.CYCLES_WITH_DATA_RD'/uk , added for sampling
255 [140369517864640] INFO perfrun.perfcollector <> - event: cpu/period=0x98968f,event=0x60,umask=0x8,cmask=0x6,name='OFFCORE_REQUESTS_OUTSTANDING.ALL_DATA_RD:cmask=6'/uk , added for sampling
255 [140369517864640] INFO perfrun.perfcollector <> - event: cpu/period=0x98968f,event=0xa2,umask=0x8,name='RESOURCE_STALLS.SB'/uk , added for sampling
255 [140369517864640] INFO perfrun.perfcollector <> - event: cpu/period=0x98968f,event=0x5e,umask=0x1,name='RS_EVENTS.EMPTY_CYCLES'/uk , added for sampling
255 [140369517864640] INFO perfrun.perfcollector <> - event: cpu/period=0x98968f,event=0xb1,umask=0x2,cmask=0x1,name='UOPS_EXECUTED.CORE:cmask=1'/uk , added for sampling
255 [140369517864640] INFO perfrun.perfcollector <> - event: cpu/period=0x98968f,event=0xb1,umask=0x2,cmask=0x2,name='UOPS_EXECUTED.CORE:cmask=2'/uk , added for sampling
255 [140369517864640] INFO perfrun.perfcollector <> - event: cpu/period=0x98968f,event=0xb1,umask=0x2,cmask=0x3,name='UOPS_EXECUTED.CORE:cmask=3'/uk , added for sampling
255 [140369517864640] INFO perfrun.perfcollector <> - event: cpu/period=0x98968f,event=0xe,umask=0x1,name='UOPS_ISSUED.ANY'/uk , added for sampling
255 [140369517864640] INFO perfrun.perfcollector <> - event: cpu/period=0x98968f,event=0xc2,umask=0x2,name='UOPS_RETIRED.RETIRE_SLOTS'/uk , added for sampling
255 [140369517864640] INFO perfrun.perfcollector <> - event: cpu/period=0x98968f,event=0x9c,umask=0x1,cmask=0x4,name='IDQ_UOPS_NOT_DELIVERED.CYCLES_0_UOPS_DELIV.CORE'/uk , added for sampling
255 [140369517864640] INFO perfrun.perfcollector <> - event: cpu/period=0x7a12f,event=0xd0,umask=0x81,name='MEM_UOPS_RETIRED.ALL_LOADS_PS'/ukpp , added for sampling
255 [140369517864640] INFO perfrun.perfcollector <> - event: cpu/period=0x7a12f,event=0xd0,umask=0x82,name='MEM_UOPS_RETIRED.ALL_STORES_PS'/ukpp , added for sampling
255 [140369517864640] INFO perfrun.perfcollector <> - event: cpu/period=0x7a12f,event=0xd3,umask=0x1,name='MEM_LOAD_UOPS_L3_MISS_RETIRED.LOCAL_DRAM_PS'/ukpp , added for sampling
255 [140369517864640] INFO perfrun.perfcollector <> - event: cpu/period=0x7a12f,event=0xd3,umask=0x4,name='MEM_LOAD_UOPS_L3_MISS_RETIRED.REMOTE_DRAM_PS'/ukpp , added for sampling
255 [140369517864640] INFO perfrun.perfcollector <> - event: cpu/period=0x7a12f,event=0xd3,umask=0x10,name='MEM_LOAD_UOPS_L3_MISS_RETIRED.REMOTE_HITM_PS'/ukpp , added for sampling
255 [140369517864640] INFO perfrun.perfcollector <> - event: cpu/period=0x7a12f,event=0xd3,umask=0x20,name='MEM_LOAD_UOPS_L3_MISS_RETIRED.REMOTE_FWD_PS'/ukpp , added for sampling
255 [140369517864640] INFO perfrun.perfcollector <> - event: uncore_imc_0/period=0x0,event=0x4,umask=0x3,name='UNC_M_CAS_COUNT.RD[UNIT0]'/ , added for counting
255 [140369517864640] INFO perfrun.perfcollector <> - event: uncore_imc_1/period=0x0,event=0x4,umask=0x3,name='UNC_M_CAS_COUNT.RD[UNIT1]'/ , added for counting
255 [140369517864640] INFO perfrun.perfcollector <> - event: uncore_imc_4/period=0x0,event=0x4,umask=0x3,name='UNC_M_CAS_COUNT.RD[UNIT4]'/ , added for counting
255 [140369517864640] INFO perfrun.perfcollector <> - event: uncore_imc_5/period=0x0,event=0x4,umask=0x3,name='UNC_M_CAS_COUNT.RD[UNIT5]'/ , added for counting
255 [140369517864640] INFO perfrun.perfcollector <> - event: uncore_imc_0/period=0x0,event=0x4,umask=0xc,name='UNC_M_CAS_COUNT.WR[UNIT0]'/ , added for counting
255 [140369517864640] INFO perfrun.perfcollector <> - event: uncore_imc_1/period=0x0,event=0x4,umask=0xc,name='UNC_M_CAS_COUNT.WR[UNIT1]'/ , added for counting
255 [140369517864640] INFO perfrun.perfcollector <> - event: uncore_imc_4/period=0x0,event=0x4,umask=0xc,name='UNC_M_CAS_COUNT.WR[UNIT4]'/ , added for counting
255 [140369517864640] INFO perfrun.perfcollector <> - event: uncore_imc_5/period=0x0,event=0x4,umask=0xc,name='UNC_M_CAS_COUNT.WR[UNIT5]'/ , added for counting
255 [140369489024704] WARN perfrun.perfcollector <> - Perf stat trace pipe capacity: read = 1048576, write = 1048576, at file: vcs/perfrun1/plugins/perfcollector/src/profiler.cpp:763
255 [140369489024704] INFO perfrun.perfcollector <> - Path to Perf control pipe: /tmp/amplxe-tmp-dhamorim/perf-pipe-1442629-16359280308291071
257 [140369489024704] INFO perfrun.sdk <> - runCmd: "/home/intel/oneapi/vtune/2021.1.1/bin64/amplxe-perf" stat -v --log-fd 11 --pipe "/tmp/amplxe-tmp-dhamorim/perf-pipe-1442629-16359280308291071" --pipe-sync -I 10 -A --scale -x ; -a -e uncore_imc_0/period=0x0,event=0x4,umask=0x3,name='UNC_M_CAS_COUNT.RD[UNIT0]'/,uncore_imc_1/period=0x0,event=0x4,umask=0x3,name='UNC_M_CAS_COUNT.RD[UNIT1]'/,uncore_imc_4/period=0x0,event=0x4,umask=0x3,name='UNC_M_CAS_COUNT.RD[UNIT4]'/,uncore_imc_5/period=0x0,event=0x4,umask=0x3,name='UNC_M_CAS_COUNT.RD[UNIT5]'/,uncore_imc_0/period=0x0,event=0x4,umask=0xc,name='UNC_M_CAS_COUNT.WR[UNIT0]'/,uncore_imc_1/period=0x0,event=0x4,umask=0xc,name='UNC_M_CAS_COUNT.WR[UNIT1]'/,uncore_imc_4/period=0x0,event=0x4,umask=0xc,name='UNC_M_CAS_COUNT.WR[UNIT4]'/,uncore_imc_5/period=0x0,event=0x4,umask=0xc,name='UNC_M_CAS_COUNT.WR[UNIT5]'/ "/home/intel/oneapi/vtune/2021.1.1/bin64/amplxe-perf-sync" dryrun sys
297 [140369480632000] INFO perfrun.perfcollector <> - PERF_STAT : "     0.010437560;CPU0;2475;;UNC_M_CAS_COUNT.RD[UNIT0];10423540;100.00;;"
304 [140369480632000] INFO perfrun.perfcollector <> - PERF_STAT : "     0.010437560;CPU10;3947;;UNC_M_CAS_COUNT.RD[UNIT0];10341374;100.00;;"
304 [140369480632000] INFO perfrun.perfcollector <> - PERF_STAT : "     0.010437560;CPU0;2967;;UNC_M_CAS_COUNT.RD[UNIT1];10417064;100.00;;"
304 [140369480632000] INFO perfrun.perfcollector <> - PERF_STAT : "     0.010437560;CPU10;4275;;UNC_M_CAS_COUNT.RD[UNIT1];10333280;100.00;;"
304 [140369480632000] INFO perfrun.perfcollector <> - PERF_STAT : "     0.010437560;CPU0;2463;;UNC_M_CAS_COUNT.RD[UNIT4];10410203;100.00;;"
304 [140369480632000] INFO perfrun.perfcollector <> - PERF_STAT : "     0.010437560;CPU10;3869;;UNC_M_CAS_COUNT.RD[UNIT4];10324675;100.00;;"
304 [140369480632000] INFO perfrun.perfcollector <> - PERF_STAT : "     0.010437560;CPU0;3008;;UNC_M_CAS_COUNT.RD[UNIT5];10403346;100.00;;"
304 [140369480632000] INFO perfrun.perfcollector <> - PERF_STAT : "     0.010437560;CPU10;4211;;UNC_M_CAS_COUNT.RD[UNIT5];10316298;100.00;;"
304 [140369480632000] INFO perfrun.perfcollector <> - PERF_STAT : "     0.010437560;CPU0;362;;UNC_M_CAS_COUNT.WR[UNIT0];10396890;100.00;;"
304 [140369480632000] INFO perfrun.perfcollector <> - PERF_STAT : "     0.010437560;CPU10;2309;;UNC_M_CAS_COUNT.WR[UNIT0];10309489;100.00;;"
304 [140369480632000] INFO perfrun.perfcollector <> - PERF_STAT : "     0.010437560;CPU0;951;;UNC_M_CAS_COUNT.WR[UNIT1];10377084;100.00;;"
304 [140369480632000] INFO perfrun.perfcollector <> - PERF_STAT : "     0.010437560;CPU10;2642;;UNC_M_CAS_COUNT.WR[UNIT1];10295284;100.00;;"
304 [140369480632000] INFO perfrun.perfcollector <> - PERF_STAT : "     0.010437560;CPU0;385;;UNC_M_CAS_COUNT.WR[UNIT4];10368550;100.00;;"
304 [140369480632000] INFO perfrun.perfcollector <> - PERF_STAT : "     0.010437560;CPU10;2277;;UNC_M_CAS_COUNT.WR[UNIT4];10281558;100.00;;"
304 [140369480632000] INFO perfrun.perfcollector <> - PERF_STAT : "     0.010437560;CPU0;922;;UNC_M_CAS_COUNT.WR[UNIT5];10357258;100.00;;"
304 [140369480632000] INFO perfrun.perfcollector <> - PERF_STAT : "     0.010437560;CPU10;2644;;UNC_M_CAS_COUNT.WR[UNIT5];10267698;100.00;;"
304 [140369480632000] INFO perfrun.perfcollector <> - PERF_STAT : "     0.017342982;CPU0;517;;UNC_M_CAS_COUNT.RD[UNIT0];6929998;100.00;;"
304 [140369480632000] INFO perfrun.perfcollector <> - PERF_STAT : "     0.017342982;CPU10;560;;UNC_M_CAS_COUNT.RD[UNIT0];6956363;100.00;;"
304 [140369480632000] INFO perfrun.perfcollector <> - PERF_STAT : "     0.017342982;CPU0;841;;UNC_M_CAS_COUNT.RD[UNIT1];6929550;100.00;;"
304 [140369480632000] INFO perfrun.perfcollector <> - PERF_STAT : "     0.017342982;CPU10;569;;UNC_M_CAS_COUNT.RD[UNIT1];6958899;100.00;;"
304 [140369480632000] INFO perfrun.perfcollector <> - PERF_STAT : "     0.017342982;CPU0;526;;UNC_M_CAS_COUNT.RD[UNIT4];6929582;100.00;;"
304 [140369480632000] INFO perfrun.perfcollector <> - PERF_STAT : "     0.017342982;CPU10;595;;UNC_M_CAS_COUNT.RD[UNIT4];6960585;100.00;;"
304 [140369480632000] INFO perfrun.perfcollector <> - PERF_STAT : "     0.017342982;CPU0;886;;UNC_M_CAS_COUNT.RD[UNIT5];6929580;100.00;;"
304 [140369480632000] INFO perfrun.perfcollector <> - PERF_STAT : "     0.017342982;CPU10;705;;UNC_M_CAS_COUNT.RD[UNIT5];6962471;100.00;;"
304 [140369480632000] INFO perfrun.perfcollector <> - PERF_STAT : "     0.017342982;CPU0;71;;UNC_M_CAS_COUNT.WR[UNIT0];6929715;100.00;;"
304 [140369480632000] INFO perfrun.perfcollector <> - PERF_STAT : "     0.017342982;CPU10;265;;UNC_M_CAS_COUNT.WR[UNIT0];6964371;100.00;;"
304 [140369480632000] INFO perfrun.perfcollector <> - PERF_STAT : "     0.017342982;CPU0;434;;UNC_M_CAS_COUNT.WR[UNIT1];6940294;100.00;;"
304 [140369480632000] INFO perfrun.perfcollector <> - PERF_STAT : "     0.017342982;CPU10;324;;UNC_M_CAS_COUNT.WR[UNIT1];6966063;100.00;;"
304 [140369480632000] INFO perfrun.perfcollector <> - PERF_STAT : "     0.017342982;CPU0;76;;UNC_M_CAS_COUNT.WR[UNIT4];6937782;100.00;;"
304 [140369480632000] INFO perfrun.perfcollector <> - PERF_STAT : "     0.017342982;CPU10;266;;UNC_M_CAS_COUNT.WR[UNIT4];6967570;100.00;;"
304 [140369480632000] INFO perfrun.perfcollector <> - PERF_STAT : "     0.017342982;CPU0;440;;UNC_M_CAS_COUNT.WR[UNIT5];6937847;100.00;;"
304 [140369480632000] INFO perfrun.perfcollector <> - PERF_STAT : "     0.017342982;CPU10;382;;UNC_M_CAS_COUNT.WR[UNIT5];6972931;100.00;;"
309 [140369489024704] INFO perfrun.perfcollector <> - Monitor: runCmd RC = true
309 [140369480632000] INFO perfrun.perfcollector <> - Path to Perf control pipe: /tmp/amplxe-tmp-dhamorim/perf-pipe-1442629-16359280432552026
309 [140369480632000] INFO perfrun.sdk <> - runCmd: "/home/intel/oneapi/vtune/2021.1.1/bin64/amplxe-perf" record -v --pipe "/tmp/amplxe-tmp-dhamorim/perf-pipe-1442629-16359280432552026" --pipe-sync -o "/tmp/amplxe-tmp-dhamorim/amplxe-res-1442629-16359279856238468/data.0/temp.dryrun.perf" -N -B -T -R --compression-level=1 -e cpu/period=0xaf79e0,event=0x3c,name='CPU_CLK_UNHALTED.THREAD'/Duk,cpu/period=0xaf79e0,umask=0x3,name='CPU_CLK_UNHALTED.REF_TSC'/Duk,cpu/period=0xaf79e0,event=0xc0,name='INST_RETIRED.ANY'/Duk,cpu/period=0x98968f,event=0xa3,umask=0xc,cmask=0xc,name='CYCLE_ACTIVITY.STALLS_L1D_PENDING'/uk,cpu/period=0x7a12f,event=0x3c,umask=0x1,name='CPU_CLK_UNHALTED.REF_XCLK'/uk,cpu/period=0x7a12f,event=0x3c,umask=0x2,name='CPU_CLK_UNHALTED.ONE_THREAD_ACTIVE'/uk,cpu/period=0x98968f,event=0xa3,umask=0x4,cmask=0x4,name='CYCLE_ACTIVITY.CYCLES_NO_EXECUTE'/uk,cpu/period=0x98968f,event=0xa3,umask=0x6,cmask=0x6,name='CYCLE_ACTIVITY.STALLS_LDM_PENDING'/uk,cpu/period=0x98968f,event=0xa3,umask=0x5,cmask=0x5,name='CYCLE_ACTIVITY.STALLS_L2_PENDING'/uk,cpu/period=0x98968f,event=0x9c,umask=0x1,name='IDQ_UOPS_NOT_DELIVERED.CORE'/uk,cpu/period=0x98968f,event=0xd,umask=0x3,cmask=0x1,name='INT_MISC.RECOVERY_CYCLES'/uk,cpu/period=0x3d09f,event=0xd1,umask=0x4,name='MEM_LOAD_UOPS_RETIRED.L3_HIT_PS'/ukpp,cpu/period=0x3d09f,event=0xd1,umask=0x20,name='MEM_LOAD_UOPS_RETIRED.L3_MISS_PS'/ukpp,cpu/period=0x98968f,event=0x60,umask=0x8,cmask=0x1,name='OFFCORE_REQUESTS_OUTSTANDING.CYCLES_WITH_DATA_RD'/uk,cpu/period=0x98968f,event=0x60,umask=0x8,cmask=0x6,name='OFFCORE_REQUESTS_OUTSTANDING.ALL_DATA_RD:cmask=6'/uk,cpu/period=0x98968f,event=0xa2,umask=0x8,name='RESOURCE_STALLS.SB'/uk,cpu/period=0x98968f,event=0x5e,umask=0x1,name='RS_EVENTS.EMPTY_CYCLES'/uk,cpu/period=0x98968f,event=0xb1,umask=0x2,cmask=0x1,name='UOPS_EXECUTED.CORE:cmask=1'/uk,cpu/period=0x98968f,event=0xb1,umask=0x2,cmask=0x2,name='UOPS_EXECUTED.CORE:cmask=2'/uk,cpu/period=0x98968f,event=0xb1,umask=0x2,cmask=0x3,name='UOPS_EXECUTED.CORE:cmask=3'/uk,cpu/period=0x98968f,event=0xe,umask=0x1,name='UOPS_ISSUED.ANY'/uk,cpu/period=0x98968f,event=0xc2,umask=0x2,name='UOPS_RETIRED.RETIRE_SLOTS'/uk,cpu/period=0x98968f,event=0x9c,umask=0x1,cmask=0x4,name='IDQ_UOPS_NOT_DELIVERED.CYCLES_0_UOPS_DELIV.CORE'/uk,cpu/period=0x7a12f,event=0xd0,umask=0x81,name='MEM_UOPS_RETIRED.ALL_LOADS_PS'/ukpp,cpu/period=0x7a12f,event=0xd0,umask=0x82,name='MEM_UOPS_RETIRED.ALL_STORES_PS'/ukpp,cpu/period=0x7a12f,event=0xd3,umask=0x1,name='MEM_LOAD_UOPS_L3_MISS_RETIRED.LOCAL_DRAM_PS'/ukpp,cpu/period=0x7a12f,event=0xd3,umask=0x4,name='MEM_LOAD_UOPS_L3_MISS_RETIRED.REMOTE_DRAM_PS'/ukpp,cpu/period=0x7a12f,event=0xd3,umask=0x10,name='MEM_LOAD_UOPS_L3_MISS_RETIRED.REMOTE_HITM_PS'/ukpp,cpu/period=0x7a12f,event=0xd3,umask=0x20,name='MEM_LOAD_UOPS_L3_MISS_RETIRED.REMOTE_FWD_PS'/ukpp --clockid=monotonic_raw "/home/intel/oneapi/vtune/2021.1.1/bin64/amplxe-perf-sync" dryrun sys
580 [140369480632000] INFO perfrun.perfcollector <> - Monitor: runCmd RC = true
580 [140369472239296] WARN perfrun.perfcollector <> - Perf stat trace pipe capacity: read = 1048576, write = 1048576, at file: vcs/perfrun1/plugins/perfcollector/src/profiler.cpp:763
580 [140369472239296] INFO perfrun.perfcollector <> - Path to Perf control pipe: /tmp/amplxe-tmp-dhamorim/perf-pipe-1442629-16359281055138481
581 [140369472239296] INFO perfrun.sdk <> - runCmd: "/home/intel/oneapi/vtune/2021.1.1/bin64/amplxe-perf" stat -v --log-fd 11 --pipe "/tmp/amplxe-tmp-dhamorim/perf-pipe-1442629-16359281055138481" --pipe-sync -I 10 -A --scale -x ; -a -e uncore_imc_0/period=0x0,event=0x4,umask=0x3,name='UNC_M_CAS_COUNT.RD[UNIT0]'/,uncore_imc_1/period=0x0,event=0x4,umask=0x3,name='UNC_M_CAS_COUNT.RD[UNIT1]'/,uncore_imc_4/period=0x0,event=0x4,umask=0x3,name='UNC_M_CAS_COUNT.RD[UNIT4]'/,uncore_imc_5/period=0x0,event=0x4,umask=0x3,name='UNC_M_CAS_COUNT.RD[UNIT5]'/,uncore_imc_0/period=0x0,event=0x4,umask=0xc,name='UNC_M_CAS_COUNT.WR[UNIT0]'/,uncore_imc_1/period=0x0,event=0x4,umask=0xc,name='UNC_M_CAS_COUNT.WR[UNIT1]'/,uncore_imc_4/period=0x0,event=0x4,umask=0xc,name='UNC_M_CAS_COUNT.WR[UNIT4]'/,uncore_imc_5/period=0x0,event=0x4,umask=0xc,name='UNC_M_CAS_COUNT.WR[UNIT5]'/ "/home/intel/oneapi/vtune/2021.1.1/bin64/amplxe-perf-sync" dryrun sys
617 [140369489024704] INFO perfrun.perfcollector <> - PERF_STAT : "     0.008130742;CPU0;2856;;UNC_M_CAS_COUNT.RD[UNIT0];8162779;100.00;;"
617 [140369489024704] INFO perfrun.perfcollector <> - PERF_STAT : "     0.008130742;CPU10;3685;;UNC_M_CAS_COUNT.RD[UNIT0];8085967;100.00;;"
617 [140369489024704] INFO perfrun.perfcollector <> - PERF_STAT : "     0.008130742;CPU0;3517;;UNC_M_CAS_COUNT.RD[UNIT1];8157471;100.00;;"
617 [140369489024704] INFO perfrun.perfcollector <> - PERF_STAT : "     0.008130742;CPU10;3769;;UNC_M_CAS_COUNT.RD[UNIT1];8077093;100.00;;"
617 [140369489024704] INFO perfrun.perfcollector <> - PERF_STAT : "     0.008130742;CPU0;2916;;UNC_M_CAS_COUNT.RD[UNIT4];8151050;100.00;;"
617 [140369489024704] INFO perfrun.perfcollector <> - PERF_STAT : "     0.008130742;CPU10;3791;;UNC_M_CAS_COUNT.RD[UNIT4];8067839;100.00;;"
617 [140369489024704] INFO perfrun.perfcollector <> - PERF_STAT : "     0.008130742;CPU0;3368;;UNC_M_CAS_COUNT.RD[UNIT5];8144803;100.00;;"
617 [140369489024704] INFO perfrun.perfcollector <> - PERF_STAT : "     0.008130742;CPU10;3951;;UNC_M_CAS_COUNT.RD[UNIT5];8065403;100.00;;"
617 [140369489024704] INFO perfrun.perfcollector <> - PERF_STAT : "     0.008130742;CPU0;1901;;UNC_M_CAS_COUNT.WR[UNIT0];8131975;100.00;;"
618 [140369489024704] INFO perfrun.perfcollector <> - PERF_STAT : "     0.008130742;CPU10;2994;;UNC_M_CAS_COUNT.WR[UNIT0];8058287;100.00;;"
618 [140369489024704] INFO perfrun.perfcollector <> - PERF_STAT : "     0.008130742;CPU0;2271;;UNC_M_CAS_COUNT.WR[UNIT1];8120605;100.00;;"
618 [140369489024704] INFO perfrun.perfcollector <> - PERF_STAT : "     0.008130742;CPU10;3300;;UNC_M_CAS_COUNT.WR[UNIT1];8043035;100.00;;"
618 [140369489024704] INFO perfrun.perfcollector <> - PERF_STAT : "     0.008130742;CPU0;1910;;UNC_M_CAS_COUNT.WR[UNIT4];8112487;100.00;;"
618 [140369489024704] INFO perfrun.perfcollector <> - PERF_STAT : "     0.008130742;CPU10;3025;;UNC_M_CAS_COUNT.WR[UNIT4];8028099;100.00;;"
618 [140369489024704] INFO perfrun.perfcollector <> - PERF_STAT : "     0.008130742;CPU0;2314;;UNC_M_CAS_COUNT.WR[UNIT5];8101276;100.00;;"
618 [140369489024704] INFO perfrun.perfcollector <> - PERF_STAT : "     0.008130742;CPU10;3382;;UNC_M_CAS_COUNT.WR[UNIT5];8013307;100.00;;"
620 [140369472239296] INFO perfrun.perfcollector <> - Monitor: runCmd RC = true
620 [140369489024704] INFO perfrun.perfcollector <> - Path to Perf control pipe: /tmp/amplxe-tmp-dhamorim/perf-pipe-1442629-16359281147558377
620 [140369489024704] INFO perfrun.sdk <> - runCmd: "/home/intel/oneapi/vtune/2021.1.1/bin64/amplxe-perf" record -v --pipe "/tmp/amplxe-tmp-dhamorim/perf-pipe-1442629-16359281147558377" --pipe-sync -o "/tmp/amplxe-tmp-dhamorim/amplxe-res-1442629-16359279856238468/data.0/temp.dryrun.perf" -N -B -T -R -d --compression-level=1 -e cpu/period=0xaf79e0,event=0x3c,name='CPU_CLK_UNHALTED.THREAD'/Duk,cpu/period=0xaf79e0,umask=0x3,name='CPU_CLK_UNHALTED.REF_TSC'/Duk,cpu/period=0xaf79e0,event=0xc0,name='INST_RETIRED.ANY'/Duk,cpu/period=0x98968f,event=0xa3,umask=0xc,cmask=0xc,name='CYCLE_ACTIVITY.STALLS_L1D_PENDING'/uk,cpu/period=0x7a12f,event=0x3c,umask=0x1,name='CPU_CLK_UNHALTED.REF_XCLK'/uk,cpu/period=0x7a12f,event=0x3c,umask=0x2,name='CPU_CLK_UNHALTED.ONE_THREAD_ACTIVE'/uk,cpu/period=0x98968f,event=0xa3,umask=0x4,cmask=0x4,name='CYCLE_ACTIVITY.CYCLES_NO_EXECUTE'/uk,cpu/period=0x98968f,event=0xa3,umask=0x6,cmask=0x6,name='CYCLE_ACTIVITY.STALLS_LDM_PENDING'/uk,cpu/period=0x98968f,event=0xa3,umask=0x5,cmask=0x5,name='CYCLE_ACTIVITY.STALLS_L2_PENDING'/uk,cpu/period=0x98968f,event=0x9c,umask=0x1,name='IDQ_UOPS_NOT_DELIVERED.CORE'/uk,cpu/period=0x98968f,event=0xd,umask=0x3,cmask=0x1,name='INT_MISC.RECOVERY_CYCLES'/uk,cpu/period=0x3d09f,event=0xd1,umask=0x4,name='MEM_LOAD_UOPS_RETIRED.L3_HIT_PS'/ukpp,cpu/period=0x3d09f,event=0xd1,umask=0x20,name='MEM_LOAD_UOPS_RETIRED.L3_MISS_PS'/ukpp,cpu/period=0x98968f,event=0x60,umask=0x8,cmask=0x1,name='OFFCORE_REQUESTS_OUTSTANDING.CYCLES_WITH_DATA_RD'/uk,cpu/period=0x98968f,event=0x60,umask=0x8,cmask=0x6,name='OFFCORE_REQUESTS_OUTSTANDING.ALL_DATA_RD:cmask=6'/uk,cpu/period=0x98968f,event=0xa2,umask=0x8,name='RESOURCE_STALLS.SB'/uk,cpu/period=0x98968f,event=0x5e,umask=0x1,name='RS_EVENTS.EMPTY_CYCLES'/uk,cpu/period=0x98968f,event=0xb1,umask=0x2,cmask=0x1,name='UOPS_EXECUTED.CORE:cmask=1'/uk,cpu/period=0x98968f,event=0xb1,umask=0x2,cmask=0x2,name='UOPS_EXECUTED.CORE:cmask=2'/uk,cpu/period=0x98968f,event=0xb1,umask=0x2,cmask=0x3,name='UOPS_EXECUTED.CORE:cmask=3'/uk,cpu/period=0x98968f,event=0xe,umask=0x1,name='UOPS_ISSUED.ANY'/uk,cpu/period=0x98968f,event=0xc2,umask=0x2,name='UOPS_RETIRED.RETIRE_SLOTS'/uk,cpu/period=0x98968f,event=0x9c,umask=0x1,cmask=0x4,name='IDQ_UOPS_NOT_DELIVERED.CYCLES_0_UOPS_DELIV.CORE'/uk,cpu/period=0x7a12f,event=0xd0,umask=0x81,name='MEM_UOPS_RETIRED.ALL_LOADS_PS'/ukpp,cpu/period=0x7a12f,event=0xd0,umask=0x82,name='MEM_UOPS_RETIRED.ALL_STORES_PS'/ukpp,cpu/period=0x7a12f,event=0xd3,umask=0x1,name='MEM_LOAD_UOPS_L3_MISS_RETIRED.LOCAL_DRAM_PS'/ukpp,cpu/period=0x7a12f,event=0xd3,umask=0x4,name='MEM_LOAD_UOPS_L3_MISS_RETIRED.REMOTE_DRAM_PS'/ukpp,cpu/period=0x7a12f,event=0xd3,umask=0x10,name='MEM_LOAD_UOPS_L3_MISS_RETIRED.REMOTE_HITM_PS'/ukpp,cpu/period=0x7a12f,event=0xd3,umask=0x20,name='MEM_LOAD_UOPS_L3_MISS_RETIRED.REMOTE_FWD_PS'/ukpp --clockid=monotonic_raw "/home/intel/oneapi/vtune/2021.1.1/bin64/amplxe-perf-sync" dryrun sys
868 [140369489024704] INFO perfrun.perfcollector <> - Monitor: runCmd RC = true
868 [140369517864640] INFO perfrun.launcher <> - plugin [aoclprofile] was disabled because it doesn't support the given collection type.
868 [140369517864640] INFO perfrun.tpss <> - initialize tpss controller
868 [140369517864640] INFO perfrun.launcher <> - plugin [tpss] was disabled because it doesn't support the given collection type.
868 [140369517864640] INFO perfrun.launcher <> - plugin [exprof] was disabled because it doesn't support the given collection type.
868 [140369517864640] INFO perfrun.launcher <> - plugin [ice] was disabled because it doesn't support the given collection type.
868 [140369517864640] INFO perfrun.launcher <> - plugin [] was disabled because it doesn't support the given collection type.
868 [140369517864640] INFO perfrun.launcher <> - plugin [] was disabled because it doesn't support the given collection type.
868 [140369517864640] INFO perfrun.launcher <> - plugin [parallelfs] was disabled because it doesn't support the given collection type.
868 [140369517864640] INFO perfrun.launcher <> - plugin [power] was disabled because it doesn't support the given collection type.
868 [140369517864640] INFO perfrun.launcher <> - plugin [hwloc] was disabled because it doesn't support the given collection type.
868 [140369517864640] INFO perfrun.launcher <> - plugin [ipmwatch] was disabled because it doesn't support the given collection type.
868 [140369517864640] INFO perfrun.launcher <> - plugin [os_counters] was disabled because it doesn't support the given collection type.
868 [140369674134208] INFO perfrun.launcher <> - set environment variable: LD_LIBRARY_PATH = /home/intel/oneapi/vtune/2021.1.1/lib32/runtime:/home/intel/oneapi/vtune/2021.1.1/lib64/runtime
869 [140369674134208] INFO perfrun.launcher <> - set environment variable: INTEL_LIBITTNOTIFY32 = /home/intel/oneapi/vtune/2021.1.1/lib32/runtime/libittnotify_collector.so
869 [140369674134208] INFO perfrun.launcher <> - set environment variable: INTEL_LIBITTNOTIFY64 = /home/intel/oneapi/vtune/2021.1.1/lib64/runtime/libittnotify_collector.so
869 [140369674134208] INFO perfrun.launcher <> - set environment variable: INTEL_ITTNOTIFY_GROUPS = 
869 [140369674134208] INFO perfrun.launcher <> - set environment variable: INTEL_JIT_PROFILER32 = /home/intel/oneapi/vtune/2021.1.1/lib32/runtime/libittnotify_collector.so
869 [140369674134208] INFO perfrun.launcher <> - set environment variable: INTEL_JIT_PROFILER64 = /home/intel/oneapi/vtune/2021.1.1/lib64/runtime/libittnotify_collector.so
869 [140369674134208] INFO perfrun.launcher <> - set environment variable: VS_PROFILER = libittnotify_collector.so
869 [140369674134208] INFO perfrun.launcher <> - set environment variable: OMP_TOOL_LIBRARIES = /home/intel/oneapi/vtune/2021.1.1/lib32/runtime/libittnotify_collector.so:/home/intel/oneapi/vtune/2021.1.1/lib64/runtime/libittnotify_collector.so
869 [140369674134208] INFO perfrun.launcher <> - set environment variable: ENABLE_JITPROFILING = 1
869 [140369674134208] INFO perfrun.launcher <> - set environment variable: CL_CONFIG_USE_VTUNE = True
869 [140369674134208] INFO perfrun.launcher <> - set environment variable: INTEL_MRTE_DATA_DIR = /tmp/amplxe-tmp-dhamorim/amplxe-res-1442629-16359279856238468/data.0
869 [140369674134208] INFO perfrun.launcher <> - set environment variable: INTEL_MRTE_HOST_NAME = hype1
869 [140369674134208] INFO perfrun.launcher <> - set environment variable: JAVA_TOOL_OPTIONS = -agentlib:amplxe_samplingmrte_javaprof_1.0 -Dsun.boot.library.path=/home/intel/oneapi/vtune/2021.1.1/lib32/runtime:/home/intel/oneapi/vtune/2021.1.1/lib64/runtime
869 [140369674134208] INFO perfrun.launcher <> - set environment variable: CORECLR_ENABLE_PROFILING = 1
869 [140369674134208] INFO perfrun.launcher <> - set environment variable: CORECLR_PROFILER = {AA5E4821-E3B1-479c-B7FF-5AD047D22CED}
869 [140369674134208] INFO perfrun.launcher <> - set environment variable: CORECLR_PROFILER_PATH = /home/intel/oneapi/vtune/2021.1.1/lib64/libamplxe_samplingmrte_clrprof_1.0.so
869 [140369674134208] INFO perfrun.launcher <> - set environment variable: INTEL_MRTE_PROFILER_MODE = mixed
869 [140369674134208] INFO perfrun.launcher <> - RpcServer: run RPC server to handle requests
896 [140369674134208] INFO perfrun.launcher <> - Launcher: command line to start before modification = /home/users/dhamorim/pagerank-openmp/pagerank -f /home/users/dhamorim/pagerank-openmp/data/web-Google/web-Google.txt
896 [140369674134208] INFO perfrun.launcher <> - Launcher: command line to start after modification = /home/users/dhamorim/pagerank-openmp/pagerank -f /home/users/dhamorim/pagerank-openmp/data/web-Google/web-Google.txt
896 [140369674134208] INFO perfrun.launcher <> - ProcessCreator object was created
897 [140369674134208] INFO perfrun.launcher <> - Launcher: the process was started in suspend mode
897 [140369517864640] INFO perfrun.launcher <> - Messenger::say: Peak bandwidth measurement started.
6345 [140369517864640] INFO perfrun.launcher <> - Messenger::say: Peak bandwidth measurement finished.
6349 [140369517864640] WARN perfrun.system <> - Could not do anything with /sys/kernel/debug/kvm: boost::filesystem::status: Permission denied: "/sys/kernel/debug/kvm", at file: vcs/perfrun1/plugins/system/src/trace_writer.cpp:796
6349 [140369517864640] WARN perfrun.system <> - Folder "/var/run/libvirt/qemu/"doesn't exist, at file: vcs/perfrun1/plugins/system/src/trace_writer.cpp:809
6384 [140369517864640] WARN perfrun.sdk <> - Failed to find xl binary on any of the system paths: /bin, /sbin, /usr/bin, /usr/sbin., at file: vcs/perfrun1/sdk/src/utils.cpp:197
6384 [140369517864640] WARN perfrun.system <> - Could not start ContainerMapping collector, at file: vcs/perfrun1/plugins/system/src/controller.cpp:468
6404 [140369517864640] INFO perfrun.vdso <> - Helper runtool '/home/intel/oneapi/vtune/2021.1.1/bin32/amplxe-runss -dump-vdso -r /tmp/amplxe-tmp-dhamorim/amplxe-res-1442629-16359279856238468 --tmp-dir /tmp/amplxe-tmp-dhamorim' returned 1
6551 [140369517864640] INFO perfrun.vdso <> - Helper runtool '/home/intel/oneapi/vtune/2021.1.1/bin64/amplxe-runss -dump-vdso -r /tmp/amplxe-tmp-dhamorim/amplxe-res-1442629-16359279856238468 --tmp-dir /tmp/amplxe-tmp-dhamorim' returned 0
6551 [140369517864640] INFO perfrun.itt <> - start itt controller for pid #1442649
6552 [140368179869376] WARN perfrun.perfcollector <> - Perf stat trace pipe capacity: read = 1048576, write = 1048576, at file: vcs/perfrun1/plugins/perfcollector/src/profiler.cpp:763
6552 [140368179869376] INFO perfrun.perfcollector <> - Path to Perf control pipe: /tmp/amplxe-tmp-dhamorim/perf-pipe-1442629-16359294774230159
6553 [140368179869376] INFO perfrun.sdk <> - runCmd: "/home/intel/oneapi/vtune/2021.1.1/bin64/amplxe-perf" stat -v --log-fd 22 --pipe "/tmp/amplxe-tmp-dhamorim/perf-pipe-1442629-16359294774230159" --pipe-sync -I 10 -A --scale -x ; -a -e uncore_imc_0/period=0x0,event=0x4,umask=0x3,name='UNC_M_CAS_COUNT.RD[UNIT0]'/,uncore_imc_1/period=0x0,event=0x4,umask=0x3,name='UNC_M_CAS_COUNT.RD[UNIT1]'/,uncore_imc_4/period=0x0,event=0x4,umask=0x3,name='UNC_M_CAS_COUNT.RD[UNIT4]'/,uncore_imc_5/period=0x0,event=0x4,umask=0x3,name='UNC_M_CAS_COUNT.RD[UNIT5]'/,uncore_imc_0/period=0x0,event=0x4,umask=0xc,name='UNC_M_CAS_COUNT.WR[UNIT0]'/,uncore_imc_1/period=0x0,event=0x4,umask=0xc,name='UNC_M_CAS_COUNT.WR[UNIT1]'/,uncore_imc_4/period=0x0,event=0x4,umask=0xc,name='UNC_M_CAS_COUNT.WR[UNIT4]'/,uncore_imc_5/period=0x0,event=0x4,umask=0xc,name='UNC_M_CAS_COUNT.WR[UNIT5]'/ "/home/intel/oneapi/vtune/2021.1.1/bin64/amplxe-perf-sync" sync sys
6588 [140368188262080] INFO perfrun.perfcollector <> - Path to Perf control pipe: /tmp/amplxe-tmp-dhamorim/perf-pipe-1442629-16359294858201503
6588 [140368188262080] INFO perfrun.sdk <> - runCmd: "/home/intel/oneapi/vtune/2021.1.1/bin64/amplxe-perf" record -v --pipe "/tmp/amplxe-tmp-dhamorim/perf-pipe-1442629-16359294858201503" --pipe-sync -o "/tmp/amplxe-tmp-dhamorim/amplxe-res-1442629-16359279856238468/data.0/1442649.perf" -N -B -T -R -d -p 1442649 --compression-level=1 --threads -e cpu/period=0xaf79e0,event=0x3c,name='CPU_CLK_UNHALTED.THREAD'/Duk,cpu/period=0xaf79e0,umask=0x3,name='CPU_CLK_UNHALTED.REF_TSC'/Duk,cpu/period=0xaf79e0,event=0xc0,name='INST_RETIRED.ANY'/Duk,cpu/period=0x98968f,event=0xa3,umask=0xc,cmask=0xc,name='CYCLE_ACTIVITY.STALLS_L1D_PENDING'/uk,cpu/period=0x7a12f,event=0x3c,umask=0x1,name='CPU_CLK_UNHALTED.REF_XCLK'/uk,cpu/period=0x7a12f,event=0x3c,umask=0x2,name='CPU_CLK_UNHALTED.ONE_THREAD_ACTIVE'/uk,cpu/period=0x98968f,event=0xa3,umask=0x4,cmask=0x4,name='CYCLE_ACTIVITY.CYCLES_NO_EXECUTE'/uk,cpu/period=0x98968f,event=0xa3,umask=0x6,cmask=0x6,name='CYCLE_ACTIVITY.STALLS_LDM_PENDING'/uk,cpu/period=0x98968f,event=0xa3,umask=0x5,cmask=0x5,name='CYCLE_ACTIVITY.STALLS_L2_PENDING'/uk,cpu/period=0x98968f,event=0x9c,umask=0x1,name='IDQ_UOPS_NOT_DELIVERED.CORE'/uk,cpu/period=0x98968f,event=0xd,umask=0x3,cmask=0x1,name='INT_MISC.RECOVERY_CYCLES'/uk,cpu/period=0x3d09f,event=0xd1,umask=0x4,name='MEM_LOAD_UOPS_RETIRED.L3_HIT_PS'/ukpp,cpu/period=0x3d09f,event=0xd1,umask=0x20,name='MEM_LOAD_UOPS_RETIRED.L3_MISS_PS'/ukpp,cpu/period=0x98968f,event=0x60,umask=0x8,cmask=0x1,name='OFFCORE_REQUESTS_OUTSTANDING.CYCLES_WITH_DATA_RD'/uk,cpu/period=0x98968f,event=0x60,umask=0x8,cmask=0x6,name='OFFCORE_REQUESTS_OUTSTANDING.ALL_DATA_RD:cmask=6'/uk,cpu/period=0x98968f,event=0xa2,umask=0x8,name='RESOURCE_STALLS.SB'/uk,cpu/period=0x98968f,event=0x5e,umask=0x1,name='RS_EVENTS.EMPTY_CYCLES'/uk,cpu/period=0x98968f,event=0xb1,umask=0x2,cmask=0x1,name='UOPS_EXECUTED.CORE:cmask=1'/uk,cpu/period=0x98968f,event=0xb1,umask=0x2,cmask=0x2,name='UOPS_EXECUTED.CORE:cmask=2'/uk,cpu/period=0x98968f,event=0xb1,umask=0x2,cmask=0x3,name='UOPS_EXECUTED.CORE:cmask=3'/uk,cpu/period=0x98968f,event=0xe,umask=0x1,name='UOPS_ISSUED.ANY'/uk,cpu/period=0x98968f,event=0xc2,umask=0x2,name='UOPS_RETIRED.RETIRE_SLOTS'/uk,cpu/period=0x98968f,event=0x9c,umask=0x1,cmask=0x4,name='IDQ_UOPS_NOT_DELIVERED.CYCLES_0_UOPS_DELIV.CORE'/uk,cpu/period=0x7a12f,event=0xd0,umask=0x81,name='MEM_UOPS_RETIRED.ALL_LOADS_PS'/ukpp,cpu/period=0x7a12f,event=0xd0,umask=0x82,name='MEM_UOPS_RETIRED.ALL_STORES_PS'/ukpp,cpu/period=0x7a12f,event=0xd3,umask=0x1,name='MEM_LOAD_UOPS_L3_MISS_RETIRED.LOCAL_DRAM_PS'/ukpp,cpu/period=0x7a12f,event=0xd3,umask=0x4,name='MEM_LOAD_UOPS_L3_MISS_RETIRED.REMOTE_DRAM_PS'/ukpp,cpu/period=0x7a12f,event=0xd3,umask=0x10,name='MEM_LOAD_UOPS_L3_MISS_RETIRED.REMOTE_HITM_PS'/ukpp,cpu/period=0x7a12f,event=0xd3,umask=0x20,name='MEM_LOAD_UOPS_L3_MISS_RETIRED.REMOTE_FWD_PS'/ukpp --clockid=monotonic_raw "/home/intel/oneapi/vtune/2021.1.1/bin64/amplxe-perf-sync" sync sys
6594 [140369472239296] INFO perfrun.perfcollector <> - PERF_STAT : "     0.010372061;CPU0;6047;;UNC_M_CAS_COUNT.RD[UNIT0];10336708;100.00;;"
6595 [140369472239296] INFO perfrun.perfcollector <> - PERF_STAT : "     0.010372061;CPU10;5794;;UNC_M_CAS_COUNT.RD[UNIT0];10255120;100.00;;"
6595 [140369472239296] INFO perfrun.perfcollector <> - PERF_STAT : "     0.010372061;CPU0;6582;;UNC_M_CAS_COUNT.RD[UNIT1];10329769;100.00;;"
6595 [140369472239296] INFO perfrun.perfcollector <> - PERF_STAT : "     0.010372061;CPU10;6159;;UNC_M_CAS_COUNT.RD[UNIT1];10247339;100.00;;"
6595 [140369472239296] INFO perfrun.perfcollector <> - PERF_STAT : "     0.010372061;CPU0;6230;;UNC_M_CAS_COUNT.RD[UNIT4];10322938;100.00;;"
6595 [140369472239296] INFO perfrun.perfcollector <> - PERF_STAT : "     0.010372061;CPU10;5651;;UNC_M_CAS_COUNT.RD[UNIT4];10238812;100.00;;"
6595 [140369472239296] INFO perfrun.perfcollector <> - PERF_STAT : "     0.010372061;CPU0;6658;;UNC_M_CAS_COUNT.RD[UNIT5];10315928;100.00;;"
6595 [140369472239296] INFO perfrun.perfcollector <> - PERF_STAT : "     0.010372061;CPU10;6110;;UNC_M_CAS_COUNT.RD[UNIT5];10230553;100.00;;"
6595 [140369472239296] INFO perfrun.perfcollector <> - PERF_STAT : "     0.010372061;CPU0;943;;UNC_M_CAS_COUNT.WR[UNIT0];10309932;100.00;;"
6595 [140369472239296] INFO perfrun.perfcollector <> - PERF_STAT : "     0.010372061;CPU10;312;;UNC_M_CAS_COUNT.WR[UNIT0];10223718;100.00;;"
6595 [140369472239296] INFO perfrun.perfcollector <> - PERF_STAT : "     0.010372061;CPU0;1487;;UNC_M_CAS_COUNT.WR[UNIT1];10298366;100.00;;"
6595 [140369472239296] INFO perfrun.perfcollector <> - PERF_STAT : "     0.010372061;CPU10;779;;UNC_M_CAS_COUNT.WR[UNIT1];10209332;100.00;;"
6595 [140369472239296] INFO perfrun.perfcollector <> - PERF_STAT : "     0.010372061;CPU0;981;;UNC_M_CAS_COUNT.WR[UNIT4];10284017;100.00;;"
6595 [140369472239296] INFO perfrun.perfcollector <> - PERF_STAT : "     0.010372061;CPU10;332;;UNC_M_CAS_COUNT.WR[UNIT4];10195213;100.00;;"
6595 [140369472239296] INFO perfrun.perfcollector <> - PERF_STAT : "     0.010372061;CPU0;1524;;UNC_M_CAS_COUNT.WR[UNIT5];10272648;100.00;;"
6595 [140369472239296] INFO perfrun.perfcollector <> - PERF_STAT : "     0.010372061;CPU10;816;;UNC_M_CAS_COUNT.WR[UNIT5];10181028;100.00;;"
6605 [140369472239296] INFO perfrun.perfcollector <> - PERF_STAT : "     0.020640280;CPU0;814;;UNC_M_CAS_COUNT.RD[UNIT0];10263372;100.00;;"
6605 [140369472239296] INFO perfrun.perfcollector <> - PERF_STAT : "     0.020640280;CPU10;883;;UNC_M_CAS_COUNT.RD[UNIT0];10255457;100.00;;"
6605 [140369472239296] INFO perfrun.perfcollector <> - PERF_STAT : "     0.020640280;CPU0;1329;;UNC_M_CAS_COUNT.RD[UNIT1];10262158;100.00;;"
6605 [140369472239296] INFO perfrun.perfcollector <> - PERF_STAT : "     0.020640280;CPU10;1338;;UNC_M_CAS_COUNT.RD[UNIT1];10255223;100.00;;"
6605 [140369472239296] INFO perfrun.perfcollector <> - PERF_STAT : "     0.020640280;CPU0;714;;UNC_M_CAS_COUNT.RD[UNIT4];10261891;100.00;;"
6605 [140369472239296] INFO perfrun.perfcollector <> - PERF_STAT : "     0.020640280;CPU10;841;;UNC_M_CAS_COUNT.RD[UNIT4];10254951;100.00;;"
6605 [140369472239296] INFO perfrun.perfcollector <> - PERF_STAT : "     0.020640280;CPU0;1333;;UNC_M_CAS_COUNT.RD[UNIT5];10261908;100.00;;"
6605 [140369472239296] INFO perfrun.perfcollector <> - PERF_STAT : "     0.020640280;CPU10;1379;;UNC_M_CAS_COUNT.RD[UNIT5];10254865;100.00;;"
6605 [140369472239296] INFO perfrun.perfcollector <> - PERF_STAT : "     0.020640280;CPU0;72;;UNC_M_CAS_COUNT.WR[UNIT0];10262106;100.00;;"
6605 [140369472239296] INFO perfrun.perfcollector <> - PERF_STAT : "     0.020640280;CPU10;109;;UNC_M_CAS_COUNT.WR[UNIT0];10254691;100.00;;"
6605 [140369472239296] INFO perfrun.perfcollector <> - PERF_STAT : "     0.020640280;CPU0;594;;UNC_M_CAS_COUNT.WR[UNIT1];10262108;100.00;;"
6605 [140369472239296] INFO perfrun.perfcollector <> - PERF_STAT : "     0.020640280;CPU10;621;;UNC_M_CAS_COUNT.WR[UNIT1];10254681;100.00;;"
6605 [140369472239296] INFO perfrun.perfcollector <> - PERF_STAT : "     0.020640280;CPU0;135;;UNC_M_CAS_COUNT.WR[UNIT4];10260005;100.00;;"
6605 [140369472239296] INFO perfrun.perfcollector <> - PERF_STAT : "     0.020640280;CPU10;118;;UNC_M_CAS_COUNT.WR[UNIT4];10254634;100.00;;"
6605 [140369472239296] INFO perfrun.perfcollector <> - PERF_STAT : "     0.020640280;CPU0;687;;UNC_M_CAS_COUNT.WR[UNIT5];10259864;100.00;;"
6605 [140369472239296] INFO perfrun.perfcollector <> - PERF_STAT : "     0.020640280;CPU10;637;;UNC_M_CAS_COUNT.WR[UNIT5];10254645;100.00;;"
6615 [140369472239296] INFO perfrun.perfcollector <> - PERF_STAT : "     0.030858829;CPU0;422;;UNC_M_CAS_COUNT.RD[UNIT0];10217964;100.00;;"
6615 [140369472239296] INFO perfrun.perfcollector <> - PERF_STAT : "     0.030858829;CPU10;437;;UNC_M_CAS_COUNT.RD[UNIT0];10218457;100.00;;"
6615 [140369472239296] INFO perfrun.perfcollector <> - PERF_STAT : "     0.030858829;CPU0;936;;UNC_M_CAS_COUNT.RD[UNIT1];10218177;100.00;;"
6615 [140369472239296] INFO perfrun.perfcollector <> - PERF_STAT : "     0.030858829;CPU10;937;;UNC_M_CAS_COUNT.RD[UNIT1];10218314;100.00;;"
6615 [140369472239296] INFO perfrun.perfcollector <> - PERF_STAT : "     0.030858829;CPU0;415;;UNC_M_CAS_COUNT.RD[UNIT4];10218139;100.00;;"
6615 [140369472239296] INFO perfrun.perfcollector <> - PERF_STAT : "     0.030858829;CPU10;451;;UNC_M_CAS_COUNT.RD[UNIT4];10218485;100.00;;"
6615 [140369472239296] INFO perfrun.perfcollector <> - PERF_STAT : "     0.030858829;CPU0;936;;UNC_M_CAS_COUNT.RD[UNIT5];10217969;100.00;;"
6615 [140369472239296] INFO perfrun.perfcollector <> - PERF_STAT : "     0.030858829;CPU10;959;;UNC_M_CAS_COUNT.RD[UNIT5];10218454;100.00;;"
6615 [140369472239296] INFO perfrun.perfcollector <> - PERF_STAT : "     0.030858829;CPU0;121;;UNC_M_CAS_COUNT.WR[UNIT0];10217724;100.00;;"
6615 [140369472239296] INFO perfrun.perfcollector <> - PERF_STAT : "     0.030858829;CPU10;65;;UNC_M_CAS_COUNT.WR[UNIT0];10218432;100.00;;"
6615 [140369472239296] INFO perfrun.perfcollector <> - PERF_STAT : "     0.030858829;CPU0;660;;UNC_M_CAS_COUNT.WR[UNIT1];10217694;100.00;;"
6615 [140369472239296] INFO perfrun.perfcollector <> - PERF_STAT : "     0.030858829;CPU10;590;;UNC_M_CAS_COUNT.WR[UNIT1];10218295;100.00;;"
6615 [140369472239296] INFO perfrun.perfcollector <> - PERF_STAT : "     0.030858829;CPU0;139;;UNC_M_CAS_COUNT.WR[UNIT4];10217623;100.00;;"
6615 [140369472239296] INFO perfrun.perfcollector <> - PERF_STAT : "     0.030858829;CPU10;68;;UNC_M_CAS_COUNT.WR[UNIT4];10218282;100.00;;"
6615 [140369472239296] INFO perfrun.perfcollector <> - PERF_STAT : "     0.030858829;CPU0;676;;UNC_M_CAS_COUNT.WR[UNIT5];10217677;100.00;;"
6615 [140369472239296] INFO perfrun.perfcollector <> - PERF_STAT : "     0.030858829;CPU10;592;;UNC_M_CAS_COUNT.WR[UNIT5];10218216;100.00;;"
6625 [140369472239296] INFO perfrun.perfcollector <> - PERF_STAT : "     0.041075151;CPU0;1188;;UNC_M_CAS_COUNT.RD[UNIT0];10215605;100.00;;"
6625 [140369472239296] INFO perfrun.perfcollector <> - PERF_STAT : "     0.041075151;CPU10;4735;;UNC_M_CAS_COUNT.RD[UNIT0];10214187;100.00;;"
6625 [140369472239296] INFO perfrun.perfcollector <> - PERF_STAT : "     0.041075151;CPU0;1838;;UNC_M_CAS_COUNT.RD[UNIT1];10215290;100.00;;"
6625 [140369472239296] INFO perfrun.perfcollector <> - PERF_STAT : "     0.041075151;CPU10;5272;;UNC_M_CAS_COUNT.RD[UNIT1];10214097;100.00;;"
6625 [140369472239296] INFO perfrun.perfcollector <> - PERF_STAT : "     0.041075151;CPU0;1244;;UNC_M_CAS_COUNT.RD[UNIT4];10215225;100.00;;"
6625 [140369472239296] INFO perfrun.perfcollector <> - PERF_STAT : "     0.041075151;CPU10;4730;;UNC_M_CAS_COUNT.RD[UNIT4];10213855;100.00;;"
6625 [140369472239296] INFO perfrun.perfcollector <> - PERF_STAT : "     0.041075151;CPU0;1745;;UNC_M_CAS_COUNT.RD[UNIT5];10215248;100.00;;"
6625 [140369472239296] INFO perfrun.perfcollector <> - PERF_STAT : "     0.041075151;CPU10;5334;;UNC_M_CAS_COUNT.RD[UNIT5];10213790;100.00;;"
6625 [140369472239296] INFO perfrun.perfcollector <> - PERF_STAT : "     0.041075151;CPU0;144;;UNC_M_CAS_COUNT.WR[UNIT0];10215215;100.00;;"
6625 [140369472239296] INFO perfrun.perfcollector <> - PERF_STAT : "     0.041075151;CPU10;285;;UNC_M_CAS_COUNT.WR[UNIT0];10213745;100.00;;"
6625 [140369472239296] INFO perfrun.perfcollector <> - PERF_STAT : "     0.041075151;CPU0;682;;UNC_M_CAS_COUNT.WR[UNIT1];10215044;100.00;;"
6625 [140369472239296] INFO perfrun.perfcollector <> - PERF_STAT : "     0.041075151;CPU10;828;;UNC_M_CAS_COUNT.WR[UNIT1];10213734;100.00;;"
6625 [140369472239296] INFO perfrun.perfcollector <> - PERF_STAT : "     0.041075151;CPU0;176;;UNC_M_CAS_COUNT.WR[UNIT4];10215006;100.00;;"
6625 [140369472239296] INFO perfrun.perfcollector <> - PERF_STAT : "     0.041075151;CPU10;333;;UNC_M_CAS_COUNT.WR[UNIT4];10213732;100.00;;"
6625 [140369472239296] INFO perfrun.perfcollector <> - PERF_STAT : "     0.041075151;CPU0;687;;UNC_M_CAS_COUNT.WR[UNIT5];10215305;100.00;;"
6625 [140369472239296] INFO perfrun.perfcollector <> - PERF_STAT : "     0.041075151;CPU10;865;;UNC_M_CAS_COUNT.WR[UNIT5];10213716;100.00;;"
6635 [140369472239296] INFO perfrun.perfcollector <> - PERF_STAT : "     0.051288288;CPU0;2099;;UNC_M_CAS_COUNT.RD[UNIT0];10214019;100.00;;"
6635 [140369472239296] INFO perfrun.perfcollector <> - PERF_STAT : "     0.051288288;CPU10;5851;;UNC_M_CAS_COUNT.RD[UNIT0];10216249;100.00;;"
6635 [140369472239296] INFO perfrun.perfcollector <> - PERF_STAT : "     0.051288288;CPU0;2479;;UNC_M_CAS_COUNT.RD[UNIT1];10214475;100.00;;"
6635 [140369472239296] INFO perfrun.perfcollector <> - PERF_STAT : "     0.051288288;CPU10;6325;;UNC_M_CAS_COUNT.RD[UNIT1];10216321;100.00;;"
6635 [140369472239296] INFO perfrun.perfcollector <> - PERF_STAT : "     0.051288288;CPU0;2099;;UNC_M_CAS_COUNT.RD[UNIT4];10214551;100.00;;"
6635 [140369472239296] INFO perfrun.perfcollector <> - PERF_STAT : "     0.051288288;CPU10;5884;;UNC_M_CAS_COUNT.RD[UNIT4];10216393;100.00;;"
6635 [140369472239296] INFO perfrun.perfcollector <> - PERF_STAT : "     0.051288288;CPU0;2392;;UNC_M_CAS_COUNT.RD[UNIT5];10214649;100.00;;"
6635 [140369472239296] INFO perfrun.perfcollector <> - PERF_STAT : "     0.051288288;CPU10;6349;;UNC_M_CAS_COUNT.RD[UNIT5];10216376;100.00;;"
6635 [140369472239296] INFO perfrun.perfcollector <> - PERF_STAT : "     0.051288288;CPU0;258;;UNC_M_CAS_COUNT.WR[UNIT0];10214698;100.00;;"
6635 [140369472239296] INFO perfrun.perfcollector <> - PERF_STAT : "     0.051288288;CPU10;692;;UNC_M_CAS_COUNT.WR[UNIT0];10216360;100.00;;"
6635 [140369472239296] INFO perfrun.perfcollector <> - PERF_STAT : "     0.051288288;CPU0;832;;UNC_M_CAS_COUNT.WR[UNIT1];10214829;100.00;;"
6635 [140369472239296] INFO perfrun.perfcollector <> - PERF_STAT : "     0.051288288;CPU10;1219;;UNC_M_CAS_COUNT.WR[UNIT1];10216319;100.00;;"
6635 [140369472239296] INFO perfrun.perfcollector <> - PERF_STAT : "     0.051288288;CPU0;280;;UNC_M_CAS_COUNT.WR[UNIT4];10214836;100.00;;"
6635 [140369472239296] INFO perfrun.perfcollector <> - PERF_STAT : "     0.051288288;CPU10;700;;UNC_M_CAS_COUNT.WR[UNIT4];10216282;100.00;;"
6636 [140369472239296] INFO perfrun.perfcollector <> - PERF_STAT : "     0.051288288;CPU0;782;;UNC_M_CAS_COUNT.WR[UNIT5];10214535;100.00;;"
6636 [140369472239296] INFO perfrun.perfcollector <> - PERF_STAT : "     0.051288288;CPU10;1241;;UNC_M_CAS_COUNT.WR[UNIT5];10216279;100.00;;"
6646 [140369472239296] INFO perfrun.perfcollector <> - PERF_STAT : "     0.061507397;CPU0;551;;UNC_M_CAS_COUNT.RD[UNIT0];10219592;100.00;;"
6646 [140369472239296] INFO perfrun.perfcollector <> - PERF_STAT : "     0.061507397;CPU10;8464;;UNC_M_CAS_COUNT.RD[UNIT0];10217202;100.00;;"
6646 [140369472239296] INFO perfrun.perfcollector <> - PERF_STAT : "     0.061507397;CPU0;1041;;UNC_M_CAS_COUNT.RD[UNIT1];10219411;100.00;;"
6646 [140369472239296] INFO perfrun.perfcollector <> - PERF_STAT : "     0.061507397;CPU10;8973;;UNC_M_CAS_COUNT.RD[UNIT1];10217078;100.00;;"
6646 [140369472239296] INFO perfrun.perfcollector <> - PERF_STAT : "     0.061507397;CPU0;566;;UNC_M_CAS_COUNT.RD[UNIT4];10219395;100.00;;"
6646 [140369472239296] INFO perfrun.perfcollector <> - PERF_STAT : "     0.061507397;CPU10;8637;;UNC_M_CAS_COUNT.RD[UNIT4];10217112;100.00;;"
6646 [140369472239296] INFO perfrun.perfcollector <> - PERF_STAT : "     0.061507397;CPU0;1091;;UNC_M_CAS_COUNT.RD[UNIT5];10219268;100.00;;"
6646 [140369472239296] INFO perfrun.perfcollector <> - PERF_STAT : "     0.061507397;CPU10;9232;;UNC_M_CAS_COUNT.RD[UNIT5];10217159;100.00;;"
6646 [140369472239296] INFO perfrun.perfcollector <> - PERF_STAT : "     0.061507397;CPU0;369;;UNC_M_CAS_COUNT.WR[UNIT0];10219209;100.00;;"
6646 [140369472239296] INFO perfrun.perfcollector <> - PERF_STAT : "     0.061507397;CPU10;1340;;UNC_M_CAS_COUNT.WR[UNIT0];10217132;100.00;;"
6646 [140369472239296] INFO perfrun.perfcollector <> - PERF_STAT : "     0.061507397;CPU0;876;;UNC_M_CAS_COUNT.WR[UNIT1];10219068;100.00;;"
6646 [140369472239296] INFO perfrun.perfcollector <> - PERF_STAT : "     0.061507397;CPU10;1923;;UNC_M_CAS_COUNT.WR[UNIT1];10217127;100.00;;"
6646 [140369472239296] INFO perfrun.perfcollector <> - PERF_STAT : "     0.061507397;CPU0;344;;UNC_M_CAS_COUNT.WR[UNIT4];10219073;100.00;;"
6646 [140369472239296] INFO perfrun.perfcollector <> - PERF_STAT : "     0.061507397;CPU10;1383;;UNC_M_CAS_COUNT.WR[UNIT4];10217088;100.00;;"
6646 [140369472239296] INFO perfrun.perfcollector <> - PERF_STAT : "     0.061507397;CPU0;890;;UNC_M_CAS_COUNT.WR[UNIT5];10219049;100.00;;"
6646 [140369472239296] INFO perfrun.perfcollector <> - PERF_STAT : "     0.061507397;CPU10;1884;;UNC_M_CAS_COUNT.WR[UNIT5];10217048;100.00;;"
6656 [140369472239296] INFO perfrun.perfcollector <> - PERF_STAT : "     0.071721211;CPU0;623;;UNC_M_CAS_COUNT.RD[UNIT0];10212247;100.00;;"
6656 [140369472239296] INFO perfrun.perfcollector <> - PERF_STAT : "     0.071721211;CPU10;3423;;UNC_M_CAS_COUNT.RD[UNIT0];10211316;100.00;;"
6656 [140369472239296] INFO perfrun.perfcollector <> - PERF_STAT : "     0.071721211;CPU0;1114;;UNC_M_CAS_COUNT.RD[UNIT1];10211950;100.00;;"
6656 [140369472239296] INFO perfrun.perfcollector <> - PERF_STAT : "     0.071721211;CPU10;3908;;UNC_M_CAS_COUNT.RD[UNIT1];10211441;100.00;;"
6656 [140369472239296] INFO perfrun.perfcollector <> - PERF_STAT : "     0.071721211;CPU0;625;;UNC_M_CAS_COUNT.RD[UNIT4];10211881;100.00;;"
6656 [140369472239296] INFO perfrun.perfcollector <> - PERF_STAT : "     0.071721211;CPU10;3480;;UNC_M_CAS_COUNT.RD[UNIT4];10211363;100.00;;"
6656 [140369472239296] INFO perfrun.perfcollector <> - PERF_STAT : "     0.071721211;CPU0;1112;;UNC_M_CAS_COUNT.RD[UNIT5];10211868;100.00;;"
6656 [140369472239296] INFO perfrun.perfcollector <> - PERF_STAT : "     0.071721211;CPU10;3964;;UNC_M_CAS_COUNT.RD[UNIT5];10211248;100.00;;"
6656 [140369472239296] INFO perfrun.perfcollector <> - PERF_STAT : "     0.071721211;CPU0;242;;UNC_M_CAS_COUNT.WR[UNIT0];10211888;100.00;;"
6656 [140369472239296] INFO perfrun.perfcollector <> - PERF_STAT : "     0.071721211;CPU10;662;;UNC_M_CAS_COUNT.WR[UNIT0];10211228;100.00;;"
6656 [140369472239296] INFO perfrun.perfcollector <> - PERF_STAT : "     0.071721211;CPU0;784;;UNC_M_CAS_COUNT.WR[UNIT1];10212025;100.00;;"
6656 [140369472239296] INFO perfrun.perfcollector <> - PERF_STAT : "     0.071721211;CPU10;1220;;UNC_M_CAS_COUNT.WR[UNIT1];10211219;100.00;;"
6656 [140369472239296] INFO perfrun.perfcollector <> - PERF_STAT : "     0.071721211;CPU0;247;;UNC_M_CAS_COUNT.WR[UNIT4];10212031;100.00;;"
6656 [140369472239296] INFO perfrun.perfcollector <> - PERF_STAT : "     0.071721211;CPU10;726;;UNC_M_CAS_COUNT.WR[UNIT4];10211200;100.00;;"
6656 [140369472239296] INFO perfrun.perfcollector <> - PERF_STAT : "     0.071721211;CPU0;785;;UNC_M_CAS_COUNT.WR[UNIT5];10212041;100.00;;"
6656 [140369472239296] INFO perfrun.perfcollector <> - PERF_STAT : "     0.071721211;CPU10;1205;;UNC_M_CAS_COUNT.WR[UNIT5];10211185;100.00;;"
6666 [140369472239296] INFO perfrun.perfcollector <> - PERF_STAT : "     0.081930864;CPU0;158;;UNC_M_CAS_COUNT.RD[UNIT0];10208589;100.00;;"
6666 [140369472239296] INFO perfrun.perfcollector <> - PERF_STAT : "     0.081930864;CPU10;1646;;UNC_M_CAS_COUNT.RD[UNIT0];10208713;100.00;;"
6666 [140369472239296] INFO perfrun.perfcollector <> - PERF_STAT : "     0.081930864;CPU0;682;;UNC_M_CAS_COUNT.RD[UNIT1];10208560;100.00;;"
6666 [140369472239296] INFO perfrun.perfcollector <> - PERF_STAT : "     0.081930864;CPU10;2139;;UNC_M_CAS_COUNT.RD[UNIT1];10208347;100.00;;"
6666 [140369472239296] INFO perfrun.perfcollector <> - PERF_STAT : "     0.081930864;CPU0;172;;UNC_M_CAS_COUNT.RD[UNIT4];10208574;100.00;;"
6666 [140369472239296] INFO perfrun.perfcollector <> - PERF_STAT : "     0.081930864;CPU10;1658;;UNC_M_CAS_COUNT.RD[UNIT4];10208234;100.00;;"
6666 [140369472239296] INFO perfrun.perfcollector <> - PERF_STAT : "     0.081930864;CPU0;668;;UNC_M_CAS_COUNT.RD[UNIT5];10208779;100.00;;"
6666 [140369472239296] INFO perfrun.perfcollector <> - PERF_STAT : "     0.081930864;CPU10;2171;;UNC_M_CAS_COUNT.RD[UNIT5];10208697;100.00;;"
6666 [140369472239296] INFO perfrun.perfcollector <> - PERF_STAT : "     0.081930864;CPU0;99;;UNC_M_CAS_COUNT.WR[UNIT0];10208753;100.00;;"
6666 [140369472239296] INFO perfrun.perfcollector <> - PERF_STAT : "     0.081930864;CPU10;410;;UNC_M_CAS_COUNT.WR[UNIT0];10208764;100.00;;"
6666 [140369472239296] INFO perfrun.perfcollector <> - PERF_STAT : "     0.081930864;CPU0;626;;UNC_M_CAS_COUNT.WR[UNIT1];10208606;100.00;;"
6666 [140369472239296] INFO perfrun.perfcollector <> - PERF_STAT : "     0.081930864;CPU10;886;;UNC_M_CAS_COUNT.WR[UNIT1];10208747;100.00;;"
6666 [140369472239296] INFO perfrun.perfcollector <> - PERF_STAT : "     0.081930864;CPU0;89;;UNC_M_CAS_COUNT.WR[UNIT4];10208568;100.00;;"
6666 [140369472239296] INFO perfrun.perfcollector <> - PERF_STAT : "     0.081930864;CPU10;387;;UNC_M_CAS_COUNT.WR[UNIT4];10208857;100.00;;"
6666 [140369472239296] INFO perfrun.perfcollector <> - PERF_STAT : "     0.081930864;CPU0;635;;UNC_M_CAS_COUNT.WR[UNIT5];10208545;100.00;;"
6666 [140369472239296] INFO perfrun.perfcollector <> - PERF_STAT : "     0.081930864;CPU10;909;;UNC_M_CAS_COUNT.WR[UNIT5];10208820;100.00;;"
6676 [140369472239296] INFO perfrun.perfcollector <> - PERF_STAT : "     0.092143094;CPU0;380;;UNC_M_CAS_COUNT.RD[UNIT0];10213167;100.00;;"
6676 [140369472239296] INFO perfrun.perfcollector <> - PERF_STAT : "     0.092143094;CPU10;1064;;UNC_M_CAS_COUNT.RD[UNIT0];10213280;100.00;;"
6676 [140369472239296] INFO perfrun.perfcollector <> - PERF_STAT : "     0.092143094;CPU0;889;;UNC_M_CAS_COUNT.RD[UNIT1];10213463;100.00;;"
6676 [140369472239296] INFO perfrun.perfcollector <> - PERF_STAT : "     0.092143094;CPU10;1576;;UNC_M_CAS_COUNT.RD[UNIT1];10213247;100.00;;"
6676 [140369472239296] INFO perfrun.perfcollector <> - PERF_STAT : "     0.092143094;CPU0;417;;UNC_M_CAS_COUNT.RD[UNIT4];10213520;100.00;;"
6676 [140369472239296] INFO perfrun.perfcollector <> - PERF_STAT : "     0.092143094;CPU10;1133;;UNC_M_CAS_COUNT.RD[UNIT4];10213298;100.00;;"
6676 [140369472239296] INFO perfrun.perfcollector <> - PERF_STAT : "     0.092143094;CPU0;907;;UNC_M_CAS_COUNT.RD[UNIT5];10213379;100.00;;"
6676 [140369472239296] INFO perfrun.perfcollector <> - PERF_STAT : "     0.092143094;CPU10;1626;;UNC_M_CAS_COUNT.RD[UNIT5];10212776;100.00;;"
6676 [140369472239296] INFO perfrun.perfcollector <> - PERF_STAT : "     0.092143094;CPU0;128;;UNC_M_CAS_COUNT.WR[UNIT0];10213388;100.00;;"
6676 [140369472239296] INFO perfrun.perfcollector <> - PERF_STAT : "     0.092143094;CPU10;245;;UNC_M_CAS_COUNT.WR[UNIT0];10212741;100.00;;"
6676 [140369472239296] INFO perfrun.perfcollector <> - PERF_STAT : "     0.092143094;CPU0;680;;UNC_M_CAS_COUNT.WR[UNIT1];10213408;100.00;;"
6676 [140369472239296] INFO perfrun.perfcollector <> - PERF_STAT : "     0.092143094;CPU10;746;;UNC_M_CAS_COUNT.WR[UNIT1];10212846;100.00;;"
6676 [140369472239296] INFO perfrun.perfcollector <> - PERF_STAT : "     0.092143094;CPU0;157;;UNC_M_CAS_COUNT.WR[UNIT4];10213432;100.00;;"
6676 [140369472239296] INFO perfrun.perfcollector <> - PERF_STAT : "     0.092143094;CPU10;261;;UNC_M_CAS_COUNT.WR[UNIT4];10212690;100.00;;"
6676 [140369472239296] INFO perfrun.perfcollector <> - PERF_STAT : "     0.092143094;CPU0;690;;UNC_M_CAS_COUNT.WR[UNIT5];10213556;100.00;;"
6676 [140369472239296] INFO perfrun.perfcollector <> - PERF_STAT : "     0.092143094;CPU10;786;;UNC_M_CAS_COUNT.WR[UNIT5];10212688;100.00;;"
6686 [140369472239296] INFO perfrun.perfcollector <> - PERF_STAT : "     0.102354271;CPU0;148;;UNC_M_CAS_COUNT.RD[UNIT0];10209618;100.00;;"
6686 [140369472239296] INFO perfrun.perfcollector <> - PERF_STAT : "     0.102354271;CPU10;197;;UNC_M_CAS_COUNT.RD[UNIT0];10209044;100.00;;"
6686 [140369472239296] INFO perfrun.perfcollector <> - PERF_STAT : "     0.102354271;CPU0;652;;UNC_M_CAS_COUNT.RD[UNIT1];10209316;100.00;;"
6686 [140369472239296] INFO perfrun.perfcollector <> - PERF_STAT : "     0.102354271;CPU10;667;;UNC_M_CAS_COUNT.RD[UNIT1];10208999;100.00;;"
6686 [140369472239296] INFO perfrun.perfcollector <> - PERF_STAT : "     0.102354271;CPU0;137;;UNC_M_CAS_COUNT.RD[UNIT4];10209222;100.00;;"
6686 [140369472239296] INFO perfrun.perfcollector <> - PERF_STAT : "     0.102354271;CPU10;205;;UNC_M_CAS_COUNT.RD[UNIT4];10209146;100.00;;"
6686 [140369472239296] INFO perfrun.perfcollector <> - PERF_STAT : "     0.102354271;CPU0;671;;UNC_M_CAS_COUNT.RD[UNIT5];10209131;100.00;;"
6686 [140369472239296] INFO perfrun.perfcollector <> - PERF_STAT : "     0.102354271;CPU10;715;;UNC_M_CAS_COUNT.RD[UNIT5];10209365;100.00;;"
6686 [140369472239296] INFO perfrun.perfcollector <> - PERF_STAT : "     0.102354271;CPU0;24;;UNC_M_CAS_COUNT.WR[UNIT0];10209222;100.00;;"
6686 [140369472239296] INFO perfrun.perfcollector <> - PERF_STAT : "     0.102354271;CPU10;42;;UNC_M_CAS_COUNT.WR[UNIT0];10209281;100.00;;"
6687 [140369472239296] INFO perfrun.perfcollector <> - PERF_STAT : "     0.102354271;CPU0;555;;UNC_M_CAS_COUNT.WR[UNIT1];10209274;100.00;;"
6687 [140369472239296] INFO perfrun.perfcollector <> - PERF_STAT : "     0.102354271;CPU10;558;;UNC_M_CAS_COUNT.WR[UNIT1];10209144;100.00;;"
6687 [140369472239296] INFO perfrun.perfcollector <> - PERF_STAT : "     0.102354271;CPU0;24;;UNC_M_CAS_COUNT.WR[UNIT4];10209265;100.00;;"
6687 [140369472239296] INFO perfrun.perfcollector <> - PERF_STAT : "     0.102354271;CPU10;49;;UNC_M_CAS_COUNT.WR[UNIT4];10209396;100.00;;"
6687 [140369472239296] INFO perfrun.perfcollector <> - PERF_STAT : "     0.102354271;CPU0;560;;UNC_M_CAS_COUNT.WR[UNIT5];10209067;100.00;;"
6687 [140369472239296] INFO perfrun.perfcollector <> - PERF_STAT : "     0.102354271;CPU10;574;;UNC_M_CAS_COUNT.WR[UNIT5];10209366;100.00;;"
6697 [140369472239296] INFO perfrun.perfcollector <> - PERF_STAT : "     0.112558867;CPU0;114;;UNC_M_CAS_COUNT.RD[UNIT0];10205358;100.00;;"
6697 [140369472239296] INFO perfrun.perfcollector <> - PERF_STAT : "     0.112558867;CPU10;621;;UNC_M_CAS_COUNT.RD[UNIT0];10204405;100.00;;"
6697 [140369472239296] INFO perfrun.perfcollector <> - PERF_STAT : "     0.112558867;CPU0;643;;UNC_M_CAS_COUNT.RD[UNIT1];10205341;100.00;;"
6697 [140369472239296] INFO perfrun.perfcollector <> - PERF_STAT : "     0.112558867;CPU10;1112;;UNC_M_CAS_COUNT.RD[UNIT1];10204343;100.00;;"
6697 [140369472239296] INFO perfrun.perfcollector <> - PERF_STAT : "     0.112558867;CPU0;114;;UNC_M_CAS_COUNT.RD[UNIT4];10205341;100.00;;"
6697 [140369472239296] INFO perfrun.perfcollector <> - PERF_STAT : "     0.112558867;CPU10;612;;UNC_M_CAS_COUNT.RD[UNIT4];10204064;100.00;;"
6697 [140369472239296] INFO perfrun.perfcollector <> - PERF_STAT : "     0.112558867;CPU0;629;;UNC_M_CAS_COUNT.RD[UNIT5];10205466;100.00;;"
6697 [140369472239296] INFO perfrun.perfcollector <> - PERF_STAT : "     0.112558867;CPU10;1153;;UNC_M_CAS_COUNT.RD[UNIT5];10203785;100.00;;"
6697 [140369472239296] INFO perfrun.perfcollector <> - PERF_STAT : "     0.112558867;CPU0;39;;UNC_M_CAS_COUNT.WR[UNIT0];10205355;100.00;;"
6697 [140369472239296] INFO perfrun.perfcollector <> - PERF_STAT : "     0.112558867;CPU10;117;;UNC_M_CAS_COUNT.WR[UNIT0];10203752;100.00;;"
6697 [140369472239296] INFO perfrun.perfcollector <> - PERF_STAT : "     0.112558867;CPU0;578;;UNC_M_CAS_COUNT.WR[UNIT1];10205266;100.00;;"
6697 [140369472239296] INFO perfrun.perfcollector <> - PERF_STAT : "     0.112558867;CPU10;615;;UNC_M_CAS_COUNT.WR[UNIT1];10203733;100.00;;"
6697 [140369472239296] INFO perfrun.perfcollector <> - PERF_STAT : "     0.112558867;CPU0;38;;UNC_M_CAS_COUNT.WR[UNIT4];10205256;100.00;;"
6697 [140369472239296] INFO perfrun.perfcollector <> - PERF_STAT : "     0.112558867;CPU10;87;;UNC_M_CAS_COUNT.WR[UNIT4];10203477;100.00;;"
6697 [140369472239296] INFO perfrun.perfcollector <> - PERF_STAT : "     0.112558867;CPU0;576;;UNC_M_CAS_COUNT.WR[UNIT5];10205322;100.00;;"
6697 [140369472239296] INFO perfrun.perfcollector <> - PERF_STAT : "     0.112558867;CPU10;647;;UNC_M_CAS_COUNT.WR[UNIT5];10203500;100.00;;"
6707 [140369472239296] INFO perfrun.perfcollector <> - PERF_STAT : "     0.122764920;CPU0;135;;UNC_M_CAS_COUNT.RD[UNIT0];10206695;100.00;;"
6707 [140369472239296] INFO perfrun.perfcollector <> - PERF_STAT : "     0.122764920;CPU10;1634;;UNC_M_CAS_COUNT.RD[UNIT0];10206409;100.00;;"
6707 [140369472239296] INFO perfrun.perfcollector <> - PERF_STAT : "     0.122764920;CPU0;667;;UNC_M_CAS_COUNT.RD[UNIT1];10206729;100.00;;"
6707 [140369472239296] INFO perfrun.perfcollector <> - PERF_STAT : "     0.122764920;CPU10;2129;;UNC_M_CAS_COUNT.RD[UNIT1];10206449;100.00;;"
6707 [140369472239296] INFO perfrun.perfcollector <> - PERF_STAT : "     0.122764920;CPU0;177;;UNC_M_CAS_COUNT.RD[UNIT4];10206790;100.00;;"
6707 [140369472239296] INFO perfrun.perfcollector <> - PERF_STAT : "     0.122764920;CPU10;1706;;UNC_M_CAS_COUNT.RD[UNIT4];10206739;100.00;;"
6707 [140369472239296] INFO perfrun.perfcollector <> - PERF_STAT : "     0.122764920;CPU0;676;;UNC_M_CAS_COUNT.RD[UNIT5];10206667;100.00;;"
6707 [140369472239296] INFO perfrun.perfcollector <> - PERF_STAT : "     0.122764920;CPU10;2238;;UNC_M_CAS_COUNT.RD[UNIT5];10206739;100.00;;"
6707 [140369472239296] INFO perfrun.perfcollector <> - PERF_STAT : "     0.122764920;CPU0;78;;UNC_M_CAS_COUNT.WR[UNIT0];10206678;100.00;;"
6707 [140369472239296] INFO perfrun.perfcollector <> - PERF_STAT : "     0.122764920;CPU10;298;;UNC_M_CAS_COUNT.WR[UNIT0];10206720;100.00;;"
6707 [140369472239296] INFO perfrun.perfcollector <> - PERF_STAT : "     0.122764920;CPU0;622;;UNC_M_CAS_COUNT.WR[UNIT1];10206569;100.00;;"
6707 [140369472239296] INFO perfrun.perfcollector <> - PERF_STAT : "     0.122764920;CPU10;852;;UNC_M_CAS_COUNT.WR[UNIT1];10206850;100.00;;"
6707 [140369472239296] INFO perfrun.perfcollector <> - PERF_STAT : "     0.122764920;CPU0;107;;UNC_M_CAS_COUNT.WR[UNIT4];10206579;100.00;;"
6707 [140369472239296] INFO perfrun.perfcollector <> - PERF_STAT : "     0.122764920;CPU10;334;;UNC_M_CAS_COUNT.WR[UNIT4];10206806;100.00;;"
6707 [140369472239296] INFO perfrun.perfcollector <> - PERF_STAT : "     0.122764920;CPU0;642;;UNC_M_CAS_COUNT.WR[UNIT5];10206590;100.00;;"
6707 [140369472239296] INFO perfrun.perfcollector <> - PERF_STAT : "     0.122764920;CPU10;849;;UNC_M_CAS_COUNT.WR[UNIT5];10206772;100.00;;"
6717 [140369472239296] INFO perfrun.perfcollector <> - PERF_STAT : "     0.132967747;CPU0;632;;UNC_M_CAS_COUNT.RD[UNIT0];10201997;100.00;;"
6717 [140369472239296] INFO perfrun.perfcollector <> - PERF_STAT : "     0.132967747;CPU10;2079;;UNC_M_CAS_COUNT.RD[UNIT0];10201812;100.00;;"
6717 [140369472239296] INFO perfrun.perfcollector <> - PERF_STAT : "     0.132967747;CPU0;1140;;UNC_M_CAS_COUNT.RD[UNIT1];10201930;100.00;;"
6717 [140369472239296] INFO perfrun.perfcollector <> - PERF_STAT : "     0.132967747;CPU10;2620;;UNC_M_CAS_COUNT.RD[UNIT1];10201759;100.00;;"
6717 [140369472239296] INFO perfrun.perfcollector <> - PERF_STAT : "     0.132967747;CPU0;605;;UNC_M_CAS_COUNT.RD[UNIT4];10201851;100.00;;"
6717 [140369472239296] INFO perfrun.perfcollector <> - PERF_STAT : "     0.132967747;CPU10;2112;;UNC_M_CAS_COUNT.RD[UNIT4];10201457;100.00;;"
6717 [140369472239296] INFO perfrun.perfcollector <> - PERF_STAT : "     0.132967747;CPU0;1132;;UNC_M_CAS_COUNT.RD[UNIT5];10201850;100.00;;"
6717 [140369472239296] INFO perfrun.perfcollector <> - PERF_STAT : "     0.132967747;CPU10;2656;;UNC_M_CAS_COUNT.RD[UNIT5];10201520;100.00;;"
6717 [140369472239296] INFO perfrun.perfcollector <> - PERF_STAT : "     0.132967747;CPU0;130;;UNC_M_CAS_COUNT.WR[UNIT0];10201841;100.00;;"
6717 [140369472239296] INFO perfrun.perfcollector <> - PERF_STAT : "     0.132967747;CPU10;591;;UNC_M_CAS_COUNT.WR[UNIT0];10201510;100.00;;"
6717 [140369472239296] INFO perfrun.perfcollector <> - PERF_STAT : "     0.132967747;CPU0;667;;UNC_M_CAS_COUNT.WR[UNIT1];10201834;100.00;;"
6717 [140369472239296] INFO perfrun.perfcollector <> - PERF_STAT : "     0.132967747;CPU10;1112;;UNC_M_CAS_COUNT.WR[UNIT1];10201405;100.00;;"
6717 [140369472239296] INFO perfrun.perfcollector <> - PERF_STAT : "     0.132967747;CPU0;137;;UNC_M_CAS_COUNT.WR[UNIT4];10201945;100.00;;"
6717 [140369472239296] INFO perfrun.perfcollector <> - PERF_STAT : "     0.132967747;CPU10;564;;UNC_M_CAS_COUNT.WR[UNIT4];10201424;100.00;;"
6717 [140369472239296] INFO perfrun.perfcollector <> - PERF_STAT : "     0.132967747;CPU0;657;;UNC_M_CAS_COUNT.WR[UNIT5];10201942;100.00;;"
6717 [140369472239296] INFO perfrun.perfcollector <> - PERF_STAT : "     0.132967747;CPU10;1070;;UNC_M_CAS_COUNT.WR[UNIT5];10201385;100.00;;"
6727 [140369472239296] INFO perfrun.perfcollector <> - PERF_STAT : "     0.143169810;CPU0;822;;UNC_M_CAS_COUNT.RD[UNIT0];10202702;100.00;;"
6727 [140369472239296] INFO perfrun.perfcollector <> - PERF_STAT : "     0.143169810;CPU10;3130;;UNC_M_CAS_COUNT.RD[UNIT0];10202957;100.00;;"
6727 [140369472239296] INFO perfrun.perfcollector <> - PERF_STAT : "     0.143169810;CPU0;1346;;UNC_M_CAS_COUNT.RD[UNIT1];10202801;100.00;;"
6727 [140369472239296] INFO perfrun.perfcollector <> - PERF_STAT : "     0.143169810;CPU10;3637;;UNC_M_CAS_COUNT.RD[UNIT1];10203010;100.00;;"
6727 [140369472239296] INFO perfrun.perfcollector <> - PERF_STAT : "     0.143169810;CPU0;834;;UNC_M_CAS_COUNT.RD[UNIT4];10202881;100.00;;"
6727 [140369472239296] INFO perfrun.perfcollector <> - PERF_STAT : "     0.143169810;CPU10;3129;;UNC_M_CAS_COUNT.RD[UNIT4];10202999;100.00;;"
6727 [140369472239296] INFO perfrun.perfcollector <> - PERF_STAT : "     0.143169810;CPU0;1328;;UNC_M_CAS_COUNT.RD[UNIT5];10202881;100.00;;"
6727 [140369472239296] INFO perfrun.perfcollector <> - PERF_STAT : "     0.143169810;CPU10;3659;;UNC_M_CAS_COUNT.RD[UNIT5];10202885;100.00;;"
6727 [140369472239296] INFO perfrun.perfcollector <> - PERF_STAT : "     0.143169810;CPU0;188;;UNC_M_CAS_COUNT.WR[UNIT0];10202871;100.00;;"
6727 [140369472239296] INFO perfrun.perfcollector <> - PERF_STAT : "     0.143169810;CPU10;782;;UNC_M_CAS_COUNT.WR[UNIT0];10202880;100.00;;"
6727 [140369472239296] INFO perfrun.perfcollector <> - PERF_STAT : "     0.143169810;CPU0;716;;UNC_M_CAS_COUNT.WR[UNIT1];10203025;100.00;;"
6727 [140369472239296] INFO perfrun.perfcollector <> - PERF_STAT : "     0.143169810;CPU10;1300;;UNC_M_CAS_COUNT.WR[UNIT1];10202836;100.00;;"
6727 [140369472239296] INFO perfrun.perfcollector <> - PERF_STAT : "     0.143169810;CPU0;172;;UNC_M_CAS_COUNT.WR[UNIT4];10202882;100.00;;"
6727 [140369472239296] INFO perfrun.perfcollector <> - PERF_STAT : "     0.143169810;CPU10;741;;UNC_M_CAS_COUNT.WR[UNIT4];10202816;100.00;;"
6727 [140369472239296] INFO perfrun.perfcollector <> - PERF_STAT : "     0.143169810;CPU0;719;;UNC_M_CAS_COUNT.WR[UNIT5];10202962;100.00;;"
6727 [140369472239296] INFO perfrun.perfcollector <> - PERF_STAT : "     0.143169810;CPU10;1282;;UNC_M_CAS_COUNT.WR[UNIT5];10202807;100.00;;"
6737 [140369472239296] INFO perfrun.perfcollector <> - PERF_STAT : "     0.153371675;CPU0;1003;;UNC_M_CAS_COUNT.RD[UNIT0];10200869;100.00;;"
6737 [140369472239296] INFO perfrun.perfcollector <> - PERF_STAT : "     0.153371675;CPU10;1768;;UNC_M_CAS_COUNT.RD[UNIT0];10200477;100.00;;"
6737 [140369472239296] INFO perfrun.perfcollector <> - PERF_STAT : "     0.153371675;CPU0;1504;;UNC_M_CAS_COUNT.RD[UNIT1];10200762;100.00;;"
6737 [140369472239296] INFO perfrun.perfcollector <> - PERF_STAT : "     0.153371675;CPU10;2262;;UNC_M_CAS_COUNT.RD[UNIT1];10200349;100.00;;"
6737 [140369472239296] INFO perfrun.perfcollector <> - PERF_STAT : "     0.153371675;CPU0;996;;UNC_M_CAS_COUNT.RD[UNIT4];10200934;100.00;;"
6737 [140369472239296] INFO perfrun.perfcollector <> - PERF_STAT : "     0.153371675;CPU10;1784;;UNC_M_CAS_COUNT.RD[UNIT4];10200317;100.00;;"
6737 [140369472239296] INFO perfrun.perfcollector <> - PERF_STAT : "     0.153371675;CPU0;1550;;UNC_M_CAS_COUNT.RD[UNIT5];10200975;100.00;;"
6737 [140369472239296] INFO perfrun.perfcollector <> - PERF_STAT : "     0.153371675;CPU10;2299;;UNC_M_CAS_COUNT.RD[UNIT5];10200327;100.00;;"
6738 [140369472239296] INFO perfrun.perfcollector <> - PERF_STAT : "     0.153371675;CPU0;149;;UNC_M_CAS_COUNT.WR[UNIT0];10200974;100.00;;"
6738 [140369472239296] INFO perfrun.perfcollector <> - PERF_STAT : "     0.153371675;CPU10;645;;UNC_M_CAS_COUNT.WR[UNIT0];10200385;100.00;;"
6738 [140369472239296] INFO perfrun.perfcollector <> - PERF_STAT : "     0.153371675;CPU0;678;;UNC_M_CAS_COUNT.WR[UNIT1];10200917;100.00;;"
6738 [140369472239296] INFO perfrun.perfcollector <> - PERF_STAT : "     0.153371675;CPU10;1203;;UNC_M_CAS_COUNT.WR[UNIT1];10200511;100.00;;"
6738 [140369472239296] INFO perfrun.perfcollector <> - PERF_STAT : "     0.153371675;CPU0;136;;UNC_M_CAS_COUNT.WR[UNIT4];10200928;100.00;;"
6738 [140369472239296] INFO perfrun.perfcollector <> - PERF_STAT : "     0.153371675;CPU10;633;;UNC_M_CAS_COUNT.WR[UNIT4];10200574;100.00;;"
6738 [140369472239296] INFO perfrun.perfcollector <> - PERF_STAT : "     0.153371675;CPU0;703;;UNC_M_CAS_COUNT.WR[UNIT5];10200850;100.00;;"
6738 [140369472239296] INFO perfrun.perfcollector <> - PERF_STAT : "     0.153371675;CPU10;1197;;UNC_M_CAS_COUNT.WR[UNIT5];10200584;100.00;;"
6748 [140369472239296] INFO perfrun.perfcollector <> - PERF_STAT : "     0.163574133;CPU0;1003;;UNC_M_CAS_COUNT.RD[UNIT0];10202820;100.00;;"
6748 [140369472239296] INFO perfrun.perfcollector <> - PERF_STAT : "     0.163574133;CPU10;1161;;UNC_M_CAS_COUNT.RD[UNIT0];10203027;100.00;;"
6748 [140369472239296] INFO perfrun.perfcollector <> - PERF_STAT : "     0.163574133;CPU0;1501;;UNC_M_CAS_COUNT.RD[UNIT1];10202926;100.00;;"
6748 [140369472239296] INFO perfrun.perfcollector <> - PERF_STAT : "     0.163574133;CPU10;1632;;UNC_M_CAS_COUNT.RD[UNIT1];10203001;100.00;;"
6748 [140369472239296] INFO perfrun.perfcollector <> - PERF_STAT : "     0.163574133;CPU0;1014;;UNC_M_CAS_COUNT.RD[UNIT4];10202754;100.00;;"
6748 [140369472239296] INFO perfrun.perfcollector <> - PERF_STAT : "     0.163574133;CPU10;1233;;UNC_M_CAS_COUNT.RD[UNIT4];10202999;100.00;;"
6748 [140369472239296] INFO perfrun.perfcollector <> - PERF_STAT : "     0.163574133;CPU0;1511;;UNC_M_CAS_COUNT.RD[UNIT5];10202789;100.00;;"
6748 [140369472239296] INFO perfrun.perfcollector <> - PERF_STAT : "     0.163574133;CPU10;1727;;UNC_M_CAS_COUNT.RD[UNIT5];10202981;100.00;;"
6748 [140369472239296] INFO perfrun.perfcollector <> - PERF_STAT : "     0.163574133;CPU0;127;;UNC_M_CAS_COUNT.WR[UNIT0];10202874;100.00;;"
6748 [140369472239296] INFO perfrun.perfcollector <> - PERF_STAT : "     0.163574133;CPU10;482;;UNC_M_CAS_COUNT.WR[UNIT0];10203011;100.00;;"
6748 [140369472239296] INFO perfrun.perfcollector <> - PERF_STAT : "     0.163574133;CPU0;664;;UNC_M_CAS_COUNT.WR[UNIT1];10202895;100.00;;"
6748 [140369472239296] INFO perfrun.perfcollector <> - PERF_STAT : "     0.163574133;CPU10;1055;;UNC_M_CAS_COUNT.WR[UNIT1];10202858;100.00;;"
6748 [140369472239296] INFO perfrun.perfcollector <> - PERF_STAT : "     0.163574133;CPU0;129;;UNC_M_CAS_COUNT.WR[UNIT4];10202897;100.00;;"
6748 [140369472239296] INFO perfrun.perfcollector <> - PERF_STAT : "     0.163574133;CPU10;526;;UNC_M_CAS_COUNT.WR[UNIT4];10202820;100.00;;"
6748 [140369472239296] INFO perfrun.perfcollector <> - PERF_STAT : "     0.163574133;CPU0;657;;UNC_M_CAS_COUNT.WR[UNIT5];10202877;100.00;;"
6748 [140369472239296] INFO perfrun.perfcollector <> - PERF_STAT : "     0.163574133;CPU10;1067;;UNC_M_CAS_COUNT.WR[UNIT5];10202801;100.00;;"
6758 [140369472239296] INFO perfrun.perfcollector <> - PERF_STAT : "     0.173773668;CPU0;2087;;UNC_M_CAS_COUNT.RD[UNIT0];10199571;100.00;;"
6758 [140369472239296] INFO perfrun.perfcollector <> - PERF_STAT : "     0.173773668;CPU10;691;;UNC_M_CAS_COUNT.RD[UNIT0];10200998;100.00;;"
6758 [140369472239296] INFO perfrun.perfcollector <> - PERF_STAT : "     0.173773668;CPU0;2423;;UNC_M_CAS_COUNT.RD[UNIT1];10199875;100.00;;"
6758 [140369472239296] INFO perfrun.perfcollector <> - PERF_STAT : "     0.173773668;CPU10;1189;;UNC_M_CAS_COUNT.RD[UNIT1];10201270;100.00;;"
6758 [140369472239296] INFO perfrun.perfcollector <> - PERF_STAT : "     0.173773668;CPU0;2031;;UNC_M_CAS_COUNT.RD[UNIT4];10199935;100.00;;"
6758 [140369472239296] INFO perfrun.perfcollector <> - PERF_STAT : "     0.173773668;CPU10;717;;UNC_M_CAS_COUNT.RD[UNIT4];10201267;100.00;;"
6758 [140369472239296] INFO perfrun.perfcollector <> - PERF_STAT : "     0.173773668;CPU0;2273;;UNC_M_CAS_COUNT.RD[UNIT5];10199943;100.00;;"
6758 [140369472239296] INFO perfrun.perfcollector <> - PERF_STAT : "     0.173773668;CPU10;1243;;UNC_M_CAS_COUNT.RD[UNIT5];10201333;100.00;;"
6758 [140369472239296] INFO perfrun.perfcollector <> - PERF_STAT : "     0.173773668;CPU0;169;;UNC_M_CAS_COUNT.WR[UNIT0];10199889;100.00;;"
6758 [140369472239296] INFO perfrun.perfcollector <> - PERF_STAT : "     0.173773668;CPU10;440;;UNC_M_CAS_COUNT.WR[UNIT0];10201207;100.00;;"
6758 [140369472239296] INFO perfrun.perfcollector <> - PERF_STAT : "     0.173773668;CPU0;710;;UNC_M_CAS_COUNT.WR[UNIT1];10199898;100.00;;"
6758 [140369472239296] INFO perfrun.perfcollector <> - PERF_STAT : "     0.173773668;CPU10;953;;UNC_M_CAS_COUNT.WR[UNIT1];10201211;100.00;;"
6758 [140369472239296] INFO perfrun.perfcollector <> - PERF_STAT : "     0.173773668;CPU0;171;;UNC_M_CAS_COUNT.WR[UNIT4];10199906;100.00;;"
6758 [140369472239296] INFO perfrun.perfcollector <> - PERF_STAT : "     0.173773668;CPU10;465;;UNC_M_CAS_COUNT.WR[UNIT4];10201158;100.00;;"
6758 [140369472239296] INFO perfrun.perfcollector <> - PERF_STAT : "     0.173773668;CPU0;707;;UNC_M_CAS_COUNT.WR[UNIT5];10200022;100.00;;"
6758 [140369472239296] INFO perfrun.perfcollector <> - PERF_STAT : "     0.173773668;CPU10;985;;UNC_M_CAS_COUNT.WR[UNIT5];10201160;100.00;;"
6768 [140369472239296] INFO perfrun.perfcollector <> - PERF_STAT : "     0.183974458;CPU0;3520;;UNC_M_CAS_COUNT.RD[UNIT0];10201242;100.00;;"
6768 [140369472239296] INFO perfrun.perfcollector <> - PERF_STAT : "     0.183974458;CPU10;1832;;UNC_M_CAS_COUNT.RD[UNIT0];10199492;100.00;;"
6768 [140369472239296] INFO perfrun.perfcollector <> - PERF_STAT : "     0.183974458;CPU0;4096;;UNC_M_CAS_COUNT.RD[UNIT1];10201025;100.00;;"
6768 [140369472239296] INFO perfrun.perfcollector <> - PERF_STAT : "     0.183974458;CPU10;2353;;UNC_M_CAS_COUNT.RD[UNIT1];10199517;100.00;;"
6768 [140369472239296] INFO perfrun.perfcollector <> - PERF_STAT : "     0.183974458;CPU0;3622;;UNC_M_CAS_COUNT.RD[UNIT4];10200890;100.00;;"
6768 [140369472239296] INFO perfrun.perfcollector <> - PERF_STAT : "     0.183974458;CPU10;1846;;UNC_M_CAS_COUNT.RD[UNIT4];10199707;100.00;;"
6768 [140369472239296] INFO perfrun.perfcollector <> - PERF_STAT : "     0.183974458;CPU0;4174;;UNC_M_CAS_COUNT.RD[UNIT5];10200779;100.00;;"
6768 [140369472239296] INFO perfrun.perfcollector <> - PERF_STAT : "     0.183974458;CPU10;2413;;UNC_M_CAS_COUNT.RD[UNIT5];10200038;100.00;;"
6768 [140369472239296] INFO perfrun.perfcollector <> - PERF_STAT : "     0.183974458;CPU0;456;;UNC_M_CAS_COUNT.WR[UNIT0];10200859;100.00;;"
6768 [140369472239296] INFO perfrun.perfcollector <> - PERF_STAT : "     0.183974458;CPU10;1209;;UNC_M_CAS_COUNT.WR[UNIT0];10200044;100.00;;"
6768 [140369472239296] INFO perfrun.perfcollector <> - PERF_STAT : "     0.183974458;CPU0;942;;UNC_M_CAS_COUNT.WR[UNIT1];10200855;100.00;;"
6768 [140369472239296] INFO perfrun.perfcollector <> - PERF_STAT : "     0.183974458;CPU10;1743;;UNC_M_CAS_COUNT.WR[UNIT1];10200039;100.00;;"
6768 [140369472239296] INFO perfrun.perfcollector <> - PERF_STAT : "     0.183974458;CPU0;452;;UNC_M_CAS_COUNT.WR[UNIT4];10200851;100.00;;"
6768 [140369472239296] INFO perfrun.perfcollector <> - PERF_STAT : "     0.183974458;CPU10;1233;;UNC_M_CAS_COUNT.WR[UNIT4];10200057;100.00;;"
6768 [140369472239296] INFO perfrun.perfcollector <> - PERF_STAT : "     0.183974458;CPU0;1011;;UNC_M_CAS_COUNT.WR[UNIT5];10200762;100.00;;"
6768 [140369472239296] INFO perfrun.perfcollector <> - PERF_STAT : "     0.183974458;CPU10;1730;;UNC_M_CAS_COUNT.WR[UNIT5];10200051;100.00;;"
6778 [140369472239296] INFO perfrun.perfcollector <> - PERF_STAT : "     0.194183944;CPU0;1664;;UNC_M_CAS_COUNT.RD[UNIT0];10210236;100.00;;"
6778 [140369472239296] INFO perfrun.perfcollector <> - PERF_STAT : "     0.194183944;CPU10;468;;UNC_M_CAS_COUNT.RD[UNIT0];10210903;100.00;;"
6778 [140369472239296] INFO perfrun.perfcollector <> - PERF_STAT : "     0.194183944;CPU0;2238;;UNC_M_CAS_COUNT.RD[UNIT1];10210044;100.00;;"
6778 [140369472239296] INFO perfrun.perfcollector <> - PERF_STAT : "     0.194183944;CPU10;971;;UNC_M_CAS_COUNT.RD[UNIT1];10210789;100.00;;"
6778 [140369472239296] INFO perfrun.perfcollector <> - PERF_STAT : "     0.194183944;CPU0;1711;;UNC_M_CAS_COUNT.RD[UNIT4];10210148;100.00;;"
6778 [140369472239296] INFO perfrun.perfcollector <> - PERF_STAT : "     0.194183944;CPU10;527;;UNC_M_CAS_COUNT.RD[UNIT4];10210683;100.00;;"
6778 [140369472239296] INFO perfrun.perfcollector <> - PERF_STAT : "     0.194183944;CPU0;2266;;UNC_M_CAS_COUNT.RD[UNIT5];10210156;100.00;;"
6778 [140369472239296] INFO perfrun.perfcollector <> - PERF_STAT : "     0.194183944;CPU10;1067;;UNC_M_CAS_COUNT.RD[UNIT5];10210609;100.00;;"
6778 [140369472239296] INFO perfrun.perfcollector <> - PERF_STAT : "     0.194183944;CPU0;172;;UNC_M_CAS_COUNT.WR[UNIT0];10210149;100.00;;"
6778 [140369472239296] INFO perfrun.perfcollector <> - PERF_STAT : "     0.194183944;CPU10;502;;UNC_M_CAS_COUNT.WR[UNIT0];10210975;100.00;;"
6778 [140369472239296] INFO perfrun.perfcollector <> - PERF_STAT : "     0.194183944;CPU0;705;;UNC_M_CAS_COUNT.WR[UNIT1];10210271;100.00;;"
6778 [140369472239296] INFO perfrun.perfcollector <> - PERF_STAT : "     0.194183944;CPU10;1009;;UNC_M_CAS_COUNT.WR[UNIT1];10211061;100.00;;"
6778 [140369472239296] INFO perfrun.perfcollector <> - PERF_STAT : "     0.194183944;CPU0;189;;UNC_M_CAS_COUNT.WR[UNIT4];10210267;100.00;;"
6778 [140369472239296] INFO perfrun.perfcollector <> - PERF_STAT : "     0.194183944;CPU10;512;;UNC_M_CAS_COUNT.WR[UNIT4];10211151;100.00;;"
6778 [140369472239296] INFO perfrun.perfcollector <> - PERF_STAT : "     0.194183944;CPU0;715;;UNC_M_CAS_COUNT.WR[UNIT5];10210245;100.00;;"
6778 [140369472239296] INFO perfrun.perfcollector <> - PERF_STAT : "     0.194183944;CPU10;1076;;UNC_M_CAS_COUNT.WR[UNIT5];10211249;100.00;;"
6788 [140369472239296] INFO perfrun.perfcollector <> - PERF_STAT : "     0.204372547;CPU0;9174;;UNC_M_CAS_COUNT.RD[UNIT0];10201210;100.00;;"
6788 [140369472239296] INFO perfrun.perfcollector <> - PERF_STAT : "     0.204372547;CPU10;3606;;UNC_M_CAS_COUNT.RD[UNIT0];10229517;100.00;;"
6789 [140369472239296] INFO perfrun.perfcollector <> - PERF_STAT : "     0.204372547;CPU0;9807;;UNC_M_CAS_COUNT.RD[UNIT1];10201977;100.00;;"
6789 [140369472239296] INFO perfrun.perfcollector <> - PERF_STAT : "     0.204372547;CPU10;3094;;UNC_M_CAS_COUNT.RD[UNIT1];10229768;100.00;;"
6789 [140369472239296] INFO perfrun.perfcollector <> - PERF_STAT : "     0.204372547;CPU0;8972;;UNC_M_CAS_COUNT.RD[UNIT4];10208347;100.00;;"
6789 [140369472239296] INFO perfrun.perfcollector <> - PERF_STAT : "     0.204372547;CPU10;2595;;UNC_M_CAS_COUNT.RD[UNIT4];10229857;100.00;;"
6789 [140369472239296] INFO perfrun.perfcollector <> - PERF_STAT : "     0.204372547;CPU0;10302;;UNC_M_CAS_COUNT.RD[UNIT5];10208818;100.00;;"
6789 [140369472239296] INFO perfrun.perfcollector <> - PERF_STAT : "     0.204372547;CPU10;3172;;UNC_M_CAS_COUNT.RD[UNIT5];10236236;100.00;;"
6789 [140369472239296] INFO perfrun.perfcollector <> - PERF_STAT : "     0.204372547;CPU0;1563;;UNC_M_CAS_COUNT.WR[UNIT0];10209219;100.00;;"
6789 [140369472239296] INFO perfrun.perfcollector <> - PERF_STAT : "     0.204372547;CPU10;7693;;UNC_M_CAS_COUNT.WR[UNIT0];10236042;100.00;;"
6789 [140369472239296] INFO perfrun.perfcollector <> - PERF_STAT : "     0.204372547;CPU0;2062;;UNC_M_CAS_COUNT.WR[UNIT1];10209412;100.00;;"
6789 [140369472239296] INFO perfrun.perfcollector <> - PERF_STAT : "     0.204372547;CPU10;7769;;UNC_M_CAS_COUNT.WR[UNIT1];10236164;100.00;;"
6789 [140369472239296] INFO perfrun.perfcollector <> - PERF_STAT : "     0.204372547;CPU0;1563;;UNC_M_CAS_COUNT.WR[UNIT4];10209632;100.00;;"
6789 [140369472239296] INFO perfrun.perfcollector <> - PERF_STAT : "     0.204372547;CPU10;7294;;UNC_M_CAS_COUNT.WR[UNIT4];10236198;100.00;;"
6789 [140369472239296] INFO perfrun.perfcollector <> - PERF_STAT : "     0.204372547;CPU0;2518;;UNC_M_CAS_COUNT.WR[UNIT5];10215932;100.00;;"
6789 [140369472239296] INFO perfrun.perfcollector <> - PERF_STAT : "     0.204372547;CPU10;7724;;UNC_M_CAS_COUNT.WR[UNIT5];10236220;100.00;;"
6799 [140369472239296] INFO perfrun.perfcollector <> - PERF_STAT : "     0.214644820;CPU0;1465;;UNC_M_CAS_COUNT.RD[UNIT0];10257372;100.00;;"
6799 [140369472239296] INFO perfrun.perfcollector <> - PERF_STAT : "     0.214644820;CPU10;580;;UNC_M_CAS_COUNT.RD[UNIT0];10232965;100.00;;"
6799 [140369472239296] INFO perfrun.perfcollector <> - PERF_STAT : "     0.214644820;CPU0;1804;;UNC_M_CAS_COUNT.RD[UNIT1];10257106;100.00;;"
6799 [140369472239296] INFO perfrun.perfcollector <> - PERF_STAT : "     0.214644820;CPU10;911;;UNC_M_CAS_COUNT.RD[UNIT1];10232305;100.00;;"
6799 [140369472239296] INFO perfrun.perfcollector <> - PERF_STAT : "     0.214644820;CPU0;1277;;UNC_M_CAS_COUNT.RD[UNIT4];10251030;100.00;;"
6799 [140369472239296] INFO perfrun.perfcollector <> - PERF_STAT : "     0.214644820;CPU10;509;;UNC_M_CAS_COUNT.RD[UNIT4];10232212;100.00;;"
6799 [140369472239296] INFO perfrun.perfcollector <> - PERF_STAT : "     0.214644820;CPU0;1995;;UNC_M_CAS_COUNT.RD[UNIT5];10250927;100.00;;"
6799 [140369472239296] INFO perfrun.perfcollector <> - PERF_STAT : "     0.214644820;CPU10;960;;UNC_M_CAS_COUNT.RD[UNIT5];10225587;100.00;;"
6799 [140369472239296] INFO perfrun.perfcollector <> - PERF_STAT : "     0.214644820;CPU0;97;;UNC_M_CAS_COUNT.WR[UNIT0];10250873;100.00;;"
6799 [140369472239296] INFO perfrun.perfcollector <> - PERF_STAT : "     0.214644820;CPU10;135;;UNC_M_CAS_COUNT.WR[UNIT0];10225633;100.00;;"
6799 [140369472239296] INFO perfrun.perfcollector <> - PERF_STAT : "     0.214644820;CPU0;591;;UNC_M_CAS_COUNT.WR[UNIT1];10250780;100.00;;"
6799 [140369472239296] INFO perfrun.perfcollector <> - PERF_STAT : "     0.214644820;CPU10;602;;UNC_M_CAS_COUNT.WR[UNIT1];10225580;100.00;;"
6799 [140369472239296] INFO perfrun.perfcollector <> - PERF_STAT : "     0.214644820;CPU0;61;;UNC_M_CAS_COUNT.WR[UNIT4];10250790;100.00;;"
6799 [140369472239296] INFO perfrun.perfcollector <> - PERF_STAT : "     0.214644820;CPU10;111;;UNC_M_CAS_COUNT.WR[UNIT4];10225630;100.00;;"
6799 [140369472239296] INFO perfrun.perfcollector <> - PERF_STAT : "     0.214644820;CPU0;687;;UNC_M_CAS_COUNT.WR[UNIT5];10244788;100.00;;"
6799 [140369472239296] INFO perfrun.perfcollector <> - PERF_STAT : "     0.214644820;CPU10;616;;UNC_M_CAS_COUNT.WR[UNIT5];10225663;100.00;;"
6809 [140369472239296] INFO perfrun.perfcollector <> - PERF_STAT : "     0.224822009;CPU0;185;;UNC_M_CAS_COUNT.RD[UNIT0];10175218;100.00;;"
6809 [140369472239296] INFO perfrun.perfcollector <> - PERF_STAT : "     0.224822009;CPU10;296;;UNC_M_CAS_COUNT.RD[UNIT0];10172800;100.00;;"
6809 [140369472239296] INFO perfrun.perfcollector <> - PERF_STAT : "     0.224822009;CPU0;706;;UNC_M_CAS_COUNT.RD[UNIT1];10175163;100.00;;"
6809 [140369472239296] INFO perfrun.perfcollector <> - PERF_STAT : "     0.224822009;CPU10;803;;UNC_M_CAS_COUNT.RD[UNIT1];10172863;100.00;;"
6809 [140369472239296] INFO perfrun.perfcollector <> - PERF_STAT : "     0.224822009;CPU0;180;;UNC_M_CAS_COUNT.RD[UNIT4];10175297;100.00;;"
6809 [140369472239296] INFO perfrun.perfcollector <> - PERF_STAT : "     0.224822009;CPU10;343;;UNC_M_CAS_COUNT.RD[UNIT4];10173041;100.00;;"
6809 [140369472239296] INFO perfrun.perfcollector <> - PERF_STAT : "     0.224822009;CPU0;713;;UNC_M_CAS_COUNT.RD[UNIT5];10175246;100.00;;"
6809 [140369472239296] INFO perfrun.perfcollector <> - PERF_STAT : "     0.224822009;CPU10;834;;UNC_M_CAS_COUNT.RD[UNIT5];10173216;100.00;;"
6809 [140369472239296] INFO perfrun.perfcollector <> - PERF_STAT : "     0.224822009;CPU0;43;;UNC_M_CAS_COUNT.WR[UNIT0];10175019;100.00;;"
6809 [140369472239296] INFO perfrun.perfcollector <> - PERF_STAT : "     0.224822009;CPU10;73;;UNC_M_CAS_COUNT.WR[UNIT0];10173175;100.00;;"
6809 [140369472239296] INFO perfrun.perfcollector <> - PERF_STAT : "     0.224822009;CPU0;570;;UNC_M_CAS_COUNT.WR[UNIT1];10175150;100.00;;"
6809 [140369472239296] INFO perfrun.perfcollector <> - PERF_STAT : "     0.224822009;CPU10;589;;UNC_M_CAS_COUNT.WR[UNIT1];10173173;100.00;;"
6809 [140369472239296] INFO perfrun.perfcollector <> - PERF_STAT : "     0.224822009;CPU0;35;;UNC_M_CAS_COUNT.WR[UNIT4];10175144;100.00;;"
6809 [140369472239296] INFO perfrun.perfcollector <> - PERF_STAT : "     0.224822009;CPU10;59;;UNC_M_CAS_COUNT.WR[UNIT4];10173103;100.00;;"
6809 [140369472239296] INFO perfrun.perfcollector <> - PERF_STAT : "     0.224822009;CPU0;569;;UNC_M_CAS_COUNT.WR[UNIT5];10175192;100.00;;"
6809 [140369472239296] INFO perfrun.perfcollector <> - PERF_STAT : "     0.224822009;CPU10;588;;UNC_M_CAS_COUNT.WR[UNIT5];10173018;100.00;;"
6819 [140369472239296] INFO perfrun.perfcollector <> - PERF_STAT : "     0.235044676;CPU0;168;;UNC_M_CAS_COUNT.RD[UNIT0];10246723;100.00;;"
6819 [140369472239296] INFO perfrun.perfcollector <> - PERF_STAT : "     0.235044676;CPU10;346;;UNC_M_CAS_COUNT.RD[UNIT0];10251664;100.00;;"
6819 [140369472239296] INFO perfrun.perfcollector <> - PERF_STAT : "     0.235044676;CPU0;700;;UNC_M_CAS_COUNT.RD[UNIT1];10246381;100.00;;"
6819 [140369472239296] INFO perfrun.perfcollector <> - PERF_STAT : "     0.235044676;CPU10;752;;UNC_M_CAS_COUNT.RD[UNIT1];10251858;100.00;;"
6819 [140369472239296] INFO perfrun.perfcollector <> - PERF_STAT : "     0.235044676;CPU0;202;;UNC_M_CAS_COUNT.RD[UNIT4];10245936;100.00;;"
6819 [140369472239296] INFO perfrun.perfcollector <> - PERF_STAT : "     0.235044676;CPU10;423;;UNC_M_CAS_COUNT.RD[UNIT4];10251625;100.00;;"
6819 [140369472239296] INFO perfrun.perfcollector <> - PERF_STAT : "     0.235044676;CPU0;703;;UNC_M_CAS_COUNT.RD[UNIT5];10252380;100.00;;"
6819 [140369472239296] INFO perfrun.perfcollector <> - PERF_STAT : "     0.235044676;CPU10;907;;UNC_M_CAS_COUNT.RD[UNIT5];10251413;100.00;;"
6819 [140369472239296] INFO perfrun.perfcollector <> - PERF_STAT : "     0.235044676;CPU0;32;;UNC_M_CAS_COUNT.WR[UNIT0];10252166;100.00;;"
6819 [140369472239296] INFO perfrun.perfcollector <> - PERF_STAT : "     0.235044676;CPU10;91;;UNC_M_CAS_COUNT.WR[UNIT0];10251321;100.00;;"
6819 [140369472239296] INFO perfrun.perfcollector <> - PERF_STAT : "     0.235044676;CPU0;570;;UNC_M_CAS_COUNT.WR[UNIT1];10251791;100.00;;"
6819 [140369472239296] INFO perfrun.perfcollector <> - PERF_STAT : "     0.235044676;CPU10;534;;UNC_M_CAS_COUNT.WR[UNIT1];10251197;100.00;;"
6819 [140369472239296] INFO perfrun.perfcollector <> - PERF_STAT : "     0.235044676;CPU0;41;;UNC_M_CAS_COUNT.WR[UNIT4];10251562;100.00;;"
6819 [140369472239296] INFO perfrun.perfcollector <> - PERF_STAT : "     0.235044676;CPU10;98;;UNC_M_CAS_COUNT.WR[UNIT4];10251369;100.00;;"
6819 [140369472239296] INFO perfrun.perfcollector <> - PERF_STAT : "     0.235044676;CPU0;582;;UNC_M_CAS_COUNT.WR[UNIT5];10251223;100.00;;"
6819 [140369472239296] INFO perfrun.perfcollector <> - PERF_STAT : "     0.235044676;CPU10;578;;UNC_M_CAS_COUNT.WR[UNIT5];10251297;100.00;;"
6829 [140369472239296] INFO perfrun.perfcollector <> - PERF_STAT : "     0.245271291;CPU0;1666;;UNC_M_CAS_COUNT.RD[UNIT0];10206048;100.00;;"
6829 [140369472239296] INFO perfrun.perfcollector <> - PERF_STAT : "     0.245271291;CPU10;2517;;UNC_M_CAS_COUNT.RD[UNIT0];10198918;100.00;;"
6829 [140369472239296] INFO perfrun.perfcollector <> - PERF_STAT : "     0.245271291;CPU0;2122;;UNC_M_CAS_COUNT.RD[UNIT1];10205992;100.00;;"
6829 [140369472239296] INFO perfrun.perfcollector <> - PERF_STAT : "     0.245271291;CPU10;2932;;UNC_M_CAS_COUNT.RD[UNIT1];10199025;100.00;;"
6829 [140369472239296] INFO perfrun.perfcollector <> - PERF_STAT : "     0.245271291;CPU0;1621;;UNC_M_CAS_COUNT.RD[UNIT4];10206037;100.00;;"
6829 [140369472239296] INFO perfrun.perfcollector <> - PERF_STAT : "     0.245271291;CPU10;2634;;UNC_M_CAS_COUNT.RD[UNIT4];10199348;100.00;;"
6829 [140369472239296] INFO perfrun.perfcollector <> - PERF_STAT : "     0.245271291;CPU0;2231;;UNC_M_CAS_COUNT.RD[UNIT5];10199280;100.00;;"
6829 [140369472239296] INFO perfrun.perfcollector <> - PERF_STAT : "     0.245271291;CPU10;3095;;UNC_M_CAS_COUNT.RD[UNIT5];10199304;100.00;;"
6829 [140369472239296] INFO perfrun.perfcollector <> - PERF_STAT : "     0.245271291;CPU0;3131;;UNC_M_CAS_COUNT.WR[UNIT0];10199300;100.00;;"
6829 [140369472239296] INFO perfrun.perfcollector <> - PERF_STAT : "     0.245271291;CPU10;11952;;UNC_M_CAS_COUNT.WR[UNIT0];10199382;100.00;;"
6829 [140369472239296] INFO perfrun.perfcollector <> - PERF_STAT : "     0.245271291;CPU0;3630;;UNC_M_CAS_COUNT.WR[UNIT1];10199397;100.00;;"
6829 [140369472239296] INFO perfrun.perfcollector <> - PERF_STAT : "     0.245271291;CPU10;12544;;UNC_M_CAS_COUNT.WR[UNIT1];10199414;100.00;;"
6829 [140369472239296] INFO perfrun.perfcollector <> - PERF_STAT : "     0.245271291;CPU0;3174;;UNC_M_CAS_COUNT.WR[UNIT4];10199408;100.00;;"
6829 [140369472239296] INFO perfrun.perfcollector <> - PERF_STAT : "     0.245271291;CPU10;12051;;UNC_M_CAS_COUNT.WR[UNIT4];10199147;100.00;;"
6829 [140369472239296] INFO perfrun.perfcollector <> - PERF_STAT : "     0.245271291;CPU0;3646;;UNC_M_CAS_COUNT.WR[UNIT5];10199409;100.00;;"
6829 [140369472239296] INFO perfrun.perfcollector <> - PERF_STAT : "     0.245271291;CPU10;12633;;UNC_M_CAS_COUNT.WR[UNIT5];10199148;100.00;;"
6840 [140369472239296] INFO perfrun.perfcollector <> - PERF_STAT : "     0.255471824;CPU0;6010;;UNC_M_CAS_COUNT.RD[UNIT0];11039694;100.00;;"
6840 [140369472239296] INFO perfrun.perfcollector <> - PERF_STAT : "     0.255471824;CPU10;10438;;UNC_M_CAS_COUNT.RD[UNIT0];11065527;100.00;;"
6840 [140369472239296] INFO perfrun.perfcollector <> - PERF_STAT : "     0.255471824;CPU0;6688;;UNC_M_CAS_COUNT.RD[UNIT1];11040758;100.00;;"
6840 [140369472239296] INFO perfrun.perfcollector <> - PERF_STAT : "     0.255471824;CPU10;11032;;UNC_M_CAS_COUNT.RD[UNIT1];11065855;100.00;;"
6840 [140369472239296] INFO perfrun.perfcollector <> - PERF_STAT : "     0.255471824;CPU0;5433;;UNC_M_CAS_COUNT.RD[UNIT4];11040924;100.00;;"
6840 [140369472239296] INFO perfrun.perfcollector <> - PERF_STAT : "     0.255471824;CPU10;10563;;UNC_M_CAS_COUNT.RD[UNIT4];11065820;100.00;;"
6840 [140369472239296] INFO perfrun.perfcollector <> - PERF_STAT : "     0.255471824;CPU0;5831;;UNC_M_CAS_COUNT.RD[UNIT5];11041162;100.00;;"
6840 [140369472239296] INFO perfrun.perfcollector <> - PERF_STAT : "     0.255471824;CPU10;11531;;UNC_M_CAS_COUNT.RD[UNIT5];11066104;100.00;;"
6840 [140369472239296] INFO perfrun.perfcollector <> - PERF_STAT : "     0.255471824;CPU0;28401;;UNC_M_CAS_COUNT.WR[UNIT0];11041301;100.00;;"
6840 [140369472239296] INFO perfrun.perfcollector <> - PERF_STAT : "     0.255471824;CPU10;30819;;UNC_M_CAS_COUNT.WR[UNIT0];11066202;100.00;;"
6840 [140369472239296] INFO perfrun.perfcollector <> - PERF_STAT : "     0.255471824;CPU0;29237;;UNC_M_CAS_COUNT.WR[UNIT1];11041394;100.00;;"
6841 [140369472239296] INFO perfrun.perfcollector <> - PERF_STAT : "     0.255471824;CPU10;31409;;UNC_M_CAS_COUNT.WR[UNIT1];11066192;100.00;;"
6841 [140369472239296] INFO perfrun.perfcollector <> - PERF_STAT : "     0.255471824;CPU0;28558;;UNC_M_CAS_COUNT.WR[UNIT4];11041511;100.00;;"
6841 [140369472239296] INFO perfrun.perfcollector <> - PERF_STAT : "     0.255471824;CPU10;30723;;UNC_M_CAS_COUNT.WR[UNIT4];11066172;100.00;;"
6841 [140369472239296] INFO perfrun.perfcollector <> - PERF_STAT : "     0.255471824;CPU0;29143;;UNC_M_CAS_COUNT.WR[UNIT5];11041634;100.00;;"
6841 [140369472239296] INFO perfrun.perfcollector <> - PERF_STAT : "     0.255471824;CPU10;31469;;UNC_M_CAS_COUNT.WR[UNIT5];11066181;100.00;;"
6849 [140369674134208] INFO perfrun.launcher <> - Launcher: all plugins were started
6849 [140369674134208] INFO perfrun.launcher <> - DirectoryMonitor object was created
6849 [140369674134208] INFO perfrun.launcher <> - DirectoryMonitor: a callback was added
6849 [140369674134208] INFO perfrun.launcher <> - DirectoryMonitor was started with pingTime = 1000
6849 [140369674134208] INFO perfrun.launcher <> - DeadlineTimer is going to be constructed
6849 [140369674134208] INFO perfrun.launcher <> - DeadlineTimer: a callback was added
6851 [140369472239296] INFO perfrun.perfcollector <> - PERF_STAT : "     0.266582979;CPU0;11206;;UNC_M_CAS_COUNT.RD[UNIT0];10303063;100.00;;"
6851 [140369472239296] INFO perfrun.perfcollector <> - PERF_STAT : "     0.266582979;CPU10;7531;;UNC_M_CAS_COUNT.RD[UNIT0];10305782;100.00;;"
6851 [140369472239296] INFO perfrun.perfcollector <> - PERF_STAT : "     0.266582979;CPU0;12042;;UNC_M_CAS_COUNT.RD[UNIT1];10303252;100.00;;"
6851 [140369472239296] INFO perfrun.perfcollector <> - PERF_STAT : "     0.266582979;CPU10;7896;;UNC_M_CAS_COUNT.RD[UNIT1];10308414;100.00;;"
6851 [140369472239296] INFO perfrun.perfcollector <> - PERF_STAT : "     0.266582979;CPU0;10691;;UNC_M_CAS_COUNT.RD[UNIT4];10303433;100.00;;"
6851 [140369472239296] INFO perfrun.perfcollector <> - PERF_STAT : "     0.266582979;CPU10;7629;;UNC_M_CAS_COUNT.RD[UNIT4];10310041;100.00;;"
6851 [140369472239296] INFO perfrun.perfcollector <> - PERF_STAT : "     0.266582979;CPU0;11163;;UNC_M_CAS_COUNT.RD[UNIT5];10303639;100.00;;"
6851 [140369472239296] INFO perfrun.perfcollector <> - PERF_STAT : "     0.266582979;CPU10;8002;;UNC_M_CAS_COUNT.RD[UNIT5];10311762;100.00;;"
6851 [140369472239296] INFO perfrun.perfcollector <> - PERF_STAT : "     0.266582979;CPU0;7242;;UNC_M_CAS_COUNT.WR[UNIT0];10303911;100.00;;"
6851 [140369472239296] INFO perfrun.perfcollector <> - PERF_STAT : "     0.266582979;CPU10;1415;;UNC_M_CAS_COUNT.WR[UNIT0];10313418;100.00;;"
6851 [140369472239296] INFO perfrun.perfcollector <> - PERF_STAT : "     0.266582979;CPU0;7651;;UNC_M_CAS_COUNT.WR[UNIT1];10304037;100.00;;"
6851 [140369472239296] INFO perfrun.perfcollector <> - PERF_STAT : "     0.266582979;CPU10;1768;;UNC_M_CAS_COUNT.WR[UNIT1];10315258;100.00;;"
6851 [140369472239296] INFO perfrun.perfcollector <> - PERF_STAT : "     0.266582979;CPU0;7212;;UNC_M_CAS_COUNT.WR[UNIT4];10304213;100.00;;"
6851 [140369472239296] INFO perfrun.perfcollector <> - PERF_STAT : "     0.266582979;CPU10;1535;;UNC_M_CAS_COUNT.WR[UNIT4];10317135;100.00;;"
6851 [140369472239296] INFO perfrun.perfcollector <> - PERF_STAT : "     0.266582979;CPU0;7682;;UNC_M_CAS_COUNT.WR[UNIT5];10304337;100.00;;"
6851 [140369472239296] INFO perfrun.perfcollector <> - PERF_STAT : "     0.266582979;CPU10;1875;;UNC_M_CAS_COUNT.WR[UNIT5];10319083;100.00;;"
6861 [140369472239296] INFO perfrun.perfcollector <> - PERF_STAT : "     0.276944893;CPU0;698;;UNC_M_CAS_COUNT.RD[UNIT0];10377128;100.00;;"
6861 [140369472239296] INFO perfrun.perfcollector <> - PERF_STAT : "     0.276944893;CPU10;930;;UNC_M_CAS_COUNT.RD[UNIT0];10364353;100.00;;"
6861 [140369472239296] INFO perfrun.perfcollector <> - PERF_STAT : "     0.276944893;CPU0;912;;UNC_M_CAS_COUNT.RD[UNIT1];10376994;100.00;;"
6861 [140369472239296] INFO perfrun.perfcollector <> - PERF_STAT : "     0.276944893;CPU10;1018;;UNC_M_CAS_COUNT.RD[UNIT1];10364276;100.00;;"
6861 [140369472239296] INFO perfrun.perfcollector <> - PERF_STAT : "     0.276944893;CPU0;723;;UNC_M_CAS_COUNT.RD[UNIT4];10376957;100.00;;"
6861 [140369472239296] INFO perfrun.perfcollector <> - PERF_STAT : "     0.276944893;CPU10;892;;UNC_M_CAS_COUNT.RD[UNIT4];10364315;100.00;;"
6861 [140369472239296] INFO perfrun.perfcollector <> - PERF_STAT : "     0.276944893;CPU0;875;;UNC_M_CAS_COUNT.RD[UNIT5];10376814;100.00;;"
6861 [140369472239296] INFO perfrun.perfcollector <> - PERF_STAT : "     0.276944893;CPU10;1056;;UNC_M_CAS_COUNT.RD[UNIT5];10364286;100.00;;"
6861 [140369472239296] INFO perfrun.perfcollector <> - PERF_STAT : "     0.276944893;CPU0;660;;UNC_M_CAS_COUNT.WR[UNIT0];10376537;100.00;;"
6861 [140369472239296] INFO perfrun.perfcollector <> - PERF_STAT : "     0.276944893;CPU10;216;;UNC_M_CAS_COUNT.WR[UNIT0];10364302;100.00;;"
6861 [140369472239296] INFO perfrun.perfcollector <> - PERF_STAT : "     0.276944893;CPU0;932;;UNC_M_CAS_COUNT.WR[UNIT1];10376413;100.00;;"
6861 [140369472239296] INFO perfrun.perfcollector <> - PERF_STAT : "     0.276944893;CPU10;339;;UNC_M_CAS_COUNT.WR[UNIT1];10364315;100.00;;"
6861 [140369472239296] INFO perfrun.perfcollector <> - PERF_STAT : "     0.276944893;CPU0;676;;UNC_M_CAS_COUNT.WR[UNIT4];10376212;100.00;;"
6861 [140369472239296] INFO perfrun.perfcollector <> - PERF_STAT : "     0.276944893;CPU10;214;;UNC_M_CAS_COUNT.WR[UNIT4];10364278;100.00;;"
6861 [140369472239296] INFO perfrun.perfcollector <> - PERF_STAT : "     0.276944893;CPU0;862;;UNC_M_CAS_COUNT.WR[UNIT5];10376112;100.00;;"
6861 [140369472239296] INFO perfrun.perfcollector <> - PERF_STAT : "     0.276944893;CPU10;385;;UNC_M_CAS_COUNT.WR[UNIT5];10364166;100.00;;"
6871 [140369472239296] INFO perfrun.perfcollector <> - PERF_STAT : "     0.287285719;CPU0;278;;UNC_M_CAS_COUNT.RD[UNIT0];10323947;100.00;;"
6871 [140369472239296] INFO perfrun.perfcollector <> - PERF_STAT : "     0.287285719;CPU10;411;;UNC_M_CAS_COUNT.RD[UNIT0];10318785;100.00;;"
6871 [140369472239296] INFO perfrun.perfcollector <> - PERF_STAT : "     0.287285719;CPU0;379;;UNC_M_CAS_COUNT.RD[UNIT1];10323986;100.00;;"
6871 [140369472239296] INFO perfrun.perfcollector <> - PERF_STAT : "     0.287285719;CPU10;446;;UNC_M_CAS_COUNT.RD[UNIT1];10315888;100.00;;"
6871 [140369472239296] INFO perfrun.perfcollector <> - PERF_STAT : "     0.287285719;CPU0;312;;UNC_M_CAS_COUNT.RD[UNIT4];10323874;100.00;;"
6871 [140369472239296] INFO perfrun.perfcollector <> - PERF_STAT : "     0.287285719;CPU10;436;;UNC_M_CAS_COUNT.RD[UNIT4];10314013;100.00;;"
6871 [140369472239296] INFO perfrun.perfcollector <> - PERF_STAT : "     0.287285719;CPU0;374;;UNC_M_CAS_COUNT.RD[UNIT5];10323677;100.00;;"
6871 [140369472239296] INFO perfrun.perfcollector <> - PERF_STAT : "     0.287285719;CPU10;479;;UNC_M_CAS_COUNT.RD[UNIT5];10312061;100.00;;"
6871 [140369472239296] INFO perfrun.perfcollector <> - PERF_STAT : "     0.287285719;CPU0;166;;UNC_M_CAS_COUNT.WR[UNIT0];10323682;100.00;;"
6871 [140369472239296] INFO perfrun.perfcollector <> - PERF_STAT : "     0.287285719;CPU10;230;;UNC_M_CAS_COUNT.WR[UNIT0];10310149;100.00;;"
6871 [140369472239296] INFO perfrun.perfcollector <> - PERF_STAT : "     0.287285719;CPU0;248;;UNC_M_CAS_COUNT.WR[UNIT1];10323667;100.00;;"
6871 [140369472239296] INFO perfrun.perfcollector <> - PERF_STAT : "     0.287285719;CPU10;286;;UNC_M_CAS_COUNT.WR[UNIT1];10308214;100.00;;"
6871 [140369472239296] INFO perfrun.perfcollector <> - PERF_STAT : "     0.287285719;CPU0;171;;UNC_M_CAS_COUNT.WR[UNIT4];10323694;100.00;;"
6871 [140369472239296] INFO perfrun.perfcollector <> - PERF_STAT : "     0.287285719;CPU10;211;;UNC_M_CAS_COUNT.WR[UNIT4];10306381;100.00;;"
6871 [140369472239296] INFO perfrun.perfcollector <> - PERF_STAT : "     0.287285719;CPU0;244;;UNC_M_CAS_COUNT.WR[UNIT5];10323788;100.00;;"
6871 [140369472239296] INFO perfrun.perfcollector <> - PERF_STAT : "     0.287285719;CPU10;282;;UNC_M_CAS_COUNT.WR[UNIT5];10304549;100.00;;"
6882 [140369472239296] INFO perfrun.perfcollector <> - PERF_STAT : "     0.297536538;CPU0;799;;UNC_M_CAS_COUNT.RD[UNIT0];10268810;100.00;;"
6882 [140369472239296] INFO perfrun.perfcollector <> - PERF_STAT : "     0.297536538;CPU10;219;;UNC_M_CAS_COUNT.RD[UNIT0];10662791;100.00;;"
6882 [140369472239296] INFO perfrun.perfcollector <> - PERF_STAT : "     0.297536538;CPU0;911;;UNC_M_CAS_COUNT.RD[UNIT1];10271903;100.00;;"
6882 [140369472239296] INFO perfrun.perfcollector <> - PERF_STAT : "     0.297536538;CPU10;253;;UNC_M_CAS_COUNT.RD[UNIT1];10663020;100.00;;"
6882 [140369472239296] INFO perfrun.perfcollector <> - PERF_STAT : "     0.297536538;CPU0;802;;UNC_M_CAS_COUNT.RD[UNIT4];10273732;100.00;;"
6882 [140369472239296] INFO perfrun.perfcollector <> - PERF_STAT : "     0.297536538;CPU10;282;;UNC_M_CAS_COUNT.RD[UNIT4];10663226;100.00;;"
6882 [140369472239296] INFO perfrun.perfcollector <> - PERF_STAT : "     0.297536538;CPU0;947;;UNC_M_CAS_COUNT.RD[UNIT5];10275782;100.00;;"
6882 [140369472239296] INFO perfrun.perfcollector <> - PERF_STAT : "     0.297536538;CPU10;320;;UNC_M_CAS_COUNT.RD[UNIT5];10663388;100.00;;"
6882 [140369472239296] INFO perfrun.perfcollector <> - PERF_STAT : "     0.297536538;CPU0;475;;UNC_M_CAS_COUNT.WR[UNIT0];10277753;100.00;;"
6882 [140369472239296] INFO perfrun.perfcollector <> - PERF_STAT : "     0.297536538;CPU10;275;;UNC_M_CAS_COUNT.WR[UNIT0];10671060;100.00;;"
6882 [140369472239296] INFO perfrun.perfcollector <> - PERF_STAT : "     0.297536538;CPU0;646;;UNC_M_CAS_COUNT.WR[UNIT1];10279655;100.00;;"
6882 [140369472239296] INFO perfrun.perfcollector <> - PERF_STAT : "     0.297536538;CPU10;296;;UNC_M_CAS_COUNT.WR[UNIT1];10671267;100.00;;"
6882 [140369472239296] INFO perfrun.perfcollector <> - PERF_STAT : "     0.297536538;CPU0;482;;UNC_M_CAS_COUNT.WR[UNIT4];10281486;100.00;;"
6882 [140369472239296] INFO perfrun.perfcollector <> - PERF_STAT : "     0.297536538;CPU10;273;;UNC_M_CAS_COUNT.WR[UNIT4];10671401;100.00;;"
6882 [140369472239296] INFO perfrun.perfcollector <> - PERF_STAT : "     0.297536538;CPU0;631;;UNC_M_CAS_COUNT.WR[UNIT5];10283257;100.00;;"
6882 [140369472239296] INFO perfrun.perfcollector <> - PERF_STAT : "     0.297536538;CPU10;326;;UNC_M_CAS_COUNT.WR[UNIT5];10671499;100.00;;"
6892 [140369472239296] INFO perfrun.perfcollector <> - PERF_STAT : "     0.308231260;CPU0;1700;;UNC_M_CAS_COUNT.RD[UNIT0];10700159;100.00;;"
6892 [140369472239296] INFO perfrun.perfcollector <> - PERF_STAT : "     0.308231260;CPU10;133;;UNC_M_CAS_COUNT.RD[UNIT0];10311489;100.00;;"
6892 [140369472239296] INFO perfrun.perfcollector <> - PERF_STAT : "     0.308231260;CPU0;1409;;UNC_M_CAS_COUNT.RD[UNIT1];10696927;100.00;;"
6892 [140369472239296] INFO perfrun.perfcollector <> - PERF_STAT : "     0.308231260;CPU10;169;;UNC_M_CAS_COUNT.RD[UNIT1];10314207;100.00;;"
6892 [140369472239296] INFO perfrun.perfcollector <> - PERF_STAT : "     0.308231260;CPU0;1435;;UNC_M_CAS_COUNT.RD[UNIT4];10694978;100.00;;"
6893 [140369472239296] INFO perfrun.perfcollector <> - PERF_STAT : "     0.308231260;CPU10;167;;UNC_M_CAS_COUNT.RD[UNIT4];10315944;100.00;;"
6893 [140369472239296] INFO perfrun.perfcollector <> - PERF_STAT : "     0.308231260;CPU0;1300;;UNC_M_CAS_COUNT.RD[UNIT5];10693026;100.00;;"
6893 [140369472239296] INFO perfrun.perfcollector <> - PERF_STAT : "     0.308231260;CPU10;218;;UNC_M_CAS_COUNT.RD[UNIT5];10317663;100.00;;"
6893 [140369472239296] INFO perfrun.perfcollector <> - PERF_STAT : "     0.308231260;CPU0;373;;UNC_M_CAS_COUNT.WR[UNIT0];10691139;100.00;;"
6893 [140369472239296] INFO perfrun.perfcollector <> - PERF_STAT : "     0.308231260;CPU10;49;;UNC_M_CAS_COUNT.WR[UNIT0];10312033;100.00;;"
6893 [140369472239296] INFO perfrun.perfcollector <> - PERF_STAT : "     0.308231260;CPU0;424;;UNC_M_CAS_COUNT.WR[UNIT1];10689257;100.00;;"
6893 [140369472239296] INFO perfrun.perfcollector <> - PERF_STAT : "     0.308231260;CPU10;96;;UNC_M_CAS_COUNT.WR[UNIT1];10313798;100.00;;"
6893 [140369472239296] INFO perfrun.perfcollector <> - PERF_STAT : "     0.308231260;CPU0;364;;UNC_M_CAS_COUNT.WR[UNIT4];10687508;100.00;;"
6893 [140369472239296] INFO perfrun.perfcollector <> - PERF_STAT : "     0.308231260;CPU10;38;;UNC_M_CAS_COUNT.WR[UNIT4];10315524;100.00;;"
6893 [140369472239296] INFO perfrun.perfcollector <> - PERF_STAT : "     0.308231260;CPU0;459;;UNC_M_CAS_COUNT.WR[UNIT5];10685624;100.00;;"
6893 [140369472239296] INFO perfrun.perfcollector <> - PERF_STAT : "     0.308231260;CPU10;103;;UNC_M_CAS_COUNT.WR[UNIT5];10317293;100.00;;"
6902 [140369674134208] INFO perfrun.launcher <> - Launcher: resume the profiled application and  wait its termination or stop command
6903 [140369472239296] INFO perfrun.perfcollector <> - PERF_STAT : "     0.318598024;CPU0;3164;;UNC_M_CAS_COUNT.RD[UNIT0];10357234;100.00;;"
6903 [140369472239296] INFO perfrun.perfcollector <> - PERF_STAT : "     0.318598024;CPU10;2112;;UNC_M_CAS_COUNT.RD[UNIT0];10356903;100.00;;"
6903 [140369472239296] INFO perfrun.perfcollector <> - PERF_STAT : "     0.318598024;CPU0;3524;;UNC_M_CAS_COUNT.RD[UNIT1];10357298;100.00;;"
6903 [140369472239296] INFO perfrun.perfcollector <> - PERF_STAT : "     0.318598024;CPU10;2103;;UNC_M_CAS_COUNT.RD[UNIT1];10356794;100.00;;"
6903 [140369472239296] INFO perfrun.perfcollector <> - PERF_STAT : "     0.318598024;CPU0;3246;;UNC_M_CAS_COUNT.RD[UNIT4];10357350;100.00;;"
6903 [140369472239296] INFO perfrun.perfcollector <> - PERF_STAT : "     0.318598024;CPU10;2299;;UNC_M_CAS_COUNT.RD[UNIT4];10356713;100.00;;"
6903 [140369472239296] INFO perfrun.perfcollector <> - PERF_STAT : "     0.318598024;CPU0;3503;;UNC_M_CAS_COUNT.RD[UNIT5];10357255;100.00;;"
6903 [140369472239296] INFO perfrun.perfcollector <> - PERF_STAT : "     0.318598024;CPU10;2366;;UNC_M_CAS_COUNT.RD[UNIT5];10356740;100.00;;"
6903 [140369472239296] INFO perfrun.perfcollector <> - PERF_STAT : "     0.318598024;CPU0;3265;;UNC_M_CAS_COUNT.WR[UNIT0];10357171;100.00;;"
6903 [140369472239296] INFO perfrun.perfcollector <> - PERF_STAT : "     0.318598024;CPU10;127;;UNC_M_CAS_COUNT.WR[UNIT0];10356623;100.00;;"
6903 [140369472239296] INFO perfrun.perfcollector <> - PERF_STAT : "     0.318598024;CPU0;3613;;UNC_M_CAS_COUNT.WR[UNIT1];10357359;100.00;;"
6903 [140369472239296] INFO perfrun.perfcollector <> - PERF_STAT : "     0.318598024;CPU10;205;;UNC_M_CAS_COUNT.WR[UNIT1];10356600;100.00;;"
6903 [140369472239296] INFO perfrun.perfcollector <> - PERF_STAT : "     0.318598024;CPU0;3211;;UNC_M_CAS_COUNT.WR[UNIT4];10357271;100.00;;"
6903 [140369472239296] INFO perfrun.perfcollector <> - PERF_STAT : "     0.318598024;CPU10;195;;UNC_M_CAS_COUNT.WR[UNIT4];10356623;100.00;;"
6903 [140369472239296] INFO perfrun.perfcollector <> - PERF_STAT : "     0.318598024;CPU0;3630;;UNC_M_CAS_COUNT.WR[UNIT5];10357278;100.00;;"
6903 [140369472239296] INFO perfrun.perfcollector <> - PERF_STAT : "     0.318598024;CPU10;246;;UNC_M_CAS_COUNT.WR[UNIT5];10356631;100.00;;"
6918 [140369472239296] INFO perfrun.perfcollector <> - PERF_STAT : "     0.328953155;CPU0;5096;;UNC_M_CAS_COUNT.RD[UNIT0];15026567;100.00;;"
6918 [140369472239296] INFO perfrun.perfcollector <> - PERF_STAT : "     0.328953155;CPU10;746;;UNC_M_CAS_COUNT.RD[UNIT0];15072867;100.00;;"
6918 [140369472239296] INFO perfrun.perfcollector <> - PERF_STAT : "     0.328953155;CPU0;5874;;UNC_M_CAS_COUNT.RD[UNIT1];15027530;100.00;;"
6918 [140369472239296] INFO perfrun.perfcollector <> - PERF_STAT : "     0.328953155;CPU10;843;;UNC_M_CAS_COUNT.RD[UNIT1];15070053;100.00;;"
6918 [140369472239296] INFO perfrun.perfcollector <> - PERF_STAT : "     0.328953155;CPU0;5191;;UNC_M_CAS_COUNT.RD[UNIT4];15027917;100.00;;"
6918 [140369472239296] INFO perfrun.perfcollector <> - PERF_STAT : "     0.328953155;CPU10;828;;UNC_M_CAS_COUNT.RD[UNIT4];15068187;100.00;;"
6918 [140369472239296] INFO perfrun.perfcollector <> - PERF_STAT : "     0.328953155;CPU0;5924;;UNC_M_CAS_COUNT.RD[UNIT5];15028396;100.00;;"
6918 [140369472239296] INFO perfrun.perfcollector <> - PERF_STAT : "     0.328953155;CPU10;944;;UNC_M_CAS_COUNT.RD[UNIT5];15066234;100.00;;"
6918 [140369472239296] INFO perfrun.perfcollector <> - PERF_STAT : "     0.328953155;CPU0;39856;;UNC_M_CAS_COUNT.WR[UNIT0];15028711;100.00;;"
6918 [140369472239296] INFO perfrun.perfcollector <> - PERF_STAT : "     0.328953155;CPU10;3045;;UNC_M_CAS_COUNT.WR[UNIT0];15064425;100.00;;"
6918 [140369472239296] INFO perfrun.perfcollector <> - PERF_STAT : "     0.328953155;CPU0;40514;;UNC_M_CAS_COUNT.WR[UNIT1];15028874;100.00;;"
6918 [140369472239296] INFO perfrun.perfcollector <> - PERF_STAT : "     0.328953155;CPU10;3213;;UNC_M_CAS_COUNT.WR[UNIT1];15062541;100.00;;"
6918 [140369472239296] INFO perfrun.perfcollector <> - PERF_STAT : "     0.328953155;CPU0;39816;;UNC_M_CAS_COUNT.WR[UNIT4];15029265;100.00;;"
6918 [140369472239296] INFO perfrun.perfcollector <> - PERF_STAT : "     0.328953155;CPU10;3031;;UNC_M_CAS_COUNT.WR[UNIT4];15060747;100.00;;"
6918 [140369472239296] INFO perfrun.perfcollector <> - PERF_STAT : "     0.328953155;CPU0;40527;;UNC_M_CAS_COUNT.WR[UNIT5];15029691;100.00;;"
6918 [140369472239296] INFO perfrun.perfcollector <> - PERF_STAT : "     0.328953155;CPU10;3130;;UNC_M_CAS_COUNT.WR[UNIT5];15058914;100.00;;"
6934 [140369472239296] INFO perfrun.perfcollector <> - PERF_STAT : "     0.343937759;CPU0;1939;;UNC_M_CAS_COUNT.RD[UNIT0];15998109;100.00;;"
6934 [140369472239296] INFO perfrun.perfcollector <> - PERF_STAT : "     0.343937759;CPU10;313;;UNC_M_CAS_COUNT.RD[UNIT0];15988760;100.00;;"
6934 [140369472239296] INFO perfrun.perfcollector <> - PERF_STAT : "     0.343937759;CPU0;2767;;UNC_M_CAS_COUNT.RD[UNIT1];15996908;100.00;;"
6934 [140369472239296] INFO perfrun.perfcollector <> - PERF_STAT : "     0.343937759;CPU10;369;;UNC_M_CAS_COUNT.RD[UNIT1];15991834;100.00;;"
6934 [140369472239296] INFO perfrun.perfcollector <> - PERF_STAT : "     0.343937759;CPU0;1934;;UNC_M_CAS_COUNT.RD[UNIT4];15996568;100.00;;"
6934 [140369472239296] INFO perfrun.perfcollector <> - PERF_STAT : "     0.343937759;CPU10;437;;UNC_M_CAS_COUNT.RD[UNIT4];15993790;100.00;;"
6934 [140369472239296] INFO perfrun.perfcollector <> - PERF_STAT : "     0.343937759;CPU0;2769;;UNC_M_CAS_COUNT.RD[UNIT5];15996155;100.00;;"
6934 [140369472239296] INFO perfrun.perfcollector <> - PERF_STAT : "     0.343937759;CPU10;487;;UNC_M_CAS_COUNT.RD[UNIT5];15995780;100.00;;"
6934 [140369472239296] INFO perfrun.perfcollector <> - PERF_STAT : "     0.343937759;CPU0;1915;;UNC_M_CAS_COUNT.WR[UNIT0];15996070;100.00;;"
6934 [140369472239296] INFO perfrun.perfcollector <> - PERF_STAT : "     0.343937759;CPU10;120;;UNC_M_CAS_COUNT.WR[UNIT0];15997636;100.00;;"
6934 [140369472239296] INFO perfrun.perfcollector <> - PERF_STAT : "     0.343937759;CPU0;2817;;UNC_M_CAS_COUNT.WR[UNIT1];15995806;100.00;;"
6934 [140369472239296] INFO perfrun.perfcollector <> - PERF_STAT : "     0.343937759;CPU10;162;;UNC_M_CAS_COUNT.WR[UNIT1];15999563;100.00;;"
6934 [140369472239296] INFO perfrun.perfcollector <> - PERF_STAT : "     0.343937759;CPU0;1858;;UNC_M_CAS_COUNT.WR[UNIT4];15995597;100.00;;"
6934 [140369472239296] INFO perfrun.perfcollector <> - PERF_STAT : "     0.343937759;CPU10;123;;UNC_M_CAS_COUNT.WR[UNIT4];16001431;100.00;;"
6934 [140369472239296] INFO perfrun.perfcollector <> - PERF_STAT : "     0.343937759;CPU0;2698;;UNC_M_CAS_COUNT.WR[UNIT5];15995256;100.00;;"
6934 [140369472239296] INFO perfrun.perfcollector <> - PERF_STAT : "     0.343937759;CPU10;173;;UNC_M_CAS_COUNT.WR[UNIT5];16003290;100.00;;"
6950 [140369472239296] INFO perfrun.perfcollector <> - PERF_STAT : "     0.360022014;CPU0;2786;;UNC_M_CAS_COUNT.RD[UNIT0];16015301;100.00;;"
6950 [140369472239296] INFO perfrun.perfcollector <> - PERF_STAT : "     0.360022014;CPU10;1866;;UNC_M_CAS_COUNT.RD[UNIT0];16012316;100.00;;"
6950 [140369472239296] INFO perfrun.perfcollector <> - PERF_STAT : "     0.360022014;CPU0;3670;;UNC_M_CAS_COUNT.RD[UNIT1];16015358;100.00;;"
6950 [140369472239296] INFO perfrun.perfcollector <> - PERF_STAT : "     0.360022014;CPU10;2030;;UNC_M_CAS_COUNT.RD[UNIT1];16012396;100.00;;"
6950 [140369472239296] INFO perfrun.perfcollector <> - PERF_STAT : "     0.360022014;CPU0;2760;;UNC_M_CAS_COUNT.RD[UNIT4];16015366;100.00;;"
6950 [140369472239296] INFO perfrun.perfcollector <> - PERF_STAT : "     0.360022014;CPU10;2120;;UNC_M_CAS_COUNT.RD[UNIT4];16012323;100.00;;"
6950 [140369472239296] INFO perfrun.perfcollector <> - PERF_STAT : "     0.360022014;CPU0;3624;;UNC_M_CAS_COUNT.RD[UNIT5];16015411;100.00;;"
6950 [140369472239296] INFO perfrun.perfcollector <> - PERF_STAT : "     0.360022014;CPU10;2302;;UNC_M_CAS_COUNT.RD[UNIT5];16012332;100.00;;"
6950 [140369472239296] INFO perfrun.perfcollector <> - PERF_STAT : "     0.360022014;CPU0;3544;;UNC_M_CAS_COUNT.WR[UNIT0];16015326;100.00;;"
6950 [140369472239296] INFO perfrun.perfcollector <> - PERF_STAT : "     0.360022014;CPU10;242;;UNC_M_CAS_COUNT.WR[UNIT0];16012493;100.00;;"
6950 [140369472239296] INFO perfrun.perfcollector <> - PERF_STAT : "     0.360022014;CPU0;4219;;UNC_M_CAS_COUNT.WR[UNIT1];16015277;100.00;;"
6950 [140369472239296] INFO perfrun.perfcollector <> - PERF_STAT : "     0.360022014;CPU10;414;;UNC_M_CAS_COUNT.WR[UNIT1];16012526;100.00;;"
6950 [140369472239296] INFO perfrun.perfcollector <> - PERF_STAT : "     0.360022014;CPU0;3429;;UNC_M_CAS_COUNT.WR[UNIT4];16015193;100.00;;"
6950 [140369472239296] INFO perfrun.perfcollector <> - PERF_STAT : "     0.360022014;CPU10;289;;UNC_M_CAS_COUNT.WR[UNIT4];16012493;100.00;;"
6950 [140369472239296] INFO perfrun.perfcollector <> - PERF_STAT : "     0.360022014;CPU0;4318;;UNC_M_CAS_COUNT.WR[UNIT5];16015228;100.00;;"
6950 [140369472239296] INFO perfrun.perfcollector <> - PERF_STAT : "     0.360022014;CPU10;423;;UNC_M_CAS_COUNT.WR[UNIT5];16012500;100.00;;"
6970 [140369472239296] INFO perfrun.perfcollector <> - PERF_STAT : "     0.376031556;CPU0;2574;;UNC_M_CAS_COUNT.RD[UNIT0];19972318;100.00;;"
6970 [140369472239296] INFO perfrun.perfcollector <> - PERF_STAT : "     0.376031556;CPU10;656;;UNC_M_CAS_COUNT.RD[UNIT0];19959065;100.00;;"
6970 [140369472239296] INFO perfrun.perfcollector <> - PERF_STAT : "     0.376031556;CPU0;3627;;UNC_M_CAS_COUNT.RD[UNIT1];19972435;100.00;;"
6970 [140369472239296] INFO perfrun.perfcollector <> - PERF_STAT : "     0.376031556;CPU10;738;;UNC_M_CAS_COUNT.RD[UNIT1];19956083;100.00;;"
6970 [140369472239296] INFO perfrun.perfcollector <> - PERF_STAT : "     0.376031556;CPU0;2594;;UNC_M_CAS_COUNT.RD[UNIT4];19972396;100.00;;"
6970 [140369472239296] INFO perfrun.perfcollector <> - PERF_STAT : "     0.376031556;CPU10;784;;UNC_M_CAS_COUNT.RD[UNIT4];19954298;100.00;;"
6970 [140369472239296] INFO perfrun.perfcollector <> - PERF_STAT : "     0.376031556;CPU0;3615;;UNC_M_CAS_COUNT.RD[UNIT5];19972397;100.00;;"
6970 [140369472239296] INFO perfrun.perfcollector <> - PERF_STAT : "     0.376031556;CPU10;866;;UNC_M_CAS_COUNT.RD[UNIT5];19952384;100.00;;"
6970 [140369472239296] INFO perfrun.perfcollector <> - PERF_STAT : "     0.376031556;CPU0;2950;;UNC_M_CAS_COUNT.WR[UNIT0];19972205;100.00;;"
6970 [140369472239296] INFO perfrun.perfcollector <> - PERF_STAT : "     0.376031556;CPU10;134;;UNC_M_CAS_COUNT.WR[UNIT0];19950383;100.00;;"
6970 [140369472239296] INFO perfrun.perfcollector <> - PERF_STAT : "     0.376031556;CPU0;3989;;UNC_M_CAS_COUNT.WR[UNIT1];19972109;100.00;;"
6970 [140369472239296] INFO perfrun.perfcollector <> - PERF_STAT : "     0.376031556;CPU10;192;;UNC_M_CAS_COUNT.WR[UNIT1];19948458;100.00;;"
6970 [140369472239296] INFO perfrun.perfcollector <> - PERF_STAT : "     0.376031556;CPU0;2946;;UNC_M_CAS_COUNT.WR[UNIT4];19971934;100.00;;"
6970 [140369472239296] INFO perfrun.perfcollector <> - PERF_STAT : "     0.376031556;CPU10;165;;UNC_M_CAS_COUNT.WR[UNIT4];19946657;100.00;;"
6970 [140369472239296] INFO perfrun.perfcollector <> - PERF_STAT : "     0.376031556;CPU0;3954;;UNC_M_CAS_COUNT.WR[UNIT5];19971783;100.00;;"
6970 [140369472239296] INFO perfrun.perfcollector <> - PERF_STAT : "     0.376031556;CPU10;199;;UNC_M_CAS_COUNT.WR[UNIT5];19944852;100.00;;"
6990 [140369472239296] INFO perfrun.perfcollector <> - PERF_STAT : "     0.395922799;CPU0;2557;;UNC_M_CAS_COUNT.RD[UNIT0];20000365;100.00;;"
6990 [140369472239296] INFO perfrun.perfcollector <> - PERF_STAT : "     0.395922799;CPU10;430;;UNC_M_CAS_COUNT.RD[UNIT0];20016820;100.00;;"
6990 [140369472239296] INFO perfrun.perfcollector <> - PERF_STAT : "     0.395922799;CPU0;3595;;UNC_M_CAS_COUNT.RD[UNIT1];20000167;100.00;;"
6990 [140369472239296] INFO perfrun.perfcollector <> - PERF_STAT : "     0.395922799;CPU10;448;;UNC_M_CAS_COUNT.RD[UNIT1];20019921;100.00;;"
6990 [140369472239296] INFO perfrun.perfcollector <> - PERF_STAT : "     0.395922799;CPU0;2588;;UNC_M_CAS_COUNT.RD[UNIT4];20000108;100.00;;"
6990 [140369472239296] INFO perfrun.perfcollector <> - PERF_STAT : "     0.395922799;CPU10;467;;UNC_M_CAS_COUNT.RD[UNIT4];20022010;100.00;;"
6990 [140369472239296] INFO perfrun.perfcollector <> - PERF_STAT : "     0.395922799;CPU0;3634;;UNC_M_CAS_COUNT.RD[UNIT5];20000098;100.00;;"
6990 [140369472239296] INFO perfrun.perfcollector <> - PERF_STAT : "     0.395922799;CPU10;526;;UNC_M_CAS_COUNT.RD[UNIT5];20023992;100.00;;"
6990 [140369472239296] INFO perfrun.perfcollector <> - PERF_STAT : "     0.395922799;CPU0;2589;;UNC_M_CAS_COUNT.WR[UNIT0];20000077;100.00;;"
6990 [140369472239296] INFO perfrun.perfcollector <> - PERF_STAT : "     0.395922799;CPU10;125;;UNC_M_CAS_COUNT.WR[UNIT0];20026142;100.00;;"
6990 [140369472239296] INFO perfrun.perfcollector <> - PERF_STAT : "     0.395922799;CPU0;3675;;UNC_M_CAS_COUNT.WR[UNIT1];20000025;100.00;;"
6990 [140369472239296] INFO perfrun.perfcollector <> - PERF_STAT : "     0.395922799;CPU10;183;;UNC_M_CAS_COUNT.WR[UNIT1];20028138;100.00;;"
6990 [140369472239296] INFO perfrun.perfcollector <> - PERF_STAT : "     0.395922799;CPU0;2654;;UNC_M_CAS_COUNT.WR[UNIT4];20000033;100.00;;"
6990 [140369472239296] INFO perfrun.perfcollector <> - PERF_STAT : "     0.395922799;CPU10;146;;UNC_M_CAS_COUNT.WR[UNIT4];20030004;100.00;;"
6990 [140369472239296] INFO perfrun.perfcollector <> - PERF_STAT : "     0.395922799;CPU0;3763;;UNC_M_CAS_COUNT.WR[UNIT5];20000015;100.00;;"
6990 [140369472239296] INFO perfrun.perfcollector <> - PERF_STAT : "     0.395922799;CPU10;226;;UNC_M_CAS_COUNT.WR[UNIT5];20031897;100.00;;"
7006 [140369472239296] INFO perfrun.perfcollector <> - PERF_STAT : "     0.415985953;CPU0;2114;;UNC_M_CAS_COUNT.RD[UNIT0];16000003;100.00;;"
7006 [140369472239296] INFO perfrun.perfcollector <> - PERF_STAT : "     0.415985953;CPU10;335;;UNC_M_CAS_COUNT.RD[UNIT0];16003085;100.00;;"
7006 [140369472239296] INFO perfrun.perfcollector <> - PERF_STAT : "     0.415985953;CPU0;2960;;UNC_M_CAS_COUNT.RD[UNIT1];15999969;100.00;;"
7006 [140369472239296] INFO perfrun.perfcollector <> - PERF_STAT : "     0.415985953;CPU10;337;;UNC_M_CAS_COUNT.RD[UNIT1];16003189;100.00;;"
7006 [140369472239296] INFO perfrun.perfcollector <> - PERF_STAT : "     0.415985953;CPU0;2153;;UNC_M_CAS_COUNT.RD[UNIT4];16000021;100.00;;"
7006 [140369472239296] INFO perfrun.perfcollector <> - PERF_STAT : "     0.415985953;CPU10;380;;UNC_M_CAS_COUNT.RD[UNIT4];16003039;100.00;;"
7006 [140369472239296] INFO perfrun.perfcollector <> - PERF_STAT : "     0.415985953;CPU0;2973;;UNC_M_CAS_COUNT.RD[UNIT5];15999926;100.00;;"
7006 [140369472239296] INFO perfrun.perfcollector <> - PERF_STAT : "     0.415985953;CPU10;423;;UNC_M_CAS_COUNT.RD[UNIT5];16003142;100.00;;"
7006 [140369472239296] INFO perfrun.perfcollector <> - PERF_STAT : "     0.415985953;CPU0;2154;;UNC_M_CAS_COUNT.WR[UNIT0];15999924;100.00;;"
7006 [140369472239296] INFO perfrun.perfcollector <> - PERF_STAT : "     0.415985953;CPU10;93;;UNC_M_CAS_COUNT.WR[UNIT0];16003075;100.00;;"
7006 [140369472239296] INFO perfrun.perfcollector <> - PERF_STAT : "     0.415985953;CPU0;2994;;UNC_M_CAS_COUNT.WR[UNIT1];16000021;100.00;;"
7006 [140369472239296] INFO perfrun.perfcollector <> - PERF_STAT : "     0.415985953;CPU10;144;;UNC_M_CAS_COUNT.WR[UNIT1];16003035;100.00;;"
7006 [140369472239296] INFO perfrun.perfcollector <> - PERF_STAT : "     0.415985953;CPU0;2121;;UNC_M_CAS_COUNT.WR[UNIT4];16000024;100.00;;"
7006 [140369472239296] INFO perfrun.perfcollector <> - PERF_STAT : "     0.415985953;CPU10;95;;UNC_M_CAS_COUNT.WR[UNIT4];16003086;100.00;;"
7006 [140369472239296] INFO perfrun.perfcollector <> - PERF_STAT : "     0.415985953;CPU0;2991;;UNC_M_CAS_COUNT.WR[UNIT5];16000014;100.00;;"
7006 [140369472239296] INFO perfrun.perfcollector <> - PERF_STAT : "     0.415985953;CPU10;150;;UNC_M_CAS_COUNT.WR[UNIT5];16003125;100.00;;"
7022 [140369472239296] INFO perfrun.perfcollector <> - PERF_STAT : "     0.432013158;CPU0;3386;;UNC_M_CAS_COUNT.RD[UNIT0];16014302;100.00;;"
7026 [140369472239296] INFO perfrun.perfcollector <> - PERF_STAT : "     0.432013158;CPU10;439;;UNC_M_CAS_COUNT.RD[UNIT0];16014795;100.00;;"
7026 [140369472239296] INFO perfrun.perfcollector <> - PERF_STAT : "     0.432013158;CPU0;4095;;UNC_M_CAS_COUNT.RD[UNIT1];16014481;100.00;;"
7026 [140369472239296] INFO perfrun.perfcollector <> - PERF_STAT : "     0.432013158;CPU10;478;;UNC_M_CAS_COUNT.RD[UNIT1];16015126;100.00;;"
7026 [140369472239296] INFO perfrun.perfcollector <> - PERF_STAT : "     0.432013158;CPU0;3430;;UNC_M_CAS_COUNT.RD[UNIT4];16014524;100.00;;"
7026 [140369472239296] INFO perfrun.perfcollector <> - PERF_STAT : "     0.432013158;CPU10;492;;UNC_M_CAS_COUNT.RD[UNIT4];16015209;100.00;;"
7026 [140369472239296] INFO perfrun.perfcollector <> - PERF_STAT : "     0.432013158;CPU0;4073;;UNC_M_CAS_COUNT.RD[UNIT5];16014669;100.00;;"
7026 [140369472239296] INFO perfrun.perfcollector <> - PERF_STAT : "     0.432013158;CPU10;562;;UNC_M_CAS_COUNT.RD[UNIT5];16015229;100.00;;"
7026 [140369472239296] INFO perfrun.perfcollector <> - PERF_STAT : "     0.432013158;CPU0;2469;;UNC_M_CAS_COUNT.WR[UNIT0];16014766;100.00;;"
7026 [140369472239296] INFO perfrun.perfcollector <> - PERF_STAT : "     0.432013158;CPU10;137;;UNC_M_CAS_COUNT.WR[UNIT0];16015212;100.00;;"
7026 [140369472239296] INFO perfrun.perfcollector <> - PERF_STAT : "     0.432013158;CPU0;3321;;UNC_M_CAS_COUNT.WR[UNIT1];16014764;100.00;;"
7026 [140369472239296] INFO perfrun.perfcollector <> - PERF_STAT : "     0.432013158;CPU10;228;;UNC_M_CAS_COUNT.WR[UNIT1];16015242;100.00;;"
7026 [140369472239296] INFO perfrun.perfcollector <> - PERF_STAT : "     0.432013158;CPU0;2432;;UNC_M_CAS_COUNT.WR[UNIT4];16014859;100.00;;"
7026 [140369472239296] INFO perfrun.perfcollector <> - PERF_STAT : "     0.432013158;CPU10;155;;UNC_M_CAS_COUNT.WR[UNIT4];16015226;100.00;;"
7026 [140369472239296] INFO perfrun.perfcollector <> - PERF_STAT : "     0.432013158;CPU0;3297;;UNC_M_CAS_COUNT.WR[UNIT5];16014977;100.00;;"
7026 [140369472239296] INFO perfrun.perfcollector <> - PERF_STAT : "     0.432013158;CPU10;268;;UNC_M_CAS_COUNT.WR[UNIT5];16022023;100.00;;"
7042 [140369472239296] INFO perfrun.perfcollector <> - PERF_STAT : "     0.448019917;CPU0;6169;;UNC_M_CAS_COUNT.RD[UNIT0];19996792;100.00;;"
7042 [140369472239296] INFO perfrun.perfcollector <> - PERF_STAT : "     0.448019917;CPU10;3650;;UNC_M_CAS_COUNT.RD[UNIT0];20003869;100.00;;"
7042 [140369472239296] INFO perfrun.perfcollector <> - PERF_STAT : "     0.448019917;CPU0;7204;;UNC_M_CAS_COUNT.RD[UNIT1];19996876;100.00;;"
7042 [140369472239296] INFO perfrun.perfcollector <> - PERF_STAT : "     0.448019917;CPU10;3879;;UNC_M_CAS_COUNT.RD[UNIT1];20000882;100.00;;"
7042 [140369472239296] INFO perfrun.perfcollector <> - PERF_STAT : "     0.448019917;CPU0;6227;;UNC_M_CAS_COUNT.RD[UNIT4];19997225;100.00;;"
7042 [140369472239296] INFO perfrun.perfcollector <> - PERF_STAT : "     0.448019917;CPU10;3726;;UNC_M_CAS_COUNT.RD[UNIT4];19999023;100.00;;"
7042 [140369472239296] INFO perfrun.perfcollector <> - PERF_STAT : "     0.448019917;CPU0;7260;;UNC_M_CAS_COUNT.RD[UNIT5];19997287;100.00;;"
7042 [140369472239296] INFO perfrun.perfcollector <> - PERF_STAT : "     0.448019917;CPU10;3943;;UNC_M_CAS_COUNT.RD[UNIT5];19997211;100.00;;"
7042 [140369472239296] INFO perfrun.perfcollector <> - PERF_STAT : "     0.448019917;CPU0;8221;;UNC_M_CAS_COUNT.WR[UNIT0];19997559;100.00;;"
7042 [140369472239296] INFO perfrun.perfcollector <> - PERF_STAT : "     0.448019917;CPU10;198;;UNC_M_CAS_COUNT.WR[UNIT0];19995381;100.00;;"
7042 [140369472239296] INFO perfrun.perfcollector <> - PERF_STAT : "     0.448019917;CPU0;9234;;UNC_M_CAS_COUNT.WR[UNIT1];19997465;100.00;;"
7042 [140369472239296] INFO perfrun.perfcollector <> - PERF_STAT : "     0.448019917;CPU10;387;;UNC_M_CAS_COUNT.WR[UNIT1];19993658;100.00;;"
7042 [140369472239296] INFO perfrun.perfcollector <> - PERF_STAT : "     0.448019917;CPU0;8297;;UNC_M_CAS_COUNT.WR[UNIT4];19997486;100.00;;"
7042 [140369472239296] INFO perfrun.perfcollector <> - PERF_STAT : "     0.448019917;CPU10;241;;UNC_M_CAS_COUNT.WR[UNIT4];19991934;100.00;;"
7042 [140369472239296] INFO perfrun.perfcollector <> - PERF_STAT : "     0.448019917;CPU0;9326;;UNC_M_CAS_COUNT.WR[UNIT5];19997475;100.00;;"
7042 [140369472239296] INFO perfrun.perfcollector <> - PERF_STAT : "     0.448019917;CPU10;398;;UNC_M_CAS_COUNT.WR[UNIT5];19983439;100.00;;"
7056 [140369472239296] INFO perfrun.perfcollector <> - PERF_STAT : "     0.467949308;CPU0;2202;;UNC_M_CAS_COUNT.RD[UNIT0];14322532;100.00;;"
7056 [140369472239296] INFO perfrun.perfcollector <> - PERF_STAT : "     0.467949308;CPU10;331;;UNC_M_CAS_COUNT.RD[UNIT0];14320521;100.00;;"
7056 [140369472239296] INFO perfrun.perfcollector <> - PERF_STAT : "     0.467949308;CPU0;2923;;UNC_M_CAS_COUNT.RD[UNIT1];14322419;100.00;;"
7056 [140369472239296] INFO perfrun.perfcollector <> - PERF_STAT : "     0.467949308;CPU10;383;;UNC_M_CAS_COUNT.RD[UNIT1];14320611;100.00;;"
7056 [140369472239296] INFO perfrun.perfcollector <> - PERF_STAT : "     0.467949308;CPU0;2188;;UNC_M_CAS_COUNT.RD[UNIT4];14322064;100.00;;"
7056 [140369472239296] INFO perfrun.perfcollector <> - PERF_STAT : "     0.467949308;CPU10;345;;UNC_M_CAS_COUNT.RD[UNIT4];14320753;100.00;;"
7056 [140369472239296] INFO perfrun.perfcollector <> - PERF_STAT : "     0.467949308;CPU0;2864;;UNC_M_CAS_COUNT.RD[UNIT5];14321907;100.00;;"
7056 [140369472239296] INFO perfrun.perfcollector <> - PERF_STAT : "     0.467949308;CPU10;412;;UNC_M_CAS_COUNT.RD[UNIT5];14320867;100.00;;"
7056 [140369472239296] INFO perfrun.perfcollector <> - PERF_STAT : "     0.467949308;CPU0;2194;;UNC_M_CAS_COUNT.WR[UNIT0];14321561;100.00;;"
7056 [140369472239296] INFO perfrun.perfcollector <> - PERF_STAT : "     0.467949308;CPU10;67;;UNC_M_CAS_COUNT.WR[UNIT0];14320916;100.00;;"
7056 [140369472239296] INFO perfrun.perfcollector <> - PERF_STAT : "     0.467949308;CPU0;2902;;UNC_M_CAS_COUNT.WR[UNIT1];14321578;100.00;;"
7056 [140369472239296] INFO perfrun.perfcollector <> - PERF_STAT : "     0.467949308;CPU10;115;;UNC_M_CAS_COUNT.WR[UNIT1];14320855;100.00;;"
7056 [140369472239296] INFO perfrun.perfcollector <> - PERF_STAT : "     0.467949308;CPU0;2213;;UNC_M_CAS_COUNT.WR[UNIT4];14321594;100.00;;"
7056 [140369472239296] INFO perfrun.perfcollector <> - PERF_STAT : "     0.467949308;CPU10;70;;UNC_M_CAS_COUNT.WR[UNIT4];14320898;100.00;;"
7056 [140369472239296] INFO perfrun.perfcollector <> - PERF_STAT : "     0.467949308;CPU0;2985;;UNC_M_CAS_COUNT.WR[UNIT5];14321520;100.00;;"
7056 [140369472239296] INFO perfrun.perfcollector <> - PERF_STAT : "     0.467949308;CPU10;142;;UNC_M_CAS_COUNT.WR[UNIT5];14320926;100.00;;"
7070 [140369472239296] INFO perfrun.perfcollector <> - PERF_STAT : "     0.482294820;CPU0;1946;;UNC_M_CAS_COUNT.RD[UNIT0];13686110;100.00;;"
7070 [140369472239296] INFO perfrun.perfcollector <> - PERF_STAT : "     0.482294820;CPU10;651;;UNC_M_CAS_COUNT.RD[UNIT0];13691793;100.00;;"
7070 [140369472239296] INFO perfrun.perfcollector <> - PERF_STAT : "     0.482294820;CPU0;2653;;UNC_M_CAS_COUNT.RD[UNIT1];13686046;100.00;;"
7070 [140369472239296] INFO perfrun.perfcollector <> - PERF_STAT : "     0.482294820;CPU10;815;;UNC_M_CAS_COUNT.RD[UNIT1];13695001;100.00;;"
7070 [140369472239296] INFO perfrun.perfcollector <> - PERF_STAT : "     0.482294820;CPU0;2028;;UNC_M_CAS_COUNT.RD[UNIT4];13686018;100.00;;"
7070 [140369472239296] INFO perfrun.perfcollector <> - PERF_STAT : "     0.482294820;CPU10;912;;UNC_M_CAS_COUNT.RD[UNIT4];13696911;100.00;;"
7070 [140369472239296] INFO perfrun.perfcollector <> - PERF_STAT : "     0.482294820;CPU0;2728;;UNC_M_CAS_COUNT.RD[UNIT5];13686024;100.00;;"
7070 [140369472239296] INFO perfrun.perfcollector <> - PERF_STAT : "     0.482294820;CPU10;1094;;UNC_M_CAS_COUNT.RD[UNIT5];13698940;100.00;;"
7070 [140369472239296] INFO perfrun.perfcollector <> - PERF_STAT : "     0.482294820;CPU0;1782;;UNC_M_CAS_COUNT.WR[UNIT0];13686047;100.00;;"
7070 [140369472239296] INFO perfrun.perfcollector <> - PERF_STAT : "     0.482294820;CPU10;174;;UNC_M_CAS_COUNT.WR[UNIT0];13700902;100.00;;"
7070 [140369472239296] INFO perfrun.perfcollector <> - PERF_STAT : "     0.482294820;CPU0;2521;;UNC_M_CAS_COUNT.WR[UNIT1];13685956;100.00;;"
7070 [140369472239296] INFO perfrun.perfcollector <> - PERF_STAT : "     0.482294820;CPU10;326;;UNC_M_CAS_COUNT.WR[UNIT1];13702865;100.00;;"
7070 [140369472239296] INFO perfrun.perfcollector <> - PERF_STAT : "     0.482294820;CPU0;1834;;UNC_M_CAS_COUNT.WR[UNIT4];13685884;100.00;;"
7070 [140369472239296] INFO perfrun.perfcollector <> - PERF_STAT : "     0.482294820;CPU10;323;;UNC_M_CAS_COUNT.WR[UNIT4];13704739;100.00;;"
7070 [140369472239296] INFO perfrun.perfcollector <> - PERF_STAT : "     0.482294820;CPU0;2571;;UNC_M_CAS_COUNT.WR[UNIT5];13686004;100.00;;"
7070 [140369472239296] INFO perfrun.perfcollector <> - PERF_STAT : "     0.482294820;CPU10;489;;UNC_M_CAS_COUNT.WR[UNIT5];13706663;100.00;;"
7086 [140369472239296] INFO perfrun.perfcollector <> - PERF_STAT : "     0.496052562;CPU0;2176;;UNC_M_CAS_COUNT.RD[UNIT0];15986166;100.00;;"
7086 [140369472239296] INFO perfrun.perfcollector <> - PERF_STAT : "     0.496052562;CPU10;121;;UNC_M_CAS_COUNT.RD[UNIT0];15978541;100.00;;"
7086 [140369472239296] INFO perfrun.perfcollector <> - PERF_STAT : "     0.496052562;CPU0;3013;;UNC_M_CAS_COUNT.RD[UNIT1];15986131;100.00;;"
7086 [140369472239296] INFO perfrun.perfcollector <> - PERF_STAT : "     0.496052562;CPU10;154;;UNC_M_CAS_COUNT.RD[UNIT1];15978523;100.00;;"
7086 [140369472239296] INFO perfrun.perfcollector <> - PERF_STAT : "     0.496052562;CPU0;2196;;UNC_M_CAS_COUNT.RD[UNIT4];15986221;100.00;;"
7086 [140369472239296] INFO perfrun.perfcollector <> - PERF_STAT : "     0.496052562;CPU10;131;;UNC_M_CAS_COUNT.RD[UNIT4];15978570;100.00;;"
7086 [140369472239296] INFO perfrun.perfcollector <> - PERF_STAT : "     0.496052562;CPU0;3045;;UNC_M_CAS_COUNT.RD[UNIT5];15986229;100.00;;"
7086 [140369472239296] INFO perfrun.perfcollector <> - PERF_STAT : "     0.496052562;CPU10;190;;UNC_M_CAS_COUNT.RD[UNIT5];15978459;100.00;;"
7086 [140369472239296] INFO perfrun.perfcollector <> - PERF_STAT : "     0.496052562;CPU0;1945;;UNC_M_CAS_COUNT.WR[UNIT0];15986251;100.00;;"
7086 [140369472239296] INFO perfrun.perfcollector <> - PERF_STAT : "     0.496052562;CPU10;45;;UNC_M_CAS_COUNT.WR[UNIT0];15978449;100.00;;"
7086 [140369472239296] INFO perfrun.perfcollector <> - PERF_STAT : "     0.496052562;CPU0;2770;;UNC_M_CAS_COUNT.WR[UNIT1];15986382;100.00;;"
7086 [140369472239296] INFO perfrun.perfcollector <> - PERF_STAT : "     0.496052562;CPU10;102;;UNC_M_CAS_COUNT.WR[UNIT1];15978441;100.00;;"
7086 [140369472239296] INFO perfrun.perfcollector <> - PERF_STAT : "     0.496052562;CPU0;1977;;UNC_M_CAS_COUNT.WR[UNIT4];15986622;100.00;;"
7086 [140369472239296] INFO perfrun.perfcollector <> - PERF_STAT : "     0.496052562;CPU10;55;;UNC_M_CAS_COUNT.WR[UNIT4];15978417;100.00;;"
7086 [140369472239296] INFO perfrun.perfcollector <> - PERF_STAT : "     0.496052562;CPU0;2890;;UNC_M_CAS_COUNT.WR[UNIT5];15986524;100.00;;"
7086 [140369472239296] INFO perfrun.perfcollector <> - PERF_STAT : "     0.496052562;CPU10;112;;UNC_M_CAS_COUNT.WR[UNIT5];15978440;100.00;;"
7102 [140369472239296] INFO perfrun.perfcollector <> - PERF_STAT : "     0.512036587;CPU0;2202;;UNC_M_CAS_COUNT.RD[UNIT0];16006054;100.00;;"
7102 [140369472239296] INFO perfrun.perfcollector <> - PERF_STAT : "     0.512036587;CPU10;413;;UNC_M_CAS_COUNT.RD[UNIT0];16006232;100.00;;"
7102 [140369472239296] INFO perfrun.perfcollector <> - PERF_STAT : "     0.512036587;CPU0;3028;;UNC_M_CAS_COUNT.RD[UNIT1];16006174;100.00;;"
7102 [140369472239296] INFO perfrun.perfcollector <> - PERF_STAT : "     0.512036587;CPU10;493;;UNC_M_CAS_COUNT.RD[UNIT1];16006183;100.00;;"
7102 [140369472239296] INFO perfrun.perfcollector <> - PERF_STAT : "     0.512036587;CPU0;2214;;UNC_M_CAS_COUNT.RD[UNIT4];16006449;100.00;;"
7102 [140369472239296] INFO perfrun.perfcollector <> - PERF_STAT : "     0.512036587;CPU10;518;;UNC_M_CAS_COUNT.RD[UNIT4];16006263;100.00;;"
7102 [140369472239296] INFO perfrun.perfcollector <> - PERF_STAT : "     0.512036587;CPU0;3077;;UNC_M_CAS_COUNT.RD[UNIT5];16006535;100.00;;"
7102 [140369472239296] INFO perfrun.perfcollector <> - PERF_STAT : "     0.512036587;CPU10;630;;UNC_M_CAS_COUNT.RD[UNIT5];16006373;100.00;;"
7102 [140369472239296] INFO perfrun.perfcollector <> - PERF_STAT : "     0.512036587;CPU0;2101;;UNC_M_CAS_COUNT.WR[UNIT0];16006605;100.00;;"
7102 [140369472239296] INFO perfrun.perfcollector <> - PERF_STAT : "     0.512036587;CPU10;77;;UNC_M_CAS_COUNT.WR[UNIT0];16006690;100.00;;"
7102 [140369472239296] INFO perfrun.perfcollector <> - PERF_STAT : "     0.512036587;CPU0;2958;;UNC_M_CAS_COUNT.WR[UNIT1];16006678;100.00;;"
7102 [140369472239296] INFO perfrun.perfcollector <> - PERF_STAT : "     0.512036587;CPU10;145;;UNC_M_CAS_COUNT.WR[UNIT1];16006716;100.00;;"
7102 [140369472239296] INFO perfrun.perfcollector <> - PERF_STAT : "     0.512036587;CPU0;2117;;UNC_M_CAS_COUNT.WR[UNIT4];16006513;100.00;;"
7102 [140369472239296] INFO perfrun.perfcollector <> - PERF_STAT : "     0.512036587;CPU10;87;;UNC_M_CAS_COUNT.WR[UNIT4];16006749;100.00;;"
7102 [140369472239296] INFO perfrun.perfcollector <> - PERF_STAT : "     0.512036587;CPU0;2850;;UNC_M_CAS_COUNT.WR[UNIT5];16006619;100.00;;"
7102 [140369472239296] INFO perfrun.perfcollector <> - PERF_STAT : "     0.512036587;CPU10;175;;UNC_M_CAS_COUNT.WR[UNIT5];16006756;100.00;;"
7118 [140369472239296] INFO perfrun.perfcollector <> - PERF_STAT : "     0.528025899;CPU0;2318;;UNC_M_CAS_COUNT.RD[UNIT0];16016808;100.00;;"
7118 [140369472239296] INFO perfrun.perfcollector <> - PERF_STAT : "     0.528025899;CPU10;157;;UNC_M_CAS_COUNT.RD[UNIT0];16015242;100.00;;"
7118 [140369472239296] INFO perfrun.perfcollector <> - PERF_STAT : "     0.528025899;CPU0;3138;;UNC_M_CAS_COUNT.RD[UNIT1];16016538;100.00;;"
7118 [140369472239296] INFO perfrun.perfcollector <> - PERF_STAT : "     0.528025899;CPU10;170;;UNC_M_CAS_COUNT.RD[UNIT1];16015282;100.00;;"
7118 [140369472239296] INFO perfrun.perfcollector <> - PERF_STAT : "     0.528025899;CPU0;2275;;UNC_M_CAS_COUNT.RD[UNIT4];16016160;100.00;;"
7118 [140369472239296] INFO perfrun.perfcollector <> - PERF_STAT : "     0.528025899;CPU10;185;;UNC_M_CAS_COUNT.RD[UNIT4];16015316;100.00;;"
7118 [140369472239296] INFO perfrun.perfcollector <> - PERF_STAT : "     0.528025899;CPU0;3118;;UNC_M_CAS_COUNT.RD[UNIT5];16016067;100.00;;"
7118 [140369472239296] INFO perfrun.perfcollector <> - PERF_STAT : "     0.528025899;CPU10;231;;UNC_M_CAS_COUNT.RD[UNIT5];16015259;100.00;;"
7118 [140369472239296] INFO perfrun.perfcollector <> - PERF_STAT : "     0.528025899;CPU0;2044;;UNC_M_CAS_COUNT.WR[UNIT0];16015972;100.00;;"
7118 [140369472239296] INFO perfrun.perfcollector <> - PERF_STAT : "     0.528025899;CPU10;61;;UNC_M_CAS_COUNT.WR[UNIT0];16014989;100.00;;"
7118 [140369472239296] INFO perfrun.perfcollector <> - PERF_STAT : "     0.528025899;CPU0;2823;;UNC_M_CAS_COUNT.WR[UNIT1];16015886;100.00;;"
7118 [140369472239296] INFO perfrun.perfcollector <> - PERF_STAT : "     0.528025899;CPU10;99;;UNC_M_CAS_COUNT.WR[UNIT1];16015011;100.00;;"
7118 [140369472239296] INFO perfrun.perfcollector <> - PERF_STAT : "     0.528025899;CPU0;2036;;UNC_M_CAS_COUNT.WR[UNIT4];16015920;100.00;;"
7118 [140369472239296] INFO perfrun.perfcollector <> - PERF_STAT : "     0.528025899;CPU10;88;;UNC_M_CAS_COUNT.WR[UNIT4];16015009;100.00;;"
7118 [140369472239296] INFO perfrun.perfcollector <> - PERF_STAT : "     0.528025899;CPU0;2791;;UNC_M_CAS_COUNT.WR[UNIT5];16015836;100.00;;"
7118 [140369472239296] INFO perfrun.perfcollector <> - PERF_STAT : "     0.528025899;CPU10;134;;UNC_M_CAS_COUNT.WR[UNIT5];16014999;100.00;;"
7134 [140369472239296] INFO perfrun.perfcollector <> - PERF_STAT : "     0.544051625;CPU0;3059;;UNC_M_CAS_COUNT.RD[UNIT0];15976338;100.00;;"
7134 [140369472239296] INFO perfrun.perfcollector <> - PERF_STAT : "     0.544051625;CPU10;184;;UNC_M_CAS_COUNT.RD[UNIT0];15978160;100.00;;"
7134 [140369472239296] INFO perfrun.perfcollector <> - PERF_STAT : "     0.544051625;CPU0;3816;;UNC_M_CAS_COUNT.RD[UNIT1];15976475;100.00;;"
7134 [140369472239296] INFO perfrun.perfcollector <> - PERF_STAT : "     0.544051625;CPU10;255;;UNC_M_CAS_COUNT.RD[UNIT1];15978197;100.00;;"
7134 [140369472239296] INFO perfrun.perfcollector <> - PERF_STAT : "     0.544051625;CPU0;3111;;UNC_M_CAS_COUNT.RD[UNIT4];15976491;100.00;;"
7134 [140369472239296] INFO perfrun.perfcollector <> - PERF_STAT : "     0.544051625;CPU10;271;;UNC_M_CAS_COUNT.RD[UNIT4];15978049;100.00;;"
7134 [140369472239296] INFO perfrun.perfcollector <> - PERF_STAT : "     0.544051625;CPU0;3794;;UNC_M_CAS_COUNT.RD[UNIT5];15976762;100.00;;"
7134 [140369472239296] INFO perfrun.perfcollector <> - PERF_STAT : "     0.544051625;CPU10;366;;UNC_M_CAS_COUNT.RD[UNIT5];15978047;100.00;;"
7134 [140369472239296] INFO perfrun.perfcollector <> - PERF_STAT : "     0.544051625;CPU0;2082;;UNC_M_CAS_COUNT.WR[UNIT0];15976888;100.00;;"
7134 [140369472239296] INFO perfrun.perfcollector <> - PERF_STAT : "     0.544051625;CPU10;68;;UNC_M_CAS_COUNT.WR[UNIT0];15978026;100.00;;"
7134 [140369472239296] INFO perfrun.perfcollector <> - PERF_STAT : "     0.544051625;CPU0;2886;;UNC_M_CAS_COUNT.WR[UNIT1];15976901;100.00;;"
7134 [140369472239296] INFO perfrun.perfcollector <> - PERF_STAT : "     0.544051625;CPU10;155;;UNC_M_CAS_COUNT.WR[UNIT1];15977973;100.00;;"
7134 [140369472239296] INFO perfrun.perfcollector <> - PERF_STAT : "     0.544051625;CPU0;2043;;UNC_M_CAS_COUNT.WR[UNIT4];15976788;100.00;;"
7134 [140369472239296] INFO perfrun.perfcollector <> - PERF_STAT : "     0.544051625;CPU10;83;;UNC_M_CAS_COUNT.WR[UNIT4];15977953;100.00;;"
7134 [140369472239296] INFO perfrun.perfcollector <> - PERF_STAT : "     0.544051625;CPU0;2830;;UNC_M_CAS_COUNT.WR[UNIT5];15976774;100.00;;"
7134 [140369472239296] INFO perfrun.perfcollector <> - PERF_STAT : "     0.544051625;CPU10;183;;UNC_M_CAS_COUNT.WR[UNIT5];15978076;100.00;;"
7150 [140369472239296] INFO perfrun.perfcollector <> - PERF_STAT : "     0.560032814;CPU0;2265;;UNC_M_CAS_COUNT.RD[UNIT0];15995930;100.00;;"
7150 [140369472239296] INFO perfrun.perfcollector <> - PERF_STAT : "     0.560032814;CPU10;140;;UNC_M_CAS_COUNT.RD[UNIT0];15978518;100.00;;"
7150 [140369472239296] INFO perfrun.perfcollector <> - PERF_STAT : "     0.560032814;CPU0;3090;;UNC_M_CAS_COUNT.RD[UNIT1];15995944;100.00;;"
7150 [140369472239296] INFO perfrun.perfcollector <> - PERF_STAT : "     0.560032814;CPU10;174;;UNC_M_CAS_COUNT.RD[UNIT1];15975633;100.00;;"
7150 [140369472239296] INFO perfrun.perfcollector <> - PERF_STAT : "     0.560032814;CPU0;2273;;UNC_M_CAS_COUNT.RD[UNIT4];15996047;100.00;;"
7150 [140369472239296] INFO perfrun.perfcollector <> - PERF_STAT : "     0.560032814;CPU10;151;;UNC_M_CAS_COUNT.RD[UNIT4];15973758;100.00;;"
7150 [140369472239296] INFO perfrun.perfcollector <> - PERF_STAT : "     0.560032814;CPU0;3132;;UNC_M_CAS_COUNT.RD[UNIT5];15996010;100.00;;"
7150 [140369472239296] INFO perfrun.perfcollector <> - PERF_STAT : "     0.560032814;CPU10;197;;UNC_M_CAS_COUNT.RD[UNIT5];15971989;100.00;;"
7150 [140369472239296] INFO perfrun.perfcollector <> - PERF_STAT : "     0.560032814;CPU0;1940;;UNC_M_CAS_COUNT.WR[UNIT0];15995896;100.00;;"
7150 [140369472239296] INFO perfrun.perfcollector <> - PERF_STAT : "     0.560032814;CPU10;59;;UNC_M_CAS_COUNT.WR[UNIT0];15970284;100.00;;"
7150 [140369472239296] INFO perfrun.perfcollector <> - PERF_STAT : "     0.560032814;CPU0;2692;;UNC_M_CAS_COUNT.WR[UNIT1];15995873;100.00;;"
7150 [140369472239296] INFO perfrun.perfcollector <> - PERF_STAT : "     0.560032814;CPU10;118;;UNC_M_CAS_COUNT.WR[UNIT1];15968698;100.00;;"
7150 [140369472239296] INFO perfrun.perfcollector <> - PERF_STAT : "     0.560032814;CPU0;1936;;UNC_M_CAS_COUNT.WR[UNIT4];15995882;100.00;;"
7150 [140369472239296] INFO perfrun.perfcollector <> - PERF_STAT : "     0.560032814;CPU10;50;;UNC_M_CAS_COUNT.WR[UNIT4];15967067;100.00;;"
7150 [140369472239296] INFO perfrun.perfcollector <> - PERF_STAT : "     0.560032814;CPU0;2772;;UNC_M_CAS_COUNT.WR[UNIT5];15996049;100.00;;"
7150 [140369472239296] INFO perfrun.perfcollector <> - PERF_STAT : "     0.560032814;CPU10;115;;UNC_M_CAS_COUNT.WR[UNIT5];15965112;100.00;;"
7170 [140369472239296] INFO perfrun.perfcollector <> - PERF_STAT : "     0.575952011;CPU0;2818;;UNC_M_CAS_COUNT.RD[UNIT0];20003608;100.00;;"
7170 [140369472239296] INFO perfrun.perfcollector <> - PERF_STAT : "     0.575952011;CPU10;264;;UNC_M_CAS_COUNT.RD[UNIT0];20021091;100.00;;"
7170 [140369472239296] INFO perfrun.perfcollector <> - PERF_STAT : "     0.575952011;CPU0;3900;;UNC_M_CAS_COUNT.RD[UNIT1];20003896;100.00;;"
7170 [140369472239296] INFO perfrun.perfcollector <> - PERF_STAT : "     0.575952011;CPU10;334;;UNC_M_CAS_COUNT.RD[UNIT1];20024005;100.00;;"
7170 [140369472239296] INFO perfrun.perfcollector <> - PERF_STAT : "     0.575952011;CPU0;2900;;UNC_M_CAS_COUNT.RD[UNIT4];20003959;100.00;;"
7170 [140369472239296] INFO perfrun.perfcollector <> - PERF_STAT : "     0.575952011;CPU10;394;;UNC_M_CAS_COUNT.RD[UNIT4];20025837;100.00;;"
7170 [140369472239296] INFO perfrun.perfcollector <> - PERF_STAT : "     0.575952011;CPU0;3965;;UNC_M_CAS_COUNT.RD[UNIT5];20003831;100.00;;"
7170 [140369472239296] INFO perfrun.perfcollector <> - PERF_STAT : "     0.575952011;CPU10;482;;UNC_M_CAS_COUNT.RD[UNIT5];20027542;100.00;;"
7170 [140369472239296] INFO perfrun.perfcollector <> - PERF_STAT : "     0.575952011;CPU0;2444;;UNC_M_CAS_COUNT.WR[UNIT0];20003840;100.00;;"
7170 [140369472239296] INFO perfrun.perfcollector <> - PERF_STAT : "     0.575952011;CPU10;96;;UNC_M_CAS_COUNT.WR[UNIT0];20029251;100.00;;"
7170 [140369472239296] INFO perfrun.perfcollector <> - PERF_STAT : "     0.575952011;CPU0;3523;;UNC_M_CAS_COUNT.WR[UNIT1];20003860;100.00;;"
7170 [140369472239296] INFO perfrun.perfcollector <> - PERF_STAT : "     0.575952011;CPU10;177;;UNC_M_CAS_COUNT.WR[UNIT1];20030855;100.00;;"
7170 [140369472239296] INFO perfrun.perfcollector <> - PERF_STAT : "     0.575952011;CPU0;2492;;UNC_M_CAS_COUNT.WR[UNIT4];20003847;100.00;;"
7170 [140369472239296] INFO perfrun.perfcollector <> - PERF_STAT : "     0.575952011;CPU10;164;;UNC_M_CAS_COUNT.WR[UNIT4];20032532;100.00;;"
7170 [140369472239296] INFO perfrun.perfcollector <> - PERF_STAT : "     0.575952011;CPU0;3587;;UNC_M_CAS_COUNT.WR[UNIT5];20003702;100.00;;"
7170 [140369472239296] INFO perfrun.perfcollector <> - PERF_STAT : "     0.575952011;CPU10;262;;UNC_M_CAS_COUNT.WR[UNIT5];20034373;100.00;;"
7186 [140369472239296] INFO perfrun.perfcollector <> - PERF_STAT : "     0.596009658;CPU0;2323;;UNC_M_CAS_COUNT.RD[UNIT0];15998628;100.00;;"
7186 [140369472239296] INFO perfrun.perfcollector <> - PERF_STAT : "     0.596009658;CPU10;130;;UNC_M_CAS_COUNT.RD[UNIT0];16001996;100.00;;"
7186 [140369472239296] INFO perfrun.perfcollector <> - PERF_STAT : "     0.596009658;CPU0;3107;;UNC_M_CAS_COUNT.RD[UNIT1];15998326;100.00;;"
7186 [140369472239296] INFO perfrun.perfcollector <> - PERF_STAT : "     0.596009658;CPU10;169;;UNC_M_CAS_COUNT.RD[UNIT1];15999075;100.00;;"
7186 [140369472239296] INFO perfrun.perfcollector <> - PERF_STAT : "     0.596009658;CPU0;2261;;UNC_M_CAS_COUNT.RD[UNIT4];15998237;100.00;;"
7186 [140369472239296] INFO perfrun.perfcollector <> - PERF_STAT : "     0.596009658;CPU10;150;;UNC_M_CAS_COUNT.RD[UNIT4];15997437;100.00;;"
7186 [140369472239296] INFO perfrun.perfcollector <> - PERF_STAT : "     0.596009658;CPU0;3148;;UNC_M_CAS_COUNT.RD[UNIT5];15998281;100.00;;"
7186 [140369472239296] INFO perfrun.perfcollector <> - PERF_STAT : "     0.596009658;CPU10;187;;UNC_M_CAS_COUNT.RD[UNIT5];15995634;100.00;;"
7186 [140369472239296] INFO perfrun.perfcollector <> - PERF_STAT : "     0.596009658;CPU0;1817;;UNC_M_CAS_COUNT.WR[UNIT0];15998405;100.00;;"
7186 [140369472239296] INFO perfrun.perfcollector <> - PERF_STAT : "     0.596009658;CPU10;52;;UNC_M_CAS_COUNT.WR[UNIT0];15993804;100.00;;"
7186 [140369472239296] INFO perfrun.perfcollector <> - PERF_STAT : "     0.596009658;CPU0;2608;;UNC_M_CAS_COUNT.WR[UNIT1];15998403;100.00;;"
7186 [140369472239296] INFO perfrun.perfcollector <> - PERF_STAT : "     0.596009658;CPU10;106;;UNC_M_CAS_COUNT.WR[UNIT1];15991954;100.00;;"
7186 [140369472239296] INFO perfrun.perfcollector <> - PERF_STAT : "     0.596009658;CPU0;1869;;UNC_M_CAS_COUNT.WR[UNIT4];15998403;100.00;;"
7186 [140369472239296] INFO perfrun.perfcollector <> - PERF_STAT : "     0.596009658;CPU10;63;;UNC_M_CAS_COUNT.WR[UNIT4];15990263;100.00;;"
7186 [140369472239296] INFO perfrun.perfcollector <> - PERF_STAT : "     0.596009658;CPU0;2657;;UNC_M_CAS_COUNT.WR[UNIT5];15998398;100.00;;"
7186 [140369472239296] INFO perfrun.perfcollector <> - PERF_STAT : "     0.596009658;CPU10;118;;UNC_M_CAS_COUNT.WR[UNIT5];15988431;100.00;;"
7202 [140369472239296] INFO perfrun.perfcollector <> - PERF_STAT : "     0.611975905;CPU0;2364;;UNC_M_CAS_COUNT.RD[UNIT0];16002092;100.00;;"
7202 [140369472239296] INFO perfrun.perfcollector <> - PERF_STAT : "     0.611975905;CPU10;585;;UNC_M_CAS_COUNT.RD[UNIT0];16002317;100.00;;"
7202 [140369472239296] INFO perfrun.perfcollector <> - PERF_STAT : "     0.611975905;CPU0;3134;;UNC_M_CAS_COUNT.RD[UNIT1];16002408;100.00;;"
7202 [140369472239296] INFO perfrun.perfcollector <> - PERF_STAT : "     0.611975905;CPU10;785;;UNC_M_CAS_COUNT.RD[UNIT1];16002336;100.00;;"
7202 [140369472239296] INFO perfrun.perfcollector <> - PERF_STAT : "     0.611975905;CPU0;2318;;UNC_M_CAS_COUNT.RD[UNIT4];16002338;100.00;;"
7202 [140369472239296] INFO perfrun.perfcollector <> - PERF_STAT : "     0.611975905;CPU10;780;;UNC_M_CAS_COUNT.RD[UNIT4];16002139;100.00;;"
7202 [140369472239296] INFO perfrun.perfcollector <> - PERF_STAT : "     0.611975905;CPU0;3211;;UNC_M_CAS_COUNT.RD[UNIT5];16002178;100.00;;"
7202 [140369472239296] INFO perfrun.perfcollector <> - PERF_STAT : "     0.611975905;CPU10;957;;UNC_M_CAS_COUNT.RD[UNIT5];16002118;100.00;;"
7202 [140369472239296] INFO perfrun.perfcollector <> - PERF_STAT : "     0.611975905;CPU0;1703;;UNC_M_CAS_COUNT.WR[UNIT0];16002052;100.00;;"
7202 [140369472239296] INFO perfrun.perfcollector <> - PERF_STAT : "     0.611975905;CPU10;166;;UNC_M_CAS_COUNT.WR[UNIT0];16002101;100.00;;"
7202 [140369472239296] INFO perfrun.perfcollector <> - PERF_STAT : "     0.611975905;CPU0;2581;;UNC_M_CAS_COUNT.WR[UNIT1];16002079;100.00;;"
7202 [140369472239296] INFO perfrun.perfcollector <> - PERF_STAT : "     0.611975905;CPU10;338;;UNC_M_CAS_COUNT.WR[UNIT1];16002093;100.00;;"
7202 [140369472239296] INFO perfrun.perfcollector <> - PERF_STAT : "     0.611975905;CPU0;1781;;UNC_M_CAS_COUNT.WR[UNIT4];16002088;100.00;;"
7202 [140369472239296] INFO perfrun.perfcollector <> - PERF_STAT : "     0.611975905;CPU10;254;;UNC_M_CAS_COUNT.WR[UNIT4];16001985;100.00;;"
7202 [140369472239296] INFO perfrun.perfcollector <> - PERF_STAT : "     0.611975905;CPU0;2612;;UNC_M_CAS_COUNT.WR[UNIT5];16002067;100.00;;"
7202 [140369472239296] INFO perfrun.perfcollector <> - PERF_STAT : "     0.611975905;CPU10;429;;UNC_M_CAS_COUNT.WR[UNIT5];16001983;100.00;;"
7218 [140369472239296] INFO perfrun.perfcollector <> - PERF_STAT : "     0.627967330;CPU0;2382;;UNC_M_CAS_COUNT.RD[UNIT0];15997342;100.00;;"
7218 [140369472239296] INFO perfrun.perfcollector <> - PERF_STAT : "     0.627967330;CPU10;123;;UNC_M_CAS_COUNT.RD[UNIT0];15991971;100.00;;"
7218 [140369472239296] INFO perfrun.perfcollector <> - PERF_STAT : "     0.627967330;CPU0;3219;;UNC_M_CAS_COUNT.RD[UNIT1];15996944;100.00;;"
7218 [140369472239296] INFO perfrun.perfcollector <> - PERF_STAT : "     0.627967330;CPU10;148;;UNC_M_CAS_COUNT.RD[UNIT1];15994833;100.00;;"
7218 [140369472239296] INFO perfrun.perfcollector <> - PERF_STAT : "     0.627967330;CPU0;2400;;UNC_M_CAS_COUNT.RD[UNIT4];15996936;100.00;;"
7218 [140369472239296] INFO perfrun.perfcollector <> - PERF_STAT : "     0.627967330;CPU10;127;;UNC_M_CAS_COUNT.RD[UNIT4];15996665;100.00;;"
7218 [140369472239296] INFO perfrun.perfcollector <> - PERF_STAT : "     0.627967330;CPU0;3229;;UNC_M_CAS_COUNT.RD[UNIT5];15997162;100.00;;"
7218 [140369472239296] INFO perfrun.perfcollector <> - PERF_STAT : "     0.627967330;CPU10;183;;UNC_M_CAS_COUNT.RD[UNIT5];15998506;100.00;;"
7218 [140369472239296] INFO perfrun.perfcollector <> - PERF_STAT : "     0.627967330;CPU0;1690;;UNC_M_CAS_COUNT.WR[UNIT0];15997150;100.00;;"
7218 [140369472239296] INFO perfrun.perfcollector <> - PERF_STAT : "     0.627967330;CPU10;55;;UNC_M_CAS_COUNT.WR[UNIT0];16000376;100.00;;"
7218 [140369472239296] INFO perfrun.perfcollector <> - PERF_STAT : "     0.627967330;CPU0;2618;;UNC_M_CAS_COUNT.WR[UNIT1];15997279;100.00;;"
7218 [140369472239296] INFO perfrun.perfcollector <> - PERF_STAT : "     0.627967330;CPU10;107;;UNC_M_CAS_COUNT.WR[UNIT1];16002273;100.00;;"
7218 [140369472239296] INFO perfrun.perfcollector <> - PERF_STAT : "     0.627967330;CPU0;1686;;UNC_M_CAS_COUNT.WR[UNIT4];15997280;100.00;;"
7218 [140369472239296] INFO perfrun.perfcollector <> - PERF_STAT : "     0.627967330;CPU10;49;;UNC_M_CAS_COUNT.WR[UNIT4];16004069;100.00;;"
7218 [140369472239296] INFO perfrun.perfcollector <> - PERF_STAT : "     0.627967330;CPU0;2605;;UNC_M_CAS_COUNT.WR[UNIT5];15997444;100.00;;"
7218 [140369472239296] INFO perfrun.perfcollector <> - PERF_STAT : "     0.627967330;CPU10;118;;UNC_M_CAS_COUNT.WR[UNIT5];16005854;100.00;;"
7234 [140369472239296] INFO perfrun.perfcollector <> - PERF_STAT : "     0.644040096;CPU0;2461;;UNC_M_CAS_COUNT.RD[UNIT0];15999375;100.00;;"
7234 [140369472239296] INFO perfrun.perfcollector <> - PERF_STAT : "     0.644040096;CPU10;828;;UNC_M_CAS_COUNT.RD[UNIT0];15998693;100.00;;"
7234 [140369472239296] INFO perfrun.perfcollector <> - PERF_STAT : "     0.644040096;CPU0;3336;;UNC_M_CAS_COUNT.RD[UNIT1];15999429;100.00;;"
7234 [140369472239296] INFO perfrun.perfcollector <> - PERF_STAT : "     0.644040096;CPU10;890;;UNC_M_CAS_COUNT.RD[UNIT1];15998781;100.00;;"
7234 [140369472239296] INFO perfrun.perfcollector <> - PERF_STAT : "     0.644040096;CPU0;2520;;UNC_M_CAS_COUNT.RD[UNIT4];15999424;100.00;;"
7234 [140369472239296] INFO perfrun.perfcollector <> - PERF_STAT : "     0.644040096;CPU10;924;;UNC_M_CAS_COUNT.RD[UNIT4];15998801;100.00;;"
7234 [140369472239296] INFO perfrun.perfcollector <> - PERF_STAT : "     0.644040096;CPU0;3366;;UNC_M_CAS_COUNT.RD[UNIT5];15999204;100.00;;"
7234 [140369472239296] INFO perfrun.perfcollector <> - PERF_STAT : "     0.644040096;CPU10;987;;UNC_M_CAS_COUNT.RD[UNIT5];15998897;100.00;;"
7234 [140369472239296] INFO perfrun.perfcollector <> - PERF_STAT : "     0.644040096;CPU0;2106;;UNC_M_CAS_COUNT.WR[UNIT0];15999183;100.00;;"
7234 [140369472239296] INFO perfrun.perfcollector <> - PERF_STAT : "     0.644040096;CPU10;92;;UNC_M_CAS_COUNT.WR[UNIT0];15998874;100.00;;"
7234 [140369472239296] INFO perfrun.perfcollector <> - PERF_STAT : "     0.644040096;CPU0;2944;;UNC_M_CAS_COUNT.WR[UNIT1];15999020;100.00;;"
7234 [140369472239296] INFO perfrun.perfcollector <> - PERF_STAT : "     0.644040096;CPU10;156;;UNC_M_CAS_COUNT.WR[UNIT1];15998820;100.00;;"
7234 [140369472239296] INFO perfrun.perfcollector <> - PERF_STAT : "     0.644040096;CPU0;2110;;UNC_M_CAS_COUNT.WR[UNIT4];15999056;100.00;;"
7234 [140369472239296] INFO perfrun.perfcollector <> - PERF_STAT : "     0.644040096;CPU10;109;;UNC_M_CAS_COUNT.WR[UNIT4];15998804;100.00;;"
7234 [140369472239296] INFO perfrun.perfcollector <> - PERF_STAT : "     0.644040096;CPU0;3023;;UNC_M_CAS_COUNT.WR[UNIT5];15998947;100.00;;"
7234 [140369472239296] INFO perfrun.perfcollector <> - PERF_STAT : "     0.644040096;CPU10;168;;UNC_M_CAS_COUNT.WR[UNIT5];15998840;100.00;;"
7250 [140369472239296] INFO perfrun.perfcollector <> - PERF_STAT : "     0.660031600;CPU0;2342;;UNC_M_CAS_COUNT.RD[UNIT0];15999320;100.00;;"
7250 [140369472239296] INFO perfrun.perfcollector <> - PERF_STAT : "     0.660031600;CPU10;197;;UNC_M_CAS_COUNT.RD[UNIT0];15999057;100.00;;"
7250 [140369472239296] INFO perfrun.perfcollector <> - PERF_STAT : "     0.660031600;CPU0;3214;;UNC_M_CAS_COUNT.RD[UNIT1];15999337;100.00;;"
7250 [140369472239296] INFO perfrun.perfcollector <> - PERF_STAT : "     0.660031600;CPU10;254;;UNC_M_CAS_COUNT.RD[UNIT1];15999043;100.00;;"
7250 [140369472239296] INFO perfrun.perfcollector <> - PERF_STAT : "     0.660031600;CPU0;2424;;UNC_M_CAS_COUNT.RD[UNIT4];15999253;100.00;;"
7250 [140369472239296] INFO perfrun.perfcollector <> - PERF_STAT : "     0.660031600;CPU10;218;;UNC_M_CAS_COUNT.RD[UNIT4];15999087;100.00;;"
7250 [140369472239296] INFO perfrun.perfcollector <> - PERF_STAT : "     0.660031600;CPU0;3285;;UNC_M_CAS_COUNT.RD[UNIT5];15999323;100.00;;"
7250 [140369472239296] INFO perfrun.perfcollector <> - PERF_STAT : "     0.660031600;CPU10;283;;UNC_M_CAS_COUNT.RD[UNIT5];15999010;100.00;;"
7250 [140369472239296] INFO perfrun.perfcollector <> - PERF_STAT : "     0.660031600;CPU0;1783;;UNC_M_CAS_COUNT.WR[UNIT0];15999349;100.00;;"
7250 [140369472239296] INFO perfrun.perfcollector <> - PERF_STAT : "     0.660031600;CPU10;89;;UNC_M_CAS_COUNT.WR[UNIT0];15999000;100.00;;"
7250 [140369472239296] INFO perfrun.perfcollector <> - PERF_STAT : "     0.660031600;CPU0;2614;;UNC_M_CAS_COUNT.WR[UNIT1];15999443;100.00;;"
7250 [140369472239296] INFO perfrun.perfcollector <> - PERF_STAT : "     0.660031600;CPU10;146;;UNC_M_CAS_COUNT.WR[UNIT1];15999175;100.00;;"
7250 [140369472239296] INFO perfrun.perfcollector <> - PERF_STAT : "     0.660031600;CPU0;1781;;UNC_M_CAS_COUNT.WR[UNIT4];15999413;100.00;;"
7250 [140369472239296] INFO perfrun.perfcollector <> - PERF_STAT : "     0.660031600;CPU10;99;;UNC_M_CAS_COUNT.WR[UNIT4];15999214;100.00;;"
7250 [140369472239296] INFO perfrun.perfcollector <> - PERF_STAT : "     0.660031600;CPU0;2507;;UNC_M_CAS_COUNT.WR[UNIT5];15999388;100.00;;"
7250 [140369472239296] INFO perfrun.perfcollector <> - PERF_STAT : "     0.660031600;CPU10;161;;UNC_M_CAS_COUNT.WR[UNIT5];15999201;100.00;;"
7270 [140369472239296] INFO perfrun.perfcollector <> - PERF_STAT : "     0.676038667;CPU0;3665;;UNC_M_CAS_COUNT.RD[UNIT0];20001779;100.00;;"
7270 [140369472239296] INFO perfrun.perfcollector <> - PERF_STAT : "     0.676038667;CPU10;205;;UNC_M_CAS_COUNT.RD[UNIT0];20006730;100.00;;"
7270 [140369472239296] INFO perfrun.perfcollector <> - PERF_STAT : "     0.676038667;CPU0;4671;;UNC_M_CAS_COUNT.RD[UNIT1];20002005;100.00;;"
7270 [140369472239296] INFO perfrun.perfcollector <> - PERF_STAT : "     0.676038667;CPU10;272;;UNC_M_CAS_COUNT.RD[UNIT1];20006699;100.00;;"
7270 [140369472239296] INFO perfrun.perfcollector <> - PERF_STAT : "     0.676038667;CPU0;3602;;UNC_M_CAS_COUNT.RD[UNIT4];20002193;100.00;;"
7270 [140369472239296] INFO perfrun.perfcollector <> - PERF_STAT : "     0.676038667;CPU10;270;;UNC_M_CAS_COUNT.RD[UNIT4];20006651;100.00;;"
7270 [140369472239296] INFO perfrun.perfcollector <> - PERF_STAT : "     0.676038667;CPU0;4580;;UNC_M_CAS_COUNT.RD[UNIT5];20002139;100.00;;"
7270 [140369472239296] INFO perfrun.perfcollector <> - PERF_STAT : "     0.676038667;CPU10;385;;UNC_M_CAS_COUNT.RD[UNIT5];20006632;100.00;;"
7270 [140369472239296] INFO perfrun.perfcollector <> - PERF_STAT : "     0.676038667;CPU0;2217;;UNC_M_CAS_COUNT.WR[UNIT0];20002133;100.00;;"
7270 [140369472239296] INFO perfrun.perfcollector <> - PERF_STAT : "     0.676038667;CPU10;66;;UNC_M_CAS_COUNT.WR[UNIT0];20018617;100.00;;"
7270 [140369472239296] INFO perfrun.perfcollector <> - PERF_STAT : "     0.676038667;CPU0;3279;;UNC_M_CAS_COUNT.WR[UNIT1];20001951;100.00;;"
7270 [140369472239296] INFO perfrun.perfcollector <> - PERF_STAT : "     0.676038667;CPU10;149;;UNC_M_CAS_COUNT.WR[UNIT1];20016599;100.00;;"
7270 [140369472239296] INFO perfrun.perfcollector <> - PERF_STAT : "     0.676038667;CPU0;2253;;UNC_M_CAS_COUNT.WR[UNIT4];20002070;100.00;;"
7270 [140369472239296] INFO perfrun.perfcollector <> - PERF_STAT : "     0.676038667;CPU10;86;;UNC_M_CAS_COUNT.WR[UNIT4];20014774;100.00;;"
7270 [140369472239296] INFO perfrun.perfcollector <> - PERF_STAT : "     0.676038667;CPU0;3205;;UNC_M_CAS_COUNT.WR[UNIT5];20002040;100.00;;"
7270 [140369472239296] INFO perfrun.perfcollector <> - PERF_STAT : "     0.676038667;CPU10;191;;UNC_M_CAS_COUNT.WR[UNIT5];20012971;100.00;;"
7286 [140369472239296] INFO perfrun.perfcollector <> - PERF_STAT : "     0.695985511;CPU0;2494;;UNC_M_CAS_COUNT.RD[UNIT0];16000947;100.00;;"
7286 [140369472239296] INFO perfrun.perfcollector <> - PERF_STAT : "     0.695985511;CPU10;172;;UNC_M_CAS_COUNT.RD[UNIT0];15993477;100.00;;"
7286 [140369472239296] INFO perfrun.perfcollector <> - PERF_STAT : "     0.695985511;CPU0;3265;;UNC_M_CAS_COUNT.RD[UNIT1];16000837;100.00;;"
7286 [140369472239296] INFO perfrun.perfcollector <> - PERF_STAT : "     0.695985511;CPU10;184;;UNC_M_CAS_COUNT.RD[UNIT1];15993457;100.00;;"
7286 [140369472239296] INFO perfrun.perfcollector <> - PERF_STAT : "     0.695985511;CPU0;2397;;UNC_M_CAS_COUNT.RD[UNIT4];16000724;100.00;;"
7286 [140369472239296] INFO perfrun.perfcollector <> - PERF_STAT : "     0.695985511;CPU10;211;;UNC_M_CAS_COUNT.RD[UNIT4];15993471;100.00;;"
7286 [140369472239296] INFO perfrun.perfcollector <> - PERF_STAT : "     0.695985511;CPU0;3273;;UNC_M_CAS_COUNT.RD[UNIT5];16000726;100.00;;"
7286 [140369472239296] INFO perfrun.perfcollector <> - PERF_STAT : "     0.695985511;CPU10;258;;UNC_M_CAS_COUNT.RD[UNIT5];15993484;100.00;;"
7286 [140369472239296] INFO perfrun.perfcollector <> - PERF_STAT : "     0.695985511;CPU0;1686;;UNC_M_CAS_COUNT.WR[UNIT0];16000730;100.00;;"
7286 [140369472239296] INFO perfrun.perfcollector <> - PERF_STAT : "     0.695985511;CPU10;67;;UNC_M_CAS_COUNT.WR[UNIT0];15981503;100.00;;"
7286 [140369472239296] INFO perfrun.perfcollector <> - PERF_STAT : "     0.695985511;CPU0;2591;;UNC_M_CAS_COUNT.WR[UNIT1];16000690;100.00;;"
7286 [140369472239296] INFO perfrun.perfcollector <> - PERF_STAT : "     0.695985511;CPU10;99;;UNC_M_CAS_COUNT.WR[UNIT1];15983450;100.00;;"
7286 [140369472239296] INFO perfrun.perfcollector <> - PERF_STAT : "     0.695985511;CPU0;1724;;UNC_M_CAS_COUNT.WR[UNIT4];16000543;100.00;;"
7286 [140369472239296] INFO perfrun.perfcollector <> - PERF_STAT : "     0.695985511;CPU10;85;;UNC_M_CAS_COUNT.WR[UNIT4];15985272;100.00;;"
7286 [140369472239296] INFO perfrun.perfcollector <> - PERF_STAT : "     0.695985511;CPU0;2540;;UNC_M_CAS_COUNT.WR[UNIT5];16000608;100.00;;"
7286 [140369472239296] INFO perfrun.perfcollector <> - PERF_STAT : "     0.695985511;CPU10;128;;UNC_M_CAS_COUNT.WR[UNIT5];15987456;100.00;;"
7302 [140369472239296] INFO perfrun.perfcollector <> - PERF_STAT : "     0.712027419;CPU0;2478;;UNC_M_CAS_COUNT.RD[UNIT0];15997050;100.00;;"
7302 [140369472239296] INFO perfrun.perfcollector <> - PERF_STAT : "     0.712027419;CPU10;197;;UNC_M_CAS_COUNT.RD[UNIT0];15983274;100.00;;"
7302 [140369472239296] INFO perfrun.perfcollector <> - PERF_STAT : "     0.712027419;CPU0;3317;;UNC_M_CAS_COUNT.RD[UNIT1];15996995;100.00;;"
7302 [140369472239296] INFO perfrun.perfcollector <> - PERF_STAT : "     0.712027419;CPU10;240;;UNC_M_CAS_COUNT.RD[UNIT1];15980432;100.00;;"
7302 [140369472239296] INFO perfrun.perfcollector <> - PERF_STAT : "     0.712027419;CPU0;2503;;UNC_M_CAS_COUNT.RD[UNIT4];15996998;100.00;;"
7302 [140369472239296] INFO perfrun.perfcollector <> - PERF_STAT : "     0.712027419;CPU10;225;;UNC_M_CAS_COUNT.RD[UNIT4];15978571;100.00;;"
7302 [140369472239296] INFO perfrun.perfcollector <> - PERF_STAT : "     0.712027419;CPU0;3307;;UNC_M_CAS_COUNT.RD[UNIT5];15996975;100.00;;"
7302 [140369472239296] INFO perfrun.perfcollector <> - PERF_STAT : "     0.712027419;CPU10;266;;UNC_M_CAS_COUNT.RD[UNIT5];15976861;100.00;;"
7302 [140369472239296] INFO perfrun.perfcollector <> - PERF_STAT : "     0.712027419;CPU0;1692;;UNC_M_CAS_COUNT.WR[UNIT0];15996989;100.00;;"
7302 [140369472239296] INFO perfrun.perfcollector <> - PERF_STAT : "     0.712027419;CPU10;38;;UNC_M_CAS_COUNT.WR[UNIT0];15975003;100.00;;"
7302 [140369472239296] INFO perfrun.perfcollector <> - PERF_STAT : "     0.712027419;CPU0;2496;;UNC_M_CAS_COUNT.WR[UNIT1];15997095;100.00;;"
7302 [140369472239296] INFO perfrun.perfcollector <> - PERF_STAT : "     0.712027419;CPU10;103;;UNC_M_CAS_COUNT.WR[UNIT1];15973059;100.00;;"
7302 [140369472239296] INFO perfrun.perfcollector <> - PERF_STAT : "     0.712027419;CPU0;1782;;UNC_M_CAS_COUNT.WR[UNIT4];15997098;100.00;;"
7302 [140369472239296] INFO perfrun.perfcollector <> - PERF_STAT : "     0.712027419;CPU10;72;;UNC_M_CAS_COUNT.WR[UNIT4];15971236;100.00;;"
7302 [140369472239296] INFO perfrun.perfcollector <> - PERF_STAT : "     0.712027419;CPU0;2600;;UNC_M_CAS_COUNT.WR[UNIT5];15997032;100.00;;"
7302 [140369472239296] INFO perfrun.perfcollector <> - PERF_STAT : "     0.712027419;CPU10;124;;UNC_M_CAS_COUNT.WR[UNIT5];15969058;100.00;;"
7318 [140369472239296] INFO perfrun.perfcollector <> - PERF_STAT : "     0.727941247;CPU0;2494;;UNC_M_CAS_COUNT.RD[UNIT0];16003574;100.00;;"
7318 [140369472239296] INFO perfrun.perfcollector <> - PERF_STAT : "     0.727941247;CPU10;142;;UNC_M_CAS_COUNT.RD[UNIT0];16019205;100.00;;"
7318 [140369472239296] INFO perfrun.perfcollector <> - PERF_STAT : "     0.727941247;CPU0;3331;;UNC_M_CAS_COUNT.RD[UNIT1];16003617;100.00;;"
7318 [140369472239296] INFO perfrun.perfcollector <> - PERF_STAT : "     0.727941247;CPU10;203;;UNC_M_CAS_COUNT.RD[UNIT1];16022042;100.00;;"
7318 [140369472239296] INFO perfrun.perfcollector <> - PERF_STAT : "     0.727941247;CPU0;2545;;UNC_M_CAS_COUNT.RD[UNIT4];16003691;100.00;;"
7318 [140369472239296] INFO perfrun.perfcollector <> - PERF_STAT : "     0.727941247;CPU10;182;;UNC_M_CAS_COUNT.RD[UNIT4];16023882;100.00;;"
7318 [140369472239296] INFO perfrun.perfcollector <> - PERF_STAT : "     0.727941247;CPU0;3319;;UNC_M_CAS_COUNT.RD[UNIT5];16003697;100.00;;"
7318 [140369472239296] INFO perfrun.perfcollector <> - PERF_STAT : "     0.727941247;CPU10;244;;UNC_M_CAS_COUNT.RD[UNIT5];16025606;100.00;;"
7318 [140369472239296] INFO perfrun.perfcollector <> - PERF_STAT : "     0.727941247;CPU0;1714;;UNC_M_CAS_COUNT.WR[UNIT0];16003683;100.00;;"
7318 [140369472239296] INFO perfrun.perfcollector <> - PERF_STAT : "     0.727941247;CPU10;67;;UNC_M_CAS_COUNT.WR[UNIT0];16027469;100.00;;"
7318 [140369472239296] INFO perfrun.perfcollector <> - PERF_STAT : "     0.727941247;CPU0;2587;;UNC_M_CAS_COUNT.WR[UNIT1];16003741;100.00;;"
7318 [140369472239296] INFO perfrun.perfcollector <> - PERF_STAT : "     0.727941247;CPU10;137;;UNC_M_CAS_COUNT.WR[UNIT1];16029350;100.00;;"
7318 [140369472239296] INFO perfrun.perfcollector <> - PERF_STAT : "     0.727941247;CPU0;1752;;UNC_M_CAS_COUNT.WR[UNIT4];16003765;100.00;;"
7318 [140369472239296] INFO perfrun.perfcollector <> - PERF_STAT : "     0.727941247;CPU10;75;;UNC_M_CAS_COUNT.WR[UNIT4];16031120;100.00;;"
7318 [140369472239296] INFO perfrun.perfcollector <> - PERF_STAT : "     0.727941247;CPU0;2482;;UNC_M_CAS_COUNT.WR[UNIT5];16003808;100.00;;"
7318 [140369472239296] INFO perfrun.perfcollector <> - PERF_STAT : "     0.727941247;CPU10;144;;UNC_M_CAS_COUNT.WR[UNIT5];16032926;100.00;;"
7334 [140369472239296] INFO perfrun.perfcollector <> - PERF_STAT : "     0.744008564;CPU0;2527;;UNC_M_CAS_COUNT.RD[UNIT0];15999187;100.00;;"
7334 [140369472239296] INFO perfrun.perfcollector <> - PERF_STAT : "     0.744008564;CPU10;139;;UNC_M_CAS_COUNT.RD[UNIT0];15999718;100.00;;"
7334 [140369472239296] INFO perfrun.perfcollector <> - PERF_STAT : "     0.744008564;CPU0;3277;;UNC_M_CAS_COUNT.RD[UNIT1];15999089;100.00;;"
7334 [140369472239296] INFO perfrun.perfcollector <> - PERF_STAT : "     0.744008564;CPU10;183;;UNC_M_CAS_COUNT.RD[UNIT1];15999650;100.00;;"
7334 [140369472239296] INFO perfrun.perfcollector <> - PERF_STAT : "     0.744008564;CPU0;2441;;UNC_M_CAS_COUNT.RD[UNIT4];15999105;100.00;;"
7334 [140369472239296] INFO perfrun.perfcollector <> - PERF_STAT : "     0.744008564;CPU10;171;;UNC_M_CAS_COUNT.RD[UNIT4];15999648;100.00;;"
7334 [140369472239296] INFO perfrun.perfcollector <> - PERF_STAT : "     0.744008564;CPU0;3372;;UNC_M_CAS_COUNT.RD[UNIT5];15999208;100.00;;"
7334 [140369472239296] INFO perfrun.perfcollector <> - PERF_STAT : "     0.744008564;CPU10;213;;UNC_M_CAS_COUNT.RD[UNIT5];15999620;100.00;;"
7334 [140369472239296] INFO perfrun.perfcollector <> - PERF_STAT : "     0.744008564;CPU0;1754;;UNC_M_CAS_COUNT.WR[UNIT0];15999203;100.00;;"
7334 [140369472239296] INFO perfrun.perfcollector <> - PERF_STAT : "     0.744008564;CPU10;75;;UNC_M_CAS_COUNT.WR[UNIT0];15999738;100.00;;"
7334 [140369472239296] INFO perfrun.perfcollector <> - PERF_STAT : "     0.744008564;CPU0;2581;;UNC_M_CAS_COUNT.WR[UNIT1];15999150;100.00;;"
7334 [140369472239296] INFO perfrun.perfcollector <> - PERF_STAT : "     0.744008564;CPU10;123;;UNC_M_CAS_COUNT.WR[UNIT1];15999675;100.00;;"
7334 [140369472239296] INFO perfrun.perfcollector <> - PERF_STAT : "     0.744008564;CPU0;1799;;UNC_M_CAS_COUNT.WR[UNIT4];15999194;100.00;;"
7334 [140369472239296] INFO perfrun.perfcollector <> - PERF_STAT : "     0.744008564;CPU10;61;;UNC_M_CAS_COUNT.WR[UNIT4];15999681;100.00;;"
7334 [140369472239296] INFO perfrun.perfcollector <> - PERF_STAT : "     0.744008564;CPU0;2494;;UNC_M_CAS_COUNT.WR[UNIT5];15999255;100.00;;"
7334 [140369472239296] INFO perfrun.perfcollector <> - PERF_STAT : "     0.744008564;CPU10;134;;UNC_M_CAS_COUNT.WR[UNIT5];15999688;100.00;;"
7350 [140369472239296] INFO perfrun.perfcollector <> - PERF_STAT : "     0.760036865;CPU0;2570;;UNC_M_CAS_COUNT.RD[UNIT0];15998372;100.00;;"
7350 [140369472239296] INFO perfrun.perfcollector <> - PERF_STAT : "     0.760036865;CPU10;678;;UNC_M_CAS_COUNT.RD[UNIT0];15983216;100.00;;"
7350 [140369472239296] INFO perfrun.perfcollector <> - PERF_STAT : "     0.760036865;CPU0;3346;;UNC_M_CAS_COUNT.RD[UNIT1];15998482;100.00;;"
7350 [140369472239296] INFO perfrun.perfcollector <> - PERF_STAT : "     0.760036865;CPU10;849;;UNC_M_CAS_COUNT.RD[UNIT1];15980404;100.00;;"
7350 [140369472239296] INFO perfrun.perfcollector <> - PERF_STAT : "     0.760036865;CPU0;2607;;UNC_M_CAS_COUNT.RD[UNIT4];15998420;100.00;;"
7350 [140369472239296] INFO perfrun.perfcollector <> - PERF_STAT : "     0.760036865;CPU10;776;;UNC_M_CAS_COUNT.RD[UNIT4];15978807;100.00;;"
7350 [140369472239296] INFO perfrun.perfcollector <> - PERF_STAT : "     0.760036865;CPU0;3362;;UNC_M_CAS_COUNT.RD[UNIT5];15998307;100.00;;"
7350 [140369472239296] INFO perfrun.perfcollector <> - PERF_STAT : "     0.760036865;CPU10;980;;UNC_M_CAS_COUNT.RD[UNIT5];15976984;100.00;;"
7350 [140369472239296] INFO perfrun.perfcollector <> - PERF_STAT : "     0.760036865;CPU0;1611;;UNC_M_CAS_COUNT.WR[UNIT0];15998307;100.00;;"
7350 [140369472239296] INFO perfrun.perfcollector <> - PERF_STAT : "     0.760036865;CPU10;170;;UNC_M_CAS_COUNT.WR[UNIT0];15975106;100.00;;"
7350 [140369472239296] INFO perfrun.perfcollector <> - PERF_STAT : "     0.760036865;CPU0;2531;;UNC_M_CAS_COUNT.WR[UNIT1];15998310;100.00;;"
7350 [140369472239296] INFO perfrun.perfcollector <> - PERF_STAT : "     0.760036865;CPU10;363;;UNC_M_CAS_COUNT.WR[UNIT1];15973314;100.00;;"
7350 [140369472239296] INFO perfrun.perfcollector <> - PERF_STAT : "     0.760036865;CPU0;1622;;UNC_M_CAS_COUNT.WR[UNIT4];15998243;100.00;;"
7350 [140369472239296] INFO perfrun.perfcollector <> - PERF_STAT : "     0.760036865;CPU10;193;;UNC_M_CAS_COUNT.WR[UNIT4];15971560;100.00;;"
7350 [140369472239296] INFO perfrun.perfcollector <> - PERF_STAT : "     0.760036865;CPU0;2499;;UNC_M_CAS_COUNT.WR[UNIT5];15998137;100.00;;"
7350 [140369472239296] INFO perfrun.perfcollector <> - PERF_STAT : "     0.760036865;CPU10;388;;UNC_M_CAS_COUNT.WR[UNIT5];15969749;100.00;;"
7370 [140369472239296] INFO perfrun.perfcollector <> - PERF_STAT : "     0.775947556;CPU0;3044;;UNC_M_CAS_COUNT.RD[UNIT0];20002205;100.00;;"
7370 [140369472239296] INFO perfrun.perfcollector <> - PERF_STAT : "     0.775947556;CPU10;176;;UNC_M_CAS_COUNT.RD[UNIT0];20020338;100.00;;"
7370 [140369472239296] INFO perfrun.perfcollector <> - PERF_STAT : "     0.775947556;CPU0;4116;;UNC_M_CAS_COUNT.RD[UNIT1];20002331;100.00;;"
7370 [140369472239296] INFO perfrun.perfcollector <> - PERF_STAT : "     0.775947556;CPU10;212;;UNC_M_CAS_COUNT.RD[UNIT1];20023220;100.00;;"
7370 [140369472239296] INFO perfrun.perfcollector <> - PERF_STAT : "     0.775947556;CPU0;3142;;UNC_M_CAS_COUNT.RD[UNIT4];20002243;100.00;;"
7370 [140369472239296] INFO perfrun.perfcollector <> - PERF_STAT : "     0.775947556;CPU10;199;;UNC_M_CAS_COUNT.RD[UNIT4];20024820;100.00;;"
7370 [140369472239296] INFO perfrun.perfcollector <> - PERF_STAT : "     0.775947556;CPU0;4186;;UNC_M_CAS_COUNT.RD[UNIT5];20002380;100.00;;"
7370 [140369472239296] INFO perfrun.perfcollector <> - PERF_STAT : "     0.775947556;CPU10;244;;UNC_M_CAS_COUNT.RD[UNIT5];20026734;100.00;;"
7370 [140369472239296] INFO perfrun.perfcollector <> - PERF_STAT : "     0.775947556;CPU0;2037;;UNC_M_CAS_COUNT.WR[UNIT0];20002374;100.00;;"
7370 [140369472239296] INFO perfrun.perfcollector <> - PERF_STAT : "     0.775947556;CPU10;97;;UNC_M_CAS_COUNT.WR[UNIT0];20028475;100.00;;"
7370 [140369472239296] INFO perfrun.perfcollector <> - PERF_STAT : "     0.775947556;CPU0;3069;;UNC_M_CAS_COUNT.WR[UNIT1];20002370;100.00;;"
7370 [140369472239296] INFO perfrun.perfcollector <> - PERF_STAT : "     0.775947556;CPU10;152;;UNC_M_CAS_COUNT.WR[UNIT1];20030289;100.00;;"
7370 [140369472239296] INFO perfrun.perfcollector <> - PERF_STAT : "     0.775947556;CPU0;2057;;UNC_M_CAS_COUNT.WR[UNIT4];20002371;100.00;;"
7370 [140369472239296] INFO perfrun.perfcollector <> - PERF_STAT : "     0.775947556;CPU10;91;;UNC_M_CAS_COUNT.WR[UNIT4];20032047;100.00;;"
7370 [140369472239296] INFO perfrun.perfcollector <> - PERF_STAT : "     0.775947556;CPU0;3092;;UNC_M_CAS_COUNT.WR[UNIT5];20002356;100.00;;"
7370 [140369472239296] INFO perfrun.perfcollector <> - PERF_STAT : "     0.775947556;CPU10;129;;UNC_M_CAS_COUNT.WR[UNIT5];20033832;100.00;;"
7386 [140369472239296] INFO perfrun.perfcollector <> - PERF_STAT : "     0.796033519;CPU0;3282;;UNC_M_CAS_COUNT.RD[UNIT0];16003652;100.00;;"
7386 [140369472239296] INFO perfrun.perfcollector <> - PERF_STAT : "     0.796033519;CPU10;184;;UNC_M_CAS_COUNT.RD[UNIT0];16001190;100.00;;"
7386 [140369472239296] INFO perfrun.perfcollector <> - PERF_STAT : "     0.796033519;CPU0;3988;;UNC_M_CAS_COUNT.RD[UNIT1];16003554;100.00;;"
7386 [140369472239296] INFO perfrun.perfcollector <> - PERF_STAT : "     0.796033519;CPU10;243;;UNC_M_CAS_COUNT.RD[UNIT1];16001223;100.00;;"
7386 [140369472239296] INFO perfrun.perfcollector <> - PERF_STAT : "     0.796033519;CPU0;3205;;UNC_M_CAS_COUNT.RD[UNIT4];16003668;100.00;;"
7386 [140369472239296] INFO perfrun.perfcollector <> - PERF_STAT : "     0.796033519;CPU10;245;;UNC_M_CAS_COUNT.RD[UNIT4];16001199;100.00;;"
7386 [140369472239296] INFO perfrun.perfcollector <> - PERF_STAT : "     0.796033519;CPU0;3908;;UNC_M_CAS_COUNT.RD[UNIT5];16003816;100.00;;"
7386 [140369472239296] INFO perfrun.perfcollector <> - PERF_STAT : "     0.796033519;CPU10;331;;UNC_M_CAS_COUNT.RD[UNIT5];16001116;100.00;;"
7386 [140369472239296] INFO perfrun.perfcollector <> - PERF_STAT : "     0.796033519;CPU0;1690;;UNC_M_CAS_COUNT.WR[UNIT0];16003835;100.00;;"
7386 [140369472239296] INFO perfrun.perfcollector <> - PERF_STAT : "     0.796033519;CPU10;62;;UNC_M_CAS_COUNT.WR[UNIT0];16001119;100.00;;"
7386 [140369472239296] INFO perfrun.perfcollector <> - PERF_STAT : "     0.796033519;CPU0;2505;;UNC_M_CAS_COUNT.WR[UNIT1];16003854;100.00;;"
7386 [140369472239296] INFO perfrun.perfcollector <> - PERF_STAT : "     0.796033519;CPU10;167;;UNC_M_CAS_COUNT.WR[UNIT1];16001124;100.00;;"
7386 [140369472239296] INFO perfrun.perfcollector <> - PERF_STAT : "     0.796033519;CPU0;1670;;UNC_M_CAS_COUNT.WR[UNIT4];16003859;100.00;;"
7386 [140369472239296] INFO perfrun.perfcollector <> - PERF_STAT : "     0.796033519;CPU10;78;;UNC_M_CAS_COUNT.WR[UNIT4];16001196;100.00;;"
7386 [140369472239296] INFO perfrun.perfcollector <> - PERF_STAT : "     0.796033519;CPU0;2456;;UNC_M_CAS_COUNT.WR[UNIT5];16004020;100.00;;"
7386 [140369472239296] INFO perfrun.perfcollector <> - PERF_STAT : "     0.796033519;CPU10;186;;UNC_M_CAS_COUNT.WR[UNIT5];16001209;100.00;;"
7402 [140369472239296] INFO perfrun.perfcollector <> - PERF_STAT : "     0.812029724;CPU0;2460;;UNC_M_CAS_COUNT.RD[UNIT0];15994267;100.00;;"
7402 [140369472239296] INFO perfrun.perfcollector <> - PERF_STAT : "     0.812029724;CPU10;137;;UNC_M_CAS_COUNT.RD[UNIT0];15995359;100.00;;"
7402 [140369472239296] INFO perfrun.perfcollector <> - PERF_STAT : "     0.812029724;CPU0;3404;;UNC_M_CAS_COUNT.RD[UNIT1];15994380;100.00;;"
7402 [140369472239296] INFO perfrun.perfcollector <> - PERF_STAT : "     0.812029724;CPU10;178;;UNC_M_CAS_COUNT.RD[UNIT1];15995279;100.00;;"
7402 [140369472239296] INFO perfrun.perfcollector <> - PERF_STAT : "     0.812029724;CPU0;2503;;UNC_M_CAS_COUNT.RD[UNIT4];15994445;100.00;;"
7402 [140369472239296] INFO perfrun.perfcollector <> - PERF_STAT : "     0.812029724;CPU10;163;;UNC_M_CAS_COUNT.RD[UNIT4];15995270;100.00;;"
7402 [140369472239296] INFO perfrun.perfcollector <> - PERF_STAT : "     0.812029724;CPU0;3412;;UNC_M_CAS_COUNT.RD[UNIT5];15994170;100.00;;"
7402 [140369472239296] INFO perfrun.perfcollector <> - PERF_STAT : "     0.812029724;CPU10;215;;UNC_M_CAS_COUNT.RD[UNIT5];15995236;100.00;;"
7402 [140369472239296] INFO perfrun.perfcollector <> - PERF_STAT : "     0.812029724;CPU0;1620;;UNC_M_CAS_COUNT.WR[UNIT0];15994348;100.00;;"
7402 [140369472239296] INFO perfrun.perfcollector <> - PERF_STAT : "     0.812029724;CPU10;63;;UNC_M_CAS_COUNT.WR[UNIT0];15995290;100.00;;"
7402 [140369472239296] INFO perfrun.perfcollector <> - PERF_STAT : "     0.812029724;CPU0;2409;;UNC_M_CAS_COUNT.WR[UNIT1];15994336;100.00;;"
7402 [140369472239296] INFO perfrun.perfcollector <> - PERF_STAT : "     0.812029724;CPU10;112;;UNC_M_CAS_COUNT.WR[UNIT1];15995292;100.00;;"
7402 [140369472239296] INFO perfrun.perfcollector <> - PERF_STAT : "     0.812029724;CPU0;1573;;UNC_M_CAS_COUNT.WR[UNIT4];15994331;100.00;;"
7402 [140369472239296] INFO perfrun.perfcollector <> - PERF_STAT : "     0.812029724;CPU10;78;;UNC_M_CAS_COUNT.WR[UNIT4];15995220;100.00;;"
7402 [140369472239296] INFO perfrun.perfcollector <> - PERF_STAT : "     0.812029724;CPU0;2403;;UNC_M_CAS_COUNT.WR[UNIT5];15994217;100.00;;"
7402 [140369472239296] INFO perfrun.perfcollector <> - PERF_STAT : "     0.812029724;CPU10;127;;UNC_M_CAS_COUNT.WR[UNIT5];15995207;100.00;;"
7422 [140369472239296] INFO perfrun.perfcollector <> - PERF_STAT : "     0.828025000;CPU0;3288;;UNC_M_CAS_COUNT.RD[UNIT0];20002981;100.00;;"
7422 [140369472239296] INFO perfrun.perfcollector <> - PERF_STAT : "     0.828025000;CPU10;261;;UNC_M_CAS_COUNT.RD[UNIT0];20001489;100.00;;"
7422 [140369472239296] INFO perfrun.perfcollector <> - PERF_STAT : "     0.828025000;CPU0;4330;;UNC_M_CAS_COUNT.RD[UNIT1];20002932;100.00;;"
7422 [140369472239296] INFO perfrun.perfcollector <> - PERF_STAT : "     0.828025000;CPU10;277;;UNC_M_CAS_COUNT.RD[UNIT1];20001414;100.00;;"
7422 [140369472239296] INFO perfrun.perfcollector <> - PERF_STAT : "     0.828025000;CPU0;3270;;UNC_M_CAS_COUNT.RD[UNIT4];20002920;100.00;;"
7422 [140369472239296] INFO perfrun.perfcollector <> - PERF_STAT : "     0.828025000;CPU10;299;;UNC_M_CAS_COUNT.RD[UNIT4];20001610;100.00;;"
7422 [140369472239296] INFO perfrun.perfcollector <> - PERF_STAT : "     0.828025000;CPU0;4349;;UNC_M_CAS_COUNT.RD[UNIT5];20002969;100.00;;"
7422 [140369472239296] INFO perfrun.perfcollector <> - PERF_STAT : "     0.828025000;CPU10;310;;UNC_M_CAS_COUNT.RD[UNIT5];20001643;100.00;;"
7422 [140369472239296] INFO perfrun.perfcollector <> - PERF_STAT : "     0.828025000;CPU0;2102;;UNC_M_CAS_COUNT.WR[UNIT0];20002779;100.00;;"
7422 [140369472239296] INFO perfrun.perfcollector <> - PERF_STAT : "     0.828025000;CPU10;64;;UNC_M_CAS_COUNT.WR[UNIT0];20001716;100.00;;"
7422 [140369472239296] INFO perfrun.perfcollector <> - PERF_STAT : "     0.828025000;CPU0;3106;;UNC_M_CAS_COUNT.WR[UNIT1];20002782;100.00;;"
7422 [140369472239296] INFO perfrun.perfcollector <> - PERF_STAT : "     0.828025000;CPU10;121;;UNC_M_CAS_COUNT.WR[UNIT1];20001713;100.00;;"
7422 [140369472239296] INFO perfrun.perfcollector <> - PERF_STAT : "     0.828025000;CPU0;2017;;UNC_M_CAS_COUNT.WR[UNIT4];20002826;100.00;;"
7422 [140369472239296] INFO perfrun.perfcollector <> - PERF_STAT : "     0.828025000;CPU10;65;;UNC_M_CAS_COUNT.WR[UNIT4];20001866;100.00;;"
7422 [140369472239296] INFO perfrun.perfcollector <> - PERF_STAT : "     0.828025000;CPU0;3138;;UNC_M_CAS_COUNT.WR[UNIT5];20002783;100.00;;"
7422 [140369472239296] INFO perfrun.perfcollector <> - PERF_STAT : "     0.828025000;CPU10;136;;UNC_M_CAS_COUNT.WR[UNIT5];20001866;100.00;;"
7438 [140369472239296] INFO perfrun.perfcollector <> - PERF_STAT : "     0.848026909;CPU0;2530;;UNC_M_CAS_COUNT.RD[UNIT0];16015056;100.00;;"
7438 [140369472239296] INFO perfrun.perfcollector <> - PERF_STAT : "     0.848026909;CPU10;183;;UNC_M_CAS_COUNT.RD[UNIT0];16024111;100.00;;"
7438 [140369472239296] INFO perfrun.perfcollector <> - PERF_STAT : "     0.848026909;CPU0;3398;;UNC_M_CAS_COUNT.RD[UNIT1];16014851;100.00;;"
7438 [140369472239296] INFO perfrun.perfcollector <> - PERF_STAT : "     0.848026909;CPU10;191;;UNC_M_CAS_COUNT.RD[UNIT1];16021327;100.00;;"
7438 [140369472239296] INFO perfrun.perfcollector <> - PERF_STAT : "     0.848026909;CPU0;2614;;UNC_M_CAS_COUNT.RD[UNIT4];16014797;100.00;;"
7438 [140369472239296] INFO perfrun.perfcollector <> - PERF_STAT : "     0.848026909;CPU10;183;;UNC_M_CAS_COUNT.RD[UNIT4];16019330;100.00;;"
7438 [140369472239296] INFO perfrun.perfcollector <> - PERF_STAT : "     0.848026909;CPU0;3365;;UNC_M_CAS_COUNT.RD[UNIT5];16014774;100.00;;"
7438 [140369472239296] INFO perfrun.perfcollector <> - PERF_STAT : "     0.848026909;CPU10;221;;UNC_M_CAS_COUNT.RD[UNIT5];16017746;100.00;;"
7438 [140369472239296] INFO perfrun.perfcollector <> - PERF_STAT : "     0.848026909;CPU0;1594;;UNC_M_CAS_COUNT.WR[UNIT0];16014889;100.00;;"
7438 [140369472239296] INFO perfrun.perfcollector <> - PERF_STAT : "     0.848026909;CPU10;61;;UNC_M_CAS_COUNT.WR[UNIT0];16015783;100.00;;"
7438 [140369472239296] INFO perfrun.perfcollector <> - PERF_STAT : "     0.848026909;CPU0;2305;;UNC_M_CAS_COUNT.WR[UNIT1];16014889;100.00;;"
7438 [140369472239296] INFO perfrun.perfcollector <> - PERF_STAT : "     0.848026909;CPU10;113;;UNC_M_CAS_COUNT.WR[UNIT1];16013930;100.00;;"
7438 [140369472239296] INFO perfrun.perfcollector <> - PERF_STAT : "     0.848026909;CPU0;1499;;UNC_M_CAS_COUNT.WR[UNIT4];16014849;100.00;;"
7438 [140369472239296] INFO perfrun.perfcollector <> - PERF_STAT : "     0.848026909;CPU10;70;;UNC_M_CAS_COUNT.WR[UNIT4];16012008;100.00;;"
7438 [140369472239296] INFO perfrun.perfcollector <> - PERF_STAT : "     0.848026909;CPU0;2400;;UNC_M_CAS_COUNT.WR[UNIT5];16014892;100.00;;"
7438 [140369472239296] INFO perfrun.perfcollector <> - PERF_STAT : "     0.848026909;CPU10;133;;UNC_M_CAS_COUNT.WR[UNIT5];16010212;100.00;;"
7454 [140369472239296] INFO perfrun.perfcollector <> - PERF_STAT : "     0.863990328;CPU0;2498;;UNC_M_CAS_COUNT.RD[UNIT0];15982048;100.00;;"
7454 [140369472239296] INFO perfrun.perfcollector <> - PERF_STAT : "     0.863990328;CPU10;155;;UNC_M_CAS_COUNT.RD[UNIT0];15973813;100.00;;"
7454 [140369472239296] INFO perfrun.perfcollector <> - PERF_STAT : "     0.863990328;CPU0;3409;;UNC_M_CAS_COUNT.RD[UNIT1];15982001;100.00;;"
7454 [140369472239296] INFO perfrun.perfcollector <> - PERF_STAT : "     0.863990328;CPU10;190;;UNC_M_CAS_COUNT.RD[UNIT1];15976733;100.00;;"
7454 [140369472239296] INFO perfrun.perfcollector <> - PERF_STAT : "     0.863990328;CPU0;2544;;UNC_M_CAS_COUNT.RD[UNIT4];15981944;100.00;;"
7454 [140369472239296] INFO perfrun.perfcollector <> - PERF_STAT : "     0.863990328;CPU10;218;;UNC_M_CAS_COUNT.RD[UNIT4];15978571;100.00;;"
7454 [140369472239296] INFO perfrun.perfcollector <> - PERF_STAT : "     0.863990328;CPU0;3368;;UNC_M_CAS_COUNT.RD[UNIT5];15981921;100.00;;"
7454 [140369472239296] INFO perfrun.perfcollector <> - PERF_STAT : "     0.863990328;CPU10;267;;UNC_M_CAS_COUNT.RD[UNIT5];15980138;100.00;;"
7454 [140369472239296] INFO perfrun.perfcollector <> - PERF_STAT : "     0.863990328;CPU0;1466;;UNC_M_CAS_COUNT.WR[UNIT0];15981803;100.00;;"
7454 [140369472239296] INFO perfrun.perfcollector <> - PERF_STAT : "     0.863990328;CPU10;44;;UNC_M_CAS_COUNT.WR[UNIT0];15981995;100.00;;"
7454 [140369472239296] INFO perfrun.perfcollector <> - PERF_STAT : "     0.863990328;CPU0;2316;;UNC_M_CAS_COUNT.WR[UNIT1];15981845;100.00;;"
7454 [140369472239296] INFO perfrun.perfcollector <> - PERF_STAT : "     0.863990328;CPU10;101;;UNC_M_CAS_COUNT.WR[UNIT1];15983944;100.00;;"
7454 [140369472239296] INFO perfrun.perfcollector <> - PERF_STAT : "     0.863990328;CPU0;1503;;UNC_M_CAS_COUNT.WR[UNIT4];15981842;100.00;;"
7454 [140369472239296] INFO perfrun.perfcollector <> - PERF_STAT : "     0.863990328;CPU10;73;;UNC_M_CAS_COUNT.WR[UNIT4];15985760;100.00;;"
7454 [140369472239296] INFO perfrun.perfcollector <> - PERF_STAT : "     0.863990328;CPU0;2368;;UNC_M_CAS_COUNT.WR[UNIT5];15981836;100.00;;"
7454 [140369472239296] INFO perfrun.perfcollector <> - PERF_STAT : "     0.863990328;CPU10;131;;UNC_M_CAS_COUNT.WR[UNIT5];15987579;100.00;;"
7470 [140369472239296] INFO perfrun.perfcollector <> - PERF_STAT : "     0.880027217;CPU0;2665;;UNC_M_CAS_COUNT.RD[UNIT0];16002660;100.00;;"
7470 [140369472239296] INFO perfrun.perfcollector <> - PERF_STAT : "     0.880027217;CPU10;143;;UNC_M_CAS_COUNT.RD[UNIT0];16005339;100.00;;"
7470 [140369472239296] INFO perfrun.perfcollector <> - PERF_STAT : "     0.880027217;CPU0;3435;;UNC_M_CAS_COUNT.RD[UNIT1];16003007;100.00;;"
7470 [140369472239296] INFO perfrun.perfcollector <> - PERF_STAT : "     0.880027217;CPU10;187;;UNC_M_CAS_COUNT.RD[UNIT1];16005381;100.00;;"
7470 [140369472239296] INFO perfrun.perfcollector <> - PERF_STAT : "     0.880027217;CPU0;2592;;UNC_M_CAS_COUNT.RD[UNIT4];16003099;100.00;;"
7470 [140369472239296] INFO perfrun.perfcollector <> - PERF_STAT : "     0.880027217;CPU10;183;;UNC_M_CAS_COUNT.RD[UNIT4];16005397;100.00;;"
7470 [140369472239296] INFO perfrun.perfcollector <> - PERF_STAT : "     0.880027217;CPU0;3392;;UNC_M_CAS_COUNT.RD[UNIT5];16003127;100.00;;"
7470 [140369472239296] INFO perfrun.perfcollector <> - PERF_STAT : "     0.880027217;CPU10;231;;UNC_M_CAS_COUNT.RD[UNIT5];16005542;100.00;;"
7470 [140369472239296] INFO perfrun.perfcollector <> - PERF_STAT : "     0.880027217;CPU0;1534;;UNC_M_CAS_COUNT.WR[UNIT0];16003380;100.00;;"
7470 [140369472239296] INFO perfrun.perfcollector <> - PERF_STAT : "     0.880027217;CPU10;61;;UNC_M_CAS_COUNT.WR[UNIT0];16005540;100.00;;"
7470 [140369472239296] INFO perfrun.perfcollector <> - PERF_STAT : "     0.880027217;CPU0;2454;;UNC_M_CAS_COUNT.WR[UNIT1];16003218;100.00;;"
7470 [140369472239296] INFO perfrun.perfcollector <> - PERF_STAT : "     0.880027217;CPU10;109;;UNC_M_CAS_COUNT.WR[UNIT1];16005465;100.00;;"
7470 [140369472239296] INFO perfrun.perfcollector <> - PERF_STAT : "     0.880027217;CPU0;1543;;UNC_M_CAS_COUNT.WR[UNIT4];16003212;100.00;;"
7470 [140369472239296] INFO perfrun.perfcollector <> - PERF_STAT : "     0.880027217;CPU10;80;;UNC_M_CAS_COUNT.WR[UNIT4];16005391;100.00;;"
7470 [140369472239296] INFO perfrun.perfcollector <> - PERF_STAT : "     0.880027217;CPU0;2476;;UNC_M_CAS_COUNT.WR[UNIT5];16003239;100.00;;"
7470 [140369472239296] INFO perfrun.perfcollector <> - PERF_STAT : "     0.880027217;CPU10;148;;UNC_M_CAS_COUNT.WR[UNIT5];16005384;100.00;;"
7486 [140369472239296] INFO perfrun.perfcollector <> - PERF_STAT : "     0.896032036;CPU0;2586;;UNC_M_CAS_COUNT.RD[UNIT0];15998819;100.00;;"
7486 [140369472239296] INFO perfrun.perfcollector <> - PERF_STAT : "     0.896032036;CPU10;157;;UNC_M_CAS_COUNT.RD[UNIT0];15995629;100.00;;"
7486 [140369472239296] INFO perfrun.perfcollector <> - PERF_STAT : "     0.896032036;CPU0;3450;;UNC_M_CAS_COUNT.RD[UNIT1];15998491;100.00;;"
7486 [140369472239296] INFO perfrun.perfcollector <> - PERF_STAT : "     0.896032036;CPU10;197;;UNC_M_CAS_COUNT.RD[UNIT1];15995571;100.00;;"
7486 [140369472239296] INFO perfrun.perfcollector <> - PERF_STAT : "     0.896032036;CPU0;2590;;UNC_M_CAS_COUNT.RD[UNIT4];15998541;100.00;;"
7486 [140369472239296] INFO perfrun.perfcollector <> - PERF_STAT : "     0.896032036;CPU10;210;;UNC_M_CAS_COUNT.RD[UNIT4];15995520;100.00;;"
7486 [140369472239296] INFO perfrun.perfcollector <> - PERF_STAT : "     0.896032036;CPU0;3428;;UNC_M_CAS_COUNT.RD[UNIT5];15998509;100.00;;"
7486 [140369472239296] INFO perfrun.perfcollector <> - PERF_STAT : "     0.896032036;CPU10;270;;UNC_M_CAS_COUNT.RD[UNIT5];15995419;100.00;;"
7486 [140369472239296] INFO perfrun.perfcollector <> - PERF_STAT : "     0.896032036;CPU0;1448;;UNC_M_CAS_COUNT.WR[UNIT0];15998267;100.00;;"
7486 [140369472239296] INFO perfrun.perfcollector <> - PERF_STAT : "     0.896032036;CPU10;54;;UNC_M_CAS_COUNT.WR[UNIT0];15995413;100.00;;"
7486 [140369472239296] INFO perfrun.perfcollector <> - PERF_STAT : "     0.896032036;CPU0;2353;;UNC_M_CAS_COUNT.WR[UNIT1];15998599;100.00;;"
7486 [140369472239296] INFO perfrun.perfcollector <> - PERF_STAT : "     0.896032036;CPU10;121;;UNC_M_CAS_COUNT.WR[UNIT1];15995416;100.00;;"
7486 [140369472239296] INFO perfrun.perfcollector <> - PERF_STAT : "     0.896032036;CPU0;1495;;UNC_M_CAS_COUNT.WR[UNIT4];15998606;100.00;;"
7486 [140369472239296] INFO perfrun.perfcollector <> - PERF_STAT : "     0.896032036;CPU10;67;;UNC_M_CAS_COUNT.WR[UNIT4];15995430;100.00;;"
7486 [140369472239296] INFO perfrun.perfcollector <> - PERF_STAT : "     0.896032036;CPU0;2318;;UNC_M_CAS_COUNT.WR[UNIT5];15998559;100.00;;"
7486 [140369472239296] INFO perfrun.perfcollector <> - PERF_STAT : "     0.896032036;CPU10;136;;UNC_M_CAS_COUNT.WR[UNIT5];15995413;100.00;;"
7502 [140369472239296] INFO perfrun.perfcollector <> - PERF_STAT : "     0.912026417;CPU0;2715;;UNC_M_CAS_COUNT.RD[UNIT0];16013488;100.00;;"
7502 [140369472239296] INFO perfrun.perfcollector <> - PERF_STAT : "     0.912026417;CPU10;515;;UNC_M_CAS_COUNT.RD[UNIT0];16015566;100.00;;"
7502 [140369472239296] INFO perfrun.perfcollector <> - PERF_STAT : "     0.912026417;CPU0;3486;;UNC_M_CAS_COUNT.RD[UNIT1];16013712;100.00;;"
7502 [140369472239296] INFO perfrun.perfcollector <> - PERF_STAT : "     0.912026417;CPU10;666;;UNC_M_CAS_COUNT.RD[UNIT1];16028742;100.00;;"
7502 [140369472239296] INFO perfrun.perfcollector <> - PERF_STAT : "     0.912026417;CPU0;2624;;UNC_M_CAS_COUNT.RD[UNIT4];16013700;100.00;;"
7502 [140369472239296] INFO perfrun.perfcollector <> - PERF_STAT : "     0.912026417;CPU10;561;;UNC_M_CAS_COUNT.RD[UNIT4];16027275;100.00;;"
7502 [140369472239296] INFO perfrun.perfcollector <> - PERF_STAT : "     0.912026417;CPU0;3526;;UNC_M_CAS_COUNT.RD[UNIT5];16013990;100.00;;"
7502 [140369472239296] INFO perfrun.perfcollector <> - PERF_STAT : "     0.912026417;CPU10;708;;UNC_M_CAS_COUNT.RD[UNIT5];16025529;100.00;;"
7502 [140369472239296] INFO perfrun.perfcollector <> - PERF_STAT : "     0.912026417;CPU0;1454;;UNC_M_CAS_COUNT.WR[UNIT0];16014164;100.00;;"
7502 [140369472239296] INFO perfrun.perfcollector <> - PERF_STAT : "     0.912026417;CPU10;183;;UNC_M_CAS_COUNT.WR[UNIT0];16023668;100.00;;"
7502 [140369472239296] INFO perfrun.perfcollector <> - PERF_STAT : "     0.912026417;CPU0;2286;;UNC_M_CAS_COUNT.WR[UNIT1];16014045;100.00;;"
7502 [140369472239296] INFO perfrun.perfcollector <> - PERF_STAT : "     0.912026417;CPU10;309;;UNC_M_CAS_COUNT.WR[UNIT1];16021810;100.00;;"
7502 [140369472239296] INFO perfrun.perfcollector <> - PERF_STAT : "     0.912026417;CPU0;1448;;UNC_M_CAS_COUNT.WR[UNIT4];16014125;100.00;;"
7502 [140369472239296] INFO perfrun.perfcollector <> - PERF_STAT : "     0.912026417;CPU10;169;;UNC_M_CAS_COUNT.WR[UNIT4];16020054;100.00;;"
7502 [140369472239296] INFO perfrun.perfcollector <> - PERF_STAT : "     0.912026417;CPU0;2276;;UNC_M_CAS_COUNT.WR[UNIT5];16014249;100.00;;"
7502 [140369472239296] INFO perfrun.perfcollector <> - PERF_STAT : "     0.912026417;CPU10;330;;UNC_M_CAS_COUNT.WR[UNIT5];16018276;100.00;;"
7518 [140369472239296] INFO perfrun.perfcollector <> - PERF_STAT : "     0.927995762;CPU0;3308;;UNC_M_CAS_COUNT.RD[UNIT0];15987281;100.00;;"
7518 [140369472239296] INFO perfrun.perfcollector <> - PERF_STAT : "     0.927995762;CPU10;400;;UNC_M_CAS_COUNT.RD[UNIT0];15984438;100.00;;"
7518 [140369472239296] INFO perfrun.perfcollector <> - PERF_STAT : "     0.927995762;CPU0;4014;;UNC_M_CAS_COUNT.RD[UNIT1];15987117;100.00;;"
7518 [140369472239296] INFO perfrun.perfcollector <> - PERF_STAT : "     0.927995762;CPU10;459;;UNC_M_CAS_COUNT.RD[UNIT1];15971377;100.00;;"
7518 [140369472239296] INFO perfrun.perfcollector <> - PERF_STAT : "     0.927995762;CPU0;3237;;UNC_M_CAS_COUNT.RD[UNIT4];15986924;100.00;;"
7518 [140369472239296] INFO perfrun.perfcollector <> - PERF_STAT : "     0.927995762;CPU10;491;;UNC_M_CAS_COUNT.RD[UNIT4];15972898;100.00;;"
7518 [140369472239296] INFO perfrun.perfcollector <> - PERF_STAT : "     0.927995762;CPU0;3953;;UNC_M_CAS_COUNT.RD[UNIT5];15986640;100.00;;"
7518 [140369472239296] INFO perfrun.perfcollector <> - PERF_STAT : "     0.927995762;CPU10;584;;UNC_M_CAS_COUNT.RD[UNIT5];15974601;100.00;;"
7518 [140369472239296] INFO perfrun.perfcollector <> - PERF_STAT : "     0.927995762;CPU0;1500;;UNC_M_CAS_COUNT.WR[UNIT0];15986446;100.00;;"
7518 [140369472239296] INFO perfrun.perfcollector <> - PERF_STAT : "     0.927995762;CPU10;87;;UNC_M_CAS_COUNT.WR[UNIT0];15976466;100.00;;"
7518 [140369472239296] INFO perfrun.perfcollector <> - PERF_STAT : "     0.927995762;CPU0;2295;;UNC_M_CAS_COUNT.WR[UNIT1];15986354;100.00;;"
7518 [140369472239296] INFO perfrun.perfcollector <> - PERF_STAT : "     0.927995762;CPU10;164;;UNC_M_CAS_COUNT.WR[UNIT1];15978291;100.00;;"
7518 [140369472239296] INFO perfrun.perfcollector <> - PERF_STAT : "     0.927995762;CPU0;1531;;UNC_M_CAS_COUNT.WR[UNIT4];15986273;100.00;;"
7518 [140369472239296] INFO perfrun.perfcollector <> - PERF_STAT : "     0.927995762;CPU10;102;;UNC_M_CAS_COUNT.WR[UNIT4];15980042;100.00;;"
7518 [140369472239296] INFO perfrun.perfcollector <> - PERF_STAT : "     0.927995762;CPU0;2352;;UNC_M_CAS_COUNT.WR[UNIT5];15986178;100.00;;"
7518 [140369472239296] INFO perfrun.perfcollector <> - PERF_STAT : "     0.927995762;CPU10;204;;UNC_M_CAS_COUNT.WR[UNIT5];15981834;100.00;;"
7534 [140369472239296] INFO perfrun.perfcollector <> - PERF_STAT : "     0.944026065;CPU0;2636;;UNC_M_CAS_COUNT.RD[UNIT0];16000704;100.00;;"
7534 [140369472239296] INFO perfrun.perfcollector <> - PERF_STAT : "     0.944026065;CPU10;150;;UNC_M_CAS_COUNT.RD[UNIT0];15986933;100.00;;"
7534 [140369472239296] INFO perfrun.perfcollector <> - PERF_STAT : "     0.944026065;CPU0;3473;;UNC_M_CAS_COUNT.RD[UNIT1];16000674;100.00;;"
7534 [140369472239296] INFO perfrun.perfcollector <> - PERF_STAT : "     0.944026065;CPU10;183;;UNC_M_CAS_COUNT.RD[UNIT1];15983958;100.00;;"
7534 [140369472239296] INFO perfrun.perfcollector <> - PERF_STAT : "     0.944026065;CPU0;2572;;UNC_M_CAS_COUNT.RD[UNIT4];16000732;100.00;;"
7534 [140369472239296] INFO perfrun.perfcollector <> - PERF_STAT : "     0.944026065;CPU10;167;;UNC_M_CAS_COUNT.RD[UNIT4];15982106;100.00;;"
7534 [140369472239296] INFO perfrun.perfcollector <> - PERF_STAT : "     0.944026065;CPU0;3511;;UNC_M_CAS_COUNT.RD[UNIT5];16000720;100.00;;"
7534 [140369472239296] INFO perfrun.perfcollector <> - PERF_STAT : "     0.944026065;CPU10;215;;UNC_M_CAS_COUNT.RD[UNIT5];15980290;100.00;;"
7534 [140369472239296] INFO perfrun.perfcollector <> - PERF_STAT : "     0.944026065;CPU0;1398;;UNC_M_CAS_COUNT.WR[UNIT0];16000718;100.00;;"
7534 [140369472239296] INFO perfrun.perfcollector <> - PERF_STAT : "     0.944026065;CPU10;49;;UNC_M_CAS_COUNT.WR[UNIT0];15978443;100.00;;"
7534 [140369472239296] INFO perfrun.perfcollector <> - PERF_STAT : "     0.944026065;CPU0;2260;;UNC_M_CAS_COUNT.WR[UNIT1];16000731;100.00;;"
7534 [140369472239296] INFO perfrun.perfcollector <> - PERF_STAT : "     0.944026065;CPU10;103;;UNC_M_CAS_COUNT.WR[UNIT1];15976612;100.00;;"
7534 [140369472239296] INFO perfrun.perfcollector <> - PERF_STAT : "     0.944026065;CPU0;1496;;UNC_M_CAS_COUNT.WR[UNIT4];16000736;100.00;;"
7534 [140369472239296] INFO perfrun.perfcollector <> - PERF_STAT : "     0.944026065;CPU10;49;;UNC_M_CAS_COUNT.WR[UNIT4];15974853;100.00;;"
7534 [140369472239296] INFO perfrun.perfcollector <> - PERF_STAT : "     0.944026065;CPU0;2312;;UNC_M_CAS_COUNT.WR[UNIT5];16000682;100.00;;"
7534 [140369472239296] INFO perfrun.perfcollector <> - PERF_STAT : "     0.944026065;CPU10;113;;UNC_M_CAS_COUNT.WR[UNIT5];15973603;100.00;;"
7550 [140369472239296] INFO perfrun.perfcollector <> - PERF_STAT : "     0.959949123;CPU0;2493;;UNC_M_CAS_COUNT.RD[UNIT0];15999283;100.00;;"
7550 [140369472239296] INFO perfrun.perfcollector <> - PERF_STAT : "     0.959949123;CPU10;153;;UNC_M_CAS_COUNT.RD[UNIT0];16014458;100.00;;"
7550 [140369472239296] INFO perfrun.perfcollector <> - PERF_STAT : "     0.959949123;CPU0;3396;;UNC_M_CAS_COUNT.RD[UNIT1];15999261;100.00;;"
7550 [140369472239296] INFO perfrun.perfcollector <> - PERF_STAT : "     0.959949123;CPU10;190;;UNC_M_CAS_COUNT.RD[UNIT1];16017323;100.00;;"
7550 [140369472239296] INFO perfrun.perfcollector <> - PERF_STAT : "     0.959949123;CPU0;2592;;UNC_M_CAS_COUNT.RD[UNIT4];15999186;100.00;;"
7550 [140369472239296] INFO perfrun.perfcollector <> - PERF_STAT : "     0.959949123;CPU10;209;;UNC_M_CAS_COUNT.RD[UNIT4];16019282;100.00;;"
7550 [140369472239296] INFO perfrun.perfcollector <> - PERF_STAT : "     0.959949123;CPU0;3391;;UNC_M_CAS_COUNT.RD[UNIT5];15999199;100.00;;"
7550 [140369472239296] INFO perfrun.perfcollector <> - PERF_STAT : "     0.959949123;CPU10;264;;UNC_M_CAS_COUNT.RD[UNIT5];16021111;100.00;;"
7550 [140369472239296] INFO perfrun.perfcollector <> - PERF_STAT : "     0.959949123;CPU0;1415;;UNC_M_CAS_COUNT.WR[UNIT0];15999432;100.00;;"
7550 [140369472239296] INFO perfrun.perfcollector <> - PERF_STAT : "     0.959949123;CPU10;44;;UNC_M_CAS_COUNT.WR[UNIT0];16023128;100.00;;"
7550 [140369472239296] INFO perfrun.perfcollector <> - PERF_STAT : "     0.959949123;CPU0;2220;;UNC_M_CAS_COUNT.WR[UNIT1];15999612;100.00;;"
7550 [140369472239296] INFO perfrun.perfcollector <> - PERF_STAT : "     0.959949123;CPU10;108;;UNC_M_CAS_COUNT.WR[UNIT1];16024986;100.00;;"
7550 [140369472239296] INFO perfrun.perfcollector <> - PERF_STAT : "     0.959949123;CPU0;1406;;UNC_M_CAS_COUNT.WR[UNIT4];15999612;100.00;;"
7550 [140369472239296] INFO perfrun.perfcollector <> - PERF_STAT : "     0.959949123;CPU10;58;;UNC_M_CAS_COUNT.WR[UNIT4];16026786;100.00;;"
7550 [140369472239296] INFO perfrun.perfcollector <> - PERF_STAT : "     0.959949123;CPU0;2255;;UNC_M_CAS_COUNT.WR[UNIT5];15999627;100.00;;"
7550 [140369472239296] INFO perfrun.perfcollector <> - PERF_STAT : "     0.959949123;CPU10;121;;UNC_M_CAS_COUNT.WR[UNIT5];16028046;100.00;;"
7570 [140369472239296] INFO perfrun.perfcollector <> - PERF_STAT : "     0.976026783;CPU0;3496;;UNC_M_CAS_COUNT.RD[UNIT0];20000354;100.00;;"
7570 [140369472239296] INFO perfrun.perfcollector <> - PERF_STAT : "     0.976026783;CPU10;212;;UNC_M_CAS_COUNT.RD[UNIT0];19985752;100.00;;"
7570 [140369472239296] INFO perfrun.perfcollector <> - PERF_STAT : "     0.976026783;CPU0;4520;;UNC_M_CAS_COUNT.RD[UNIT1];20000659;100.00;;"
7570 [140369472239296] INFO perfrun.perfcollector <> - PERF_STAT : "     0.976026783;CPU10;255;;UNC_M_CAS_COUNT.RD[UNIT1];19982877;100.00;;"
7570 [140369472239296] INFO perfrun.perfcollector <> - PERF_STAT : "     0.976026783;CPU0;3521;;UNC_M_CAS_COUNT.RD[UNIT4];20000745;100.00;;"
7570 [140369472239296] INFO perfrun.perfcollector <> - PERF_STAT : "     0.976026783;CPU10;226;;UNC_M_CAS_COUNT.RD[UNIT4];19981036;100.00;;"
7570 [140369472239296] INFO perfrun.perfcollector <> - PERF_STAT : "     0.976026783;CPU0;4555;;UNC_M_CAS_COUNT.RD[UNIT5];20000817;100.00;;"
7570 [140369472239296] INFO perfrun.perfcollector <> - PERF_STAT : "     0.976026783;CPU10;285;;UNC_M_CAS_COUNT.RD[UNIT5];19979287;100.00;;"
7570 [140369472239296] INFO perfrun.perfcollector <> - PERF_STAT : "     0.976026783;CPU0;1958;;UNC_M_CAS_COUNT.WR[UNIT0];20000592;100.00;;"
7570 [140369472239296] INFO perfrun.perfcollector <> - PERF_STAT : "     0.976026783;CPU10;61;;UNC_M_CAS_COUNT.WR[UNIT0];19977398;100.00;;"
7570 [140369472239296] INFO perfrun.perfcollector <> - PERF_STAT : "     0.976026783;CPU0;3033;;UNC_M_CAS_COUNT.WR[UNIT1];20000279;100.00;;"
7570 [140369472239296] INFO perfrun.perfcollector <> - PERF_STAT : "     0.976026783;CPU10;110;;UNC_M_CAS_COUNT.WR[UNIT1];19975531;100.00;;"
7570 [140369472239296] INFO perfrun.perfcollector <> - PERF_STAT : "     0.976026783;CPU0;2004;;UNC_M_CAS_COUNT.WR[UNIT4];20000276;100.00;;"
7570 [140369472239296] INFO perfrun.perfcollector <> - PERF_STAT : "     0.976026783;CPU10;57;;UNC_M_CAS_COUNT.WR[UNIT4];19973732;100.00;;"
7570 [140369472239296] INFO perfrun.perfcollector <> - PERF_STAT : "     0.976026783;CPU0;2953;;UNC_M_CAS_COUNT.WR[UNIT5];20000320;100.00;;"
7570 [140369472239296] INFO perfrun.perfcollector <> - PERF_STAT : "     0.976026783;CPU10;133;;UNC_M_CAS_COUNT.WR[UNIT5];19971904;100.00;;"
7586 [140369472239296] INFO perfrun.perfcollector <> - PERF_STAT : "     0.995951147;CPU0;2533;;UNC_M_CAS_COUNT.RD[UNIT0];16000095;100.00;;"
7586 [140369472239296] INFO perfrun.perfcollector <> - PERF_STAT : "     0.995951147;CPU10;156;;UNC_M_CAS_COUNT.RD[UNIT0];16014451;100.00;;"
7586 [140369472239296] INFO perfrun.perfcollector <> - PERF_STAT : "     0.995951147;CPU0;3436;;UNC_M_CAS_COUNT.RD[UNIT1];15999942;100.00;;"
7586 [140369472239296] INFO perfrun.perfcollector <> - PERF_STAT : "     0.995951147;CPU10;190;;UNC_M_CAS_COUNT.RD[UNIT1];16017256;100.00;;"
7586 [140369472239296] INFO perfrun.perfcollector <> - PERF_STAT : "     0.995951147;CPU0;2641;;UNC_M_CAS_COUNT.RD[UNIT4];15999924;100.00;;"
7586 [140369472239296] INFO perfrun.perfcollector <> - PERF_STAT : "     0.995951147;CPU10;210;;UNC_M_CAS_COUNT.RD[UNIT4];16018957;100.00;;"
7586 [140369472239296] INFO perfrun.perfcollector <> - PERF_STAT : "     0.995951147;CPU0;3432;;UNC_M_CAS_COUNT.RD[UNIT5];15999863;100.00;;"
7586 [140369472239296] INFO perfrun.perfcollector <> - PERF_STAT : "     0.995951147;CPU10;270;;UNC_M_CAS_COUNT.RD[UNIT5];16020699;100.00;;"
7586 [140369472239296] INFO perfrun.perfcollector <> - PERF_STAT : "     0.995951147;CPU0;1361;;UNC_M_CAS_COUNT.WR[UNIT0];15999864;100.00;;"
7586 [140369472239296] INFO perfrun.perfcollector <> - PERF_STAT : "     0.995951147;CPU10;39;;UNC_M_CAS_COUNT.WR[UNIT0];16022392;100.00;;"
7586 [140369472239296] INFO perfrun.perfcollector <> - PERF_STAT : "     0.995951147;CPU0;2238;;UNC_M_CAS_COUNT.WR[UNIT1];15999866;100.00;;"
7586 [140369472239296] INFO perfrun.perfcollector <> - PERF_STAT : "     0.995951147;CPU10;97;;UNC_M_CAS_COUNT.WR[UNIT1];16024251;100.00;;"
7586 [140369472239296] INFO perfrun.perfcollector <> - PERF_STAT : "     0.995951147;CPU0;1398;;UNC_M_CAS_COUNT.WR[UNIT4];15999869;100.00;;"
7586 [140369472239296] INFO perfrun.perfcollector <> - PERF_STAT : "     0.995951147;CPU10;46;;UNC_M_CAS_COUNT.WR[UNIT4];16026003;100.00;;"
7586 [140369472239296] INFO perfrun.perfcollector <> - PERF_STAT : "     0.995951147;CPU0;2274;;UNC_M_CAS_COUNT.WR[UNIT5];15999827;100.00;;"
7586 [140369472239296] INFO perfrun.perfcollector <> - PERF_STAT : "     0.995951147;CPU10;115;;UNC_M_CAS_COUNT.WR[UNIT5];16028039;100.00;;"
7602 [140369472239296] INFO perfrun.perfcollector <> - PERF_STAT : "     1.012026384;CPU0;2580;;UNC_M_CAS_COUNT.RD[UNIT0];16000296;100.00;;"
7602 [140369472239296] INFO perfrun.perfcollector <> - PERF_STAT : "     1.012026384;CPU10;121;;UNC_M_CAS_COUNT.RD[UNIT0];16001157;100.00;;"
7602 [140369472239296] INFO perfrun.perfcollector <> - PERF_STAT : "     1.012026384;CPU0;3365;;UNC_M_CAS_COUNT.RD[UNIT1];16000347;100.00;;"
7602 [140369472239296] INFO perfrun.perfcollector <> - PERF_STAT : "     1.012026384;CPU10;169;;UNC_M_CAS_COUNT.RD[UNIT1];16001293;100.00;;"
7602 [140369472239296] INFO perfrun.perfcollector <> - PERF_STAT : "     1.012026384;CPU0;2573;;UNC_M_CAS_COUNT.RD[UNIT4];16000637;100.00;;"
7602 [140369472239296] INFO perfrun.perfcollector <> - PERF_STAT : "     1.012026384;CPU10;155;;UNC_M_CAS_COUNT.RD[UNIT4];16001353;100.00;;"
7602 [140369472239296] INFO perfrun.perfcollector <> - PERF_STAT : "     1.012026384;CPU0;3462;;UNC_M_CAS_COUNT.RD[UNIT5];16000614;100.00;;"
7602 [140369472239296] INFO perfrun.perfcollector <> - PERF_STAT : "     1.012026384;CPU10;194;;UNC_M_CAS_COUNT.RD[UNIT5];16001437;100.00;;"
7602 [140369472239296] INFO perfrun.perfcollector <> - PERF_STAT : "     1.012026384;CPU0;1375;;UNC_M_CAS_COUNT.WR[UNIT0];16000714;100.00;;"
7602 [140369472239296] INFO perfrun.perfcollector <> - PERF_STAT : "     1.012026384;CPU10;40;;UNC_M_CAS_COUNT.WR[UNIT0];16001450;100.00;;"
7602 [140369472239296] INFO perfrun.perfcollector <> - PERF_STAT : "     1.012026384;CPU0;2251;;UNC_M_CAS_COUNT.WR[UNIT1];16000936;100.00;;"
7602 [140369472239296] INFO perfrun.perfcollector <> - PERF_STAT : "     1.012026384;CPU10;99;;UNC_M_CAS_COUNT.WR[UNIT1];16001560;100.00;;"
7602 [140369472239296] INFO perfrun.perfcollector <> - PERF_STAT : "     1.012026384;CPU0;1351;;UNC_M_CAS_COUNT.WR[UNIT4];16000936;100.00;;"
7602 [140369472239296] INFO perfrun.perfcollector <> - PERF_STAT : "     1.012026384;CPU10;47;;UNC_M_CAS_COUNT.WR[UNIT4];16001564;100.00;;"
7602 [140369472239296] INFO perfrun.perfcollector <> - PERF_STAT : "     1.012026384;CPU0;2195;;UNC_M_CAS_COUNT.WR[UNIT5];16000930;100.00;;"
7602 [140369472239296] INFO perfrun.perfcollector <> - PERF_STAT : "     1.012026384;CPU10;111;;UNC_M_CAS_COUNT.WR[UNIT5];16001336;100.00;;"
7618 [140369472239296] INFO perfrun.perfcollector <> - PERF_STAT : "     1.028031817;CPU0;2508;;UNC_M_CAS_COUNT.RD[UNIT0];15997075;100.00;;"
7618 [140369472239296] INFO perfrun.perfcollector <> - PERF_STAT : "     1.028031817;CPU10;153;;UNC_M_CAS_COUNT.RD[UNIT0];15996314;100.00;;"
7618 [140369472239296] INFO perfrun.perfcollector <> - PERF_STAT : "     1.028031817;CPU0;3516;;UNC_M_CAS_COUNT.RD[UNIT1];15996962;100.00;;"
7618 [140369472239296] INFO perfrun.perfcollector <> - PERF_STAT : "     1.028031817;CPU10;205;;UNC_M_CAS_COUNT.RD[UNIT1];15996218;100.00;;"
7618 [140369472239296] INFO perfrun.perfcollector <> - PERF_STAT : "     1.028031817;CPU0;2619;;UNC_M_CAS_COUNT.RD[UNIT4];15996790;100.00;;"
7618 [140369472239296] INFO perfrun.perfcollector <> - PERF_STAT : "     1.028031817;CPU10;228;;UNC_M_CAS_COUNT.RD[UNIT4];15996168;100.00;;"
7618 [140369472239296] INFO perfrun.perfcollector <> - PERF_STAT : "     1.028031817;CPU0;3421;;UNC_M_CAS_COUNT.RD[UNIT5];15996915;100.00;;"
7618 [140369472239296] INFO perfrun.perfcollector <> - PERF_STAT : "     1.028031817;CPU10;285;;UNC_M_CAS_COUNT.RD[UNIT5];15996057;100.00;;"
7618 [140369472239296] INFO perfrun.perfcollector <> - PERF_STAT : "     1.028031817;CPU0;1392;;UNC_M_CAS_COUNT.WR[UNIT0];15996916;100.00;;"
7618 [140369472239296] INFO perfrun.perfcollector <> - PERF_STAT : "     1.028031817;CPU10;42;;UNC_M_CAS_COUNT.WR[UNIT0];15996254;100.00;;"
7618 [140369472239296] INFO perfrun.perfcollector <> - PERF_STAT : "     1.028031817;CPU0;2235;;UNC_M_CAS_COUNT.WR[UNIT1];15996801;100.00;;"
7618 [140369472239296] INFO perfrun.perfcollector <> - PERF_STAT : "     1.028031817;CPU10;103;;UNC_M_CAS_COUNT.WR[UNIT1];15996278;100.00;;"
7618 [140369472239296] INFO perfrun.perfcollector <> - PERF_STAT : "     1.028031817;CPU0;1380;;UNC_M_CAS_COUNT.WR[UNIT4];15996789;100.00;;"
7618 [140369472239296] INFO perfrun.perfcollector <> - PERF_STAT : "     1.028031817;CPU10;63;;UNC_M_CAS_COUNT.WR[UNIT4];15996451;100.00;;"
7618 [140369472239296] INFO perfrun.perfcollector <> - PERF_STAT : "     1.028031817;CPU0;2273;;UNC_M_CAS_COUNT.WR[UNIT5];15996784;100.00;;"
7618 [140369472239296] INFO perfrun.perfcollector <> - PERF_STAT : "     1.028031817;CPU10;131;;UNC_M_CAS_COUNT.WR[UNIT5];15996541;100.00;;"
7634 [140369472239296] INFO perfrun.perfcollector <> - PERF_STAT : "     1.044023435;CPU0;3684;;UNC_M_CAS_COUNT.RD[UNIT0];16006339;100.00;;"
7634 [140369472239296] INFO perfrun.perfcollector <> - PERF_STAT : "     1.044023435;CPU10;193;;UNC_M_CAS_COUNT.RD[UNIT0];16007493;100.00;;"
7634 [140369472239296] INFO perfrun.perfcollector <> - PERF_STAT : "     1.044023435;CPU0;4380;;UNC_M_CAS_COUNT.RD[UNIT1];16006371;100.00;;"
7634 [140369472239296] INFO perfrun.perfcollector <> - PERF_STAT : "     1.044023435;CPU10;264;;UNC_M_CAS_COUNT.RD[UNIT1];16007517;100.00;;"
7634 [140369472239296] INFO perfrun.perfcollector <> - PERF_STAT : "     1.044023435;CPU0;3673;;UNC_M_CAS_COUNT.RD[UNIT4];16006469;100.00;;"
7634 [140369472239296] INFO perfrun.perfcollector <> - PERF_STAT : "     1.044023435;CPU10;211;;UNC_M_CAS_COUNT.RD[UNIT4];16007513;100.00;;"
7634 [140369472239296] INFO perfrun.perfcollector <> - PERF_STAT : "     1.044023435;CPU0;4322;;UNC_M_CAS_COUNT.RD[UNIT5];16006424;100.00;;"
7634 [140369472239296] INFO perfrun.perfcollector <> - PERF_STAT : "     1.044023435;CPU10;315;;UNC_M_CAS_COUNT.RD[UNIT5];16007551;100.00;;"
7634 [140369472239296] INFO perfrun.perfcollector <> - PERF_STAT : "     1.044023435;CPU0;1621;;UNC_M_CAS_COUNT.WR[UNIT0];16006324;100.00;;"
7634 [140369472239296] INFO perfrun.perfcollector <> - PERF_STAT : "     1.044023435;CPU10;41;;UNC_M_CAS_COUNT.WR[UNIT0];16007483;100.00;;"
7634 [140369472239296] INFO perfrun.perfcollector <> - PERF_STAT : "     1.044023435;CPU0;2371;;UNC_M_CAS_COUNT.WR[UNIT1];16006224;100.00;;"
7634 [140369472239296] INFO perfrun.perfcollector <> - PERF_STAT : "     1.044023435;CPU10;141;;UNC_M_CAS_COUNT.WR[UNIT1];16007347;100.00;;"
7634 [140369472239296] INFO perfrun.perfcollector <> - PERF_STAT : "     1.044023435;CPU0;1493;;UNC_M_CAS_COUNT.WR[UNIT4];16006233;100.00;;"
7634 [140369472239296] INFO perfrun.perfcollector <> - PERF_STAT : "     1.044023435;CPU10;44;;UNC_M_CAS_COUNT.WR[UNIT4];16007246;100.00;;"
7634 [140369472239296] INFO perfrun.perfcollector <> - PERF_STAT : "     1.044023435;CPU0;2360;;UNC_M_CAS_COUNT.WR[UNIT5];16006259;100.00;;"
7634 [140369472239296] INFO perfrun.perfcollector <> - PERF_STAT : "     1.044023435;CPU10;151;;UNC_M_CAS_COUNT.WR[UNIT5];16007176;100.00;;"
7650 [140369472239296] INFO perfrun.perfcollector <> - PERF_STAT : "     1.060034624;CPU0;2586;;UNC_M_CAS_COUNT.RD[UNIT0];16038995;100.00;;"
7650 [140369472239296] INFO perfrun.perfcollector <> - PERF_STAT : "     1.060034624;CPU10;402;;UNC_M_CAS_COUNT.RD[UNIT0];16022794;100.00;;"
7650 [140369472239296] INFO perfrun.perfcollector <> - PERF_STAT : "     1.060034624;CPU0;3410;;UNC_M_CAS_COUNT.RD[UNIT1];16039158;100.00;;"
7650 [140369472239296] INFO perfrun.perfcollector <> - PERF_STAT : "     1.060034624;CPU10;498;;UNC_M_CAS_COUNT.RD[UNIT1];16022841;100.00;;"
7650 [140369472239296] INFO perfrun.perfcollector <> - PERF_STAT : "     1.060034624;CPU0;2575;;UNC_M_CAS_COUNT.RD[UNIT4];16039114;100.00;;"
7650 [140369472239296] INFO perfrun.perfcollector <> - PERF_STAT : "     1.060034624;CPU10;527;;UNC_M_CAS_COUNT.RD[UNIT4];16022725;100.00;;"
7650 [140369472239296] INFO perfrun.perfcollector <> - PERF_STAT : "     1.060034624;CPU0;3396;;UNC_M_CAS_COUNT.RD[UNIT5];16039552;100.00;;"
7650 [140369472239296] INFO perfrun.perfcollector <> - PERF_STAT : "     1.060034624;CPU10;648;;UNC_M_CAS_COUNT.RD[UNIT5];16022627;100.00;;"
7650 [140369472239296] INFO perfrun.perfcollector <> - PERF_STAT : "     1.060034624;CPU0;1378;;UNC_M_CAS_COUNT.WR[UNIT0];16039762;100.00;;"
7650 [140369472239296] INFO perfrun.perfcollector <> - PERF_STAT : "     1.060034624;CPU10;146;;UNC_M_CAS_COUNT.WR[UNIT0];16042795;100.00;;"
7650 [140369472239296] INFO perfrun.perfcollector <> - PERF_STAT : "     1.060034624;CPU0;2278;;UNC_M_CAS_COUNT.WR[UNIT1];16040057;100.00;;"
7650 [140369472239296] INFO perfrun.perfcollector <> - PERF_STAT : "     1.060034624;CPU10;258;;UNC_M_CAS_COUNT.WR[UNIT1];16041260;100.00;;"
7650 [140369472239296] INFO perfrun.perfcollector <> - PERF_STAT : "     1.060034624;CPU0;1428;;UNC_M_CAS_COUNT.WR[UNIT4];16050481;100.00;;"
7650 [140369472239296] INFO perfrun.perfcollector <> - PERF_STAT : "     1.060034624;CPU10;188;;UNC_M_CAS_COUNT.WR[UNIT4];16039490;100.00;;"
7650 [140369472239296] INFO perfrun.perfcollector <> - PERF_STAT : "     1.060034624;CPU0;2223;;UNC_M_CAS_COUNT.WR[UNIT5];16050579;100.00;;"
7650 [140369472239296] INFO perfrun.perfcollector <> - PERF_STAT : "     1.060034624;CPU10;315;;UNC_M_CAS_COUNT.WR[UNIT5];16037760;100.00;;"
7662 [140369472239296] INFO perfrun.perfcollector <> - PERF_STAT : "     1.076018853;CPU0;2396;;UNC_M_CAS_COUNT.RD[UNIT0];12044447;100.00;;"
7662 [140369472239296] INFO perfrun.perfcollector <> - PERF_STAT : "     1.076018853;CPU10;948;;UNC_M_CAS_COUNT.RD[UNIT0];12072024;100.00;;"
7662 [140369472239296] INFO perfrun.perfcollector <> - PERF_STAT : "     1.076018853;CPU0;3007;;UNC_M_CAS_COUNT.RD[UNIT1];12044865;100.00;;"
7662 [140369472239296] INFO perfrun.perfcollector <> - PERF_STAT : "     1.076018853;CPU10;1049;;UNC_M_CAS_COUNT.RD[UNIT1];12069394;100.00;;"
7662 [140369472239296] INFO perfrun.perfcollector <> - PERF_STAT : "     1.076018853;CPU0;2328;;UNC_M_CAS_COUNT.RD[UNIT4];12044970;100.00;;"
7662 [140369472239296] INFO perfrun.perfcollector <> - PERF_STAT : "     1.076018853;CPU10;981;;UNC_M_CAS_COUNT.RD[UNIT4];12068126;100.00;;"
7662 [140369472239296] INFO perfrun.perfcollector <> - PERF_STAT : "     1.076018853;CPU0;3072;;UNC_M_CAS_COUNT.RD[UNIT5];12044660;100.00;;"
7662 [140369472239296] INFO perfrun.perfcollector <> - PERF_STAT : "     1.076018853;CPU10;986;;UNC_M_CAS_COUNT.RD[UNIT5];12066577;100.00;;"
7662 [140369472239296] INFO perfrun.perfcollector <> - PERF_STAT : "     1.076018853;CPU0;1303;;UNC_M_CAS_COUNT.WR[UNIT0];12044677;100.00;;"
7662 [140369472239296] INFO perfrun.perfcollector <> - PERF_STAT : "     1.076018853;CPU10;270;;UNC_M_CAS_COUNT.WR[UNIT0];12044632;100.00;;"
7662 [140369472239296] INFO perfrun.perfcollector <> - PERF_STAT : "     1.076018853;CPU0;1980;;UNC_M_CAS_COUNT.WR[UNIT1];12044709;100.00;;"
7662 [140369472239296] INFO perfrun.perfcollector <> - PERF_STAT : "     1.076018853;CPU10;302;;UNC_M_CAS_COUNT.WR[UNIT1];12044498;100.00;;"
7662 [140369472239296] INFO perfrun.perfcollector <> - PERF_STAT : "     1.076018853;CPU0;1318;;UNC_M_CAS_COUNT.WR[UNIT4];12034507;100.00;;"
7662 [140369472239296] INFO perfrun.perfcollector <> - PERF_STAT : "     1.076018853;CPU10;254;;UNC_M_CAS_COUNT.WR[UNIT4];12044774;100.00;;"
7662 [140369472239296] INFO perfrun.perfcollector <> - PERF_STAT : "     1.076018853;CPU0;1989;;UNC_M_CAS_COUNT.WR[UNIT5];12035030;100.00;;"
7662 [140369472239296] INFO perfrun.perfcollector <> - PERF_STAT : "     1.076018853;CPU10;312;;UNC_M_CAS_COUNT.WR[UNIT5];12045133;100.00;;"
7678 [140369472239296] INFO perfrun.perfcollector <> - PERF_STAT : "     1.088073251;CPU0;2800;;UNC_M_CAS_COUNT.RD[UNIT0];15915411;100.00;;"
7678 [140369472239296] INFO perfrun.perfcollector <> - PERF_STAT : "     1.088073251;CPU10;377;;UNC_M_CAS_COUNT.RD[UNIT0];15902304;100.00;;"
7678 [140369472239296] INFO perfrun.perfcollector <> - PERF_STAT : "     1.088073251;CPU0;3562;;UNC_M_CAS_COUNT.RD[UNIT1];15914742;100.00;;"
7678 [140369472239296] INFO perfrun.perfcollector <> - PERF_STAT : "     1.088073251;CPU10;439;;UNC_M_CAS_COUNT.RD[UNIT1];15905053;100.00;;"
7678 [140369472239296] INFO perfrun.perfcollector <> - PERF_STAT : "     1.088073251;CPU0;2783;;UNC_M_CAS_COUNT.RD[UNIT4];15914482;100.00;;"
7678 [140369472239296] INFO perfrun.perfcollector <> - PERF_STAT : "     1.088073251;CPU10;454;;UNC_M_CAS_COUNT.RD[UNIT4];15906615;100.00;;"
7678 [140369472239296] INFO perfrun.perfcollector <> - PERF_STAT : "     1.088073251;CPU0;3592;;UNC_M_CAS_COUNT.RD[UNIT5];15914269;100.00;;"
7678 [140369472239296] INFO perfrun.perfcollector <> - PERF_STAT : "     1.088073251;CPU10;531;;UNC_M_CAS_COUNT.RD[UNIT5];15908214;100.00;;"
7678 [140369472239296] INFO perfrun.perfcollector <> - PERF_STAT : "     1.088073251;CPU0;1413;;UNC_M_CAS_COUNT.WR[UNIT0];15914040;100.00;;"
7678 [140369472239296] INFO perfrun.perfcollector <> - PERF_STAT : "     1.088073251;CPU10;53;;UNC_M_CAS_COUNT.WR[UNIT0];15909862;100.00;;"
7678 [140369472239296] INFO perfrun.perfcollector <> - PERF_STAT : "     1.088073251;CPU0;2283;;UNC_M_CAS_COUNT.WR[UNIT1];15913823;100.00;;"
7678 [140369472239296] INFO perfrun.perfcollector <> - PERF_STAT : "     1.088073251;CPU10;115;;UNC_M_CAS_COUNT.WR[UNIT1];15911537;100.00;;"
7678 [140369472239296] INFO perfrun.perfcollector <> - PERF_STAT : "     1.088073251;CPU0;1479;;UNC_M_CAS_COUNT.WR[UNIT4];15913597;100.00;;"
7678 [140369472239296] INFO perfrun.perfcollector <> - PERF_STAT : "     1.088073251;CPU10;69;;UNC_M_CAS_COUNT.WR[UNIT4];15913078;100.00;;"
7678 [140369472239296] INFO perfrun.perfcollector <> - PERF_STAT : "     1.088073251;CPU0;2300;;UNC_M_CAS_COUNT.WR[UNIT5];15912965;100.00;;"
7678 [140369472239296] INFO perfrun.perfcollector <> - PERF_STAT : "     1.088073251;CPU10;125;;UNC_M_CAS_COUNT.WR[UNIT5];15914409;100.00;;"
7694 [140369472239296] INFO perfrun.perfcollector <> - PERF_STAT : "     1.104029275;CPU0;2639;;UNC_M_CAS_COUNT.RD[UNIT0];16017691;100.00;;"
7694 [140369472239296] INFO perfrun.perfcollector <> - PERF_STAT : "     1.104029275;CPU10;157;;UNC_M_CAS_COUNT.RD[UNIT0];16023984;100.00;;"
7694 [140369472239296] INFO perfrun.perfcollector <> - PERF_STAT : "     1.104029275;CPU0;3499;;UNC_M_CAS_COUNT.RD[UNIT1];16017660;100.00;;"
7694 [140369472239296] INFO perfrun.perfcollector <> - PERF_STAT : "     1.104029275;CPU10;186;;UNC_M_CAS_COUNT.RD[UNIT1];16020957;100.00;;"
7694 [140369472239296] INFO perfrun.perfcollector <> - PERF_STAT : "     1.104029275;CPU0;2700;;UNC_M_CAS_COUNT.RD[UNIT4];16017650;100.00;;"
7694 [140369472239296] INFO perfrun.perfcollector <> - PERF_STAT : "     1.104029275;CPU10;175;;UNC_M_CAS_COUNT.RD[UNIT4];16019088;100.00;;"
7694 [140369472239296] INFO perfrun.perfcollector <> - PERF_STAT : "     1.104029275;CPU0;3534;;UNC_M_CAS_COUNT.RD[UNIT5];16017779;100.00;;"
7694 [140369472239296] INFO perfrun.perfcollector <> - PERF_STAT : "     1.104029275;CPU10;216;;UNC_M_CAS_COUNT.RD[UNIT5];16017294;100.00;;"
7694 [140369472239296] INFO perfrun.perfcollector <> - PERF_STAT : "     1.104029275;CPU0;1442;;UNC_M_CAS_COUNT.WR[UNIT0];16017893;100.00;;"
7694 [140369472239296] INFO perfrun.perfcollector <> - PERF_STAT : "     1.104029275;CPU10;28;;UNC_M_CAS_COUNT.WR[UNIT0];16015438;100.00;;"
7694 [140369472239296] INFO perfrun.perfcollector <> - PERF_STAT : "     1.104029275;CPU0;2246;;UNC_M_CAS_COUNT.WR[UNIT1];16018225;100.00;;"
7694 [140369472239296] INFO perfrun.perfcollector <> - PERF_STAT : "     1.104029275;CPU10;89;;UNC_M_CAS_COUNT.WR[UNIT1];16013574;100.00;;"
7694 [140369472239296] INFO perfrun.perfcollector <> - PERF_STAT : "     1.104029275;CPU0;1475;;UNC_M_CAS_COUNT.WR[UNIT4];16018238;100.00;;"
7694 [140369472239296] INFO perfrun.perfcollector <> - PERF_STAT : "     1.104029275;CPU10;47;;UNC_M_CAS_COUNT.WR[UNIT4];16011708;100.00;;"
7694 [140369472239296] INFO perfrun.perfcollector <> - PERF_STAT : "     1.104029275;CPU0;2338;;UNC_M_CAS_COUNT.WR[UNIT5];16018270;100.00;;"
7694 [140369472239296] INFO perfrun.perfcollector <> - PERF_STAT : "     1.104029275;CPU10;102;;UNC_M_CAS_COUNT.WR[UNIT5];16009936;100.00;;"
7710 [140369472239296] INFO perfrun.perfcollector <> - PERF_STAT : "     1.119987964;CPU0;2576;;UNC_M_CAS_COUNT.RD[UNIT0];15979106;100.00;;"
7710 [140369472239296] INFO perfrun.perfcollector <> - PERF_STAT : "     1.119987964;CPU10;143;;UNC_M_CAS_COUNT.RD[UNIT0];15978946;100.00;;"
7710 [140369472239296] INFO perfrun.perfcollector <> - PERF_STAT : "     1.119987964;CPU0;3426;;UNC_M_CAS_COUNT.RD[UNIT1];15979205;100.00;;"
7710 [140369472239296] INFO perfrun.perfcollector <> - PERF_STAT : "     1.119987964;CPU10;196;;UNC_M_CAS_COUNT.RD[UNIT1];15979489;100.00;;"
7710 [140369472239296] INFO perfrun.perfcollector <> - PERF_STAT : "     1.119987964;CPU0;2620;;UNC_M_CAS_COUNT.RD[UNIT4];15979245;100.00;;"
7710 [140369472239296] INFO perfrun.perfcollector <> - PERF_STAT : "     1.119987964;CPU10;207;;UNC_M_CAS_COUNT.RD[UNIT4];15979364;100.00;;"
7710 [140369472239296] INFO perfrun.perfcollector <> - PERF_STAT : "     1.119987964;CPU0;3419;;UNC_M_CAS_COUNT.RD[UNIT5];15979118;100.00;;"
7710 [140369472239296] INFO perfrun.perfcollector <> - PERF_STAT : "     1.119987964;CPU10;267;;UNC_M_CAS_COUNT.RD[UNIT5];15979424;100.00;;"
7710 [140369472239296] INFO perfrun.perfcollector <> - PERF_STAT : "     1.119987964;CPU0;1320;;UNC_M_CAS_COUNT.WR[UNIT0];15979057;100.00;;"
7710 [140369472239296] INFO perfrun.perfcollector <> - PERF_STAT : "     1.119987964;CPU10;32;;UNC_M_CAS_COUNT.WR[UNIT0];15979450;100.00;;"
7710 [140369472239296] INFO perfrun.perfcollector <> - PERF_STAT : "     1.119987964;CPU0;2188;;UNC_M_CAS_COUNT.WR[UNIT1];15978822;100.00;;"
7710 [140369472239296] INFO perfrun.perfcollector <> - PERF_STAT : "     1.119987964;CPU10;93;;UNC_M_CAS_COUNT.WR[UNIT1];15979588;100.00;;"
7710 [140369472239296] INFO perfrun.perfcollector <> - PERF_STAT : "     1.119987964;CPU0;1380;;UNC_M_CAS_COUNT.WR[UNIT4];15978819;100.00;;"
7710 [140369472239296] INFO perfrun.perfcollector <> - PERF_STAT : "     1.119987964;CPU10;50;;UNC_M_CAS_COUNT.WR[UNIT4];15979585;100.00;;"
7710 [140369472239296] INFO perfrun.perfcollector <> - PERF_STAT : "     1.119987964;CPU0;2240;;UNC_M_CAS_COUNT.WR[UNIT5];15978770;100.00;;"
7710 [140369472239296] INFO perfrun.perfcollector <> - PERF_STAT : "     1.119987964;CPU10;118;;UNC_M_CAS_COUNT.WR[UNIT5];15979588;100.00;;"
7726 [140369472239296] INFO perfrun.perfcollector <> - PERF_STAT : "     1.135964949;CPU0;2584;;UNC_M_CAS_COUNT.RD[UNIT0];16001750;100.00;;"
7726 [140369472239296] INFO perfrun.perfcollector <> - PERF_STAT : "     1.135964949;CPU10;134;;UNC_M_CAS_COUNT.RD[UNIT0];15996187;100.00;;"
7726 [140369472239296] INFO perfrun.perfcollector <> - PERF_STAT : "     1.135964949;CPU0;3418;;UNC_M_CAS_COUNT.RD[UNIT1];16001833;100.00;;"
7726 [140369472239296] INFO perfrun.perfcollector <> - PERF_STAT : "     1.135964949;CPU10;159;;UNC_M_CAS_COUNT.RD[UNIT1];15998408;100.00;;"
7726 [140369472239296] INFO perfrun.perfcollector <> - PERF_STAT : "     1.135964949;CPU0;2622;;UNC_M_CAS_COUNT.RD[UNIT4];16001897;100.00;;"
7726 [140369472239296] INFO perfrun.perfcollector <> - PERF_STAT : "     1.135964949;CPU10;150;;UNC_M_CAS_COUNT.RD[UNIT4];16000392;100.00;;"
7726 [140369472239296] INFO perfrun.perfcollector <> - PERF_STAT : "     1.135964949;CPU0;3396;;UNC_M_CAS_COUNT.RD[UNIT5];16001891;100.00;;"
7726 [140369472239296] INFO perfrun.perfcollector <> - PERF_STAT : "     1.135964949;CPU10;192;;UNC_M_CAS_COUNT.RD[UNIT5];16002203;100.00;;"
7726 [140369472239296] INFO perfrun.perfcollector <> - PERF_STAT : "     1.135964949;CPU0;1378;;UNC_M_CAS_COUNT.WR[UNIT0];16001847;100.00;;"
7726 [140369472239296] INFO perfrun.perfcollector <> - PERF_STAT : "     1.135964949;CPU10;36;;UNC_M_CAS_COUNT.WR[UNIT0];16004029;100.00;;"
7726 [140369472239296] INFO perfrun.perfcollector <> - PERF_STAT : "     1.135964949;CPU0;2184;;UNC_M_CAS_COUNT.WR[UNIT1];16001752;100.00;;"
7726 [140369472239296] INFO perfrun.perfcollector <> - PERF_STAT : "     1.135964949;CPU10;84;;UNC_M_CAS_COUNT.WR[UNIT1];16005774;100.00;;"
7726 [140369472239296] INFO perfrun.perfcollector <> - PERF_STAT : "     1.135964949;CPU0;1348;;UNC_M_CAS_COUNT.WR[UNIT4];16001755;100.00;;"
7726 [140369472239296] INFO perfrun.perfcollector <> - PERF_STAT : "     1.135964949;CPU10;46;;UNC_M_CAS_COUNT.WR[UNIT4];16007551;100.00;;"
7726 [140369472239296] INFO perfrun.perfcollector <> - PERF_STAT : "     1.135964949;CPU0;2184;;UNC_M_CAS_COUNT.WR[UNIT5];16001804;100.00;;"
7726 [140369472239296] INFO perfrun.perfcollector <> - PERF_STAT : "     1.135964949;CPU10;99;;UNC_M_CAS_COUNT.WR[UNIT5];16009347;100.00;;"
7742 [140369472239296] INFO perfrun.perfcollector <> - PERF_STAT : "     1.152033071;CPU0;2670;;UNC_M_CAS_COUNT.RD[UNIT0];16013342;100.00;;"
7742 [140369472239296] INFO perfrun.perfcollector <> - PERF_STAT : "     1.152033071;CPU10;146;;UNC_M_CAS_COUNT.RD[UNIT0];16025396;100.00;;"
7742 [140369472239296] INFO perfrun.perfcollector <> - PERF_STAT : "     1.152033071;CPU0;3486;;UNC_M_CAS_COUNT.RD[UNIT1];16013273;100.00;;"
7742 [140369472239296] INFO perfrun.perfcollector <> - PERF_STAT : "     1.152033071;CPU10;196;;UNC_M_CAS_COUNT.RD[UNIT1];16022849;100.00;;"
7742 [140369472239296] INFO perfrun.perfcollector <> - PERF_STAT : "     1.152033071;CPU0;2706;;UNC_M_CAS_COUNT.RD[UNIT4];16013340;100.00;;"
7742 [140369472239296] INFO perfrun.perfcollector <> - PERF_STAT : "     1.152033071;CPU10;203;;UNC_M_CAS_COUNT.RD[UNIT4];16020856;100.00;;"
7742 [140369472239296] INFO perfrun.perfcollector <> - PERF_STAT : "     1.152033071;CPU0;3452;;UNC_M_CAS_COUNT.RD[UNIT5];16013422;100.00;;"
7742 [140369472239296] INFO perfrun.perfcollector <> - PERF_STAT : "     1.152033071;CPU10;289;;UNC_M_CAS_COUNT.RD[UNIT5];16019118;100.00;;"
7742 [140369472239296] INFO perfrun.perfcollector <> - PERF_STAT : "     1.152033071;CPU0;1426;;UNC_M_CAS_COUNT.WR[UNIT0];16013518;100.00;;"
7742 [140369472239296] INFO perfrun.perfcollector <> - PERF_STAT : "     1.152033071;CPU10;25;;UNC_M_CAS_COUNT.WR[UNIT0];16017292;100.00;;"
7742 [140369472239296] INFO perfrun.perfcollector <> - PERF_STAT : "     1.152033071;CPU0;2247;;UNC_M_CAS_COUNT.WR[UNIT1];16013709;100.00;;"
7742 [140369472239296] INFO perfrun.perfcollector <> - PERF_STAT : "     1.152033071;CPU10;102;;UNC_M_CAS_COUNT.WR[UNIT1];16015697;100.00;;"
7742 [140369472239296] INFO perfrun.perfcollector <> - PERF_STAT : "     1.152033071;CPU0;1368;;UNC_M_CAS_COUNT.WR[UNIT4];16013786;100.00;;"
7742 [140369472239296] INFO perfrun.perfcollector <> - PERF_STAT : "     1.152033071;CPU10;52;;UNC_M_CAS_COUNT.WR[UNIT4];16013912;100.00;;"
7742 [140369472239296] INFO perfrun.perfcollector <> - PERF_STAT : "     1.152033071;CPU0;2256;;UNC_M_CAS_COUNT.WR[UNIT5];16013850;100.00;;"
7742 [140369472239296] INFO perfrun.perfcollector <> - PERF_STAT : "     1.152033071;CPU10;122;;UNC_M_CAS_COUNT.WR[UNIT5];16012112;100.00;;"
7758 [140369472239296] INFO perfrun.perfcollector <> - PERF_STAT : "     1.167993715;CPU0;3281;;UNC_M_CAS_COUNT.RD[UNIT0];15846682;100.00;;"
7758 [140369472239296] INFO perfrun.perfcollector <> - PERF_STAT : "     1.167993715;CPU10;176;;UNC_M_CAS_COUNT.RD[UNIT0];15835783;100.00;;"
7758 [140369472239296] INFO perfrun.perfcollector <> - PERF_STAT : "     1.167993715;CPU0;4120;;UNC_M_CAS_COUNT.RD[UNIT1];15847082;100.00;;"
7758 [140369472239296] INFO perfrun.perfcollector <> - PERF_STAT : "     1.167993715;CPU10;229;;UNC_M_CAS_COUNT.RD[UNIT1];15838334;100.00;;"
7758 [140369472239296] INFO perfrun.perfcollector <> - PERF_STAT : "     1.167993715;CPU0;3309;;UNC_M_CAS_COUNT.RD[UNIT4];15847167;100.00;;"
7758 [140369472239296] INFO perfrun.perfcollector <> - PERF_STAT : "     1.167993715;CPU10;195;;UNC_M_CAS_COUNT.RD[UNIT4];15840135;100.00;;"
7758 [140369472239296] INFO perfrun.perfcollector <> - PERF_STAT : "     1.167993715;CPU0;3980;;UNC_M_CAS_COUNT.RD[UNIT5];15847221;100.00;;"
7758 [140369472239296] INFO perfrun.perfcollector <> - PERF_STAT : "     1.167993715;CPU10;267;;UNC_M_CAS_COUNT.RD[UNIT5];15841840;100.00;;"
7758 [140369472239296] INFO perfrun.perfcollector <> - PERF_STAT : "     1.167993715;CPU0;1430;;UNC_M_CAS_COUNT.WR[UNIT0];15847141;100.00;;"
7758 [140369472239296] INFO perfrun.perfcollector <> - PERF_STAT : "     1.167993715;CPU10;37;;UNC_M_CAS_COUNT.WR[UNIT0];15843690;100.00;;"
7758 [140369472239296] INFO perfrun.perfcollector <> - PERF_STAT : "     1.167993715;CPU0;2289;;UNC_M_CAS_COUNT.WR[UNIT1];15846960;100.00;;"
7758 [140369472239296] INFO perfrun.perfcollector <> - PERF_STAT : "     1.167993715;CPU10;120;;UNC_M_CAS_COUNT.WR[UNIT1];15845259;100.00;;"
7758 [140369472239296] INFO perfrun.perfcollector <> - PERF_STAT : "     1.167993715;CPU0;1375;;UNC_M_CAS_COUNT.WR[UNIT4];15846873;100.00;;"
7758 [140369472239296] INFO perfrun.perfcollector <> - PERF_STAT : "     1.167993715;CPU10;94;;UNC_M_CAS_COUNT.WR[UNIT4];15903249;100.00;;"
7758 [140369472239296] INFO perfrun.perfcollector <> - PERF_STAT : "     1.167993715;CPU0;2344;;UNC_M_CAS_COUNT.WR[UNIT5];15846787;100.00;;"
7758 [140369472239296] INFO perfrun.perfcollector <> - PERF_STAT : "     1.167993715;CPU10;182;;UNC_M_CAS_COUNT.WR[UNIT5];15905889;100.00;;"
7770 [140369472239296] INFO perfrun.perfcollector <> - PERF_STAT : "     1.183948611;CPU0;2080;;UNC_M_CAS_COUNT.RD[UNIT0];12143394;100.00;;"
7770 [140369472239296] INFO perfrun.perfcollector <> - PERF_STAT : "     1.183948611;CPU10;278;;UNC_M_CAS_COUNT.RD[UNIT0];12143608;100.00;;"
7770 [140369472239296] INFO perfrun.perfcollector <> - PERF_STAT : "     1.183948611;CPU0;2662;;UNC_M_CAS_COUNT.RD[UNIT1];12142855;100.00;;"
7770 [140369472239296] INFO perfrun.perfcollector <> - PERF_STAT : "     1.183948611;CPU10;314;;UNC_M_CAS_COUNT.RD[UNIT1];12143634;100.00;;"
7770 [140369472239296] INFO perfrun.perfcollector <> - PERF_STAT : "     1.183948611;CPU0;2093;;UNC_M_CAS_COUNT.RD[UNIT4];12142707;100.00;;"
7770 [140369472239296] INFO perfrun.perfcollector <> - PERF_STAT : "     1.183948611;CPU10;367;;UNC_M_CAS_COUNT.RD[UNIT4];12143639;100.00;;"
7770 [140369472239296] INFO perfrun.perfcollector <> - PERF_STAT : "     1.183948611;CPU0;2737;;UNC_M_CAS_COUNT.RD[UNIT5];12142843;100.00;;"
7770 [140369472239296] INFO perfrun.perfcollector <> - PERF_STAT : "     1.183948611;CPU10;441;;UNC_M_CAS_COUNT.RD[UNIT5];12143685;100.00;;"
7770 [140369472239296] INFO perfrun.perfcollector <> - PERF_STAT : "     1.183948611;CPU0;1113;;UNC_M_CAS_COUNT.WR[UNIT0];12142821;100.00;;"
7770 [140369472239296] INFO perfrun.perfcollector <> - PERF_STAT : "     1.183948611;CPU10;75;;UNC_M_CAS_COUNT.WR[UNIT0];12143768;100.00;;"
7770 [140369472239296] INFO perfrun.perfcollector <> - PERF_STAT : "     1.183948611;CPU0;1693;;UNC_M_CAS_COUNT.WR[UNIT1];12142698;100.00;;"
7770 [140369472239296] INFO perfrun.perfcollector <> - PERF_STAT : "     1.183948611;CPU10;140;;UNC_M_CAS_COUNT.WR[UNIT1];12143779;100.00;;"
7770 [140369472239296] INFO perfrun.perfcollector <> - PERF_STAT : "     1.183948611;CPU0;1107;;UNC_M_CAS_COUNT.WR[UNIT4];12142707;100.00;;"
7770 [140369472239296] INFO perfrun.perfcollector <> - PERF_STAT : "     1.183948611;CPU10;72;;UNC_M_CAS_COUNT.WR[UNIT4];12087597;100.00;;"
7770 [140369472239296] INFO perfrun.perfcollector <> - PERF_STAT : "     1.183948611;CPU0;1764;;UNC_M_CAS_COUNT.WR[UNIT5];12142802;100.00;;"
7770 [140369472239296] INFO perfrun.perfcollector <> - PERF_STAT : "     1.183948611;CPU10;147;;UNC_M_CAS_COUNT.WR[UNIT5];12086940;100.00;;"
7786 [140369472239296] INFO perfrun.perfcollector <> - PERF_STAT : "     1.196042325;CPU0;2692;;UNC_M_CAS_COUNT.RD[UNIT0];15996581;100.00;;"
7786 [140369472239296] INFO perfrun.perfcollector <> - PERF_STAT : "     1.196042325;CPU10;177;;UNC_M_CAS_COUNT.RD[UNIT0];15994669;100.00;;"
7786 [140369472239296] INFO perfrun.perfcollector <> - PERF_STAT : "     1.196042325;CPU0;3506;;UNC_M_CAS_COUNT.RD[UNIT1];15996565;100.00;;"
7786 [140369472239296] INFO perfrun.perfcollector <> - PERF_STAT : "     1.196042325;CPU10;211;;UNC_M_CAS_COUNT.RD[UNIT1];15994713;100.00;;"
7786 [140369472239296] INFO perfrun.perfcollector <> - PERF_STAT : "     1.196042325;CPU0;2672;;UNC_M_CAS_COUNT.RD[UNIT4];15996472;100.00;;"
7786 [140369472239296] INFO perfrun.perfcollector <> - PERF_STAT : "     1.196042325;CPU10;190;;UNC_M_CAS_COUNT.RD[UNIT4];15994699;100.00;;"
7786 [140369472239296] INFO perfrun.perfcollector <> - PERF_STAT : "     1.196042325;CPU0;3481;;UNC_M_CAS_COUNT.RD[UNIT5];15996237;100.00;;"
7786 [140369472239296] INFO perfrun.perfcollector <> - PERF_STAT : "     1.196042325;CPU10;231;;UNC_M_CAS_COUNT.RD[UNIT5];15994750;100.00;;"
7786 [140369472239296] INFO perfrun.perfcollector <> - PERF_STAT : "     1.196042325;CPU0;1467;;UNC_M_CAS_COUNT.WR[UNIT0];15996237;100.00;;"
7786 [140369472239296] INFO perfrun.perfcollector <> - PERF_STAT : "     1.196042325;CPU10;50;;UNC_M_CAS_COUNT.WR[UNIT0];15994646;100.00;;"
7786 [140369472239296] INFO perfrun.perfcollector <> - PERF_STAT : "     1.196042325;CPU0;2295;;UNC_M_CAS_COUNT.WR[UNIT1];15996230;100.00;;"
7786 [140369472239296] INFO perfrun.perfcollector <> - PERF_STAT : "     1.196042325;CPU10;93;;UNC_M_CAS_COUNT.WR[UNIT1];15994818;100.00;;"
7786 [140369472239296] INFO perfrun.perfcollector <> - PERF_STAT : "     1.196042325;CPU0;1419;;UNC_M_CAS_COUNT.WR[UNIT4];15996235;100.00;;"
7786 [140369472239296] INFO perfrun.perfcollector <> - PERF_STAT : "     1.196042325;CPU10;41;;UNC_M_CAS_COUNT.WR[UNIT4];15994858;100.00;;"
7786 [140369472239296] INFO perfrun.perfcollector <> - PERF_STAT : "     1.196042325;CPU0;2268;;UNC_M_CAS_COUNT.WR[UNIT5];15996219;100.00;;"
7786 [140369472239296] INFO perfrun.perfcollector <> - PERF_STAT : "     1.196042325;CPU10;107;;UNC_M_CAS_COUNT.WR[UNIT5];15994669;100.00;;"
7802 [140369472239296] INFO perfrun.perfcollector <> - PERF_STAT : "     1.212010992;CPU0;2646;;UNC_M_CAS_COUNT.RD[UNIT0];16002193;100.00;;"
7802 [140369472239296] INFO perfrun.perfcollector <> - PERF_STAT : "     1.212010992;CPU10;157;;UNC_M_CAS_COUNT.RD[UNIT0];15999348;100.00;;"
7802 [140369472239296] INFO perfrun.perfcollector <> - PERF_STAT : "     1.212010992;CPU0;3536;;UNC_M_CAS_COUNT.RD[UNIT1];16002282;100.00;;"
7802 [140369472239296] INFO perfrun.perfcollector <> - PERF_STAT : "     1.212010992;CPU10;182;;UNC_M_CAS_COUNT.RD[UNIT1];15999324;100.00;;"
7802 [140369472239296] INFO perfrun.perfcollector <> - PERF_STAT : "     1.212010992;CPU0;2699;;UNC_M_CAS_COUNT.RD[UNIT4];16002341;100.00;;"
7802 [140369472239296] INFO perfrun.perfcollector <> - PERF_STAT : "     1.212010992;CPU10;183;;UNC_M_CAS_COUNT.RD[UNIT4];15999361;100.00;;"
7802 [140369472239296] INFO perfrun.perfcollector <> - PERF_STAT : "     1.212010992;CPU0;3530;;UNC_M_CAS_COUNT.RD[UNIT5];16002325;100.00;;"
7802 [140369472239296] INFO perfrun.perfcollector <> - PERF_STAT : "     1.212010992;CPU10;238;;UNC_M_CAS_COUNT.RD[UNIT5];15999264;100.00;;"
7802 [140369472239296] INFO perfrun.perfcollector <> - PERF_STAT : "     1.212010992;CPU0;1423;;UNC_M_CAS_COUNT.WR[UNIT0];16002328;100.00;;"
7802 [140369472239296] INFO perfrun.perfcollector <> - PERF_STAT : "     1.212010992;CPU10;38;;UNC_M_CAS_COUNT.WR[UNIT0];15999278;100.00;;"
7802 [140369472239296] INFO perfrun.perfcollector <> - PERF_STAT : "     1.212010992;CPU0;2261;;UNC_M_CAS_COUNT.WR[UNIT1];16002547;100.00;;"
7802 [140369472239296] INFO perfrun.perfcollector <> - PERF_STAT : "     1.212010992;CPU10;101;;UNC_M_CAS_COUNT.WR[UNIT1];15999087;100.00;;"
7802 [140369472239296] INFO perfrun.perfcollector <> - PERF_STAT : "     1.212010992;CPU0;1400;;UNC_M_CAS_COUNT.WR[UNIT4];16002535;100.00;;"
7802 [140369472239296] INFO perfrun.perfcollector <> - PERF_STAT : "     1.212010992;CPU10;47;;UNC_M_CAS_COUNT.WR[UNIT4];16004203;100.00;;"
7802 [140369472239296] INFO perfrun.perfcollector <> - PERF_STAT : "     1.212010992;CPU0;2209;;UNC_M_CAS_COUNT.WR[UNIT5];16002487;100.00;;"
7802 [140369472239296] INFO perfrun.perfcollector <> - PERF_STAT : "     1.212010992;CPU10;111;;UNC_M_CAS_COUNT.WR[UNIT5];16004209;100.00;;"
7818 [140369472239296] INFO perfrun.perfcollector <> - PERF_STAT : "     1.228030011;CPU0;2535;;UNC_M_CAS_COUNT.RD[UNIT0];15996482;100.00;;"
7818 [140369472239296] INFO perfrun.perfcollector <> - PERF_STAT : "     1.228030011;CPU10;147;;UNC_M_CAS_COUNT.RD[UNIT0];15999250;100.00;;"
7818 [140369472239296] INFO perfrun.perfcollector <> - PERF_STAT : "     1.228030011;CPU0;3421;;UNC_M_CAS_COUNT.RD[UNIT1];15996508;100.00;;"
7818 [140369472239296] INFO perfrun.perfcollector <> - PERF_STAT : "     1.228030011;CPU10;169;;UNC_M_CAS_COUNT.RD[UNIT1];15999374;100.00;;"
7818 [140369472239296] INFO perfrun.perfcollector <> - PERF_STAT : "     1.228030011;CPU0;2613;;UNC_M_CAS_COUNT.RD[UNIT4];15996557;100.00;;"
7818 [140369472239296] INFO perfrun.perfcollector <> - PERF_STAT : "     1.228030011;CPU10;165;;UNC_M_CAS_COUNT.RD[UNIT4];15999534;100.00;;"
7818 [140369472239296] INFO perfrun.perfcollector <> - PERF_STAT : "     1.228030011;CPU0;3410;;UNC_M_CAS_COUNT.RD[UNIT5];15996629;100.00;;"
7818 [140369472239296] INFO perfrun.perfcollector <> - PERF_STAT : "     1.228030011;CPU10;208;;UNC_M_CAS_COUNT.RD[UNIT5];15999571;100.00;;"
7818 [140369472239296] INFO perfrun.perfcollector <> - PERF_STAT : "     1.228030011;CPU0;1351;;UNC_M_CAS_COUNT.WR[UNIT0];15996614;100.00;;"
7818 [140369472239296] INFO perfrun.perfcollector <> - PERF_STAT : "     1.228030011;CPU10;43;;UNC_M_CAS_COUNT.WR[UNIT0];15999558;100.00;;"
7818 [140369472239296] INFO perfrun.perfcollector <> - PERF_STAT : "     1.228030011;CPU0;2164;;UNC_M_CAS_COUNT.WR[UNIT1];15996412;100.00;;"
7818 [140369472239296] INFO perfrun.perfcollector <> - PERF_STAT : "     1.228030011;CPU10;86;;UNC_M_CAS_COUNT.WR[UNIT1];15999548;100.00;;"
7818 [140369472239296] INFO perfrun.perfcollector <> - PERF_STAT : "     1.228030011;CPU0;1296;;UNC_M_CAS_COUNT.WR[UNIT4];15996524;100.00;;"
7818 [140369472239296] INFO perfrun.perfcollector <> - PERF_STAT : "     1.228030011;CPU10;55;;UNC_M_CAS_COUNT.WR[UNIT4];15994356;100.00;;"
7818 [140369472239296] INFO perfrun.perfcollector <> - PERF_STAT : "     1.228030011;CPU0;2147;;UNC_M_CAS_COUNT.WR[UNIT5];15996485;100.00;;"
7818 [140369472239296] INFO perfrun.perfcollector <> - PERF_STAT : "     1.228030011;CPU10;101;;UNC_M_CAS_COUNT.WR[UNIT5];15994352;100.00;;"
7834 [140369472239296] INFO perfrun.perfcollector <> - PERF_STAT : "     1.244024432;CPU0;2769;;UNC_M_CAS_COUNT.RD[UNIT0];16001074;100.00;;"
7834 [140369472239296] INFO perfrun.perfcollector <> - PERF_STAT : "     1.244024432;CPU10;668;;UNC_M_CAS_COUNT.RD[UNIT0];16006028;100.00;;"
7834 [140369472239296] INFO perfrun.perfcollector <> - PERF_STAT : "     1.244024432;CPU0;3486;;UNC_M_CAS_COUNT.RD[UNIT1];16001013;100.00;;"
7834 [140369472239296] INFO perfrun.perfcollector <> - PERF_STAT : "     1.244024432;CPU10;822;;UNC_M_CAS_COUNT.RD[UNIT1];16003207;100.00;;"
7834 [140369472239296] INFO perfrun.perfcollector <> - PERF_STAT : "     1.244024432;CPU0;2706;;UNC_M_CAS_COUNT.RD[UNIT4];16001120;100.00;;"
7834 [140369472239296] INFO perfrun.perfcollector <> - PERF_STAT : "     1.244024432;CPU10;757;;UNC_M_CAS_COUNT.RD[UNIT4];16001375;100.00;;"
7834 [140369472239296] INFO perfrun.perfcollector <> - PERF_STAT : "     1.244024432;CPU0;3486;;UNC_M_CAS_COUNT.RD[UNIT5];16001037;100.00;;"
7834 [140369472239296] INFO perfrun.perfcollector <> - PERF_STAT : "     1.244024432;CPU10;928;;UNC_M_CAS_COUNT.RD[UNIT5];15999505;100.00;;"
7834 [140369472239296] INFO perfrun.perfcollector <> - PERF_STAT : "     1.244024432;CPU0;1414;;UNC_M_CAS_COUNT.WR[UNIT0];16001111;100.00;;"
7834 [140369472239296] INFO perfrun.perfcollector <> - PERF_STAT : "     1.244024432;CPU10;122;;UNC_M_CAS_COUNT.WR[UNIT0];15997683;100.00;;"
7834 [140369472239296] INFO perfrun.perfcollector <> - PERF_STAT : "     1.244024432;CPU0;2255;;UNC_M_CAS_COUNT.WR[UNIT1];16001421;100.00;;"
7834 [140369472239296] INFO perfrun.perfcollector <> - PERF_STAT : "     1.244024432;CPU10;287;;UNC_M_CAS_COUNT.WR[UNIT1];15995847;100.00;;"
7834 [140369472239296] INFO perfrun.perfcollector <> - PERF_STAT : "     1.244024432;CPU0;1406;;UNC_M_CAS_COUNT.WR[UNIT4];16001307;100.00;;"
7834 [140369472239296] INFO perfrun.perfcollector <> - PERF_STAT : "     1.244024432;CPU10;155;;UNC_M_CAS_COUNT.WR[UNIT4];15994100;100.00;;"
7834 [140369472239296] INFO perfrun.perfcollector <> - PERF_STAT : "     1.244024432;CPU0;2193;;UNC_M_CAS_COUNT.WR[UNIT5];16001295;100.00;;"
7834 [140369472239296] INFO perfrun.perfcollector <> - PERF_STAT : "     1.244024432;CPU10;333;;UNC_M_CAS_COUNT.WR[UNIT5];15992303;100.00;;"
7850 [140369472239296] INFO perfrun.perfcollector <> - PERF_STAT : "     1.259976038;CPU0;2878;;UNC_M_CAS_COUNT.RD[UNIT0];16019568;100.00;;"
7850 [140369472239296] INFO perfrun.perfcollector <> - PERF_STAT : "     1.259976038;CPU10;870;;UNC_M_CAS_COUNT.RD[UNIT0];16007930;100.00;;"
7850 [140369472239296] INFO perfrun.perfcollector <> - PERF_STAT : "     1.259976038;CPU0;3744;;UNC_M_CAS_COUNT.RD[UNIT1];16019698;100.00;;"
7850 [140369472239296] INFO perfrun.perfcollector <> - PERF_STAT : "     1.259976038;CPU10;882;;UNC_M_CAS_COUNT.RD[UNIT1];16007968;100.00;;"
7850 [140369472239296] INFO perfrun.perfcollector <> - PERF_STAT : "     1.259976038;CPU0;2941;;UNC_M_CAS_COUNT.RD[UNIT4];16031189;100.00;;"
7850 [140369472239296] INFO perfrun.perfcollector <> - PERF_STAT : "     1.259976038;CPU10;867;;UNC_M_CAS_COUNT.RD[UNIT4];16008027;100.00;;"
7850 [140369472239296] INFO perfrun.perfcollector <> - PERF_STAT : "     1.259976038;CPU0;3796;;UNC_M_CAS_COUNT.RD[UNIT5];16031368;100.00;;"
7850 [140369472239296] INFO perfrun.perfcollector <> - PERF_STAT : "     1.259976038;CPU10;947;;UNC_M_CAS_COUNT.RD[UNIT5];16008038;100.00;;"
7850 [140369472239296] INFO perfrun.perfcollector <> - PERF_STAT : "     1.259976038;CPU0;1719;;UNC_M_CAS_COUNT.WR[UNIT0];16031448;100.00;;"
7850 [140369472239296] INFO perfrun.perfcollector <> - PERF_STAT : "     1.259976038;CPU10;404;;UNC_M_CAS_COUNT.WR[UNIT0];16008052;100.00;;"
7850 [140369472239296] INFO perfrun.perfcollector <> - PERF_STAT : "     1.259976038;CPU0;2625;;UNC_M_CAS_COUNT.WR[UNIT1];16031375;100.00;;"
7850 [140369472239296] INFO perfrun.perfcollector <> - PERF_STAT : "     1.259976038;CPU10;465;;UNC_M_CAS_COUNT.WR[UNIT1];16008074;100.00;;"
7850 [140369472239296] INFO perfrun.perfcollector <> - PERF_STAT : "     1.259976038;CPU0;1764;;UNC_M_CAS_COUNT.WR[UNIT4];16031521;100.00;;"
7850 [140369472239296] INFO perfrun.perfcollector <> - PERF_STAT : "     1.259976038;CPU10;385;;UNC_M_CAS_COUNT.WR[UNIT4];16008171;100.00;;"
7850 [140369472239296] INFO perfrun.perfcollector <> - PERF_STAT : "     1.259976038;CPU0;2564;;UNC_M_CAS_COUNT.WR[UNIT5];16031676;100.00;;"
7850 [140369472239296] INFO perfrun.perfcollector <> - PERF_STAT : "     1.259976038;CPU10;458;;UNC_M_CAS_COUNT.WR[UNIT5];16008168;100.00;;"
7874 [140369472239296] INFO perfrun.perfcollector <> - PERF_STAT : "     1.275968101;CPU0;4867;;UNC_M_CAS_COUNT.RD[UNIT0];23994606;100.00;;"
7874 [140369472239296] INFO perfrun.perfcollector <> - PERF_STAT : "     1.275968101;CPU10;3103;;UNC_M_CAS_COUNT.RD[UNIT0];24001811;100.00;;"
7874 [140369472239296] INFO perfrun.perfcollector <> - PERF_STAT : "     1.275968101;CPU0;6142;;UNC_M_CAS_COUNT.RD[UNIT1];23994923;100.00;;"
7874 [140369472239296] INFO perfrun.perfcollector <> - PERF_STAT : "     1.275968101;CPU10;3690;;UNC_M_CAS_COUNT.RD[UNIT1];24004401;100.00;;"
7874 [140369472239296] INFO perfrun.perfcollector <> - PERF_STAT : "     1.275968101;CPU0;4809;;UNC_M_CAS_COUNT.RD[UNIT4];23983248;100.00;;"
7874 [140369472239296] INFO perfrun.perfcollector <> - PERF_STAT : "     1.275968101;CPU10;3073;;UNC_M_CAS_COUNT.RD[UNIT4];24005997;100.00;;"
7874 [140369472239296] INFO perfrun.perfcollector <> - PERF_STAT : "     1.275968101;CPU0;6040;;UNC_M_CAS_COUNT.RD[UNIT5];23983377;100.00;;"
7874 [140369472239296] INFO perfrun.perfcollector <> - PERF_STAT : "     1.275968101;CPU10;4057;;UNC_M_CAS_COUNT.RD[UNIT5];24007818;100.00;;"
7874 [140369472239296] INFO perfrun.perfcollector <> - PERF_STAT : "     1.275968101;CPU0;3478;;UNC_M_CAS_COUNT.WR[UNIT0];23983576;100.00;;"
7874 [140369472239296] INFO perfrun.perfcollector <> - PERF_STAT : "     1.275968101;CPU10;936;;UNC_M_CAS_COUNT.WR[UNIT0];24009632;100.00;;"
7874 [140369472239296] INFO perfrun.perfcollector <> - PERF_STAT : "     1.275968101;CPU0;4677;;UNC_M_CAS_COUNT.WR[UNIT1];23983524;100.00;;"
7874 [140369472239296] INFO perfrun.perfcollector <> - PERF_STAT : "     1.275968101;CPU10;1794;;UNC_M_CAS_COUNT.WR[UNIT1];24011461;100.00;;"
7874 [140369472239296] INFO perfrun.perfcollector <> - PERF_STAT : "     1.275968101;CPU0;3435;;UNC_M_CAS_COUNT.WR[UNIT4];23983476;100.00;;"
7874 [140369472239296] INFO perfrun.perfcollector <> - PERF_STAT : "     1.275968101;CPU10;968;;UNC_M_CAS_COUNT.WR[UNIT4];24013231;100.00;;"
7874 [140369472239296] INFO perfrun.perfcollector <> - PERF_STAT : "     1.275968101;CPU0;4733;;UNC_M_CAS_COUNT.WR[UNIT5];23983457;100.00;;"
7874 [140369472239296] INFO perfrun.perfcollector <> - PERF_STAT : "     1.275968101;CPU10;1882;;UNC_M_CAS_COUNT.WR[UNIT5];24015138;100.00;;"
7890 [140369472239296] INFO perfrun.perfcollector <> - PERF_STAT : "     1.300034006;CPU0;3631;;UNC_M_CAS_COUNT.RD[UNIT0];16006927;100.00;;"
7890 [140369472239296] INFO perfrun.perfcollector <> - PERF_STAT : "     1.300034006;CPU10;207;;UNC_M_CAS_COUNT.RD[UNIT0];16019319;100.00;;"
7890 [140369472239296] INFO perfrun.perfcollector <> - PERF_STAT : "     1.300034006;CPU0;4189;;UNC_M_CAS_COUNT.RD[UNIT1];16006644;100.00;;"
7890 [140369472239296] INFO perfrun.perfcollector <> - PERF_STAT : "     1.300034006;CPU10;274;;UNC_M_CAS_COUNT.RD[UNIT1];16016661;100.00;;"
7890 [140369472239296] INFO perfrun.perfcollector <> - PERF_STAT : "     1.300034006;CPU0;3480;;UNC_M_CAS_COUNT.RD[UNIT4];16006696;100.00;;"
7890 [140369472239296] INFO perfrun.perfcollector <> - PERF_STAT : "     1.300034006;CPU10;303;;UNC_M_CAS_COUNT.RD[UNIT4];16015053;100.00;;"
7890 [140369472239296] INFO perfrun.perfcollector <> - PERF_STAT : "     1.300034006;CPU0;4133;;UNC_M_CAS_COUNT.RD[UNIT5];16006469;100.00;;"
7890 [140369472239296] INFO perfrun.perfcollector <> - PERF_STAT : "     1.300034006;CPU10;397;;UNC_M_CAS_COUNT.RD[UNIT5];16013342;100.00;;"
7890 [140369472239296] INFO perfrun.perfcollector <> - PERF_STAT : "     1.300034006;CPU0;1487;;UNC_M_CAS_COUNT.WR[UNIT0];16006212;100.00;;"
7890 [140369472239296] INFO perfrun.perfcollector <> - PERF_STAT : "     1.300034006;CPU10;67;;UNC_M_CAS_COUNT.WR[UNIT0];16011494;100.00;;"
7890 [140369472239296] INFO perfrun.perfcollector <> - PERF_STAT : "     1.300034006;CPU0;2290;;UNC_M_CAS_COUNT.WR[UNIT1];16006213;100.00;;"
7890 [140369472239296] INFO perfrun.perfcollector <> - PERF_STAT : "     1.300034006;CPU10;189;;UNC_M_CAS_COUNT.WR[UNIT1];16009662;100.00;;"
7890 [140369472239296] INFO perfrun.perfcollector <> - PERF_STAT : "     1.300034006;CPU0;1433;;UNC_M_CAS_COUNT.WR[UNIT4];16006249;100.00;;"
7890 [140369472239296] INFO perfrun.perfcollector <> - PERF_STAT : "     1.300034006;CPU10;80;;UNC_M_CAS_COUNT.WR[UNIT4];16007775;100.00;;"
7890 [140369472239296] INFO perfrun.perfcollector <> - PERF_STAT : "     1.300034006;CPU0;2209;;UNC_M_CAS_COUNT.WR[UNIT5];16006212;100.00;;"
7890 [140369472239296] INFO perfrun.perfcollector <> - PERF_STAT : "     1.300034006;CPU10;209;;UNC_M_CAS_COUNT.WR[UNIT5];16005883;100.00;;"
7906 [140369472239296] INFO perfrun.perfcollector <> - PERF_STAT : "     1.315996767;CPU0;2635;;UNC_M_CAS_COUNT.RD[UNIT0];15994266;100.00;;"
7906 [140369472239296] INFO perfrun.perfcollector <> - PERF_STAT : "     1.315996767;CPU10;228;;UNC_M_CAS_COUNT.RD[UNIT0];15994704;100.00;;"
7906 [140369472239296] INFO perfrun.perfcollector <> - PERF_STAT : "     1.315996767;CPU0;3559;;UNC_M_CAS_COUNT.RD[UNIT1];15994217;100.00;;"
7906 [140369472239296] INFO perfrun.perfcollector <> - PERF_STAT : "     1.315996767;CPU10;245;;UNC_M_CAS_COUNT.RD[UNIT1];15997361;100.00;;"
7906 [140369472239296] INFO perfrun.perfcollector <> - PERF_STAT : "     1.315996767;CPU0;2688;;UNC_M_CAS_COUNT.RD[UNIT4];15994069;100.00;;"
7906 [140369472239296] INFO perfrun.perfcollector <> - PERF_STAT : "     1.315996767;CPU10;303;;UNC_M_CAS_COUNT.RD[UNIT4];15998979;100.00;;"
7906 [140369472239296] INFO perfrun.perfcollector <> - PERF_STAT : "     1.315996767;CPU0;3555;;UNC_M_CAS_COUNT.RD[UNIT5];15994080;100.00;;"
7906 [140369472239296] INFO perfrun.perfcollector <> - PERF_STAT : "     1.315996767;CPU10;380;;UNC_M_CAS_COUNT.RD[UNIT5];16000704;100.00;;"
7906 [140369472239296] INFO perfrun.perfcollector <> - PERF_STAT : "     1.315996767;CPU0;1448;;UNC_M_CAS_COUNT.WR[UNIT0];15994158;100.00;;"
7906 [140369472239296] INFO perfrun.perfcollector <> - PERF_STAT : "     1.315996767;CPU10;44;;UNC_M_CAS_COUNT.WR[UNIT0];16002526;100.00;;"
7906 [140369472239296] INFO perfrun.perfcollector <> - PERF_STAT : "     1.315996767;CPU0;2206;;UNC_M_CAS_COUNT.WR[UNIT1];15994161;100.00;;"
7906 [140369472239296] INFO perfrun.perfcollector <> - PERF_STAT : "     1.315996767;CPU10;101;;UNC_M_CAS_COUNT.WR[UNIT1];16004348;100.00;;"
7906 [140369472239296] INFO perfrun.perfcollector <> - PERF_STAT : "     1.315996767;CPU0;1410;;UNC_M_CAS_COUNT.WR[UNIT4];15994021;100.00;;"
7906 [140369472239296] INFO perfrun.perfcollector <> - PERF_STAT : "     1.315996767;CPU10;83;;UNC_M_CAS_COUNT.WR[UNIT4];16006123;100.00;;"
7906 [140369472239296] INFO perfrun.perfcollector <> - PERF_STAT : "     1.315996767;CPU0;2237;;UNC_M_CAS_COUNT.WR[UNIT5];15993937;100.00;;"
7906 [140369472239296] INFO perfrun.perfcollector <> - PERF_STAT : "     1.315996767;CPU10;138;;UNC_M_CAS_COUNT.WR[UNIT5];16007922;100.00;;"
7922 [140369472239296] INFO perfrun.perfcollector <> - PERF_STAT : "     1.332060264;CPU0;2614;;UNC_M_CAS_COUNT.RD[UNIT0];15991578;100.00;;"
7922 [140369472239296] INFO perfrun.perfcollector <> - PERF_STAT : "     1.332060264;CPU10;148;;UNC_M_CAS_COUNT.RD[UNIT0];15979327;100.00;;"
7922 [140369472239296] INFO perfrun.perfcollector <> - PERF_STAT : "     1.332060264;CPU0;3488;;UNC_M_CAS_COUNT.RD[UNIT1];15991562;100.00;;"
7922 [140369472239296] INFO perfrun.perfcollector <> - PERF_STAT : "     1.332060264;CPU10;200;;UNC_M_CAS_COUNT.RD[UNIT1];15979501;100.00;;"
7922 [140369472239296] INFO perfrun.perfcollector <> - PERF_STAT : "     1.332060264;CPU0;2607;;UNC_M_CAS_COUNT.RD[UNIT4];15991615;100.00;;"
7922 [140369472239296] INFO perfrun.perfcollector <> - PERF_STAT : "     1.332060264;CPU10;164;;UNC_M_CAS_COUNT.RD[UNIT4];15979498;100.00;;"
7922 [140369472239296] INFO perfrun.perfcollector <> - PERF_STAT : "     1.332060264;CPU0;3438;;UNC_M_CAS_COUNT.RD[UNIT5];15991527;100.00;;"
7922 [140369472239296] INFO perfrun.perfcollector <> - PERF_STAT : "     1.332060264;CPU10;240;;UNC_M_CAS_COUNT.RD[UNIT5];15979492;100.00;;"
7922 [140369472239296] INFO perfrun.perfcollector <> - PERF_STAT : "     1.332060264;CPU0;1452;;UNC_M_CAS_COUNT.WR[UNIT0];15991374;100.00;;"
7922 [140369472239296] INFO perfrun.perfcollector <> - PERF_STAT : "     1.332060264;CPU10;38;;UNC_M_CAS_COUNT.WR[UNIT0];15979498;100.00;;"
7922 [140369472239296] INFO perfrun.perfcollector <> - PERF_STAT : "     1.332060264;CPU0;2240;;UNC_M_CAS_COUNT.WR[UNIT1];15991390;100.00;;"
7922 [140369472239296] INFO perfrun.perfcollector <> - PERF_STAT : "     1.332060264;CPU10;107;;UNC_M_CAS_COUNT.WR[UNIT1];15979511;100.00;;"
7922 [140369472239296] INFO perfrun.perfcollector <> - PERF_STAT : "     1.332060264;CPU0;1340;;UNC_M_CAS_COUNT.WR[UNIT4];15991395;100.00;;"
7922 [140369472239296] INFO perfrun.perfcollector <> - PERF_STAT : "     1.332060264;CPU10;45;;UNC_M_CAS_COUNT.WR[UNIT4];15979585;100.00;;"
7922 [140369472239296] INFO perfrun.perfcollector <> - PERF_STAT : "     1.332060264;CPU0;2238;;UNC_M_CAS_COUNT.WR[UNIT5];15991399;100.00;;"
7922 [140369472239296] INFO perfrun.perfcollector <> - PERF_STAT : "     1.332060264;CPU10;119;;UNC_M_CAS_COUNT.WR[UNIT5];15979559;100.00;;"
7938 [140369472239296] INFO perfrun.perfcollector <> - PERF_STAT : "     1.348017117;CPU0;2605;;UNC_M_CAS_COUNT.RD[UNIT0];15995228;100.00;;"
7938 [140369472239296] INFO perfrun.perfcollector <> - PERF_STAT : "     1.348017117;CPU10;158;;UNC_M_CAS_COUNT.RD[UNIT0];15997540;100.00;;"
7938 [140369472239296] INFO perfrun.perfcollector <> - PERF_STAT : "     1.348017117;CPU0;3546;;UNC_M_CAS_COUNT.RD[UNIT1];15995104;100.00;;"
7938 [140369472239296] INFO perfrun.perfcollector <> - PERF_STAT : "     1.348017117;CPU10;209;;UNC_M_CAS_COUNT.RD[UNIT1];15997355;100.00;;"
7938 [140369472239296] INFO perfrun.perfcollector <> - PERF_STAT : "     1.348017117;CPU0;2653;;UNC_M_CAS_COUNT.RD[UNIT4];15995297;100.00;;"
7938 [140369472239296] INFO perfrun.perfcollector <> - PERF_STAT : "     1.348017117;CPU10;219;;UNC_M_CAS_COUNT.RD[UNIT4];15997365;100.00;;"
7938 [140369472239296] INFO perfrun.perfcollector <> - PERF_STAT : "     1.348017117;CPU0;3520;;UNC_M_CAS_COUNT.RD[UNIT5];15995385;100.00;;"
7938 [140369472239296] INFO perfrun.perfcollector <> - PERF_STAT : "     1.348017117;CPU10;280;;UNC_M_CAS_COUNT.RD[UNIT5];15997355;100.00;;"
7938 [140369472239296] INFO perfrun.perfcollector <> - PERF_STAT : "     1.348017117;CPU0;1419;;UNC_M_CAS_COUNT.WR[UNIT0];15995381;100.00;;"
7938 [140369472239296] INFO perfrun.perfcollector <> - PERF_STAT : "     1.348017117;CPU10;35;;UNC_M_CAS_COUNT.WR[UNIT0];15997382;100.00;;"
7938 [140369472239296] INFO perfrun.perfcollector <> - PERF_STAT : "     1.348017117;CPU0;2244;;UNC_M_CAS_COUNT.WR[UNIT1];15995282;100.00;;"
7938 [140369472239296] INFO perfrun.perfcollector <> - PERF_STAT : "     1.348017117;CPU10;99;;UNC_M_CAS_COUNT.WR[UNIT1];15997398;100.00;;"
7938 [140369472239296] INFO perfrun.perfcollector <> - PERF_STAT : "     1.348017117;CPU0;1488;;UNC_M_CAS_COUNT.WR[UNIT4];15995388;100.00;;"
7938 [140369472239296] INFO perfrun.perfcollector <> - PERF_STAT : "     1.348017117;CPU10;42;;UNC_M_CAS_COUNT.WR[UNIT4];15997339;100.00;;"
7938 [140369472239296] INFO perfrun.perfcollector <> - PERF_STAT : "     1.348017117;CPU0;2272;;UNC_M_CAS_COUNT.WR[UNIT5];15995823;100.00;;"
7938 [140369472239296] INFO perfrun.perfcollector <> - PERF_STAT : "     1.348017117;CPU10;120;;UNC_M_CAS_COUNT.WR[UNIT5];15997358;100.00;;"
7954 [140369472239296] INFO perfrun.perfcollector <> - PERF_STAT : "     1.363990891;CPU0;2706;;UNC_M_CAS_COUNT.RD[UNIT0];16010240;100.00;;"
7954 [140369472239296] INFO perfrun.perfcollector <> - PERF_STAT : "     1.363990891;CPU10;143;;UNC_M_CAS_COUNT.RD[UNIT0];16011775;100.00;;"
7954 [140369472239296] INFO perfrun.perfcollector <> - PERF_STAT : "     1.363990891;CPU0;3497;;UNC_M_CAS_COUNT.RD[UNIT1];16010372;100.00;;"
7954 [140369472239296] INFO perfrun.perfcollector <> - PERF_STAT : "     1.363990891;CPU10;162;;UNC_M_CAS_COUNT.RD[UNIT1];16011906;100.00;;"
7954 [140369472239296] INFO perfrun.perfcollector <> - PERF_STAT : "     1.363990891;CPU0;2699;;UNC_M_CAS_COUNT.RD[UNIT4];16010338;100.00;;"
7954 [140369472239296] INFO perfrun.perfcollector <> - PERF_STAT : "     1.363990891;CPU10;156;;UNC_M_CAS_COUNT.RD[UNIT4];16011902;100.00;;"
7954 [140369472239296] INFO perfrun.perfcollector <> - PERF_STAT : "     1.363990891;CPU0;3553;;UNC_M_CAS_COUNT.RD[UNIT5];16010335;100.00;;"
7954 [140369472239296] INFO perfrun.perfcollector <> - PERF_STAT : "     1.363990891;CPU10;196;;UNC_M_CAS_COUNT.RD[UNIT5];16011912;100.00;;"
7954 [140369472239296] INFO perfrun.perfcollector <> - PERF_STAT : "     1.363990891;CPU0;1384;;UNC_M_CAS_COUNT.WR[UNIT0];16010441;100.00;;"
7954 [140369472239296] INFO perfrun.perfcollector <> - PERF_STAT : "     1.363990891;CPU10;40;;UNC_M_CAS_COUNT.WR[UNIT0];16011912;100.00;;"
7954 [140369472239296] INFO perfrun.perfcollector <> - PERF_STAT : "     1.363990891;CPU0;2184;;UNC_M_CAS_COUNT.WR[UNIT1];16010991;100.00;;"
7954 [140369472239296] INFO perfrun.perfcollector <> - PERF_STAT : "     1.363990891;CPU10;91;;UNC_M_CAS_COUNT.WR[UNIT1];16012033;100.00;;"
7954 [140369472239296] INFO perfrun.perfcollector <> - PERF_STAT : "     1.363990891;CPU0;1417;;UNC_M_CAS_COUNT.WR[UNIT4];16010980;100.00;;"
7954 [140369472239296] INFO perfrun.perfcollector <> - PERF_STAT : "     1.363990891;CPU10;69;;UNC_M_CAS_COUNT.WR[UNIT4];16012035;100.00;;"
7954 [140369472239296] INFO perfrun.perfcollector <> - PERF_STAT : "     1.363990891;CPU0;2312;;UNC_M_CAS_COUNT.WR[UNIT5];16010666;100.00;;"
7954 [140369472239296] INFO perfrun.perfcollector <> - PERF_STAT : "     1.363990891;CPU10;116;;UNC_M_CAS_COUNT.WR[UNIT5];16012075;100.00;;"
7974 [140369472239296] INFO perfrun.perfcollector <> - PERF_STAT : "     1.380046084;CPU0;3232;;UNC_M_CAS_COUNT.RD[UNIT0];19989036;100.00;;"
7974 [140369472239296] INFO perfrun.perfcollector <> - PERF_STAT : "     1.380046084;CPU10;157;;UNC_M_CAS_COUNT.RD[UNIT0];19992703;100.00;;"
7974 [140369472239296] INFO perfrun.perfcollector <> - PERF_STAT : "     1.380046084;CPU0;4261;;UNC_M_CAS_COUNT.RD[UNIT1];19989005;100.00;;"
7974 [140369472239296] INFO perfrun.perfcollector <> - PERF_STAT : "     1.380046084;CPU10;210;;UNC_M_CAS_COUNT.RD[UNIT1];19990012;100.00;;"
7974 [140369472239296] INFO perfrun.perfcollector <> - PERF_STAT : "     1.380046084;CPU0;3283;;UNC_M_CAS_COUNT.RD[UNIT4];19988861;100.00;;"
7974 [140369472239296] INFO perfrun.perfcollector <> - PERF_STAT : "     1.380046084;CPU10;236;;UNC_M_CAS_COUNT.RD[UNIT4];19988340;100.00;;"
7974 [140369472239296] INFO perfrun.perfcollector <> - PERF_STAT : "     1.380046084;CPU0;4343;;UNC_M_CAS_COUNT.RD[UNIT5];19988787;100.00;;"
7974 [140369472239296] INFO perfrun.perfcollector <> - PERF_STAT : "     1.380046084;CPU10;296;;UNC_M_CAS_COUNT.RD[UNIT5];19986636;100.00;;"
7974 [140369472239296] INFO perfrun.perfcollector <> - PERF_STAT : "     1.380046084;CPU0;1682;;UNC_M_CAS_COUNT.WR[UNIT0];19988679;100.00;;"
7974 [140369472239296] INFO perfrun.perfcollector <> - PERF_STAT : "     1.380046084;CPU10;41;;UNC_M_CAS_COUNT.WR[UNIT0];19984789;100.00;;"
7974 [140369472239296] INFO perfrun.perfcollector <> - PERF_STAT : "     1.380046084;CPU0;2782;;UNC_M_CAS_COUNT.WR[UNIT1];19988013;100.00;;"
7974 [140369472239296] INFO perfrun.perfcollector <> - PERF_STAT : "     1.380046084;CPU10;105;;UNC_M_CAS_COUNT.WR[UNIT1];19983093;100.00;;"
7974 [140369472239296] INFO perfrun.perfcollector <> - PERF_STAT : "     1.380046084;CPU0;1826;;UNC_M_CAS_COUNT.WR[UNIT4];19988010;100.00;;"
7974 [140369472239296] INFO perfrun.perfcollector <> - PERF_STAT : "     1.380046084;CPU10;66;;UNC_M_CAS_COUNT.WR[UNIT4];19981413;100.00;;"
7974 [140369472239296] INFO perfrun.perfcollector <> - PERF_STAT : "     1.380046084;CPU0;2815;;UNC_M_CAS_COUNT.WR[UNIT5];19987894;100.00;;"
7974 [140369472239296] INFO perfrun.perfcollector <> - PERF_STAT : "     1.380046084;CPU10;129;;UNC_M_CAS_COUNT.WR[UNIT5];19979579;100.00;;"
7990 [140369472239296] INFO perfrun.perfcollector <> - PERF_STAT : "     1.399968126;CPU0;2751;;UNC_M_CAS_COUNT.RD[UNIT0];16000420;100.00;;"
7990 [140369472239296] INFO perfrun.perfcollector <> - PERF_STAT : "     1.399968126;CPU10;346;;UNC_M_CAS_COUNT.RD[UNIT0];15975952;100.00;;"
7990 [140369472239296] INFO perfrun.perfcollector <> - PERF_STAT : "     1.399968126;CPU0;3621;;UNC_M_CAS_COUNT.RD[UNIT1];16000487;100.00;;"
7990 [140369472239296] INFO perfrun.perfcollector <> - PERF_STAT : "     1.399968126;CPU10;361;;UNC_M_CAS_COUNT.RD[UNIT1];15975914;100.00;;"
7990 [140369472239296] INFO perfrun.perfcollector <> - PERF_STAT : "     1.399968126;CPU0;2712;;UNC_M_CAS_COUNT.RD[UNIT4];16000398;100.00;;"
7990 [140369472239296] INFO perfrun.perfcollector <> - PERF_STAT : "     1.399968126;CPU10;380;;UNC_M_CAS_COUNT.RD[UNIT4];15975880;100.00;;"
7990 [140369472239296] INFO perfrun.perfcollector <> - PERF_STAT : "     1.399968126;CPU0;3531;;UNC_M_CAS_COUNT.RD[UNIT5];16000400;100.00;;"
7990 [140369472239296] INFO perfrun.perfcollector <> - PERF_STAT : "     1.399968126;CPU10;415;;UNC_M_CAS_COUNT.RD[UNIT5];15975767;100.00;;"
7990 [140369472239296] INFO perfrun.perfcollector <> - PERF_STAT : "     1.399968126;CPU0;1512;;UNC_M_CAS_COUNT.WR[UNIT0];16000514;100.00;;"
7990 [140369472239296] INFO perfrun.perfcollector <> - PERF_STAT : "     1.399968126;CPU10;54;;UNC_M_CAS_COUNT.WR[UNIT0];15975777;100.00;;"
7990 [140369472239296] INFO perfrun.perfcollector <> - PERF_STAT : "     1.399968126;CPU0;2249;;UNC_M_CAS_COUNT.WR[UNIT1];16000737;100.00;;"
7990 [140369472239296] INFO perfrun.perfcollector <> - PERF_STAT : "     1.399968126;CPU10;96;;UNC_M_CAS_COUNT.WR[UNIT1];15975502;100.00;;"
7990 [140369472239296] INFO perfrun.perfcollector <> - PERF_STAT : "     1.399968126;CPU0;1401;;UNC_M_CAS_COUNT.WR[UNIT4];16000663;100.00;;"
7990 [140369472239296] INFO perfrun.perfcollector <> - PERF_STAT : "     1.399968126;CPU10;49;;UNC_M_CAS_COUNT.WR[UNIT4];15975423;100.00;;"
7990 [140369472239296] INFO perfrun.perfcollector <> - PERF_STAT : "     1.399968126;CPU0;2243;;UNC_M_CAS_COUNT.WR[UNIT5];16000687;100.00;;"
7990 [140369472239296] INFO perfrun.perfcollector <> - PERF_STAT : "     1.399968126;CPU10;124;;UNC_M_CAS_COUNT.WR[UNIT5];15975403;100.00;;"
8006 [140369472239296] INFO perfrun.perfcollector <> - PERF_STAT : "     1.415885896;CPU0;2762;;UNC_M_CAS_COUNT.RD[UNIT0];16000439;100.00;;"
8006 [140369472239296] INFO perfrun.perfcollector <> - PERF_STAT : "     1.415885896;CPU10;480;;UNC_M_CAS_COUNT.RD[UNIT0];16017563;100.00;;"
8006 [140369472239296] INFO perfrun.perfcollector <> - PERF_STAT : "     1.415885896;CPU0;3593;;UNC_M_CAS_COUNT.RD[UNIT1];16000399;100.00;;"
8006 [140369472239296] INFO perfrun.perfcollector <> - PERF_STAT : "     1.415885896;CPU10;597;;UNC_M_CAS_COUNT.RD[UNIT1];16020218;100.00;;"
8006 [140369472239296] INFO perfrun.perfcollector <> - PERF_STAT : "     1.415885896;CPU0;2774;;UNC_M_CAS_COUNT.RD[UNIT4];16000417;100.00;;"
8006 [140369472239296] INFO perfrun.perfcollector <> - PERF_STAT : "     1.415885896;CPU10;546;;UNC_M_CAS_COUNT.RD[UNIT4];16021908;100.00;;"
8006 [140369472239296] INFO perfrun.perfcollector <> - PERF_STAT : "     1.415885896;CPU0;3543;;UNC_M_CAS_COUNT.RD[UNIT5];16000533;100.00;;"
8006 [140369472239296] INFO perfrun.perfcollector <> - PERF_STAT : "     1.415885896;CPU10;675;;UNC_M_CAS_COUNT.RD[UNIT5];16023728;100.00;;"
8006 [140369472239296] INFO perfrun.perfcollector <> - PERF_STAT : "     1.415885896;CPU0;1459;;UNC_M_CAS_COUNT.WR[UNIT0];16000504;100.00;;"
8006 [140369472239296] INFO perfrun.perfcollector <> - PERF_STAT : "     1.415885896;CPU10;151;;UNC_M_CAS_COUNT.WR[UNIT0];16025555;100.00;;"
8006 [140369472239296] INFO perfrun.perfcollector <> - PERF_STAT : "     1.415885896;CPU0;2336;;UNC_M_CAS_COUNT.WR[UNIT1];16000398;100.00;;"
8006 [140369472239296] INFO perfrun.perfcollector <> - PERF_STAT : "     1.415885896;CPU10;259;;UNC_M_CAS_COUNT.WR[UNIT1];16027403;100.00;;"
8006 [140369472239296] INFO perfrun.perfcollector <> - PERF_STAT : "     1.415885896;CPU0;1357;;UNC_M_CAS_COUNT.WR[UNIT4];16000392;100.00;;"
8006 [140369472239296] INFO perfrun.perfcollector <> - PERF_STAT : "     1.415885896;CPU10;181;;UNC_M_CAS_COUNT.WR[UNIT4];16029203;100.00;;"
8006 [140369472239296] INFO perfrun.perfcollector <> - PERF_STAT : "     1.415885896;CPU0;2299;;UNC_M_CAS_COUNT.WR[UNIT5];16000369;100.00;;"
8006 [140369472239296] INFO perfrun.perfcollector <> - PERF_STAT : "     1.415885896;CPU10;283;;UNC_M_CAS_COUNT.WR[UNIT5];16031050;100.00;;"
8022 [140369472239296] INFO perfrun.perfcollector <> - PERF_STAT : "     1.432028690;CPU0;3391;;UNC_M_CAS_COUNT.RD[UNIT0];16000563;100.00;;"
8022 [140369472239296] INFO perfrun.perfcollector <> - PERF_STAT : "     1.432028690;CPU10;336;;UNC_M_CAS_COUNT.RD[UNIT0];15998463;100.00;;"
8022 [140369472239296] INFO perfrun.perfcollector <> - PERF_STAT : "     1.432028690;CPU0;4159;;UNC_M_CAS_COUNT.RD[UNIT1];16000603;100.00;;"
8022 [140369472239296] INFO perfrun.perfcollector <> - PERF_STAT : "     1.432028690;CPU10;430;;UNC_M_CAS_COUNT.RD[UNIT1];15998691;100.00;;"
8022 [140369472239296] INFO perfrun.perfcollector <> - PERF_STAT : "     1.432028690;CPU0;3403;;UNC_M_CAS_COUNT.RD[UNIT4];16000752;100.00;;"
8022 [140369472239296] INFO perfrun.perfcollector <> - PERF_STAT : "     1.432028690;CPU10;416;;UNC_M_CAS_COUNT.RD[UNIT4];15998827;100.00;;"
8022 [140369472239296] INFO perfrun.perfcollector <> - PERF_STAT : "     1.432028690;CPU0;4063;;UNC_M_CAS_COUNT.RD[UNIT5];16000634;100.00;;"
8022 [140369472239296] INFO perfrun.perfcollector <> - PERF_STAT : "     1.432028690;CPU10;506;;UNC_M_CAS_COUNT.RD[UNIT5];15998844;100.00;;"
8022 [140369472239296] INFO perfrun.perfcollector <> - PERF_STAT : "     1.432028690;CPU0;1418;;UNC_M_CAS_COUNT.WR[UNIT0];16000533;100.00;;"
8022 [140369472239296] INFO perfrun.perfcollector <> - PERF_STAT : "     1.432028690;CPU10;31;;UNC_M_CAS_COUNT.WR[UNIT0];15998867;100.00;;"
8022 [140369472239296] INFO perfrun.perfcollector <> - PERF_STAT : "     1.432028690;CPU0;2350;;UNC_M_CAS_COUNT.WR[UNIT1];16000422;100.00;;"
8022 [140369472239296] INFO perfrun.perfcollector <> - PERF_STAT : "     1.432028690;CPU10;113;;UNC_M_CAS_COUNT.WR[UNIT1];15998840;100.00;;"
8022 [140369472239296] INFO perfrun.perfcollector <> - PERF_STAT : "     1.432028690;CPU0;1463;;UNC_M_CAS_COUNT.WR[UNIT4];16000424;100.00;;"
8022 [140369472239296] INFO perfrun.perfcollector <> - PERF_STAT : "     1.432028690;CPU10;57;;UNC_M_CAS_COUNT.WR[UNIT4];15998813;100.00;;"
8022 [140369472239296] INFO perfrun.perfcollector <> - PERF_STAT : "     1.432028690;CPU0;2291;;UNC_M_CAS_COUNT.WR[UNIT5];16000446;100.00;;"
8022 [140369472239296] INFO perfrun.perfcollector <> - PERF_STAT : "     1.432028690;CPU10;140;;UNC_M_CAS_COUNT.WR[UNIT5];15998810;100.00;;"
8038 [140369472239296] INFO perfrun.perfcollector <> - PERF_STAT : "     1.447990620;CPU0;2647;;UNC_M_CAS_COUNT.RD[UNIT0];15997603;100.00;;"
8038 [140369472239296] INFO perfrun.perfcollector <> - PERF_STAT : "     1.447990620;CPU10;154;;UNC_M_CAS_COUNT.RD[UNIT0];15997959;100.00;;"
8038 [140369472239296] INFO perfrun.perfcollector <> - PERF_STAT : "     1.447990620;CPU0;3599;;UNC_M_CAS_COUNT.RD[UNIT1];15997471;100.00;;"
8038 [140369472239296] INFO perfrun.perfcollector <> - PERF_STAT : "     1.447990620;CPU10;193;;UNC_M_CAS_COUNT.RD[UNIT1];15997769;100.00;;"
8038 [140369472239296] INFO perfrun.perfcollector <> - PERF_STAT : "     1.447990620;CPU0;2660;;UNC_M_CAS_COUNT.RD[UNIT4];15997650;100.00;;"
8038 [140369472239296] INFO perfrun.perfcollector <> - PERF_STAT : "     1.447990620;CPU10;162;;UNC_M_CAS_COUNT.RD[UNIT4];15997666;100.00;;"
8038 [140369472239296] INFO perfrun.perfcollector <> - PERF_STAT : "     1.447990620;CPU0;3602;;UNC_M_CAS_COUNT.RD[UNIT5];15997707;100.00;;"
8038 [140369472239296] INFO perfrun.perfcollector <> - PERF_STAT : "     1.447990620;CPU10;198;;UNC_M_CAS_COUNT.RD[UNIT5];15997653;100.00;;"
8038 [140369472239296] INFO perfrun.perfcollector <> - PERF_STAT : "     1.447990620;CPU0;1421;;UNC_M_CAS_COUNT.WR[UNIT0];15997722;100.00;;"
8038 [140369472239296] INFO perfrun.perfcollector <> - PERF_STAT : "     1.447990620;CPU10;59;;UNC_M_CAS_COUNT.WR[UNIT0];15997640;100.00;;"
8038 [140369472239296] INFO perfrun.perfcollector <> - PERF_STAT : "     1.447990620;CPU0;2305;;UNC_M_CAS_COUNT.WR[UNIT1];15997819;100.00;;"
8038 [140369472239296] INFO perfrun.perfcollector <> - PERF_STAT : "     1.447990620;CPU10;113;;UNC_M_CAS_COUNT.WR[UNIT1];15997655;100.00;;"
8038 [140369472239296] INFO perfrun.perfcollector <> - PERF_STAT : "     1.447990620;CPU0;1402;;UNC_M_CAS_COUNT.WR[UNIT4];15997908;100.00;;"
8038 [140369472239296] INFO perfrun.perfcollector <> - PERF_STAT : "     1.447990620;CPU10;31;;UNC_M_CAS_COUNT.WR[UNIT4];15997622;100.00;;"
8038 [140369472239296] INFO perfrun.perfcollector <> - PERF_STAT : "     1.447990620;CPU0;2347;;UNC_M_CAS_COUNT.WR[UNIT5];15997857;100.00;;"
8038 [140369472239296] INFO perfrun.perfcollector <> - PERF_STAT : "     1.447990620;CPU10;87;;UNC_M_CAS_COUNT.WR[UNIT5];15997593;100.00;;"
8054 [140369472239296] INFO perfrun.perfcollector <> - PERF_STAT : "     1.464026844;CPU0;2722;;UNC_M_CAS_COUNT.RD[UNIT0];16001432;100.00;;"
8054 [140369472239296] INFO perfrun.perfcollector <> - PERF_STAT : "     1.464026844;CPU10;132;;UNC_M_CAS_COUNT.RD[UNIT0];16000642;100.00;;"
8054 [140369472239296] INFO perfrun.perfcollector <> - PERF_STAT : "     1.464026844;CPU0;3466;;UNC_M_CAS_COUNT.RD[UNIT1];16001296;100.00;;"
8054 [140369472239296] INFO perfrun.perfcollector <> - PERF_STAT : "     1.464026844;CPU10;166;;UNC_M_CAS_COUNT.RD[UNIT1];16000659;100.00;;"
8054 [140369472239296] INFO perfrun.perfcollector <> - PERF_STAT : "     1.464026844;CPU0;2680;;UNC_M_CAS_COUNT.RD[UNIT4];16001013;100.00;;"
8054 [140369472239296] INFO perfrun.perfcollector <> - PERF_STAT : "     1.464026844;CPU10;183;;UNC_M_CAS_COUNT.RD[UNIT4];16000666;100.00;;"
8054 [140369472239296] INFO perfrun.perfcollector <> - PERF_STAT : "     1.464026844;CPU0;3570;;UNC_M_CAS_COUNT.RD[UNIT5];16001021;100.00;;"
8054 [140369472239296] INFO perfrun.perfcollector <> - PERF_STAT : "     1.464026844;CPU10;223;;UNC_M_CAS_COUNT.RD[UNIT5];16000635;100.00;;"
8054 [140369472239296] INFO perfrun.perfcollector <> - PERF_STAT : "     1.464026844;CPU0;1403;;UNC_M_CAS_COUNT.WR[UNIT0];16001128;100.00;;"
8054 [140369472239296] INFO perfrun.perfcollector <> - PERF_STAT : "     1.464026844;CPU10;37;;UNC_M_CAS_COUNT.WR[UNIT0];16000629;100.00;;"
8054 [140369472239296] INFO perfrun.perfcollector <> - PERF_STAT : "     1.464026844;CPU0;2228;;UNC_M_CAS_COUNT.WR[UNIT1];16001281;100.00;;"
8054 [140369472239296] INFO perfrun.perfcollector <> - PERF_STAT : "     1.464026844;CPU10;103;;UNC_M_CAS_COUNT.WR[UNIT1];16000786;100.00;;"
8054 [140369472239296] INFO perfrun.perfcollector <> - PERF_STAT : "     1.464026844;CPU0;1431;;UNC_M_CAS_COUNT.WR[UNIT4];16001178;100.00;;"
8054 [140369472239296] INFO perfrun.perfcollector <> - PERF_STAT : "     1.464026844;CPU10;59;;UNC_M_CAS_COUNT.WR[UNIT4];16000783;100.00;;"
8054 [140369472239296] INFO perfrun.perfcollector <> - PERF_STAT : "     1.464026844;CPU0;2333;;UNC_M_CAS_COUNT.WR[UNIT5];16001240;100.00;;"
8054 [140369472239296] INFO perfrun.perfcollector <> - PERF_STAT : "     1.464026844;CPU10;123;;UNC_M_CAS_COUNT.WR[UNIT5];16000772;100.00;;"
8074 [140369472239296] INFO perfrun.perfcollector <> - PERF_STAT : "     1.480027500;CPU0;3329;;UNC_M_CAS_COUNT.RD[UNIT0];20002968;100.00;;"
8074 [140369472239296] INFO perfrun.perfcollector <> - PERF_STAT : "     1.480027500;CPU10;177;;UNC_M_CAS_COUNT.RD[UNIT0];20008488;100.00;;"
8074 [140369472239296] INFO perfrun.perfcollector <> - PERF_STAT : "     1.480027500;CPU0;4387;;UNC_M_CAS_COUNT.RD[UNIT1];20003214;100.00;;"
8074 [140369472239296] INFO perfrun.perfcollector <> - PERF_STAT : "     1.480027500;CPU10;217;;UNC_M_CAS_COUNT.RD[UNIT1];20008888;100.00;;"
8074 [140369472239296] INFO perfrun.perfcollector <> - PERF_STAT : "     1.480027500;CPU0;3331;;UNC_M_CAS_COUNT.RD[UNIT4];20003350;100.00;;"
8074 [140369472239296] INFO perfrun.perfcollector <> - PERF_STAT : "     1.480027500;CPU10;220;;UNC_M_CAS_COUNT.RD[UNIT4];20008891;100.00;;"
8074 [140369472239296] INFO perfrun.perfcollector <> - PERF_STAT : "     1.480027500;CPU0;4397;;UNC_M_CAS_COUNT.RD[UNIT5];20003392;100.00;;"
8074 [140369472239296] INFO perfrun.perfcollector <> - PERF_STAT : "     1.480027500;CPU10;279;;UNC_M_CAS_COUNT.RD[UNIT5];20008992;100.00;;"
8074 [140369472239296] INFO perfrun.perfcollector <> - PERF_STAT : "     1.480027500;CPU0;1793;;UNC_M_CAS_COUNT.WR[UNIT0];20003300;100.00;;"
8074 [140369472239296] INFO perfrun.perfcollector <> - PERF_STAT : "     1.480027500;CPU10;47;;UNC_M_CAS_COUNT.WR[UNIT0];20009014;100.00;;"
8074 [140369472239296] INFO perfrun.perfcollector <> - PERF_STAT : "     1.480027500;CPU0;2842;;UNC_M_CAS_COUNT.WR[UNIT1];20003275;100.00;;"
8074 [140369472239296] INFO perfrun.perfcollector <> - PERF_STAT : "     1.480027500;CPU10;129;;UNC_M_CAS_COUNT.WR[UNIT1];20008845;100.00;;"
8074 [140369472239296] INFO perfrun.perfcollector <> - PERF_STAT : "     1.480027500;CPU0;1875;;UNC_M_CAS_COUNT.WR[UNIT4];20003289;100.00;;"
8074 [140369472239296] INFO perfrun.perfcollector <> - PERF_STAT : "     1.480027500;CPU10;63;;UNC_M_CAS_COUNT.WR[UNIT4];20008851;100.00;;"
8074 [140369472239296] INFO perfrun.perfcollector <> - PERF_STAT : "     1.480027500;CPU0;2843;;UNC_M_CAS_COUNT.WR[UNIT5];20003254;100.00;;"
8074 [140369472239296] INFO perfrun.perfcollector <> - PERF_STAT : "     1.480027500;CPU10;147;;UNC_M_CAS_COUNT.WR[UNIT5];20008845;100.00;;"
8090 [140369472239296] INFO perfrun.perfcollector <> - PERF_STAT : "     1.500036228;CPU0;2636;;UNC_M_CAS_COUNT.RD[UNIT0];15998116;100.00;;"
8090 [140369472239296] INFO perfrun.perfcollector <> - PERF_STAT : "     1.500036228;CPU10;118;;UNC_M_CAS_COUNT.RD[UNIT0];15993134;100.00;;"
8090 [140369472239296] INFO perfrun.perfcollector <> - PERF_STAT : "     1.500036228;CPU0;3511;;UNC_M_CAS_COUNT.RD[UNIT1];15998059;100.00;;"
8090 [140369472239296] INFO perfrun.perfcollector <> - PERF_STAT : "     1.500036228;CPU10;168;;UNC_M_CAS_COUNT.RD[UNIT1];15992653;100.00;;"
8090 [140369472239296] INFO perfrun.perfcollector <> - PERF_STAT : "     1.500036228;CPU0;2693;;UNC_M_CAS_COUNT.RD[UNIT4];15998056;100.00;;"
8090 [140369472239296] INFO perfrun.perfcollector <> - PERF_STAT : "     1.500036228;CPU10;161;;UNC_M_CAS_COUNT.RD[UNIT4];15992610;100.00;;"
8090 [140369472239296] INFO perfrun.perfcollector <> - PERF_STAT : "     1.500036228;CPU0;3522;;UNC_M_CAS_COUNT.RD[UNIT5];15998054;100.00;;"
8090 [140369472239296] INFO perfrun.perfcollector <> - PERF_STAT : "     1.500036228;CPU10;204;;UNC_M_CAS_COUNT.RD[UNIT5];15992496;100.00;;"
8090 [140369472239296] INFO perfrun.perfcollector <> - PERF_STAT : "     1.500036228;CPU0;1504;;UNC_M_CAS_COUNT.WR[UNIT0];15998045;100.00;;"
8090 [140369472239296] INFO perfrun.perfcollector <> - PERF_STAT : "     1.500036228;CPU10;34;;UNC_M_CAS_COUNT.WR[UNIT0];15992587;100.00;;"
8090 [140369472239296] INFO perfrun.perfcollector <> - PERF_STAT : "     1.500036228;CPU0;2383;;UNC_M_CAS_COUNT.WR[UNIT1];15997815;100.00;;"
8090 [140369472239296] INFO perfrun.perfcollector <> - PERF_STAT : "     1.500036228;CPU10;97;;UNC_M_CAS_COUNT.WR[UNIT1];15992653;100.00;;"
8090 [140369472239296] INFO perfrun.perfcollector <> - PERF_STAT : "     1.500036228;CPU0;1477;;UNC_M_CAS_COUNT.WR[UNIT4];15997814;100.00;;"
8090 [140369472239296] INFO perfrun.perfcollector <> - PERF_STAT : "     1.500036228;CPU10;38;;UNC_M_CAS_COUNT.WR[UNIT4];15992643;100.00;;"
8090 [140369472239296] INFO perfrun.perfcollector <> - PERF_STAT : "     1.500036228;CPU0;2364;;UNC_M_CAS_COUNT.WR[UNIT5];15997827;100.00;;"
8090 [140369472239296] INFO perfrun.perfcollector <> - PERF_STAT : "     1.500036228;CPU10;98;;UNC_M_CAS_COUNT.WR[UNIT5];15992646;100.00;;"
8106 [140369472239296] INFO perfrun.perfcollector <> - PERF_STAT : "     1.516025516;CPU0;2630;;UNC_M_CAS_COUNT.RD[UNIT0];15999499;100.00;;"
8106 [140369472239296] INFO perfrun.perfcollector <> - PERF_STAT : "     1.516025516;CPU10;131;;UNC_M_CAS_COUNT.RD[UNIT0];16006162;100.00;;"
8106 [140369472239296] INFO perfrun.perfcollector <> - PERF_STAT : "     1.516025516;CPU0;3524;;UNC_M_CAS_COUNT.RD[UNIT1];15999484;100.00;;"
8106 [140369472239296] INFO perfrun.perfcollector <> - PERF_STAT : "     1.516025516;CPU10;171;;UNC_M_CAS_COUNT.RD[UNIT1];16003527;100.00;;"
8106 [140369472239296] INFO perfrun.perfcollector <> - PERF_STAT : "     1.516025516;CPU0;2659;;UNC_M_CAS_COUNT.RD[UNIT4];15999513;100.00;;"
8106 [140369472239296] INFO perfrun.perfcollector <> - PERF_STAT : "     1.516025516;CPU10;171;;UNC_M_CAS_COUNT.RD[UNIT4];16001693;100.00;;"
8106 [140369472239296] INFO perfrun.perfcollector <> - PERF_STAT : "     1.516025516;CPU0;3568;;UNC_M_CAS_COUNT.RD[UNIT5];15999414;100.00;;"
8106 [140369472239296] INFO perfrun.perfcollector <> - PERF_STAT : "     1.516025516;CPU10;215;;UNC_M_CAS_COUNT.RD[UNIT5];15999825;100.00;;"
8106 [140369472239296] INFO perfrun.perfcollector <> - PERF_STAT : "     1.516025516;CPU0;1389;;UNC_M_CAS_COUNT.WR[UNIT0];15999410;100.00;;"
8106 [140369472239296] INFO perfrun.perfcollector <> - PERF_STAT : "     1.516025516;CPU10;39;;UNC_M_CAS_COUNT.WR[UNIT0];15997869;100.00;;"
8106 [140369472239296] INFO perfrun.perfcollector <> - PERF_STAT : "     1.516025516;CPU0;2287;;UNC_M_CAS_COUNT.WR[UNIT1];15999642;100.00;;"
8106 [140369472239296] INFO perfrun.perfcollector <> - PERF_STAT : "     1.516025516;CPU10;101;;UNC_M_CAS_COUNT.WR[UNIT1];15995987;100.00;;"
8106 [140369472239296] INFO perfrun.perfcollector <> - PERF_STAT : "     1.516025516;CPU0;1368;;UNC_M_CAS_COUNT.WR[UNIT4];15999733;100.00;;"
8106 [140369472239296] INFO perfrun.perfcollector <> - PERF_STAT : "     1.516025516;CPU10;51;;UNC_M_CAS_COUNT.WR[UNIT4];15994210;100.00;;"
8106 [140369472239296] INFO perfrun.perfcollector <> - PERF_STAT : "     1.516025516;CPU0;2233;;UNC_M_CAS_COUNT.WR[UNIT5];15999881;100.00;;"
8106 [140369472239296] INFO perfrun.perfcollector <> - PERF_STAT : "     1.516025516;CPU10;104;;UNC_M_CAS_COUNT.WR[UNIT5];15992405;100.00;;"
8122 [140369472239296] INFO perfrun.perfcollector <> - PERF_STAT : "     1.531968284;CPU0;2647;;UNC_M_CAS_COUNT.RD[UNIT0];16000440;100.00;;"
8122 [140369472239296] INFO perfrun.perfcollector <> - PERF_STAT : "     1.531968284;CPU10;116;;UNC_M_CAS_COUNT.RD[UNIT0];15992747;100.00;;"
8122 [140369472239296] INFO perfrun.perfcollector <> - PERF_STAT : "     1.531968284;CPU0;3569;;UNC_M_CAS_COUNT.RD[UNIT1];16000390;100.00;;"
8122 [140369472239296] INFO perfrun.perfcollector <> - PERF_STAT : "     1.531968284;CPU10;144;;UNC_M_CAS_COUNT.RD[UNIT1];15995505;100.00;;"
8122 [140369472239296] INFO perfrun.perfcollector <> - PERF_STAT : "     1.531968284;CPU0;2683;;UNC_M_CAS_COUNT.RD[UNIT4];16000336;100.00;;"
8122 [140369472239296] INFO perfrun.perfcollector <> - PERF_STAT : "     1.531968284;CPU10;159;;UNC_M_CAS_COUNT.RD[UNIT4];16009398;100.00;;"
8122 [140369472239296] INFO perfrun.perfcollector <> - PERF_STAT : "     1.531968284;CPU0;3549;;UNC_M_CAS_COUNT.RD[UNIT5];16000421;100.00;;"
8122 [140369472239296] INFO perfrun.perfcollector <> - PERF_STAT : "     1.531968284;CPU10;204;;UNC_M_CAS_COUNT.RD[UNIT5];16009447;100.00;;"
8122 [140369472239296] INFO perfrun.perfcollector <> - PERF_STAT : "     1.531968284;CPU0;1554;;UNC_M_CAS_COUNT.WR[UNIT0];16000431;100.00;;"
8122 [140369472239296] INFO perfrun.perfcollector <> - PERF_STAT : "     1.531968284;CPU10;30;;UNC_M_CAS_COUNT.WR[UNIT0];16009402;100.00;;"
8122 [140369472239296] INFO perfrun.perfcollector <> - PERF_STAT : "     1.531968284;CPU0;2319;;UNC_M_CAS_COUNT.WR[UNIT1];16000208;100.00;;"
8122 [140369472239296] INFO perfrun.perfcollector <> - PERF_STAT : "     1.531968284;CPU10;86;;UNC_M_CAS_COUNT.WR[UNIT1];16009399;100.00;;"
8122 [140369472239296] INFO perfrun.perfcollector <> - PERF_STAT : "     1.531968284;CPU0;1510;;UNC_M_CAS_COUNT.WR[UNIT4];16000128;100.00;;"
8122 [140369472239296] INFO perfrun.perfcollector <> - PERF_STAT : "     1.531968284;CPU10;48;;UNC_M_CAS_COUNT.WR[UNIT4];16009404;100.00;;"
8122 [140369472239296] INFO perfrun.perfcollector <> - PERF_STAT : "     1.531968284;CPU0;2308;;UNC_M_CAS_COUNT.WR[UNIT5];15999964;100.00;;"
8122 [140369472239296] INFO perfrun.perfcollector <> - PERF_STAT : "     1.531968284;CPU10;105;;UNC_M_CAS_COUNT.WR[UNIT5];16009432;100.00;;"
8138 [140369472239296] INFO perfrun.perfcollector <> - PERF_STAT : "     1.547987508;CPU0;3481;;UNC_M_CAS_COUNT.RD[UNIT0];15998708;100.00;;"
8138 [140369472239296] INFO perfrun.perfcollector <> - PERF_STAT : "     1.547987508;CPU10;145;;UNC_M_CAS_COUNT.RD[UNIT0];16001219;100.00;;"
8138 [140369472239296] INFO perfrun.perfcollector <> - PERF_STAT : "     1.547987508;CPU0;4244;;UNC_M_CAS_COUNT.RD[UNIT1];15998839;100.00;;"
8138 [140369472239296] INFO perfrun.perfcollector <> - PERF_STAT : "     1.547987508;CPU10;189;;UNC_M_CAS_COUNT.RD[UNIT1];16001153;100.00;;"
8138 [140369472239296] INFO perfrun.perfcollector <> - PERF_STAT : "     1.547987508;CPU0;3407;;UNC_M_CAS_COUNT.RD[UNIT4];15998742;100.00;;"
8138 [140369472239296] INFO perfrun.perfcollector <> - PERF_STAT : "     1.547987508;CPU10;177;;UNC_M_CAS_COUNT.RD[UNIT4];15989104;100.00;;"
8138 [140369472239296] INFO perfrun.perfcollector <> - PERF_STAT : "     1.547987508;CPU0;4097;;UNC_M_CAS_COUNT.RD[UNIT5];15998643;100.00;;"
8138 [140369472239296] INFO perfrun.perfcollector <> - PERF_STAT : "     1.547987508;CPU10;226;;UNC_M_CAS_COUNT.RD[UNIT5];15990960;100.00;;"
8138 [140369472239296] INFO perfrun.perfcollector <> - PERF_STAT : "     1.547987508;CPU0;1499;;UNC_M_CAS_COUNT.WR[UNIT0];15998745;100.00;;"
8138 [140369472239296] INFO perfrun.perfcollector <> - PERF_STAT : "     1.547987508;CPU10;47;;UNC_M_CAS_COUNT.WR[UNIT0];15992827;100.00;;"
8138 [140369472239296] INFO perfrun.perfcollector <> - PERF_STAT : "     1.547987508;CPU0;2277;;UNC_M_CAS_COUNT.WR[UNIT1];15998739;100.00;;"
8138 [140369472239296] INFO perfrun.perfcollector <> - PERF_STAT : "     1.547987508;CPU10;118;;UNC_M_CAS_COUNT.WR[UNIT1];15994656;100.00;;"
8138 [140369472239296] INFO perfrun.perfcollector <> - PERF_STAT : "     1.547987508;CPU0;1470;;UNC_M_CAS_COUNT.WR[UNIT4];15998736;100.00;;"
8138 [140369472239296] INFO perfrun.perfcollector <> - PERF_STAT : "     1.547987508;CPU10;50;;UNC_M_CAS_COUNT.WR[UNIT4];15996438;100.00;;"
8138 [140369472239296] INFO perfrun.perfcollector <> - PERF_STAT : "     1.547987508;CPU0;2349;;UNC_M_CAS_COUNT.WR[UNIT5];15998729;100.00;;"
8138 [140369472239296] INFO perfrun.perfcollector <> - PERF_STAT : "     1.547987508;CPU10;116;;UNC_M_CAS_COUNT.WR[UNIT5];15998232;100.00;;"
8158 [140369472239296] INFO perfrun.perfcollector <> - PERF_STAT : "     1.564030463;CPU0;3635;;UNC_M_CAS_COUNT.RD[UNIT0];20002137;100.00;;"
8158 [140369472239296] INFO perfrun.perfcollector <> - PERF_STAT : "     1.564030463;CPU10;206;;UNC_M_CAS_COUNT.RD[UNIT0];20001327;100.00;;"
8158 [140369472239296] INFO perfrun.perfcollector <> - PERF_STAT : "     1.564030463;CPU0;4652;;UNC_M_CAS_COUNT.RD[UNIT1];20002109;100.00;;"
8158 [140369472239296] INFO perfrun.perfcollector <> - PERF_STAT : "     1.564030463;CPU10;243;;UNC_M_CAS_COUNT.RD[UNIT1];20001413;100.00;;"
8158 [140369472239296] INFO perfrun.perfcollector <> - PERF_STAT : "     1.564030463;CPU0;3577;;UNC_M_CAS_COUNT.RD[UNIT4];20002113;100.00;;"
8158 [140369472239296] INFO perfrun.perfcollector <> - PERF_STAT : "     1.564030463;CPU10;263;;UNC_M_CAS_COUNT.RD[UNIT4];20001483;100.00;;"
8158 [140369472239296] INFO perfrun.perfcollector <> - PERF_STAT : "     1.564030463;CPU0;4591;;UNC_M_CAS_COUNT.RD[UNIT5];20002122;100.00;;"
8158 [140369472239296] INFO perfrun.perfcollector <> - PERF_STAT : "     1.564030463;CPU10;313;;UNC_M_CAS_COUNT.RD[UNIT5];20001436;100.00;;"
8158 [140369472239296] INFO perfrun.perfcollector <> - PERF_STAT : "     1.564030463;CPU0;1942;;UNC_M_CAS_COUNT.WR[UNIT0];20002183;100.00;;"
8158 [140369472239296] INFO perfrun.perfcollector <> - PERF_STAT : "     1.564030463;CPU10;41;;UNC_M_CAS_COUNT.WR[UNIT0];20001503;100.00;;"
8158 [140369472239296] INFO perfrun.perfcollector <> - PERF_STAT : "     1.564030463;CPU0;3051;;UNC_M_CAS_COUNT.WR[UNIT1];20002390;100.00;;"
8158 [140369472239296] INFO perfrun.perfcollector <> - PERF_STAT : "     1.564030463;CPU10;95;;UNC_M_CAS_COUNT.WR[UNIT1];20001493;100.00;;"
8158 [140369472239296] INFO perfrun.perfcollector <> - PERF_STAT : "     1.564030463;CPU0;1983;;UNC_M_CAS_COUNT.WR[UNIT4];20002380;100.00;;"
8158 [140369472239296] INFO perfrun.perfcollector <> - PERF_STAT : "     1.564030463;CPU10;59;;UNC_M_CAS_COUNT.WR[UNIT4];20001439;100.00;;"
8158 [140369472239296] INFO perfrun.perfcollector <> - PERF_STAT : "     1.564030463;CPU0;2925;;UNC_M_CAS_COUNT.WR[UNIT5];20002386;100.00;;"
8158 [140369472239296] INFO perfrun.perfcollector <> - PERF_STAT : "     1.564030463;CPU10;131;;UNC_M_CAS_COUNT.WR[UNIT5];20001435;100.00;;"
8174 [140369472239296] INFO perfrun.perfcollector <> - PERF_STAT : "     1.584031428;CPU0;2725;;UNC_M_CAS_COUNT.RD[UNIT0];16000541;100.00;;"
8174 [140369472239296] INFO perfrun.perfcollector <> - PERF_STAT : "     1.584031428;CPU10;172;;UNC_M_CAS_COUNT.RD[UNIT0];16012734;100.00;;"
8174 [140369472239296] INFO perfrun.perfcollector <> - PERF_STAT : "     1.584031428;CPU0;3434;;UNC_M_CAS_COUNT.RD[UNIT1];16000706;100.00;;"
8174 [140369472239296] INFO perfrun.perfcollector <> - PERF_STAT : "     1.584031428;CPU10;228;;UNC_M_CAS_COUNT.RD[UNIT1];16009873;100.00;;"
8174 [140369472239296] INFO perfrun.perfcollector <> - PERF_STAT : "     1.584031428;CPU0;2611;;UNC_M_CAS_COUNT.RD[UNIT4];16000706;100.00;;"
8174 [140369472239296] INFO perfrun.perfcollector <> - PERF_STAT : "     1.584031428;CPU10;198;;UNC_M_CAS_COUNT.RD[UNIT4];16007977;100.00;;"
8174 [140369472239296] INFO perfrun.perfcollector <> - PERF_STAT : "     1.584031428;CPU0;3527;;UNC_M_CAS_COUNT.RD[UNIT5];16000688;100.00;;"
8174 [140369472239296] INFO perfrun.perfcollector <> - PERF_STAT : "     1.584031428;CPU10;262;;UNC_M_CAS_COUNT.RD[UNIT5];16006100;100.00;;"
8174 [140369472239296] INFO perfrun.perfcollector <> - PERF_STAT : "     1.584031428;CPU0;1461;;UNC_M_CAS_COUNT.WR[UNIT0];16000601;100.00;;"
8174 [140369472239296] INFO perfrun.perfcollector <> - PERF_STAT : "     1.584031428;CPU10;58;;UNC_M_CAS_COUNT.WR[UNIT0];16004358;100.00;;"
8174 [140369472239296] INFO perfrun.perfcollector <> - PERF_STAT : "     1.584031428;CPU0;2291;;UNC_M_CAS_COUNT.WR[UNIT1];16000624;100.00;;"
8174 [140369472239296] INFO perfrun.perfcollector <> - PERF_STAT : "     1.584031428;CPU10;134;;UNC_M_CAS_COUNT.WR[UNIT1];16002621;100.00;;"
8174 [140369472239296] INFO perfrun.perfcollector <> - PERF_STAT : "     1.584031428;CPU0;1455;;UNC_M_CAS_COUNT.WR[UNIT4];16000628;100.00;;"
8174 [140369472239296] INFO perfrun.perfcollector <> - PERF_STAT : "     1.584031428;CPU10;65;;UNC_M_CAS_COUNT.WR[UNIT4];16000892;100.00;;"
8174 [140369472239296] INFO perfrun.perfcollector <> - PERF_STAT : "     1.584031428;CPU0;2263;;UNC_M_CAS_COUNT.WR[UNIT5];16000955;100.00;;"
8174 [140369472239296] INFO perfrun.perfcollector <> - PERF_STAT : "     1.584031428;CPU10;137;;UNC_M_CAS_COUNT.WR[UNIT5];15999097;100.00;;"
8194 [140369472239296] INFO perfrun.perfcollector <> - PERF_STAT : "     1.599978691;CPU0;3428;;UNC_M_CAS_COUNT.RD[UNIT0];20002003;100.00;;"
8194 [140369472239296] INFO perfrun.perfcollector <> - PERF_STAT : "     1.599978691;CPU10;620;;UNC_M_CAS_COUNT.RD[UNIT0];19994076;100.00;;"
8194 [140369472239296] INFO perfrun.perfcollector <> - PERF_STAT : "     1.599978691;CPU0;4389;;UNC_M_CAS_COUNT.RD[UNIT1];20001973;100.00;;"
8194 [140369472239296] INFO perfrun.perfcollector <> - PERF_STAT : "     1.599978691;CPU10;735;;UNC_M_CAS_COUNT.RD[UNIT1];19996897;100.00;;"
8194 [140369472239296] INFO perfrun.perfcollector <> - PERF_STAT : "     1.599978691;CPU0;3435;;UNC_M_CAS_COUNT.RD[UNIT4];20001982;100.00;;"
8194 [140369472239296] INFO perfrun.perfcollector <> - PERF_STAT : "     1.599978691;CPU10;751;;UNC_M_CAS_COUNT.RD[UNIT4];19998707;100.00;;"
8194 [140369472239296] INFO perfrun.perfcollector <> - PERF_STAT : "     1.599978691;CPU0;4518;;UNC_M_CAS_COUNT.RD[UNIT5];20001985;100.00;;"
8194 [140369472239296] INFO perfrun.perfcollector <> - PERF_STAT : "     1.599978691;CPU10;862;;UNC_M_CAS_COUNT.RD[UNIT5];20000637;100.00;;"
8194 [140369472239296] INFO perfrun.perfcollector <> - PERF_STAT : "     1.599978691;CPU0;1910;;UNC_M_CAS_COUNT.WR[UNIT0];20002010;100.00;;"
8194 [140369472239296] INFO perfrun.perfcollector <> - PERF_STAT : "     1.599978691;CPU10;161;;UNC_M_CAS_COUNT.WR[UNIT0];20002326;100.00;;"
8194 [140369472239296] INFO perfrun.perfcollector <> - PERF_STAT : "     1.599978691;CPU0;2886;;UNC_M_CAS_COUNT.WR[UNIT1];20001875;100.00;;"
8194 [140369472239296] INFO perfrun.perfcollector <> - PERF_STAT : "     1.599978691;CPU10;278;;UNC_M_CAS_COUNT.WR[UNIT1];20004076;100.00;;"
8194 [140369472239296] INFO perfrun.perfcollector <> - PERF_STAT : "     1.599978691;CPU0;1832;;UNC_M_CAS_COUNT.WR[UNIT4];20001865;100.00;;"
8194 [140369472239296] INFO perfrun.perfcollector <> - PERF_STAT : "     1.599978691;CPU10;197;;UNC_M_CAS_COUNT.WR[UNIT4];20005835;100.00;;"
8194 [140369472239296] INFO perfrun.perfcollector <> - PERF_STAT : "     1.599978691;CPU0;2908;;UNC_M_CAS_COUNT.WR[UNIT5];20001517;100.00;;"
8194 [140369472239296] INFO perfrun.perfcollector <> - PERF_STAT : "     1.599978691;CPU10;326;;UNC_M_CAS_COUNT.WR[UNIT5];20007614;100.00;;"
8210 [140369472239296] INFO perfrun.perfcollector <> - PERF_STAT : "     1.620032619;CPU0;2756;;UNC_M_CAS_COUNT.RD[UNIT0];15998300;100.00;;"
8210 [140369472239296] INFO perfrun.perfcollector <> - PERF_STAT : "     1.620032619;CPU10;122;;UNC_M_CAS_COUNT.RD[UNIT0];15978395;100.00;;"
8210 [140369472239296] INFO perfrun.perfcollector <> - PERF_STAT : "     1.620032619;CPU0;3560;;UNC_M_CAS_COUNT.RD[UNIT1];15998032;100.00;;"
8210 [140369472239296] INFO perfrun.perfcollector <> - PERF_STAT : "     1.620032619;CPU10;173;;UNC_M_CAS_COUNT.RD[UNIT1];15975606;100.00;;"
8210 [140369472239296] INFO perfrun.perfcollector <> - PERF_STAT : "     1.620032619;CPU0;2674;;UNC_M_CAS_COUNT.RD[UNIT4];15998010;100.00;;"
8210 [140369472239296] INFO perfrun.perfcollector <> - PERF_STAT : "     1.620032619;CPU10;141;;UNC_M_CAS_COUNT.RD[UNIT4];15973912;100.00;;"
8210 [140369472239296] INFO perfrun.perfcollector <> - PERF_STAT : "     1.620032619;CPU0;3533;;UNC_M_CAS_COUNT.RD[UNIT5];15998200;100.00;;"
8210 [140369472239296] INFO perfrun.perfcollector <> - PERF_STAT : "     1.620032619;CPU10;198;;UNC_M_CAS_COUNT.RD[UNIT5];15972094;100.00;;"
8210 [140369472239296] INFO perfrun.perfcollector <> - PERF_STAT : "     1.620032619;CPU0;1397;;UNC_M_CAS_COUNT.WR[UNIT0];15998206;100.00;;"
8210 [140369472239296] INFO perfrun.perfcollector <> - PERF_STAT : "     1.620032619;CPU10;50;;UNC_M_CAS_COUNT.WR[UNIT0];15970233;100.00;;"
8210 [140369472239296] INFO perfrun.perfcollector <> - PERF_STAT : "     1.620032619;CPU0;2236;;UNC_M_CAS_COUNT.WR[UNIT1];15998315;100.00;;"
8210 [140369472239296] INFO perfrun.perfcollector <> - PERF_STAT : "     1.620032619;CPU10;101;;UNC_M_CAS_COUNT.WR[UNIT1];15968542;100.00;;"
8210 [140369472239296] INFO perfrun.perfcollector <> - PERF_STAT : "     1.620032619;CPU0;1408;;UNC_M_CAS_COUNT.WR[UNIT4];15998314;100.00;;"
8210 [140369472239296] INFO perfrun.perfcollector <> - PERF_STAT : "     1.620032619;CPU10;50;;UNC_M_CAS_COUNT.WR[UNIT4];15966923;100.00;;"
8210 [140369472239296] INFO perfrun.perfcollector <> - PERF_STAT : "     1.620032619;CPU0;2200;;UNC_M_CAS_COUNT.WR[UNIT5];15998361;100.00;;"
8210 [140369472239296] INFO perfrun.perfcollector <> - PERF_STAT : "     1.620032619;CPU10;126;;UNC_M_CAS_COUNT.WR[UNIT5];15965141;100.00;;"
8226 [140369472239296] INFO perfrun.perfcollector <> - PERF_STAT : "     1.635948425;CPU0;2710;;UNC_M_CAS_COUNT.RD[UNIT0];15999438;100.00;;"
8226 [140369472239296] INFO perfrun.perfcollector <> - PERF_STAT : "     1.635948425;CPU10;375;;UNC_M_CAS_COUNT.RD[UNIT0];16015959;100.00;;"
8226 [140369472239296] INFO perfrun.perfcollector <> - PERF_STAT : "     1.635948425;CPU0;3637;;UNC_M_CAS_COUNT.RD[UNIT1];15999488;100.00;;"
8226 [140369472239296] INFO perfrun.perfcollector <> - PERF_STAT : "     1.635948425;CPU10;436;;UNC_M_CAS_COUNT.RD[UNIT1];16018628;100.00;;"
8226 [140369472239296] INFO perfrun.perfcollector <> - PERF_STAT : "     1.635948425;CPU0;2806;;UNC_M_CAS_COUNT.RD[UNIT4];15999575;100.00;;"
8226 [140369472239296] INFO perfrun.perfcollector <> - PERF_STAT : "     1.635948425;CPU10;495;;UNC_M_CAS_COUNT.RD[UNIT4];16020324;100.00;;"
8226 [140369472239296] INFO perfrun.perfcollector <> - PERF_STAT : "     1.635948425;CPU0;3583;;UNC_M_CAS_COUNT.RD[UNIT5];15999502;100.00;;"
8226 [140369472239296] INFO perfrun.perfcollector <> - PERF_STAT : "     1.635948425;CPU10;543;;UNC_M_CAS_COUNT.RD[UNIT5];16022139;100.00;;"
8226 [140369472239296] INFO perfrun.perfcollector <> - PERF_STAT : "     1.635948425;CPU0;1543;;UNC_M_CAS_COUNT.WR[UNIT0];15999394;100.00;;"
8226 [140369472239296] INFO perfrun.perfcollector <> - PERF_STAT : "     1.635948425;CPU10;61;;UNC_M_CAS_COUNT.WR[UNIT0];16024173;100.00;;"
8226 [140369472239296] INFO perfrun.perfcollector <> - PERF_STAT : "     1.635948425;CPU0;2364;;UNC_M_CAS_COUNT.WR[UNIT1];15999541;100.00;;"
8226 [140369472239296] INFO perfrun.perfcollector <> - PERF_STAT : "     1.635948425;CPU10;122;;UNC_M_CAS_COUNT.WR[UNIT1];16025928;100.00;;"
8226 [140369472239296] INFO perfrun.perfcollector <> - PERF_STAT : "     1.635948425;CPU0;1573;;UNC_M_CAS_COUNT.WR[UNIT4];15999646;100.00;;"
8226 [140369472239296] INFO perfrun.perfcollector <> - PERF_STAT : "     1.635948425;CPU10;84;;UNC_M_CAS_COUNT.WR[UNIT4];16027567;100.00;;"
8226 [140369472239296] INFO perfrun.perfcollector <> - PERF_STAT : "     1.635948425;CPU0;2406;;UNC_M_CAS_COUNT.WR[UNIT5];15999714;100.00;;"
8226 [140369472239296] INFO perfrun.perfcollector <> - PERF_STAT : "     1.635948425;CPU10;137;;UNC_M_CAS_COUNT.WR[UNIT5];16029372;100.00;;"
8242 [140369472239296] INFO perfrun.perfcollector <> - PERF_STAT : "     1.652029435;CPU0;2784;;UNC_M_CAS_COUNT.RD[UNIT0];15997313;100.00;;"
8242 [140369472239296] INFO perfrun.perfcollector <> - PERF_STAT : "     1.652029435;CPU10;608;;UNC_M_CAS_COUNT.RD[UNIT0];15996687;100.00;;"
8242 [140369472239296] INFO perfrun.perfcollector <> - PERF_STAT : "     1.652029435;CPU0;3677;;UNC_M_CAS_COUNT.RD[UNIT1];15997359;100.00;;"
8242 [140369472239296] INFO perfrun.perfcollector <> - PERF_STAT : "     1.652029435;CPU10;642;;UNC_M_CAS_COUNT.RD[UNIT1];15996848;100.00;;"
8242 [140369472239296] INFO perfrun.perfcollector <> - PERF_STAT : "     1.652029435;CPU0;2793;;UNC_M_CAS_COUNT.RD[UNIT4];15997322;100.00;;"
8242 [140369472239296] INFO perfrun.perfcollector <> - PERF_STAT : "     1.652029435;CPU10;620;;UNC_M_CAS_COUNT.RD[UNIT4];15996845;100.00;;"
8242 [140369472239296] INFO perfrun.perfcollector <> - PERF_STAT : "     1.652029435;CPU0;3635;;UNC_M_CAS_COUNT.RD[UNIT5];15997311;100.00;;"
8242 [140369472239296] INFO perfrun.perfcollector <> - PERF_STAT : "     1.652029435;CPU10;680;;UNC_M_CAS_COUNT.RD[UNIT5];15996822;100.00;;"
8242 [140369472239296] INFO perfrun.perfcollector <> - PERF_STAT : "     1.652029435;CPU0;1766;;UNC_M_CAS_COUNT.WR[UNIT0];15997299;100.00;;"
8242 [140369472239296] INFO perfrun.perfcollector <> - PERF_STAT : "     1.652029435;CPU10;39;;UNC_M_CAS_COUNT.WR[UNIT0];15996644;100.00;;"
8242 [140369472239296] INFO perfrun.perfcollector <> - PERF_STAT : "     1.652029435;CPU0;2585;;UNC_M_CAS_COUNT.WR[UNIT1];15997048;100.00;;"
8242 [140369472239296] INFO perfrun.perfcollector <> - PERF_STAT : "     1.652029435;CPU10;128;;UNC_M_CAS_COUNT.WR[UNIT1];15996711;100.00;;"
8242 [140369472239296] INFO perfrun.perfcollector <> - PERF_STAT : "     1.652029435;CPU0;1777;;UNC_M_CAS_COUNT.WR[UNIT4];15997041;100.00;;"
8242 [140369472239296] INFO perfrun.perfcollector <> - PERF_STAT : "     1.652029435;CPU10;54;;UNC_M_CAS_COUNT.WR[UNIT4];15996815;100.00;;"
8242 [140369472239296] INFO perfrun.perfcollector <> - PERF_STAT : "     1.652029435;CPU0;2545;;UNC_M_CAS_COUNT.WR[UNIT5];15997070;100.00;;"
8242 [140369472239296] INFO perfrun.perfcollector <> - PERF_STAT : "     1.652029435;CPU10;132;;UNC_M_CAS_COUNT.WR[UNIT5];15996845;100.00;;"
8258 [140369472239296] INFO perfrun.perfcollector <> - PERF_STAT : "     1.668029562;CPU0;3425;;UNC_M_CAS_COUNT.RD[UNIT0];16004944;100.00;;"
8258 [140369472239296] INFO perfrun.perfcollector <> - PERF_STAT : "     1.668029562;CPU10;178;;UNC_M_CAS_COUNT.RD[UNIT0];16006055;100.00;;"
8258 [140369472239296] INFO perfrun.perfcollector <> - PERF_STAT : "     1.668029562;CPU0;4116;;UNC_M_CAS_COUNT.RD[UNIT1];16004903;100.00;;"
8258 [140369472239296] INFO perfrun.perfcollector <> - PERF_STAT : "     1.668029562;CPU10;246;;UNC_M_CAS_COUNT.RD[UNIT1];16005908;100.00;;"
8258 [140369472239296] INFO perfrun.perfcollector <> - PERF_STAT : "     1.668029562;CPU0;3433;;UNC_M_CAS_COUNT.RD[UNIT4];16004867;100.00;;"
8258 [140369472239296] INFO perfrun.perfcollector <> - PERF_STAT : "     1.668029562;CPU10;245;;UNC_M_CAS_COUNT.RD[UNIT4];16006042;100.00;;"
8258 [140369472239296] INFO perfrun.perfcollector <> - PERF_STAT : "     1.668029562;CPU0;4059;;UNC_M_CAS_COUNT.RD[UNIT5];16004756;100.00;;"
8258 [140369472239296] INFO perfrun.perfcollector <> - PERF_STAT : "     1.668029562;CPU10;328;;UNC_M_CAS_COUNT.RD[UNIT5];16006048;100.00;;"
8258 [140369472239296] INFO perfrun.perfcollector <> - PERF_STAT : "     1.668029562;CPU0;1491;;UNC_M_CAS_COUNT.WR[UNIT0];16004858;100.00;;"
8258 [140369472239296] INFO perfrun.perfcollector <> - PERF_STAT : "     1.668029562;CPU10;37;;UNC_M_CAS_COUNT.WR[UNIT0];16006033;100.00;;"
8258 [140369472239296] INFO perfrun.perfcollector <> - PERF_STAT : "     1.668029562;CPU0;2359;;UNC_M_CAS_COUNT.WR[UNIT1];16004873;100.00;;"
8258 [140369472239296] INFO perfrun.perfcollector <> - PERF_STAT : "     1.668029562;CPU10;134;;UNC_M_CAS_COUNT.WR[UNIT1];16005928;100.00;;"
8258 [140369472239296] INFO perfrun.perfcollector <> - PERF_STAT : "     1.668029562;CPU0;1583;;UNC_M_CAS_COUNT.WR[UNIT4];16004972;100.00;;"
8258 [140369472239296] INFO perfrun.perfcollector <> - PERF_STAT : "     1.668029562;CPU10;47;;UNC_M_CAS_COUNT.WR[UNIT4];16005802;100.00;;"
8258 [140369472239296] INFO perfrun.perfcollector <> - PERF_STAT : "     1.668029562;CPU0;2274;;UNC_M_CAS_COUNT.WR[UNIT5];16004935;100.00;;"
8258 [140369472239296] INFO perfrun.perfcollector <> - PERF_STAT : "     1.668029562;CPU10;140;;UNC_M_CAS_COUNT.WR[UNIT5];16005792;100.00;;"
8270 [140369472239296] INFO perfrun.perfcollector <> - PERF_STAT : "     1.684028208;CPU0;2018;;UNC_M_CAS_COUNT.RD[UNIT0];12017463;100.00;;"
8270 [140369472239296] INFO perfrun.perfcollector <> - PERF_STAT : "     1.684028208;CPU10;156;;UNC_M_CAS_COUNT.RD[UNIT0];12013542;100.00;;"
8270 [140369472239296] INFO perfrun.perfcollector <> - PERF_STAT : "     1.684028208;CPU0;2677;;UNC_M_CAS_COUNT.RD[UNIT1];12017438;100.00;;"
8270 [140369472239296] INFO perfrun.perfcollector <> - PERF_STAT : "     1.684028208;CPU10;204;;UNC_M_CAS_COUNT.RD[UNIT1];12013558;100.00;;"
8270 [140369472239296] INFO perfrun.perfcollector <> - PERF_STAT : "     1.684028208;CPU0;2063;;UNC_M_CAS_COUNT.RD[UNIT4];12017442;100.00;;"
8270 [140369472239296] INFO perfrun.perfcollector <> - PERF_STAT : "     1.684028208;CPU10;183;;UNC_M_CAS_COUNT.RD[UNIT4];12014065;100.00;;"
8270 [140369472239296] INFO perfrun.perfcollector <> - PERF_STAT : "     1.684028208;CPU0;2720;;UNC_M_CAS_COUNT.RD[UNIT5];12017445;100.00;;"
8270 [140369472239296] INFO perfrun.perfcollector <> - PERF_STAT : "     1.684028208;CPU10;220;;UNC_M_CAS_COUNT.RD[UNIT5];12014125;100.00;;"
8270 [140369472239296] INFO perfrun.perfcollector <> - PERF_STAT : "     1.684028208;CPU0;1097;;UNC_M_CAS_COUNT.WR[UNIT0];12017370;100.00;;"
8270 [140369472239296] INFO perfrun.perfcollector <> - PERF_STAT : "     1.684028208;CPU10;40;;UNC_M_CAS_COUNT.WR[UNIT0];12014145;100.00;;"
8270 [140369472239296] INFO perfrun.perfcollector <> - PERF_STAT : "     1.684028208;CPU0;1763;;UNC_M_CAS_COUNT.WR[UNIT1];12017361;100.00;;"
8270 [140369472239296] INFO perfrun.perfcollector <> - PERF_STAT : "     1.684028208;CPU10;110;;UNC_M_CAS_COUNT.WR[UNIT1];12014135;100.00;;"
8270 [140369472239296] INFO perfrun.perfcollector <> - PERF_STAT : "     1.684028208;CPU0;1127;;UNC_M_CAS_COUNT.WR[UNIT4];12017161;100.00;;"
8270 [140369472239296] INFO perfrun.perfcollector <> - PERF_STAT : "     1.684028208;CPU10;46;;UNC_M_CAS_COUNT.WR[UNIT4];12014182;100.00;;"
8270 [140369472239296] INFO perfrun.perfcollector <> - PERF_STAT : "     1.684028208;CPU0;1797;;UNC_M_CAS_COUNT.WR[UNIT5];12017059;100.00;;"
8270 [140369472239296] INFO perfrun.perfcollector <> - PERF_STAT : "     1.684028208;CPU10;102;;UNC_M_CAS_COUNT.WR[UNIT5];12014152;100.00;;"
8294 [140369472239296] INFO perfrun.perfcollector <> - PERF_STAT : "     1.696049115;CPU0;4011;;UNC_M_CAS_COUNT.RD[UNIT0];23979541;100.00;;"
8294 [140369472239296] INFO perfrun.perfcollector <> - PERF_STAT : "     1.696049115;CPU10;179;;UNC_M_CAS_COUNT.RD[UNIT0];23985724;100.00;;"
8294 [140369472239296] INFO perfrun.perfcollector <> - PERF_STAT : "     1.696049115;CPU0;5396;;UNC_M_CAS_COUNT.RD[UNIT1];23979729;100.00;;"
8294 [140369472239296] INFO perfrun.perfcollector <> - PERF_STAT : "     1.696049115;CPU10;221;;UNC_M_CAS_COUNT.RD[UNIT1];23985807;100.00;;"
8294 [140369472239296] INFO perfrun.perfcollector <> - PERF_STAT : "     1.696049115;CPU0;4086;;UNC_M_CAS_COUNT.RD[UNIT4];23979723;100.00;;"
8294 [140369472239296] INFO perfrun.perfcollector <> - PERF_STAT : "     1.696049115;CPU10;276;;UNC_M_CAS_COUNT.RD[UNIT4];23985363;100.00;;"
8294 [140369472239296] INFO perfrun.perfcollector <> - PERF_STAT : "     1.696049115;CPU0;5327;;UNC_M_CAS_COUNT.RD[UNIT5];23979931;100.00;;"
8294 [140369472239296] INFO perfrun.perfcollector <> - PERF_STAT : "     1.696049115;CPU10;336;;UNC_M_CAS_COUNT.RD[UNIT5];23985304;100.00;;"
8294 [140369472239296] INFO perfrun.perfcollector <> - PERF_STAT : "     1.696049115;CPU0;2323;;UNC_M_CAS_COUNT.WR[UNIT0];23979986;100.00;;"
8294 [140369472239296] INFO perfrun.perfcollector <> - PERF_STAT : "     1.696049115;CPU10;51;;UNC_M_CAS_COUNT.WR[UNIT0];23985320;100.00;;"
8294 [140369472239296] INFO perfrun.perfcollector <> - PERF_STAT : "     1.696049115;CPU0;3444;;UNC_M_CAS_COUNT.WR[UNIT1];23979988;100.00;;"
8294 [140369472239296] INFO perfrun.perfcollector <> - PERF_STAT : "     1.696049115;CPU10;119;;UNC_M_CAS_COUNT.WR[UNIT1];23985321;100.00;;"
8294 [140369472239296] INFO perfrun.perfcollector <> - PERF_STAT : "     1.696049115;CPU0;2361;;UNC_M_CAS_COUNT.WR[UNIT4];23979992;100.00;;"
8294 [140369472239296] INFO perfrun.perfcollector <> - PERF_STAT : "     1.696049115;CPU10;89;;UNC_M_CAS_COUNT.WR[UNIT4];23985393;100.00;;"
8294 [140369472239296] INFO perfrun.perfcollector <> - PERF_STAT : "     1.696049115;CPU0;3570;;UNC_M_CAS_COUNT.WR[UNIT5];23980015;100.00;;"
8294 [140369472239296] INFO perfrun.perfcollector <> - PERF_STAT : "     1.696049115;CPU10;168;;UNC_M_CAS_COUNT.WR[UNIT5];23985406;100.00;;"
8310 [140369472239296] INFO perfrun.perfcollector <> - PERF_STAT : "     1.720030955;CPU0;2804;;UNC_M_CAS_COUNT.RD[UNIT0];16000237;100.00;;"
8310 [140369472239296] INFO perfrun.perfcollector <> - PERF_STAT : "     1.720030955;CPU10;164;;UNC_M_CAS_COUNT.RD[UNIT0];15979162;100.00;;"
8310 [140369472239296] INFO perfrun.perfcollector <> - PERF_STAT : "     1.720030955;CPU0;3669;;UNC_M_CAS_COUNT.RD[UNIT1];16000077;100.00;;"
8310 [140369472239296] INFO perfrun.perfcollector <> - PERF_STAT : "     1.720030955;CPU10;192;;UNC_M_CAS_COUNT.RD[UNIT1];15976316;100.00;;"
8310 [140369472239296] INFO perfrun.perfcollector <> - PERF_STAT : "     1.720030955;CPU0;2750;;UNC_M_CAS_COUNT.RD[UNIT4];16000291;100.00;;"
8310 [140369472239296] INFO perfrun.perfcollector <> - PERF_STAT : "     1.720030955;CPU10;202;;UNC_M_CAS_COUNT.RD[UNIT4];15974485;100.00;;"
8310 [140369472239296] INFO perfrun.perfcollector <> - PERF_STAT : "     1.720030955;CPU0;3572;;UNC_M_CAS_COUNT.RD[UNIT5];16000076;100.00;;"
8310 [140369472239296] INFO perfrun.perfcollector <> - PERF_STAT : "     1.720030955;CPU10;247;;UNC_M_CAS_COUNT.RD[UNIT5];15972575;100.00;;"
8310 [140369472239296] INFO perfrun.perfcollector <> - PERF_STAT : "     1.720030955;CPU0;1624;;UNC_M_CAS_COUNT.WR[UNIT0];15999995;100.00;;"
8310 [140369472239296] INFO perfrun.perfcollector <> - PERF_STAT : "     1.720030955;CPU10;33;;UNC_M_CAS_COUNT.WR[UNIT0];15971088;100.00;;"
8310 [140369472239296] INFO perfrun.perfcollector <> - PERF_STAT : "     1.720030955;CPU0;2352;;UNC_M_CAS_COUNT.WR[UNIT1];15999893;100.00;;"
8310 [140369472239296] INFO perfrun.perfcollector <> - PERF_STAT : "     1.720030955;CPU10;93;;UNC_M_CAS_COUNT.WR[UNIT1];15969220;100.00;;"
8310 [140369472239296] INFO perfrun.perfcollector <> - PERF_STAT : "     1.720030955;CPU0;1555;;UNC_M_CAS_COUNT.WR[UNIT4];15999942;100.00;;"
8310 [140369472239296] INFO perfrun.perfcollector <> - PERF_STAT : "     1.720030955;CPU10;50;;UNC_M_CAS_COUNT.WR[UNIT4];15967373;100.00;;"
8310 [140369472239296] INFO perfrun.perfcollector <> - PERF_STAT : "     1.720030955;CPU0;2404;;UNC_M_CAS_COUNT.WR[UNIT5];16000012;100.00;;"
8310 [140369472239296] INFO perfrun.perfcollector <> - PERF_STAT : "     1.720030955;CPU10;116;;UNC_M_CAS_COUNT.WR[UNIT5];15965560;100.00;;"
8326 [140369472239296] INFO perfrun.perfcollector <> - PERF_STAT : "     1.735942067;CPU0;2763;;UNC_M_CAS_COUNT.RD[UNIT0];16002000;100.00;;"
8326 [140369472239296] INFO perfrun.perfcollector <> - PERF_STAT : "     1.735942067;CPU10;122;;UNC_M_CAS_COUNT.RD[UNIT0];16019145;100.00;;"
8326 [140369472239296] INFO perfrun.perfcollector <> - PERF_STAT : "     1.735942067;CPU0;3630;;UNC_M_CAS_COUNT.RD[UNIT1];16001990;100.00;;"
8326 [140369472239296] INFO perfrun.perfcollector <> - PERF_STAT : "     1.735942067;CPU10;162;;UNC_M_CAS_COUNT.RD[UNIT1];16022036;100.00;;"
8326 [140369472239296] INFO perfrun.perfcollector <> - PERF_STAT : "     1.735942067;CPU0;2771;;UNC_M_CAS_COUNT.RD[UNIT4];16001892;100.00;;"
8326 [140369472239296] INFO perfrun.perfcollector <> - PERF_STAT : "     1.735942067;CPU10;153;;UNC_M_CAS_COUNT.RD[UNIT4];16023830;100.00;;"
8326 [140369472239296] INFO perfrun.perfcollector <> - PERF_STAT : "     1.735942067;CPU0;3622;;UNC_M_CAS_COUNT.RD[UNIT5];16001898;100.00;;"
8326 [140369472239296] INFO perfrun.perfcollector <> - PERF_STAT : "     1.735942067;CPU10;195;;UNC_M_CAS_COUNT.RD[UNIT5];16025740;100.00;;"
8326 [140369472239296] INFO perfrun.perfcollector <> - PERF_STAT : "     1.735942067;CPU0;1512;;UNC_M_CAS_COUNT.WR[UNIT0];16001881;100.00;;"
8326 [140369472239296] INFO perfrun.perfcollector <> - PERF_STAT : "     1.735942067;CPU10;36;;UNC_M_CAS_COUNT.WR[UNIT0];16027257;100.00;;"
8326 [140369472239296] INFO perfrun.perfcollector <> - PERF_STAT : "     1.735942067;CPU0;2339;;UNC_M_CAS_COUNT.WR[UNIT1];16001872;100.00;;"
8326 [140369472239296] INFO perfrun.perfcollector <> - PERF_STAT : "     1.735942067;CPU10;93;;UNC_M_CAS_COUNT.WR[UNIT1];16029088;100.00;;"
8326 [140369472239296] INFO perfrun.perfcollector <> - PERF_STAT : "     1.735942067;CPU0;1458;;UNC_M_CAS_COUNT.WR[UNIT4];16001814;100.00;;"
8326 [140369472239296] INFO perfrun.perfcollector <> - PERF_STAT : "     1.735942067;CPU10;51;;UNC_M_CAS_COUNT.WR[UNIT4];16030989;100.00;;"
8326 [140369472239296] INFO perfrun.perfcollector <> - PERF_STAT : "     1.735942067;CPU0;2323;;UNC_M_CAS_COUNT.WR[UNIT5];16001843;100.00;;"
8326 [140369472239296] INFO perfrun.perfcollector <> - PERF_STAT : "     1.735942067;CPU10;96;;UNC_M_CAS_COUNT.WR[UNIT5];16032859;100.00;;"
8342 [140369472239296] INFO perfrun.perfcollector <> - PERF_STAT : "     1.752026264;CPU0;2750;;UNC_M_CAS_COUNT.RD[UNIT0];15999308;100.00;;"
8342 [140369472239296] INFO perfrun.perfcollector <> - PERF_STAT : "     1.752026264;CPU10;131;;UNC_M_CAS_COUNT.RD[UNIT0];15998567;100.00;;"
8342 [140369472239296] INFO perfrun.perfcollector <> - PERF_STAT : "     1.752026264;CPU0;3602;;UNC_M_CAS_COUNT.RD[UNIT1];15999260;100.00;;"
8342 [140369472239296] INFO perfrun.perfcollector <> - PERF_STAT : "     1.752026264;CPU10;156;;UNC_M_CAS_COUNT.RD[UNIT1];15998476;100.00;;"
8342 [140369472239296] INFO perfrun.perfcollector <> - PERF_STAT : "     1.752026264;CPU0;2716;;UNC_M_CAS_COUNT.RD[UNIT4];15999219;100.00;;"
8342 [140369472239296] INFO perfrun.perfcollector <> - PERF_STAT : "     1.752026264;CPU10;151;;UNC_M_CAS_COUNT.RD[UNIT4];15998400;100.00;;"
8342 [140369472239296] INFO perfrun.perfcollector <> - PERF_STAT : "     1.752026264;CPU0;3590;;UNC_M_CAS_COUNT.RD[UNIT5];15999316;100.00;;"
8342 [140369472239296] INFO perfrun.perfcollector <> - PERF_STAT : "     1.752026264;CPU10;213;;UNC_M_CAS_COUNT.RD[UNIT5];15998412;100.00;;"
8342 [140369472239296] INFO perfrun.perfcollector <> - PERF_STAT : "     1.752026264;CPU0;1459;;UNC_M_CAS_COUNT.WR[UNIT0];15999334;100.00;;"
8342 [140369472239296] INFO perfrun.perfcollector <> - PERF_STAT : "     1.752026264;CPU10;23;;UNC_M_CAS_COUNT.WR[UNIT0];15998373;100.00;;"
8342 [140369472239296] INFO perfrun.perfcollector <> - PERF_STAT : "     1.752026264;CPU0;2333;;UNC_M_CAS_COUNT.WR[UNIT1];15999444;100.00;;"
8342 [140369472239296] INFO perfrun.perfcollector <> - PERF_STAT : "     1.752026264;CPU10;87;;UNC_M_CAS_COUNT.WR[UNIT1];15998400;100.00;;"
8342 [140369472239296] INFO perfrun.perfcollector <> - PERF_STAT : "     1.752026264;CPU0;1545;;UNC_M_CAS_COUNT.WR[UNIT4];15999443;100.00;;"
8342 [140369472239296] INFO perfrun.perfcollector <> - PERF_STAT : "     1.752026264;CPU10;38;;UNC_M_CAS_COUNT.WR[UNIT4];15998262;100.00;;"
8342 [140369472239296] INFO perfrun.perfcollector <> - PERF_STAT : "     1.752026264;CPU0;2377;;UNC_M_CAS_COUNT.WR[UNIT5];15999318;100.00;;"
8342 [140369472239296] INFO perfrun.perfcollector <> - PERF_STAT : "     1.752026264;CPU10;109;;UNC_M_CAS_COUNT.WR[UNIT5];15998186;100.00;;"
8358 [140369472239296] INFO perfrun.perfcollector <> - PERF_STAT : "     1.768025260;CPU0;2713;;UNC_M_CAS_COUNT.RD[UNIT0];15999419;100.00;;"
8358 [140369472239296] INFO perfrun.perfcollector <> - PERF_STAT : "     1.768025260;CPU10;149;;UNC_M_CAS_COUNT.RD[UNIT0];16002498;100.00;;"
8358 [140369472239296] INFO perfrun.perfcollector <> - PERF_STAT : "     1.768025260;CPU0;3530;;UNC_M_CAS_COUNT.RD[UNIT1];15999447;100.00;;"
8358 [140369472239296] INFO perfrun.perfcollector <> - PERF_STAT : "     1.768025260;CPU10;185;;UNC_M_CAS_COUNT.RD[UNIT1];16002625;100.00;;"
8358 [140369472239296] INFO perfrun.perfcollector <> - PERF_STAT : "     1.768025260;CPU0;2704;;UNC_M_CAS_COUNT.RD[UNIT4];15999363;100.00;;"
8358 [140369472239296] INFO perfrun.perfcollector <> - PERF_STAT : "     1.768025260;CPU10;182;;UNC_M_CAS_COUNT.RD[UNIT4];16002662;100.00;;"
8358 [140369472239296] INFO perfrun.perfcollector <> - PERF_STAT : "     1.768025260;CPU0;3543;;UNC_M_CAS_COUNT.RD[UNIT5];15999256;100.00;;"
8358 [140369472239296] INFO perfrun.perfcollector <> - PERF_STAT : "     1.768025260;CPU10;229;;UNC_M_CAS_COUNT.RD[UNIT5];16002772;100.00;;"
8358 [140369472239296] INFO perfrun.perfcollector <> - PERF_STAT : "     1.768025260;CPU0;1481;;UNC_M_CAS_COUNT.WR[UNIT0];15999249;100.00;;"
8358 [140369472239296] INFO perfrun.perfcollector <> - PERF_STAT : "     1.768025260;CPU10;53;;UNC_M_CAS_COUNT.WR[UNIT0];16002792;100.00;;"
8358 [140369472239296] INFO perfrun.perfcollector <> - PERF_STAT : "     1.768025260;CPU0;2285;;UNC_M_CAS_COUNT.WR[UNIT1];15999129;100.00;;"
8358 [140369472239296] INFO perfrun.perfcollector <> - PERF_STAT : "     1.768025260;CPU10;101;;UNC_M_CAS_COUNT.WR[UNIT1];16003112;100.00;;"
8358 [140369472239296] INFO perfrun.perfcollector <> - PERF_STAT : "     1.768025260;CPU0;1453;;UNC_M_CAS_COUNT.WR[UNIT4];15999131;100.00;;"
8358 [140369472239296] INFO perfrun.perfcollector <> - PERF_STAT : "     1.768025260;CPU10;56;;UNC_M_CAS_COUNT.WR[UNIT4];16003116;100.00;;"
8358 [140369472239296] INFO perfrun.perfcollector <> - PERF_STAT : "     1.768025260;CPU0;2260;;UNC_M_CAS_COUNT.WR[UNIT5];15999137;100.00;;"
8358 [140369472239296] INFO perfrun.perfcollector <> - PERF_STAT : "     1.768025260;CPU10;122;;UNC_M_CAS_COUNT.WR[UNIT5];16003145;100.00;;"
8374 [140369472239296] INFO perfrun.perfcollector <> - PERF_STAT : "     1.784027330;CPU0;2647;;UNC_M_CAS_COUNT.RD[UNIT0];16001215;100.00;;"
8374 [140369472239296] INFO perfrun.perfcollector <> - PERF_STAT : "     1.784027330;CPU10;124;;UNC_M_CAS_COUNT.RD[UNIT0];15997679;100.00;;"
8374 [140369472239296] INFO perfrun.perfcollector <> - PERF_STAT : "     1.784027330;CPU0;3475;;UNC_M_CAS_COUNT.RD[UNIT1];16001207;100.00;;"
8374 [140369472239296] INFO perfrun.perfcollector <> - PERF_STAT : "     1.784027330;CPU10;163;;UNC_M_CAS_COUNT.RD[UNIT1];15997645;100.00;;"
8374 [140369472239296] INFO perfrun.perfcollector <> - PERF_STAT : "     1.784027330;CPU0;2706;;UNC_M_CAS_COUNT.RD[UNIT4];16001338;100.00;;"
8374 [140369472239296] INFO perfrun.perfcollector <> - PERF_STAT : "     1.784027330;CPU10;151;;UNC_M_CAS_COUNT.RD[UNIT4];15997595;100.00;;"
8374 [140369472239296] INFO perfrun.perfcollector <> - PERF_STAT : "     1.784027330;CPU0;3542;;UNC_M_CAS_COUNT.RD[UNIT5];16001361;100.00;;"
8374 [140369472239296] INFO perfrun.perfcollector <> - PERF_STAT : "     1.784027330;CPU10;217;;UNC_M_CAS_COUNT.RD[UNIT5];15997575;100.00;;"
8374 [140369472239296] INFO perfrun.perfcollector <> - PERF_STAT : "     1.784027330;CPU0;1465;;UNC_M_CAS_COUNT.WR[UNIT0];16001361;100.00;;"
8374 [140369472239296] INFO perfrun.perfcollector <> - PERF_STAT : "     1.784027330;CPU10;32;;UNC_M_CAS_COUNT.WR[UNIT0];15997568;100.00;;"
8374 [140369472239296] INFO perfrun.perfcollector <> - PERF_STAT : "     1.784027330;CPU0;2333;;UNC_M_CAS_COUNT.WR[UNIT1];16001500;100.00;;"
8374 [140369472239296] INFO perfrun.perfcollector <> - PERF_STAT : "     1.784027330;CPU10;100;;UNC_M_CAS_COUNT.WR[UNIT1];15997275;100.00;;"
8374 [140369472239296] INFO perfrun.perfcollector <> - PERF_STAT : "     1.784027330;CPU0;1506;;UNC_M_CAS_COUNT.WR[UNIT4];16001498;100.00;;"
8374 [140369472239296] INFO perfrun.perfcollector <> - PERF_STAT : "     1.784027330;CPU10;44;;UNC_M_CAS_COUNT.WR[UNIT4];15997265;100.00;;"
8374 [140369472239296] INFO perfrun.perfcollector <> - PERF_STAT : "     1.784027330;CPU0;2362;;UNC_M_CAS_COUNT.WR[UNIT5];16001490;100.00;;"
8374 [140369472239296] INFO perfrun.perfcollector <> - PERF_STAT : "     1.784027330;CPU10;121;;UNC_M_CAS_COUNT.WR[UNIT5];15997325;100.00;;"
8394 [140369472239296] INFO perfrun.perfcollector <> - PERF_STAT : "     1.800025508;CPU0;4167;;UNC_M_CAS_COUNT.RD[UNIT0];20002379;100.00;;"
8394 [140369472239296] INFO perfrun.perfcollector <> - PERF_STAT : "     1.800025508;CPU10;519;;UNC_M_CAS_COUNT.RD[UNIT0];19989600;100.00;;"
8394 [140369472239296] INFO perfrun.perfcollector <> - PERF_STAT : "     1.800025508;CPU0;5170;;UNC_M_CAS_COUNT.RD[UNIT1];20002709;100.00;;"
8394 [140369472239296] INFO perfrun.perfcollector <> - PERF_STAT : "     1.800025508;CPU10;638;;UNC_M_CAS_COUNT.RD[UNIT1];19986764;100.00;;"
8394 [140369472239296] INFO perfrun.perfcollector <> - PERF_STAT : "     1.800025508;CPU0;4208;;UNC_M_CAS_COUNT.RD[UNIT4];20002686;100.00;;"
8394 [140369472239296] INFO perfrun.perfcollector <> - PERF_STAT : "     1.800025508;CPU10;572;;UNC_M_CAS_COUNT.RD[UNIT4];19984960;100.00;;"
8394 [140369472239296] INFO perfrun.perfcollector <> - PERF_STAT : "     1.800025508;CPU0;5131;;UNC_M_CAS_COUNT.RD[UNIT5];20002663;100.00;;"
8394 [140369472239296] INFO perfrun.perfcollector <> - PERF_STAT : "     1.800025508;CPU10;737;;UNC_M_CAS_COUNT.RD[UNIT5];19983029;100.00;;"
8394 [140369472239296] INFO perfrun.perfcollector <> - PERF_STAT : "     1.800025508;CPU0;1935;;UNC_M_CAS_COUNT.WR[UNIT0];20002718;100.00;;"
8394 [140369472239296] INFO perfrun.perfcollector <> - PERF_STAT : "     1.800025508;CPU10;171;;UNC_M_CAS_COUNT.WR[UNIT0];19981170;100.00;;"
8394 [140369472239296] INFO perfrun.perfcollector <> - PERF_STAT : "     1.800025508;CPU0;3130;;UNC_M_CAS_COUNT.WR[UNIT1];20002694;100.00;;"
8394 [140369472239296] INFO perfrun.perfcollector <> - PERF_STAT : "     1.800025508;CPU10;310;;UNC_M_CAS_COUNT.WR[UNIT1];19979465;100.00;;"
8394 [140369472239296] INFO perfrun.perfcollector <> - PERF_STAT : "     1.800025508;CPU0;2006;;UNC_M_CAS_COUNT.WR[UNIT4];20002699;100.00;;"
8394 [140369472239296] INFO perfrun.perfcollector <> - PERF_STAT : "     1.800025508;CPU10;173;;UNC_M_CAS_COUNT.WR[UNIT4];19977684;100.00;;"
8394 [140369472239296] INFO perfrun.perfcollector <> - PERF_STAT : "     1.800025508;CPU0;2969;;UNC_M_CAS_COUNT.WR[UNIT5];20002795;100.00;;"
8394 [140369472239296] INFO perfrun.perfcollector <> - PERF_STAT : "     1.800025508;CPU10;351;;UNC_M_CAS_COUNT.WR[UNIT5];19975933;100.00;;"
8414 [140369472239296] INFO perfrun.perfcollector <> - PERF_STAT : "     1.819947940;CPU0;3527;;UNC_M_CAS_COUNT.RD[UNIT0];19996938;100.00;;"
8414 [140369472239296] INFO perfrun.perfcollector <> - PERF_STAT : "     1.819947940;CPU10;405;;UNC_M_CAS_COUNT.RD[UNIT0];20011617;100.00;;"
8414 [140369472239296] INFO perfrun.perfcollector <> - PERF_STAT : "     1.819947940;CPU0;4512;;UNC_M_CAS_COUNT.RD[UNIT1];19996732;100.00;;"
8414 [140369472239296] INFO perfrun.perfcollector <> - PERF_STAT : "     1.819947940;CPU10;427;;UNC_M_CAS_COUNT.RD[UNIT1];20014467;100.00;;"
8414 [140369472239296] INFO perfrun.perfcollector <> - PERF_STAT : "     1.819947940;CPU0;3541;;UNC_M_CAS_COUNT.RD[UNIT4];19996694;100.00;;"
8414 [140369472239296] INFO perfrun.perfcollector <> - PERF_STAT : "     1.819947940;CPU10;458;;UNC_M_CAS_COUNT.RD[UNIT4];20016300;100.00;;"
8414 [140369472239296] INFO perfrun.perfcollector <> - PERF_STAT : "     1.819947940;CPU0;4511;;UNC_M_CAS_COUNT.RD[UNIT5];19997183;100.00;;"
8414 [140369472239296] INFO perfrun.perfcollector <> - PERF_STAT : "     1.819947940;CPU10;538;;UNC_M_CAS_COUNT.RD[UNIT5];20018155;100.00;;"
8414 [140369472239296] INFO perfrun.perfcollector <> - PERF_STAT : "     1.819947940;CPU0;1955;;UNC_M_CAS_COUNT.WR[UNIT0];19997240;100.00;;"
8414 [140369472239296] INFO perfrun.perfcollector <> - PERF_STAT : "     1.819947940;CPU10;60;;UNC_M_CAS_COUNT.WR[UNIT0];20020004;100.00;;"
8414 [140369472239296] INFO perfrun.perfcollector <> - PERF_STAT : "     1.819947940;CPU0;3100;;UNC_M_CAS_COUNT.WR[UNIT1];19997350;100.00;;"
8414 [140369472239296] INFO perfrun.perfcollector <> - PERF_STAT : "     1.819947940;CPU10;129;;UNC_M_CAS_COUNT.WR[UNIT1];20021685;100.00;;"
8414 [140369472239296] INFO perfrun.perfcollector <> - PERF_STAT : "     1.819947940;CPU0;2020;;UNC_M_CAS_COUNT.WR[UNIT4];19997346;100.00;;"
8414 [140369472239296] INFO perfrun.perfcollector <> - PERF_STAT : "     1.819947940;CPU10;78;;UNC_M_CAS_COUNT.WR[UNIT4];20023456;100.00;;"
8414 [140369472239296] INFO perfrun.perfcollector <> - PERF_STAT : "     1.819947940;CPU0;3053;;UNC_M_CAS_COUNT.WR[UNIT5];19997259;100.00;;"
8414 [140369472239296] INFO perfrun.perfcollector <> - PERF_STAT : "     1.819947940;CPU10;145;;UNC_M_CAS_COUNT.WR[UNIT5];20025131;100.00;;"
8430 [140369472239296] INFO perfrun.perfcollector <> - PERF_STAT : "     1.840026612;CPU0;2758;;UNC_M_CAS_COUNT.RD[UNIT0];16001739;100.00;;"
8430 [140369472239296] INFO perfrun.perfcollector <> - PERF_STAT : "     1.840026612;CPU10;137;;UNC_M_CAS_COUNT.RD[UNIT0];16001206;100.00;;"
8430 [140369472239296] INFO perfrun.perfcollector <> - PERF_STAT : "     1.840026612;CPU0;3593;;UNC_M_CAS_COUNT.RD[UNIT1];16001560;100.00;;"
8430 [140369472239296] INFO perfrun.perfcollector <> - PERF_STAT : "     1.840026612;CPU10;168;;UNC_M_CAS_COUNT.RD[UNIT1];16001156;100.00;;"
8430 [140369472239296] INFO perfrun.perfcollector <> - PERF_STAT : "     1.840026612;CPU0;2788;;UNC_M_CAS_COUNT.RD[UNIT4];16001486;100.00;;"
8430 [140369472239296] INFO perfrun.perfcollector <> - PERF_STAT : "     1.840026612;CPU10;163;;UNC_M_CAS_COUNT.RD[UNIT4];16001123;100.00;;"
8430 [140369472239296] INFO perfrun.perfcollector <> - PERF_STAT : "     1.840026612;CPU0;3624;;UNC_M_CAS_COUNT.RD[UNIT5];16001006;100.00;;"
8430 [140369472239296] INFO perfrun.perfcollector <> - PERF_STAT : "     1.840026612;CPU10;213;;UNC_M_CAS_COUNT.RD[UNIT5];16001110;100.00;;"
8430 [140369472239296] INFO perfrun.perfcollector <> - PERF_STAT : "     1.840026612;CPU0;1452;;UNC_M_CAS_COUNT.WR[UNIT0];16001091;100.00;;"
8430 [140369472239296] INFO perfrun.perfcollector <> - PERF_STAT : "     1.840026612;CPU10;52;;UNC_M_CAS_COUNT.WR[UNIT0];16001136;100.00;;"
8430 [140369472239296] INFO perfrun.perfcollector <> - PERF_STAT : "     1.840026612;CPU0;2393;;UNC_M_CAS_COUNT.WR[UNIT1];16000979;100.00;;"
8430 [140369472239296] INFO perfrun.perfcollector <> - PERF_STAT : "     1.840026612;CPU10;105;;UNC_M_CAS_COUNT.WR[UNIT1];16001116;100.00;;"
8430 [140369472239296] INFO perfrun.perfcollector <> - PERF_STAT : "     1.840026612;CPU0;1513;;UNC_M_CAS_COUNT.WR[UNIT4];16000983;100.00;;"
8430 [140369472239296] INFO perfrun.perfcollector <> - PERF_STAT : "     1.840026612;CPU10;44;;UNC_M_CAS_COUNT.WR[UNIT4];16001150;100.00;;"
8430 [140369472239296] INFO perfrun.perfcollector <> - PERF_STAT : "     1.840026612;CPU0;2347;;UNC_M_CAS_COUNT.WR[UNIT5];16001022;100.00;;"
8430 [140369472239296] INFO perfrun.perfcollector <> - PERF_STAT : "     1.840026612;CPU10;105;;UNC_M_CAS_COUNT.WR[UNIT5];16001163;100.00;;"
8446 [140369472239296] INFO perfrun.perfcollector <> - PERF_STAT : "     1.856030566;CPU0;2595;;UNC_M_CAS_COUNT.RD[UNIT0];15997563;100.00;;"
8446 [140369472239296] INFO perfrun.perfcollector <> - PERF_STAT : "     1.856030566;CPU10;135;;UNC_M_CAS_COUNT.RD[UNIT0];15998550;100.00;;"
8446 [140369472239296] INFO perfrun.perfcollector <> - PERF_STAT : "     1.856030566;CPU0;3512;;UNC_M_CAS_COUNT.RD[UNIT1];15997582;100.00;;"
8446 [140369472239296] INFO perfrun.perfcollector <> - PERF_STAT : "     1.856030566;CPU10;184;;UNC_M_CAS_COUNT.RD[UNIT1];15998603;100.00;;"
8446 [140369472239296] INFO perfrun.perfcollector <> - PERF_STAT : "     1.856030566;CPU0;2678;;UNC_M_CAS_COUNT.RD[UNIT4];15997590;100.00;;"
8446 [140369472239296] INFO perfrun.perfcollector <> - PERF_STAT : "     1.856030566;CPU10;209;;UNC_M_CAS_COUNT.RD[UNIT4];15998660;100.00;;"
8446 [140369472239296] INFO perfrun.perfcollector <> - PERF_STAT : "     1.856030566;CPU0;3523;;UNC_M_CAS_COUNT.RD[UNIT5];15997580;100.00;;"
8446 [140369472239296] INFO perfrun.perfcollector <> - PERF_STAT : "     1.856030566;CPU10;278;;UNC_M_CAS_COUNT.RD[UNIT5];15998626;100.00;;"
8446 [140369472239296] INFO perfrun.perfcollector <> - PERF_STAT : "     1.856030566;CPU0;1448;;UNC_M_CAS_COUNT.WR[UNIT0];15997411;100.00;;"
8446 [140369472239296] INFO perfrun.perfcollector <> - PERF_STAT : "     1.856030566;CPU10;37;;UNC_M_CAS_COUNT.WR[UNIT0];15998670;100.00;;"
8446 [140369472239296] INFO perfrun.perfcollector <> - PERF_STAT : "     1.856030566;CPU0;2373;;UNC_M_CAS_COUNT.WR[UNIT1];15997415;100.00;;"
8446 [140369472239296] INFO perfrun.perfcollector <> - PERF_STAT : "     1.856030566;CPU10;90;;UNC_M_CAS_COUNT.WR[UNIT1];15998674;100.00;;"
8446 [140369472239296] INFO perfrun.perfcollector <> - PERF_STAT : "     1.856030566;CPU0;1509;;UNC_M_CAS_COUNT.WR[UNIT4];15997412;100.00;;"
8446 [140369472239296] INFO perfrun.perfcollector <> - PERF_STAT : "     1.856030566;CPU10;48;;UNC_M_CAS_COUNT.WR[UNIT4];15998637;100.00;;"
8446 [140369472239296] INFO perfrun.perfcollector <> - PERF_STAT : "     1.856030566;CPU0;2404;;UNC_M_CAS_COUNT.WR[UNIT5];15997368;100.00;;"
8446 [140369472239296] INFO perfrun.perfcollector <> - PERF_STAT : "     1.856030566;CPU10;116;;UNC_M_CAS_COUNT.WR[UNIT5];15998636;100.00;;"
8462 [140369472239296] INFO perfrun.perfcollector <> - PERF_STAT : "     1.872026069;CPU0;2707;;UNC_M_CAS_COUNT.RD[UNIT0];16002549;100.00;;"
8462 [140369472239296] INFO perfrun.perfcollector <> - PERF_STAT : "     1.872026069;CPU10;169;;UNC_M_CAS_COUNT.RD[UNIT0];15998934;100.00;;"
8462 [140369472239296] INFO perfrun.perfcollector <> - PERF_STAT : "     1.872026069;CPU0;3518;;UNC_M_CAS_COUNT.RD[UNIT1];16002651;100.00;;"
8462 [140369472239296] INFO perfrun.perfcollector <> - PERF_STAT : "     1.872026069;CPU10;217;;UNC_M_CAS_COUNT.RD[UNIT1];15998757;100.00;;"
8462 [140369472239296] INFO perfrun.perfcollector <> - PERF_STAT : "     1.872026069;CPU0;2687;;UNC_M_CAS_COUNT.RD[UNIT4];16002696;100.00;;"
8462 [140369472239296] INFO perfrun.perfcollector <> - PERF_STAT : "     1.872026069;CPU10;217;;UNC_M_CAS_COUNT.RD[UNIT4];15998807;100.00;;"
8462 [140369472239296] INFO perfrun.perfcollector <> - PERF_STAT : "     1.872026069;CPU0;3526;;UNC_M_CAS_COUNT.RD[UNIT5];16002689;100.00;;"
8462 [140369472239296] INFO perfrun.perfcollector <> - PERF_STAT : "     1.872026069;CPU10;259;;UNC_M_CAS_COUNT.RD[UNIT5];15998941;100.00;;"
8462 [140369472239296] INFO perfrun.perfcollector <> - PERF_STAT : "     1.872026069;CPU0;1500;;UNC_M_CAS_COUNT.WR[UNIT0];16002763;100.00;;"
8462 [140369472239296] INFO perfrun.perfcollector <> - PERF_STAT : "     1.872026069;CPU10;68;;UNC_M_CAS_COUNT.WR[UNIT0];15998933;100.00;;"
8462 [140369472239296] INFO perfrun.perfcollector <> - PERF_STAT : "     1.872026069;CPU0;2434;;UNC_M_CAS_COUNT.WR[UNIT1];16002761;100.00;;"
8462 [140369472239296] INFO perfrun.perfcollector <> - PERF_STAT : "     1.872026069;CPU10;125;;UNC_M_CAS_COUNT.WR[UNIT1];15998943;100.00;;"
8462 [140369472239296] INFO perfrun.perfcollector <> - PERF_STAT : "     1.872026069;CPU0;1530;;UNC_M_CAS_COUNT.WR[UNIT4];16002764;100.00;;"
8462 [140369472239296] INFO perfrun.perfcollector <> - PERF_STAT : "     1.872026069;CPU10;78;;UNC_M_CAS_COUNT.WR[UNIT4];15999124;100.00;;"
8462 [140369472239296] INFO perfrun.perfcollector <> - PERF_STAT : "     1.872026069;CPU0;2356;;UNC_M_CAS_COUNT.WR[UNIT5];16002914;100.00;;"
8462 [140369472239296] INFO perfrun.perfcollector <> - PERF_STAT : "     1.872026069;CPU10;142;;UNC_M_CAS_COUNT.WR[UNIT5];15999221;100.00;;"
8478 [140369472239296] INFO perfrun.perfcollector <> - PERF_STAT : "     1.888027664;CPU0;2818;;UNC_M_CAS_COUNT.RD[UNIT0];15998878;100.00;;"
8478 [140369472239296] INFO perfrun.perfcollector <> - PERF_STAT : "     1.888027664;CPU10;161;;UNC_M_CAS_COUNT.RD[UNIT0];16013337;100.00;;"
8478 [140369472239296] INFO perfrun.perfcollector <> - PERF_STAT : "     1.888027664;CPU0;3700;;UNC_M_CAS_COUNT.RD[UNIT1];15998918;100.00;;"
8478 [140369472239296] INFO perfrun.perfcollector <> - PERF_STAT : "     1.888027664;CPU10;191;;UNC_M_CAS_COUNT.RD[UNIT1];16010922;100.00;;"
8478 [140369472239296] INFO perfrun.perfcollector <> - PERF_STAT : "     1.888027664;CPU0;2862;;UNC_M_CAS_COUNT.RD[UNIT4];15998876;100.00;;"
8478 [140369472239296] INFO perfrun.perfcollector <> - PERF_STAT : "     1.888027664;CPU10;211;;UNC_M_CAS_COUNT.RD[UNIT4];16008933;100.00;;"
8478 [140369472239296] INFO perfrun.perfcollector <> - PERF_STAT : "     1.888027664;CPU0;3722;;UNC_M_CAS_COUNT.RD[UNIT5];15998972;100.00;;"
8478 [140369472239296] INFO perfrun.perfcollector <> - PERF_STAT : "     1.888027664;CPU10;268;;UNC_M_CAS_COUNT.RD[UNIT5];16007004;100.00;;"
8478 [140369472239296] INFO perfrun.perfcollector <> - PERF_STAT : "     1.888027664;CPU0;1600;;UNC_M_CAS_COUNT.WR[UNIT0];15999100;100.00;;"
8478 [140369472239296] INFO perfrun.perfcollector <> - PERF_STAT : "     1.888027664;CPU10;37;;UNC_M_CAS_COUNT.WR[UNIT0];16005099;100.00;;"
8478 [140369472239296] INFO perfrun.perfcollector <> - PERF_STAT : "     1.888027664;CPU0;2335;;UNC_M_CAS_COUNT.WR[UNIT1];15999222;100.00;;"
8478 [140369472239296] INFO perfrun.perfcollector <> - PERF_STAT : "     1.888027664;CPU10;87;;UNC_M_CAS_COUNT.WR[UNIT1];16003226;100.00;;"
8478 [140369472239296] INFO perfrun.perfcollector <> - PERF_STAT : "     1.888027664;CPU0;1628;;UNC_M_CAS_COUNT.WR[UNIT4];15999228;100.00;;"
8478 [140369472239296] INFO perfrun.perfcollector <> - PERF_STAT : "     1.888027664;CPU10;45;;UNC_M_CAS_COUNT.WR[UNIT4];16001264;100.00;;"
8478 [140369472239296] INFO perfrun.perfcollector <> - PERF_STAT : "     1.888027664;CPU0;2523;;UNC_M_CAS_COUNT.WR[UNIT5];15999116;100.00;;"
8478 [140369472239296] INFO perfrun.perfcollector <> - PERF_STAT : "     1.888027664;CPU10;110;;UNC_M_CAS_COUNT.WR[UNIT5];15999491;100.00;;"
8494 [140369472239296] INFO perfrun.perfcollector <> - PERF_STAT : "     1.903973469;CPU0;2830;;UNC_M_CAS_COUNT.RD[UNIT0];16004202;100.00;;"
8494 [140369472239296] INFO perfrun.perfcollector <> - PERF_STAT : "     1.903973469;CPU10;179;;UNC_M_CAS_COUNT.RD[UNIT0];16011095;100.00;;"
8494 [140369472239296] INFO perfrun.perfcollector <> - PERF_STAT : "     1.903973469;CPU0;3695;;UNC_M_CAS_COUNT.RD[UNIT1];16004838;100.00;;"
8494 [140369472239296] INFO perfrun.perfcollector <> - PERF_STAT : "     1.903973469;CPU10;184;;UNC_M_CAS_COUNT.RD[UNIT1];16010835;100.00;;"
8494 [140369472239296] INFO perfrun.perfcollector <> - PERF_STAT : "     1.903973469;CPU0;2866;;UNC_M_CAS_COUNT.RD[UNIT4];16005144;100.00;;"
8494 [140369472239296] INFO perfrun.perfcollector <> - PERF_STAT : "     1.903973469;CPU10;204;;UNC_M_CAS_COUNT.RD[UNIT4];16010835;100.00;;"
8494 [140369472239296] INFO perfrun.perfcollector <> - PERF_STAT : "     1.903973469;CPU0;3675;;UNC_M_CAS_COUNT.RD[UNIT5];16005495;100.00;;"
8494 [140369472239296] INFO perfrun.perfcollector <> - PERF_STAT : "     1.903973469;CPU10;250;;UNC_M_CAS_COUNT.RD[UNIT5];16010970;100.00;;"
8494 [140369472239296] INFO perfrun.perfcollector <> - PERF_STAT : "     1.903973469;CPU0;1622;;UNC_M_CAS_COUNT.WR[UNIT0];16005846;100.00;;"
8494 [140369472239296] INFO perfrun.perfcollector <> - PERF_STAT : "     1.903973469;CPU10;37;;UNC_M_CAS_COUNT.WR[UNIT0];16010933;100.00;;"
8494 [140369472239296] INFO perfrun.perfcollector <> - PERF_STAT : "     1.903973469;CPU0;2450;;UNC_M_CAS_COUNT.WR[UNIT1];16006055;100.00;;"
8494 [140369472239296] INFO perfrun.perfcollector <> - PERF_STAT : "     1.903973469;CPU10;83;;UNC_M_CAS_COUNT.WR[UNIT1];16010967;100.00;;"
8494 [140369472239296] INFO perfrun.perfcollector <> - PERF_STAT : "     1.903973469;CPU0;1641;;UNC_M_CAS_COUNT.WR[UNIT4];16006503;100.00;;"
8494 [140369472239296] INFO perfrun.perfcollector <> - PERF_STAT : "     1.903973469;CPU10;55;;UNC_M_CAS_COUNT.WR[UNIT4];16010966;100.00;;"
8494 [140369472239296] INFO perfrun.perfcollector <> - PERF_STAT : "     1.903973469;CPU0;2398;;UNC_M_CAS_COUNT.WR[UNIT5];16006909;100.00;;"
8494 [140369472239296] INFO perfrun.perfcollector <> - PERF_STAT : "     1.903973469;CPU10;102;;UNC_M_CAS_COUNT.WR[UNIT5];16010922;100.00;;"
8510 [140369472239296] INFO perfrun.perfcollector <> - PERF_STAT : "     1.919984525;CPU0;3718;;UNC_M_CAS_COUNT.RD[UNIT0];15998433;100.00;;"
8510 [140369472239296] INFO perfrun.perfcollector <> - PERF_STAT : "     1.919984525;CPU10;159;;UNC_M_CAS_COUNT.RD[UNIT0];15984933;100.00;;"
8510 [140369472239296] INFO perfrun.perfcollector <> - PERF_STAT : "     1.919984525;CPU0;4363;;UNC_M_CAS_COUNT.RD[UNIT1];15997939;100.00;;"
8510 [140369472239296] INFO perfrun.perfcollector <> - PERF_STAT : "     1.919984525;CPU10;231;;UNC_M_CAS_COUNT.RD[UNIT1];15987632;100.00;;"
8510 [140369472239296] INFO perfrun.perfcollector <> - PERF_STAT : "     1.919984525;CPU0;3619;;UNC_M_CAS_COUNT.RD[UNIT4];15997844;100.00;;"
8510 [140369472239296] INFO perfrun.perfcollector <> - PERF_STAT : "     1.919984525;CPU10;228;;UNC_M_CAS_COUNT.RD[UNIT4];15989664;100.00;;"
8510 [140369472239296] INFO perfrun.perfcollector <> - PERF_STAT : "     1.919984525;CPU0;4251;;UNC_M_CAS_COUNT.RD[UNIT5];15997420;100.00;;"
8510 [140369472239296] INFO perfrun.perfcollector <> - PERF_STAT : "     1.919984525;CPU10;323;;UNC_M_CAS_COUNT.RD[UNIT5];15991315;100.00;;"
8510 [140369472239296] INFO perfrun.perfcollector <> - PERF_STAT : "     1.919984525;CPU0;1641;;UNC_M_CAS_COUNT.WR[UNIT0];15996876;100.00;;"
8510 [140369472239296] INFO perfrun.perfcollector <> - PERF_STAT : "     1.919984525;CPU10;39;;UNC_M_CAS_COUNT.WR[UNIT0];15993201;100.00;;"
8510 [140369472239296] INFO perfrun.perfcollector <> - PERF_STAT : "     1.919984525;CPU0;2480;;UNC_M_CAS_COUNT.WR[UNIT1];15996550;100.00;;"
8510 [140369472239296] INFO perfrun.perfcollector <> - PERF_STAT : "     1.919984525;CPU10;127;;UNC_M_CAS_COUNT.WR[UNIT1];15994999;100.00;;"
8510 [140369472239296] INFO perfrun.perfcollector <> - PERF_STAT : "     1.919984525;CPU0;1596;;UNC_M_CAS_COUNT.WR[UNIT4];15996104;100.00;;"
8510 [140369472239296] INFO perfrun.perfcollector <> - PERF_STAT : "     1.919984525;CPU10;57;;UNC_M_CAS_COUNT.WR[UNIT4];15996848;100.00;;"
8510 [140369472239296] INFO perfrun.perfcollector <> - PERF_STAT : "     1.919984525;CPU0;2432;;UNC_M_CAS_COUNT.WR[UNIT5];15995644;100.00;;"
8510 [140369472239296] INFO perfrun.perfcollector <> - PERF_STAT : "     1.919984525;CPU10;163;;UNC_M_CAS_COUNT.WR[UNIT5];15998756;100.00;;"
8526 [140369472239296] INFO perfrun.perfcollector <> - PERF_STAT : "     1.936009157;CPU0;2861;;UNC_M_CAS_COUNT.RD[UNIT0];15996994;100.00;;"
8526 [140369472239296] INFO perfrun.perfcollector <> - PERF_STAT : "     1.936009157;CPU10;157;;UNC_M_CAS_COUNT.RD[UNIT0];15993491;100.00;;"
8526 [140369472239296] INFO perfrun.perfcollector <> - PERF_STAT : "     1.936009157;CPU0;3605;;UNC_M_CAS_COUNT.RD[UNIT1];15996836;100.00;;"
8526 [140369472239296] INFO perfrun.perfcollector <> - PERF_STAT : "     1.936009157;CPU10;179;;UNC_M_CAS_COUNT.RD[UNIT1];15993655;100.00;;"
8526 [140369472239296] INFO perfrun.perfcollector <> - PERF_STAT : "     1.936009157;CPU0;2751;;UNC_M_CAS_COUNT.RD[UNIT4];15996617;100.00;;"
8526 [140369472239296] INFO perfrun.perfcollector <> - PERF_STAT : "     1.936009157;CPU10;175;;UNC_M_CAS_COUNT.RD[UNIT4];15993498;100.00;;"
8526 [140369472239296] INFO perfrun.perfcollector <> - PERF_STAT : "     1.936009157;CPU0;3620;;UNC_M_CAS_COUNT.RD[UNIT5];15996662;100.00;;"
8526 [140369472239296] INFO perfrun.perfcollector <> - PERF_STAT : "     1.936009157;CPU10;222;;UNC_M_CAS_COUNT.RD[UNIT5];15993534;100.00;;"
8526 [140369472239296] INFO perfrun.perfcollector <> - PERF_STAT : "     1.936009157;CPU0;1587;;UNC_M_CAS_COUNT.WR[UNIT0];15996644;100.00;;"
8526 [140369472239296] INFO perfrun.perfcollector <> - PERF_STAT : "     1.936009157;CPU10;34;;UNC_M_CAS_COUNT.WR[UNIT0];15993681;100.00;;"
8526 [140369472239296] INFO perfrun.perfcollector <> - PERF_STAT : "     1.936009157;CPU0;2407;;UNC_M_CAS_COUNT.WR[UNIT1];15996818;100.00;;"
8526 [140369472239296] INFO perfrun.perfcollector <> - PERF_STAT : "     1.936009157;CPU10;86;;UNC_M_CAS_COUNT.WR[UNIT1];15993825;100.00;;"
8526 [140369472239296] INFO perfrun.perfcollector <> - PERF_STAT : "     1.936009157;CPU0;1525;;UNC_M_CAS_COUNT.WR[UNIT4];15996816;100.00;;"
8526 [140369472239296] INFO perfrun.perfcollector <> - PERF_STAT : "     1.936009157;CPU10;46;;UNC_M_CAS_COUNT.WR[UNIT4];15993791;100.00;;"
8526 [140369472239296] INFO perfrun.perfcollector <> - PERF_STAT : "     1.936009157;CPU0;2448;;UNC_M_CAS_COUNT.WR[UNIT5];15996819;100.00;;"
8526 [140369472239296] INFO perfrun.perfcollector <> - PERF_STAT : "     1.936009157;CPU10;98;;UNC_M_CAS_COUNT.WR[UNIT5];15993601;100.00;;"
8542 [140369472239296] INFO perfrun.perfcollector <> - PERF_STAT : "     1.952035118;CPU0;2712;;UNC_M_CAS_COUNT.RD[UNIT0];16001158;100.00;;"
8542 [140369472239296] INFO perfrun.perfcollector <> - PERF_STAT : "     1.952035118;CPU10;157;;UNC_M_CAS_COUNT.RD[UNIT0];15983577;100.00;;"
8542 [140369472239296] INFO perfrun.perfcollector <> - PERF_STAT : "     1.952035118;CPU0;3586;;UNC_M_CAS_COUNT.RD[UNIT1];16001196;100.00;;"
8542 [140369472239296] INFO perfrun.perfcollector <> - PERF_STAT : "     1.952035118;CPU10;209;;UNC_M_CAS_COUNT.RD[UNIT1];15980885;100.00;;"
8542 [140369472239296] INFO perfrun.perfcollector <> - PERF_STAT : "     1.952035118;CPU0;2773;;UNC_M_CAS_COUNT.RD[UNIT4];16001217;100.00;;"
8542 [140369472239296] INFO perfrun.perfcollector <> - PERF_STAT : "     1.952035118;CPU10;226;;UNC_M_CAS_COUNT.RD[UNIT4];15979246;100.00;;"
8542 [140369472239296] INFO perfrun.perfcollector <> - PERF_STAT : "     1.952035118;CPU0;3638;;UNC_M_CAS_COUNT.RD[UNIT5];16001159;100.00;;"
8542 [140369472239296] INFO perfrun.perfcollector <> - PERF_STAT : "     1.952035118;CPU10;285;;UNC_M_CAS_COUNT.RD[UNIT5];15977744;100.00;;"
8542 [140369472239296] INFO perfrun.perfcollector <> - PERF_STAT : "     1.952035118;CPU0;1566;;UNC_M_CAS_COUNT.WR[UNIT0];16001147;100.00;;"
8542 [140369472239296] INFO perfrun.perfcollector <> - PERF_STAT : "     1.952035118;CPU10;42;;UNC_M_CAS_COUNT.WR[UNIT0];15975749;100.00;;"
8542 [140369472239296] INFO perfrun.perfcollector <> - PERF_STAT : "     1.952035118;CPU0;2352;;UNC_M_CAS_COUNT.WR[UNIT1];16000959;100.00;;"
8542 [140369472239296] INFO perfrun.perfcollector <> - PERF_STAT : "     1.952035118;CPU10;113;;UNC_M_CAS_COUNT.WR[UNIT1];15973796;100.00;;"
8542 [140369472239296] INFO perfrun.perfcollector <> - PERF_STAT : "     1.952035118;CPU0;1575;;UNC_M_CAS_COUNT.WR[UNIT4];16001067;100.00;;"
8542 [140369472239296] INFO perfrun.perfcollector <> - PERF_STAT : "     1.952035118;CPU10;69;;UNC_M_CAS_COUNT.WR[UNIT4];15971997;100.00;;"
8542 [140369472239296] INFO perfrun.perfcollector <> - PERF_STAT : "     1.952035118;CPU0;2396;;UNC_M_CAS_COUNT.WR[UNIT5];16001126;100.00;;"
8542 [140369472239296] INFO perfrun.perfcollector <> - PERF_STAT : "     1.952035118;CPU10;140;;UNC_M_CAS_COUNT.WR[UNIT5];15970188;100.00;;"
8558 [140369472239296] INFO perfrun.perfcollector <> - PERF_STAT : "     1.967944207;CPU0;2785;;UNC_M_CAS_COUNT.RD[UNIT0];15998219;100.00;;"
8558 [140369472239296] INFO perfrun.perfcollector <> - PERF_STAT : "     1.967944207;CPU10;134;;UNC_M_CAS_COUNT.RD[UNIT0];16013643;100.00;;"
8558 [140369472239296] INFO perfrun.perfcollector <> - PERF_STAT : "     1.967944207;CPU0;3556;;UNC_M_CAS_COUNT.RD[UNIT1];15998465;100.00;;"
8558 [140369472239296] INFO perfrun.perfcollector <> - PERF_STAT : "     1.967944207;CPU10;152;;UNC_M_CAS_COUNT.RD[UNIT1];16016244;100.00;;"
8558 [140369472239296] INFO perfrun.perfcollector <> - PERF_STAT : "     1.967944207;CPU0;2734;;UNC_M_CAS_COUNT.RD[UNIT4];15998464;100.00;;"
8558 [140369472239296] INFO perfrun.perfcollector <> - PERF_STAT : "     1.967944207;CPU10;157;;UNC_M_CAS_COUNT.RD[UNIT4];16018027;100.00;;"
8558 [140369472239296] INFO perfrun.perfcollector <> - PERF_STAT : "     1.967944207;CPU0;3612;;UNC_M_CAS_COUNT.RD[UNIT5];15998476;100.00;;"
8558 [140369472239296] INFO perfrun.perfcollector <> - PERF_STAT : "     1.967944207;CPU10;191;;UNC_M_CAS_COUNT.RD[UNIT5];16019536;100.00;;"
8558 [140369472239296] INFO perfrun.perfcollector <> - PERF_STAT : "     1.967944207;CPU0;1568;;UNC_M_CAS_COUNT.WR[UNIT0];15998476;100.00;;"
8558 [140369472239296] INFO perfrun.perfcollector <> - PERF_STAT : "     1.967944207;CPU10;45;;UNC_M_CAS_COUNT.WR[UNIT0];16021391;100.00;;"
8558 [140369472239296] INFO perfrun.perfcollector <> - PERF_STAT : "     1.967944207;CPU0;2357;;UNC_M_CAS_COUNT.WR[UNIT1];15998458;100.00;;"
8558 [140369472239296] INFO perfrun.perfcollector <> - PERF_STAT : "     1.967944207;CPU10;89;;UNC_M_CAS_COUNT.WR[UNIT1];16023227;100.00;;"
8558 [140369472239296] INFO perfrun.perfcollector <> - PERF_STAT : "     1.967944207;CPU0;1475;;UNC_M_CAS_COUNT.WR[UNIT4];15998352;100.00;;"
8558 [140369472239296] INFO perfrun.perfcollector <> - PERF_STAT : "     1.967944207;CPU10;57;;UNC_M_CAS_COUNT.WR[UNIT4];16025237;100.00;;"
8558 [140369472239296] INFO perfrun.perfcollector <> - PERF_STAT : "     1.967944207;CPU0;2377;;UNC_M_CAS_COUNT.WR[UNIT5];15998328;100.00;;"
8558 [140369472239296] INFO perfrun.perfcollector <> - PERF_STAT : "     1.967944207;CPU10;104;;UNC_M_CAS_COUNT.WR[UNIT5];16027256;100.00;;"
8574 [140369472239296] INFO perfrun.perfcollector <> - PERF_STAT : "     1.984027746;CPU0;2777;;UNC_M_CAS_COUNT.RD[UNIT0];16002687;100.00;;"
8574 [140369472239296] INFO perfrun.perfcollector <> - PERF_STAT : "     1.984027746;CPU10;145;;UNC_M_CAS_COUNT.RD[UNIT0];16004914;100.00;;"
8574 [140369472239296] INFO perfrun.perfcollector <> - PERF_STAT : "     1.984027746;CPU0;3632;;UNC_M_CAS_COUNT.RD[UNIT1];16002336;100.00;;"
8574 [140369472239296] INFO perfrun.perfcollector <> - PERF_STAT : "     1.984027746;CPU10;195;;UNC_M_CAS_COUNT.RD[UNIT1];16004878;100.00;;"
8574 [140369472239296] INFO perfrun.perfcollector <> - PERF_STAT : "     1.984027746;CPU0;2748;;UNC_M_CAS_COUNT.RD[UNIT4];16002343;100.00;;"
8574 [140369472239296] INFO perfrun.perfcollector <> - PERF_STAT : "     1.984027746;CPU10;192;;UNC_M_CAS_COUNT.RD[UNIT4];16004724;100.00;;"
8574 [140369472239296] INFO perfrun.perfcollector <> - PERF_STAT : "     1.984027746;CPU0;3637;;UNC_M_CAS_COUNT.RD[UNIT5];16002350;100.00;;"
8574 [140369472239296] INFO perfrun.perfcollector <> - PERF_STAT : "     1.984027746;CPU10;281;;UNC_M_CAS_COUNT.RD[UNIT5];16004700;100.00;;"
8574 [140369472239296] INFO perfrun.perfcollector <> - PERF_STAT : "     1.984027746;CPU0;1656;;UNC_M_CAS_COUNT.WR[UNIT0];16002348;100.00;;"
8574 [140369472239296] INFO perfrun.perfcollector <> - PERF_STAT : "     1.984027746;CPU10;34;;UNC_M_CAS_COUNT.WR[UNIT0];16004690;100.00;;"
8574 [140369472239296] INFO perfrun.perfcollector <> - PERF_STAT : "     1.984027746;CPU0;2366;;UNC_M_CAS_COUNT.WR[UNIT1];16002268;100.00;;"
8574 [140369472239296] INFO perfrun.perfcollector <> - PERF_STAT : "     1.984027746;CPU10;104;;UNC_M_CAS_COUNT.WR[UNIT1];16004693;100.00;;"
8574 [140369472239296] INFO perfrun.perfcollector <> - PERF_STAT : "     1.984027746;CPU0;1534;;UNC_M_CAS_COUNT.WR[UNIT4];16002258;100.00;;"
8574 [140369472239296] INFO perfrun.perfcollector <> - PERF_STAT : "     1.984027746;CPU10;59;;UNC_M_CAS_COUNT.WR[UNIT4];16004483;100.00;;"
8574 [140369472239296] INFO perfrun.perfcollector <> - PERF_STAT : "     1.984027746;CPU0;2422;;UNC_M_CAS_COUNT.WR[UNIT5];16002213;100.00;;"
8574 [140369472239296] INFO perfrun.perfcollector <> - PERF_STAT : "     1.984027746;CPU10;119;;UNC_M_CAS_COUNT.WR[UNIT5];16004233;100.00;;"
8594 [140369472239296] INFO perfrun.perfcollector <> - PERF_STAT : "     2.000027296;CPU0;3472;;UNC_M_CAS_COUNT.RD[UNIT0];20000384;100.00;;"
8594 [140369472239296] INFO perfrun.perfcollector <> - PERF_STAT : "     2.000027296;CPU10;150;;UNC_M_CAS_COUNT.RD[UNIT0];20001016;100.00;;"
8594 [140369472239296] INFO perfrun.perfcollector <> - PERF_STAT : "     2.000027296;CPU0;4464;;UNC_M_CAS_COUNT.RD[UNIT1];20000555;100.00;;"
8594 [140369472239296] INFO perfrun.perfcollector <> - PERF_STAT : "     2.000027296;CPU10;180;;UNC_M_CAS_COUNT.RD[UNIT1];20001012;100.00;;"
8594 [140369472239296] INFO perfrun.perfcollector <> - PERF_STAT : "     2.000027296;CPU0;3383;;UNC_M_CAS_COUNT.RD[UNIT4];20000711;100.00;;"
8594 [140369472239296] INFO perfrun.perfcollector <> - PERF_STAT : "     2.000027296;CPU10;163;;UNC_M_CAS_COUNT.RD[UNIT4];20000992;100.00;;"
8594 [140369472239296] INFO perfrun.perfcollector <> - PERF_STAT : "     2.000027296;CPU0;4554;;UNC_M_CAS_COUNT.RD[UNIT5];20000813;100.00;;"
8594 [140369472239296] INFO perfrun.perfcollector <> - PERF_STAT : "     2.000027296;CPU10;207;;UNC_M_CAS_COUNT.RD[UNIT5];20001016;100.00;;"
8594 [140369472239296] INFO perfrun.perfcollector <> - PERF_STAT : "     2.000027296;CPU0;1909;;UNC_M_CAS_COUNT.WR[UNIT0];20000837;100.00;;"
8594 [140369472239296] INFO perfrun.perfcollector <> - PERF_STAT : "     2.000027296;CPU10;48;;UNC_M_CAS_COUNT.WR[UNIT0];20001043;100.00;;"
8594 [140369472239296] INFO perfrun.perfcollector <> - PERF_STAT : "     2.000027296;CPU0;2946;;UNC_M_CAS_COUNT.WR[UNIT1];20001077;100.00;;"
8594 [140369472239296] INFO perfrun.perfcollector <> - PERF_STAT : "     2.000027296;CPU10;113;;UNC_M_CAS_COUNT.WR[UNIT1];20013266;100.00;;"
8594 [140369472239296] INFO perfrun.perfcollector <> - PERF_STAT : "     2.000027296;CPU0;1966;;UNC_M_CAS_COUNT.WR[UNIT4];20001088;100.00;;"
8594 [140369472239296] INFO perfrun.perfcollector <> - PERF_STAT : "     2.000027296;CPU10;69;;UNC_M_CAS_COUNT.WR[UNIT4];20011433;100.00;;"
8594 [140369472239296] INFO perfrun.perfcollector <> - PERF_STAT : "     2.000027296;CPU0;3034;;UNC_M_CAS_COUNT.WR[UNIT5];20001158;100.00;;"
8594 [140369472239296] INFO perfrun.perfcollector <> - PERF_STAT : "     2.000027296;CPU10;126;;UNC_M_CAS_COUNT.WR[UNIT5];20009657;100.00;;"
8610 [140369472239296] INFO perfrun.perfcollector <> - PERF_STAT : "     2.019983594;CPU0;2882;;UNC_M_CAS_COUNT.RD[UNIT0];15999387;100.00;;"
8610 [140369472239296] INFO perfrun.perfcollector <> - PERF_STAT : "     2.019983594;CPU10;553;;UNC_M_CAS_COUNT.RD[UNIT0];16005474;100.00;;"
8610 [140369472239296] INFO perfrun.perfcollector <> - PERF_STAT : "     2.019983594;CPU0;3752;;UNC_M_CAS_COUNT.RD[UNIT1];15999303;100.00;;"
8610 [140369472239296] INFO perfrun.perfcollector <> - PERF_STAT : "     2.019983594;CPU10;690;;UNC_M_CAS_COUNT.RD[UNIT1];16002679;100.00;;"
8610 [140369472239296] INFO perfrun.perfcollector <> - PERF_STAT : "     2.019983594;CPU0;2870;;UNC_M_CAS_COUNT.RD[UNIT4];15999141;100.00;;"
8610 [140369472239296] INFO perfrun.perfcollector <> - PERF_STAT : "     2.019983594;CPU10;628;;UNC_M_CAS_COUNT.RD[UNIT4];16000849;100.00;;"
8610 [140369472239296] INFO perfrun.perfcollector <> - PERF_STAT : "     2.019983594;CPU0;3689;;UNC_M_CAS_COUNT.RD[UNIT5];15999135;100.00;;"
8610 [140369472239296] INFO perfrun.perfcollector <> - PERF_STAT : "     2.019983594;CPU10;782;;UNC_M_CAS_COUNT.RD[UNIT5];15999162;100.00;;"
8610 [140369472239296] INFO perfrun.perfcollector <> - PERF_STAT : "     2.019983594;CPU0;1617;;UNC_M_CAS_COUNT.WR[UNIT0];15999139;100.00;;"
8610 [140369472239296] INFO perfrun.perfcollector <> - PERF_STAT : "     2.019983594;CPU10;135;;UNC_M_CAS_COUNT.WR[UNIT0];15997287;100.00;;"
8610 [140369472239296] INFO perfrun.perfcollector <> - PERF_STAT : "     2.019983594;CPU0;2355;;UNC_M_CAS_COUNT.WR[UNIT1];15999136;100.00;;"
8610 [140369472239296] INFO perfrun.perfcollector <> - PERF_STAT : "     2.019983594;CPU10;288;;UNC_M_CAS_COUNT.WR[UNIT1];15983200;100.00;;"
8610 [140369472239296] INFO perfrun.perfcollector <> - PERF_STAT : "     2.019983594;CPU0;1597;;UNC_M_CAS_COUNT.WR[UNIT4];15999183;100.00;;"
8610 [140369472239296] INFO perfrun.perfcollector <> - PERF_STAT : "     2.019983594;CPU10;151;;UNC_M_CAS_COUNT.WR[UNIT4];15983405;100.00;;"
8610 [140369472239296] INFO perfrun.perfcollector <> - PERF_STAT : "     2.019983594;CPU0;2497;;UNC_M_CAS_COUNT.WR[UNIT5];15999283;100.00;;"
8610 [140369472239296] INFO perfrun.perfcollector <> - PERF_STAT : "     2.019983594;CPU10;324;;UNC_M_CAS_COUNT.WR[UNIT5];15983538;100.00;;"
8626 [140369472239296] INFO perfrun.perfcollector <> - PERF_STAT : "     2.035970673;CPU0;2759;;UNC_M_CAS_COUNT.RD[UNIT0];15999301;100.00;;"
8626 [140369472239296] INFO perfrun.perfcollector <> - PERF_STAT : "     2.035970673;CPU10;132;;UNC_M_CAS_COUNT.RD[UNIT0];15990658;100.00;;"
8626 [140369472239296] INFO perfrun.perfcollector <> - PERF_STAT : "     2.035970673;CPU0;3632;;UNC_M_CAS_COUNT.RD[UNIT1];15999137;100.00;;"
8626 [140369472239296] INFO perfrun.perfcollector <> - PERF_STAT : "     2.035970673;CPU10;180;;UNC_M_CAS_COUNT.RD[UNIT1];15993510;100.00;;"
8626 [140369472239296] INFO perfrun.perfcollector <> - PERF_STAT : "     2.035970673;CPU0;2781;;UNC_M_CAS_COUNT.RD[UNIT4];15999057;100.00;;"
8626 [140369472239296] INFO perfrun.perfcollector <> - PERF_STAT : "     2.035970673;CPU10;137;;UNC_M_CAS_COUNT.RD[UNIT4];15995293;100.00;;"
8626 [140369472239296] INFO perfrun.perfcollector <> - PERF_STAT : "     2.035970673;CPU0;3558;;UNC_M_CAS_COUNT.RD[UNIT5];15999084;100.00;;"
8626 [140369472239296] INFO perfrun.perfcollector <> - PERF_STAT : "     2.035970673;CPU10;191;;UNC_M_CAS_COUNT.RD[UNIT5];15997070;100.00;;"
8626 [140369472239296] INFO perfrun.perfcollector <> - PERF_STAT : "     2.035970673;CPU0;1523;;UNC_M_CAS_COUNT.WR[UNIT0];15999183;100.00;;"
8626 [140369472239296] INFO perfrun.perfcollector <> - PERF_STAT : "     2.035970673;CPU10;46;;UNC_M_CAS_COUNT.WR[UNIT0];15998985;100.00;;"
8626 [140369472239296] INFO perfrun.perfcollector <> - PERF_STAT : "     2.035970673;CPU0;2410;;UNC_M_CAS_COUNT.WR[UNIT1];15999064;100.00;;"
8626 [140369472239296] INFO perfrun.perfcollector <> - PERF_STAT : "     2.035970673;CPU10;113;;UNC_M_CAS_COUNT.WR[UNIT1];16000870;100.00;;"
8626 [140369472239296] INFO perfrun.perfcollector <> - PERF_STAT : "     2.035970673;CPU0;1537;;UNC_M_CAS_COUNT.WR[UNIT4];15999016;100.00;;"
8626 [140369472239296] INFO perfrun.perfcollector <> - PERF_STAT : "     2.035970673;CPU10;50;;UNC_M_CAS_COUNT.WR[UNIT4];16002490;100.00;;"
8626 [140369472239296] INFO perfrun.perfcollector <> - PERF_STAT : "     2.035970673;CPU0;2356;;UNC_M_CAS_COUNT.WR[UNIT5];15998912;100.00;;"
8626 [140369472239296] INFO perfrun.perfcollector <> - PERF_STAT : "     2.035970673;CPU10;104;;UNC_M_CAS_COUNT.WR[UNIT5];16004146;100.00;;"
8642 [140369472239296] INFO perfrun.perfcollector <> - PERF_STAT : "     2.052031342;CPU0;3540;;UNC_M_CAS_COUNT.RD[UNIT0];16002876;100.00;;"
8642 [140369472239296] INFO perfrun.perfcollector <> - PERF_STAT : "     2.052031342;CPU10;346;;UNC_M_CAS_COUNT.RD[UNIT0];16003569;100.00;;"
8642 [140369472239296] INFO perfrun.perfcollector <> - PERF_STAT : "     2.052031342;CPU0;4175;;UNC_M_CAS_COUNT.RD[UNIT1];16003005;100.00;;"
8642 [140369472239296] INFO perfrun.perfcollector <> - PERF_STAT : "     2.052031342;CPU10;426;;UNC_M_CAS_COUNT.RD[UNIT1];16003663;100.00;;"
8642 [140369472239296] INFO perfrun.perfcollector <> - PERF_STAT : "     2.052031342;CPU0;3469;;UNC_M_CAS_COUNT.RD[UNIT4];16003198;100.00;;"
8642 [140369472239296] INFO perfrun.perfcollector <> - PERF_STAT : "     2.052031342;CPU10;490;;UNC_M_CAS_COUNT.RD[UNIT4];16003703;100.00;;"
8642 [140369472239296] INFO perfrun.perfcollector <> - PERF_STAT : "     2.052031342;CPU0;4167;;UNC_M_CAS_COUNT.RD[UNIT5];16003122;100.00;;"
8642 [140369472239296] INFO perfrun.perfcollector <> - PERF_STAT : "     2.052031342;CPU10;583;;UNC_M_CAS_COUNT.RD[UNIT5];16015357;100.00;;"
8642 [140369472239296] INFO perfrun.perfcollector <> - PERF_STAT : "     2.052031342;CPU0;1682;;UNC_M_CAS_COUNT.WR[UNIT0];16002987;100.00;;"
8642 [140369472239296] INFO perfrun.perfcollector <> - PERF_STAT : "     2.052031342;CPU10;35;;UNC_M_CAS_COUNT.WR[UNIT0];16013442;100.00;;"
8642 [140369472239296] INFO perfrun.perfcollector <> - PERF_STAT : "     2.052031342;CPU0;2546;;UNC_M_CAS_COUNT.WR[UNIT1];16002977;100.00;;"
8642 [140369472239296] INFO perfrun.perfcollector <> - PERF_STAT : "     2.052031342;CPU10;129;;UNC_M_CAS_COUNT.WR[UNIT1];16011570;100.00;;"
8642 [140369472239296] INFO perfrun.perfcollector <> - PERF_STAT : "     2.052031342;CPU0;1725;;UNC_M_CAS_COUNT.WR[UNIT4];16003005;100.00;;"
8642 [140369472239296] INFO perfrun.perfcollector <> - PERF_STAT : "     2.052031342;CPU10;63;;UNC_M_CAS_COUNT.WR[UNIT4];16009776;100.00;;"
8642 [140369472239296] INFO perfrun.perfcollector <> - PERF_STAT : "     2.052031342;CPU0;2486;;UNC_M_CAS_COUNT.WR[UNIT5];16002956;100.00;;"
8642 [140369472239296] INFO perfrun.perfcollector <> - PERF_STAT : "     2.052031342;CPU10;163;;UNC_M_CAS_COUNT.WR[UNIT5];16008005;100.00;;"
8658 [140369472239296] INFO perfrun.perfcollector <> - PERF_STAT : "     2.067985207;CPU0;3368;;UNC_M_CAS_COUNT.RD[UNIT0];15996894;100.00;;"
8658 [140369472239296] INFO perfrun.perfcollector <> - PERF_STAT : "     2.067985207;CPU10;247;;UNC_M_CAS_COUNT.RD[UNIT0];15996201;100.00;;"
8658 [140369472239296] INFO perfrun.perfcollector <> - PERF_STAT : "     2.067985207;CPU0;4178;;UNC_M_CAS_COUNT.RD[UNIT1];15996883;100.00;;"
8658 [140369472239296] INFO perfrun.perfcollector <> - PERF_STAT : "     2.067985207;CPU10;249;;UNC_M_CAS_COUNT.RD[UNIT1];15996049;100.00;;"
8658 [140369472239296] INFO perfrun.perfcollector <> - PERF_STAT : "     2.067985207;CPU0;3364;;UNC_M_CAS_COUNT.RD[UNIT4];15996835;100.00;;"
8658 [140369472239296] INFO perfrun.perfcollector <> - PERF_STAT : "     2.067985207;CPU10;244;;UNC_M_CAS_COUNT.RD[UNIT4];15996043;100.00;;"
8658 [140369472239296] INFO perfrun.perfcollector <> - PERF_STAT : "     2.067985207;CPU0;4217;;UNC_M_CAS_COUNT.RD[UNIT5];15996955;100.00;;"
8658 [140369472239296] INFO perfrun.perfcollector <> - PERF_STAT : "     2.067985207;CPU10;286;;UNC_M_CAS_COUNT.RD[UNIT5];15984299;100.00;;"
8658 [140369472239296] INFO perfrun.perfcollector <> - PERF_STAT : "     2.067985207;CPU0;1878;;UNC_M_CAS_COUNT.WR[UNIT0];15996953;100.00;;"
8658 [140369472239296] INFO perfrun.perfcollector <> - PERF_STAT : "     2.067985207;CPU10;37;;UNC_M_CAS_COUNT.WR[UNIT0];15986277;100.00;;"
8658 [140369472239296] INFO perfrun.perfcollector <> - PERF_STAT : "     2.067985207;CPU0;2714;;UNC_M_CAS_COUNT.WR[UNIT1];15996869;100.00;;"
8658 [140369472239296] INFO perfrun.perfcollector <> - PERF_STAT : "     2.067985207;CPU10;95;;UNC_M_CAS_COUNT.WR[UNIT1];15988149;100.00;;"
8658 [140369472239296] INFO perfrun.perfcollector <> - PERF_STAT : "     2.067985207;CPU0;1898;;UNC_M_CAS_COUNT.WR[UNIT4];15996832;100.00;;"
8658 [140369472239296] INFO perfrun.perfcollector <> - PERF_STAT : "     2.067985207;CPU10;46;;UNC_M_CAS_COUNT.WR[UNIT4];15989920;100.00;;"
8658 [140369472239296] INFO perfrun.perfcollector <> - PERF_STAT : "     2.067985207;CPU0;2642;;UNC_M_CAS_COUNT.WR[UNIT5];15996848;100.00;;"
8658 [140369472239296] INFO perfrun.perfcollector <> - PERF_STAT : "     2.067985207;CPU10;97;;UNC_M_CAS_COUNT.WR[UNIT5];15991694;100.00;;"
8674 [140369472239296] INFO perfrun.perfcollector <> - PERF_STAT : "     2.084032860;CPU0;2803;;UNC_M_CAS_COUNT.RD[UNIT0];16000671;100.00;;"
8674 [140369472239296] INFO perfrun.perfcollector <> - PERF_STAT : "     2.084032860;CPU10;163;;UNC_M_CAS_COUNT.RD[UNIT0];16000582;100.00;;"
8674 [140369472239296] INFO perfrun.perfcollector <> - PERF_STAT : "     2.084032860;CPU0;3639;;UNC_M_CAS_COUNT.RD[UNIT1];16000599;100.00;;"
8674 [140369472239296] INFO perfrun.perfcollector <> - PERF_STAT : "     2.084032860;CPU10;198;;UNC_M_CAS_COUNT.RD[UNIT1];16000579;100.00;;"
8674 [140369472239296] INFO perfrun.perfcollector <> - PERF_STAT : "     2.084032860;CPU0;2884;;UNC_M_CAS_COUNT.RD[UNIT4];16000517;100.00;;"
8674 [140369472239296] INFO perfrun.perfcollector <> - PERF_STAT : "     2.084032860;CPU10;263;;UNC_M_CAS_COUNT.RD[UNIT4];16000576;100.00;;"
8674 [140369472239296] INFO perfrun.perfcollector <> - PERF_STAT : "     2.084032860;CPU0;3651;;UNC_M_CAS_COUNT.RD[UNIT5];16000419;100.00;;"
8674 [140369472239296] INFO perfrun.perfcollector <> - PERF_STAT : "     2.084032860;CPU10;315;;UNC_M_CAS_COUNT.RD[UNIT5];16000566;100.00;;"
8674 [140369472239296] INFO perfrun.perfcollector <> - PERF_STAT : "     2.084032860;CPU0;1502;;UNC_M_CAS_COUNT.WR[UNIT0];16000555;100.00;;"
8674 [140369472239296] INFO perfrun.perfcollector <> - PERF_STAT : "     2.084032860;CPU10;43;;UNC_M_CAS_COUNT.WR[UNIT0];16000429;100.00;;"
8674 [140369472239296] INFO perfrun.perfcollector <> - PERF_STAT : "     2.084032860;CPU0;2446;;UNC_M_CAS_COUNT.WR[UNIT1];16000631;100.00;;"
8674 [140369472239296] INFO perfrun.perfcollector <> - PERF_STAT : "     2.084032860;CPU10;101;;UNC_M_CAS_COUNT.WR[UNIT1];16000419;100.00;;"
8674 [140369472239296] INFO perfrun.perfcollector <> - PERF_STAT : "     2.084032860;CPU0;1540;;UNC_M_CAS_COUNT.WR[UNIT4];16000638;100.00;;"
8674 [140369472239296] INFO perfrun.perfcollector <> - PERF_STAT : "     2.084032860;CPU10;85;;UNC_M_CAS_COUNT.WR[UNIT4];16000425;100.00;;"
8674 [140369472239296] INFO perfrun.perfcollector <> - PERF_STAT : "     2.084032860;CPU0;2364;;UNC_M_CAS_COUNT.WR[UNIT5];16000673;100.00;;"
8674 [140369472239296] INFO perfrun.perfcollector <> - PERF_STAT : "     2.084032860;CPU10;155;;UNC_M_CAS_COUNT.WR[UNIT5];16000422;100.00;;"
8686 [140369472239296] INFO perfrun.perfcollector <> - PERF_STAT : "     2.100022994;CPU0;2249;;UNC_M_CAS_COUNT.RD[UNIT0];12033742;100.00;;"
8686 [140369472239296] INFO perfrun.perfcollector <> - PERF_STAT : "     2.100022994;CPU10;206;;UNC_M_CAS_COUNT.RD[UNIT0];12034592;100.00;;"
8686 [140369472239296] INFO perfrun.perfcollector <> - PERF_STAT : "     2.100022994;CPU0;2856;;UNC_M_CAS_COUNT.RD[UNIT1];12034020;100.00;;"
8686 [140369472239296] INFO perfrun.perfcollector <> - PERF_STAT : "     2.100022994;CPU10;228;;UNC_M_CAS_COUNT.RD[UNIT1];12034633;100.00;;"
8686 [140369472239296] INFO perfrun.perfcollector <> - PERF_STAT : "     2.100022994;CPU0;2256;;UNC_M_CAS_COUNT.RD[UNIT4];12034127;100.00;;"
8686 [140369472239296] INFO perfrun.perfcollector <> - PERF_STAT : "     2.100022994;CPU10;213;;UNC_M_CAS_COUNT.RD[UNIT4];12034632;100.00;;"
8686 [140369472239296] INFO perfrun.perfcollector <> - PERF_STAT : "     2.100022994;CPU0;2888;;UNC_M_CAS_COUNT.RD[UNIT5];12034145;100.00;;"
8686 [140369472239296] INFO perfrun.perfcollector <> - PERF_STAT : "     2.100022994;CPU10;250;;UNC_M_CAS_COUNT.RD[UNIT5];12034645;100.00;;"
8686 [140369472239296] INFO perfrun.perfcollector <> - PERF_STAT : "     2.100022994;CPU0;1296;;UNC_M_CAS_COUNT.WR[UNIT0];12034096;100.00;;"
8686 [140369472239296] INFO perfrun.perfcollector <> - PERF_STAT : "     2.100022994;CPU10;39;;UNC_M_CAS_COUNT.WR[UNIT0];12034686;100.00;;"
8686 [140369472239296] INFO perfrun.perfcollector <> - PERF_STAT : "     2.100022994;CPU0;1916;;UNC_M_CAS_COUNT.WR[UNIT1];12034190;100.00;;"
8686 [140369472239296] INFO perfrun.perfcollector <> - PERF_STAT : "     2.100022994;CPU10;91;;UNC_M_CAS_COUNT.WR[UNIT1];12034698;100.00;;"
8686 [140369472239296] INFO perfrun.perfcollector <> - PERF_STAT : "     2.100022994;CPU0;1333;;UNC_M_CAS_COUNT.WR[UNIT4];12034281;100.00;;"
8686 [140369472239296] INFO perfrun.perfcollector <> - PERF_STAT : "     2.100022994;CPU10;47;;UNC_M_CAS_COUNT.WR[UNIT4];12040283;100.00;;"
8686 [140369472239296] INFO perfrun.perfcollector <> - PERF_STAT : "     2.100022994;CPU0;1898;;UNC_M_CAS_COUNT.WR[UNIT5];12034363;100.00;;"
8686 [140369472239296] INFO perfrun.perfcollector <> - PERF_STAT : "     2.100022994;CPU10;96;;UNC_M_CAS_COUNT.WR[UNIT5];12040272;100.00;;"
8702 [140369472239296] INFO perfrun.perfcollector <> - PERF_STAT : "     2.112070101;CPU0;2775;;UNC_M_CAS_COUNT.RD[UNIT0];15967964;100.00;;"
8702 [140369472239296] INFO perfrun.perfcollector <> - PERF_STAT : "     2.112070101;CPU10;179;;UNC_M_CAS_COUNT.RD[UNIT0];15968141;100.00;;"
8702 [140369472239296] INFO perfrun.perfcollector <> - PERF_STAT : "     2.112070101;CPU0;3707;;UNC_M_CAS_COUNT.RD[UNIT1];15967716;100.00;;"
8702 [140369472239296] INFO perfrun.perfcollector <> - PERF_STAT : "     2.112070101;CPU10;239;;UNC_M_CAS_COUNT.RD[UNIT1];15968258;100.00;;"
8702 [140369472239296] INFO perfrun.perfcollector <> - PERF_STAT : "     2.112070101;CPU0;2793;;UNC_M_CAS_COUNT.RD[UNIT4];15967608;100.00;;"
8702 [140369472239296] INFO perfrun.perfcollector <> - PERF_STAT : "     2.112070101;CPU10;237;;UNC_M_CAS_COUNT.RD[UNIT4];15968349;100.00;;"
8702 [140369472239296] INFO perfrun.perfcollector <> - PERF_STAT : "     2.112070101;CPU0;3684;;UNC_M_CAS_COUNT.RD[UNIT5];15967509;100.00;;"
8702 [140369472239296] INFO perfrun.perfcollector <> - PERF_STAT : "     2.112070101;CPU10;310;;UNC_M_CAS_COUNT.RD[UNIT5];15968379;100.00;;"
8702 [140369472239296] INFO perfrun.perfcollector <> - PERF_STAT : "     2.112070101;CPU0;1621;;UNC_M_CAS_COUNT.WR[UNIT0];15967431;100.00;;"
8702 [140369472239296] INFO perfrun.perfcollector <> - PERF_STAT : "     2.112070101;CPU10;25;;UNC_M_CAS_COUNT.WR[UNIT0];15968348;100.00;;"
8702 [140369472239296] INFO perfrun.perfcollector <> - PERF_STAT : "     2.112070101;CPU0;2353;;UNC_M_CAS_COUNT.WR[UNIT1];15967349;100.00;;"
8702 [140369472239296] INFO perfrun.perfcollector <> - PERF_STAT : "     2.112070101;CPU10;95;;UNC_M_CAS_COUNT.WR[UNIT1];15968365;100.00;;"
8702 [140369472239296] INFO perfrun.perfcollector <> - PERF_STAT : "     2.112070101;CPU0;1576;;UNC_M_CAS_COUNT.WR[UNIT4];15967259;100.00;;"
8702 [140369472239296] INFO perfrun.perfcollector <> - PERF_STAT : "     2.112070101;CPU10;41;;UNC_M_CAS_COUNT.WR[UNIT4];15962765;100.00;;"
8702 [140369472239296] INFO perfrun.perfcollector <> - PERF_STAT : "     2.112070101;CPU0;2391;;UNC_M_CAS_COUNT.WR[UNIT5];15967150;100.00;;"
8702 [140369472239296] INFO perfrun.perfcollector <> - PERF_STAT : "     2.112070101;CPU10;107;;UNC_M_CAS_COUNT.WR[UNIT5];15962792;100.00;;"
8718 [140369472239296] INFO perfrun.perfcollector <> - PERF_STAT : "     2.128009247;CPU0;2999;;UNC_M_CAS_COUNT.RD[UNIT0];15997759;100.00;;"
8718 [140369472239296] INFO perfrun.perfcollector <> - PERF_STAT : "     2.128009247;CPU10;162;;UNC_M_CAS_COUNT.RD[UNIT0];15998223;100.00;;"
8718 [140369472239296] INFO perfrun.perfcollector <> - PERF_STAT : "     2.128009247;CPU0;3885;;UNC_M_CAS_COUNT.RD[UNIT1];15997956;100.00;;"
8718 [140369472239296] INFO perfrun.perfcollector <> - PERF_STAT : "     2.128009247;CPU10;225;;UNC_M_CAS_COUNT.RD[UNIT1];15998039;100.00;;"
8718 [140369472239296] INFO perfrun.perfcollector <> - PERF_STAT : "     2.128009247;CPU0;3112;;UNC_M_CAS_COUNT.RD[UNIT4];15998123;100.00;;"
8718 [140369472239296] INFO perfrun.perfcollector <> - PERF_STAT : "     2.128009247;CPU10;178;;UNC_M_CAS_COUNT.RD[UNIT4];15998106;100.00;;"
8718 [140369472239296] INFO perfrun.perfcollector <> - PERF_STAT : "     2.128009247;CPU0;3849;;UNC_M_CAS_COUNT.RD[UNIT5];15998124;100.00;;"
8718 [140369472239296] INFO perfrun.perfcollector <> - PERF_STAT : "     2.128009247;CPU10;253;;UNC_M_CAS_COUNT.RD[UNIT5];15998179;100.00;;"
8718 [140369472239296] INFO perfrun.perfcollector <> - PERF_STAT : "     2.128009247;CPU0;1686;;UNC_M_CAS_COUNT.WR[UNIT0];15998153;100.00;;"
8718 [140369472239296] INFO perfrun.perfcollector <> - PERF_STAT : "     2.128009247;CPU10;156;;UNC_M_CAS_COUNT.WR[UNIT0];15998143;100.00;;"
8718 [140369472239296] INFO perfrun.perfcollector <> - PERF_STAT : "     2.128009247;CPU0;2505;;UNC_M_CAS_COUNT.WR[UNIT1];15998146;100.00;;"
8718 [140369472239296] INFO perfrun.perfcollector <> - PERF_STAT : "     2.128009247;CPU10;224;;UNC_M_CAS_COUNT.WR[UNIT1];15998206;100.00;;"
8718 [140369472239296] INFO perfrun.perfcollector <> - PERF_STAT : "     2.128009247;CPU0;1733;;UNC_M_CAS_COUNT.WR[UNIT4];15998213;100.00;;"
8718 [140369472239296] INFO perfrun.perfcollector <> - PERF_STAT : "     2.128009247;CPU10;133;;UNC_M_CAS_COUNT.WR[UNIT4];15998213;100.00;;"
8718 [140369472239296] INFO perfrun.perfcollector <> - PERF_STAT : "     2.128009247;CPU0;2513;;UNC_M_CAS_COUNT.WR[UNIT5];15998194;100.00;;"
8718 [140369472239296] INFO perfrun.perfcollector <> - PERF_STAT : "     2.128009247;CPU10;246;;UNC_M_CAS_COUNT.WR[UNIT5];15998213;100.00;;"
8734 [140369472239296] INFO perfrun.perfcollector <> - PERF_STAT : "     2.144011067;CPU0;2728;;UNC_M_CAS_COUNT.RD[UNIT0];16001442;100.00;;"
8734 [140369472239296] INFO perfrun.perfcollector <> - PERF_STAT : "     2.144011067;CPU10;169;;UNC_M_CAS_COUNT.RD[UNIT0];16001590;100.00;;"
8734 [140369472239296] INFO perfrun.perfcollector <> - PERF_STAT : "     2.144011067;CPU0;3614;;UNC_M_CAS_COUNT.RD[UNIT1];16001323;100.00;;"
8734 [140369472239296] INFO perfrun.perfcollector <> - PERF_STAT : "     2.144011067;CPU10;215;;UNC_M_CAS_COUNT.RD[UNIT1];16001571;100.00;;"
8734 [140369472239296] INFO perfrun.perfcollector <> - PERF_STAT : "     2.144011067;CPU0;2791;;UNC_M_CAS_COUNT.RD[UNIT4];16001282;100.00;;"
8734 [140369472239296] INFO perfrun.perfcollector <> - PERF_STAT : "     2.144011067;CPU10;230;;UNC_M_CAS_COUNT.RD[UNIT4];16001413;100.00;;"
8734 [140369472239296] INFO perfrun.perfcollector <> - PERF_STAT : "     2.144011067;CPU0;3591;;UNC_M_CAS_COUNT.RD[UNIT5];16001296;100.00;;"
8734 [140369472239296] INFO perfrun.perfcollector <> - PERF_STAT : "     2.144011067;CPU10;295;;UNC_M_CAS_COUNT.RD[UNIT5];16001470;100.00;;"
8734 [140369472239296] INFO perfrun.perfcollector <> - PERF_STAT : "     2.144011067;CPU0;1519;;UNC_M_CAS_COUNT.WR[UNIT0];16001262;100.00;;"
8734 [140369472239296] INFO perfrun.perfcollector <> - PERF_STAT : "     2.144011067;CPU10;34;;UNC_M_CAS_COUNT.WR[UNIT0];16001577;100.00;;"
8734 [140369472239296] INFO perfrun.perfcollector <> - PERF_STAT : "     2.144011067;CPU0;2328;;UNC_M_CAS_COUNT.WR[UNIT1];16001362;100.00;;"
8734 [140369472239296] INFO perfrun.perfcollector <> - PERF_STAT : "     2.144011067;CPU10;103;;UNC_M_CAS_COUNT.WR[UNIT1];16001494;100.00;;"
8734 [140369472239296] INFO perfrun.perfcollector <> - PERF_STAT : "     2.144011067;CPU0;1515;;UNC_M_CAS_COUNT.WR[UNIT4];16001278;100.00;;"
8734 [140369472239296] INFO perfrun.perfcollector <> - PERF_STAT : "     2.144011067;CPU10;58;;UNC_M_CAS_COUNT.WR[UNIT4];16001466;100.00;;"
8734 [140369472239296] INFO perfrun.perfcollector <> - PERF_STAT : "     2.144011067;CPU0;2390;;UNC_M_CAS_COUNT.WR[UNIT5];16001282;100.00;;"
8734 [140369472239296] INFO perfrun.perfcollector <> - PERF_STAT : "     2.144011067;CPU10;133;;UNC_M_CAS_COUNT.WR[UNIT5];16001447;100.00;;"
8750 [140369472239296] INFO perfrun.perfcollector <> - PERF_STAT : "     2.159989379;CPU0;2769;;UNC_M_CAS_COUNT.RD[UNIT0];15999187;100.00;;"
8750 [140369472239296] INFO perfrun.perfcollector <> - PERF_STAT : "     2.159989379;CPU10;134;;UNC_M_CAS_COUNT.RD[UNIT0];15999325;100.00;;"
8750 [140369472239296] INFO perfrun.perfcollector <> - PERF_STAT : "     2.159989379;CPU0;3618;;UNC_M_CAS_COUNT.RD[UNIT1];15999069;100.00;;"
8750 [140369472239296] INFO perfrun.perfcollector <> - PERF_STAT : "     2.159989379;CPU10;161;;UNC_M_CAS_COUNT.RD[UNIT1];15999383;100.00;;"
8750 [140369472239296] INFO perfrun.perfcollector <> - PERF_STAT : "     2.159989379;CPU0;2773;;UNC_M_CAS_COUNT.RD[UNIT4];15999038;100.00;;"
8750 [140369472239296] INFO perfrun.perfcollector <> - PERF_STAT : "     2.159989379;CPU10;153;;UNC_M_CAS_COUNT.RD[UNIT4];15999387;100.00;;"
8750 [140369472239296] INFO perfrun.perfcollector <> - PERF_STAT : "     2.159989379;CPU0;3690;;UNC_M_CAS_COUNT.RD[UNIT5];15999116;100.00;;"
8750 [140369472239296] INFO perfrun.perfcollector <> - PERF_STAT : "     2.159989379;CPU10;188;;UNC_M_CAS_COUNT.RD[UNIT5];15999234;100.00;;"
8750 [140369472239296] INFO perfrun.perfcollector <> - PERF_STAT : "     2.159989379;CPU0;1500;;UNC_M_CAS_COUNT.WR[UNIT0];15999320;100.00;;"
8750 [140369472239296] INFO perfrun.perfcollector <> - PERF_STAT : "     2.159989379;CPU10;31;;UNC_M_CAS_COUNT.WR[UNIT0];15999163;100.00;;"
8750 [140369472239296] INFO perfrun.perfcollector <> - PERF_STAT : "     2.159989379;CPU0;2391;;UNC_M_CAS_COUNT.WR[UNIT1];15999259;100.00;;"
8750 [140369472239296] INFO perfrun.perfcollector <> - PERF_STAT : "     2.159989379;CPU10;82;;UNC_M_CAS_COUNT.WR[UNIT1];15999137;100.00;;"
8750 [140369472239296] INFO perfrun.perfcollector <> - PERF_STAT : "     2.159989379;CPU0;1553;;UNC_M_CAS_COUNT.WR[UNIT4];15999272;100.00;;"
8750 [140369472239296] INFO perfrun.perfcollector <> - PERF_STAT : "     2.159989379;CPU10;48;;UNC_M_CAS_COUNT.WR[UNIT4];15999207;100.00;;"
8750 [140369472239296] INFO perfrun.perfcollector <> - PERF_STAT : "     2.159989379;CPU0;2385;;UNC_M_CAS_COUNT.WR[UNIT5];15999285;100.00;;"
8750 [140369472239296] INFO perfrun.perfcollector <> - PERF_STAT : "     2.159989379;CPU10;98;;UNC_M_CAS_COUNT.WR[UNIT5];15999390;100.00;;"
8766 [140369472239296] INFO perfrun.perfcollector <> - PERF_STAT : "     2.176033568;CPU0;3660;;UNC_M_CAS_COUNT.RD[UNIT0];15999480;100.00;;"
8766 [140369472239296] INFO perfrun.perfcollector <> - PERF_STAT : "     2.176033568;CPU10;257;;UNC_M_CAS_COUNT.RD[UNIT0];15982338;100.00;;"
8766 [140369472239296] INFO perfrun.perfcollector <> - PERF_STAT : "     2.176033568;CPU0;4366;;UNC_M_CAS_COUNT.RD[UNIT1];15999787;100.00;;"
8766 [140369472239296] INFO perfrun.perfcollector <> - PERF_STAT : "     2.176033568;CPU10;307;;UNC_M_CAS_COUNT.RD[UNIT1];15979695;100.00;;"
8766 [140369472239296] INFO perfrun.perfcollector <> - PERF_STAT : "     2.176033568;CPU0;3644;;UNC_M_CAS_COUNT.RD[UNIT4];15999694;100.00;;"
8766 [140369472239296] INFO perfrun.perfcollector <> - PERF_STAT : "     2.176033568;CPU10;363;;UNC_M_CAS_COUNT.RD[UNIT4];15977878;100.00;;"
8766 [140369472239296] INFO perfrun.perfcollector <> - PERF_STAT : "     2.176033568;CPU0;4310;;UNC_M_CAS_COUNT.RD[UNIT5];15999738;100.00;;"
8766 [140369472239296] INFO perfrun.perfcollector <> - PERF_STAT : "     2.176033568;CPU10;447;;UNC_M_CAS_COUNT.RD[UNIT5];15976024;100.00;;"
8766 [140369472239296] INFO perfrun.perfcollector <> - PERF_STAT : "     2.176033568;CPU0;1659;;UNC_M_CAS_COUNT.WR[UNIT0];15999547;100.00;;"
8766 [140369472239296] INFO perfrun.perfcollector <> - PERF_STAT : "     2.176033568;CPU10;46;;UNC_M_CAS_COUNT.WR[UNIT0];15974179;100.00;;"
8766 [140369472239296] INFO perfrun.perfcollector <> - PERF_STAT : "     2.176033568;CPU0;2545;;UNC_M_CAS_COUNT.WR[UNIT1];15999497;100.00;;"
8766 [140369472239296] INFO perfrun.perfcollector <> - PERF_STAT : "     2.176033568;CPU10;139;;UNC_M_CAS_COUNT.WR[UNIT1];15972336;100.00;;"
8766 [140369472239296] INFO perfrun.perfcollector <> - PERF_STAT : "     2.176033568;CPU0;1594;;UNC_M_CAS_COUNT.WR[UNIT4];15999502;100.00;;"
8766 [140369472239296] INFO perfrun.perfcollector <> - PERF_STAT : "     2.176033568;CPU10;95;;UNC_M_CAS_COUNT.WR[UNIT4];15970534;100.00;;"
8766 [140369472239296] INFO perfrun.perfcollector <> - PERF_STAT : "     2.176033568;CPU0;2522;;UNC_M_CAS_COUNT.WR[UNIT5];15999524;100.00;;"
8766 [140369472239296] INFO perfrun.perfcollector <> - PERF_STAT : "     2.176033568;CPU10;188;;UNC_M_CAS_COUNT.WR[UNIT5];15968552;100.00;;"
8780 [140369472239296] INFO perfrun.perfcollector <> - PERF_STAT : "     2.191942917;CPU0;2490;;UNC_M_CAS_COUNT.RD[UNIT0];13725674;100.00;;"
8780 [140369472239296] INFO perfrun.perfcollector <> - PERF_STAT : "     2.191942917;CPU10;152;;UNC_M_CAS_COUNT.RD[UNIT0];13743159;100.00;;"
8780 [140369472239296] INFO perfrun.perfcollector <> - PERF_STAT : "     2.191942917;CPU0;3208;;UNC_M_CAS_COUNT.RD[UNIT1];13725475;100.00;;"
8780 [140369472239296] INFO perfrun.perfcollector <> - PERF_STAT : "     2.191942917;CPU10;167;;UNC_M_CAS_COUNT.RD[UNIT1];13745789;100.00;;"
8780 [140369472239296] INFO perfrun.perfcollector <> - PERF_STAT : "     2.191942917;CPU0;2505;;UNC_M_CAS_COUNT.RD[UNIT4];13725487;100.00;;"
8780 [140369472239296] INFO perfrun.perfcollector <> - PERF_STAT : "     2.191942917;CPU10;177;;UNC_M_CAS_COUNT.RD[UNIT4];13747610;100.00;;"
8780 [140369472239296] INFO perfrun.perfcollector <> - PERF_STAT : "     2.191942917;CPU0;3133;;UNC_M_CAS_COUNT.RD[UNIT5];13725476;100.00;;"
8780 [140369472239296] INFO perfrun.perfcollector <> - PERF_STAT : "     2.191942917;CPU10;207;;UNC_M_CAS_COUNT.RD[UNIT5];13749463;100.00;;"
8780 [140369472239296] INFO perfrun.perfcollector <> - PERF_STAT : "     2.191942917;CPU0;1468;;UNC_M_CAS_COUNT.WR[UNIT0];13725482;100.00;;"
8780 [140369472239296] INFO perfrun.perfcollector <> - PERF_STAT : "     2.191942917;CPU10;56;;UNC_M_CAS_COUNT.WR[UNIT0];13751305;100.00;;"
8780 [140369472239296] INFO perfrun.perfcollector <> - PERF_STAT : "     2.191942917;CPU0;2165;;UNC_M_CAS_COUNT.WR[UNIT1];13725521;100.00;;"
8780 [140369472239296] INFO perfrun.perfcollector <> - PERF_STAT : "     2.191942917;CPU10;100;;UNC_M_CAS_COUNT.WR[UNIT1];13753135;100.00;;"
8780 [140369472239296] INFO perfrun.perfcollector <> - PERF_STAT : "     2.191942917;CPU0;1365;;UNC_M_CAS_COUNT.WR[UNIT4];13725522;100.00;;"
8780 [140369472239296] INFO perfrun.perfcollector <> - PERF_STAT : "     2.191942917;CPU10;60;;UNC_M_CAS_COUNT.WR[UNIT4];13754914;100.00;;"
8780 [140369472239296] INFO perfrun.perfcollector <> - PERF_STAT : "     2.191942917;CPU0;2176;;UNC_M_CAS_COUNT.WR[UNIT5];13725501;100.00;;"
8780 [140369472239296] INFO perfrun.perfcollector <> - PERF_STAT : "     2.191942917;CPU10;106;;UNC_M_CAS_COUNT.WR[UNIT5];13756732;100.00;;"
8794 [140369472239296] INFO perfrun.perfcollector <> - PERF_STAT : "     2.205756816;CPU0;2486;;UNC_M_CAS_COUNT.RD[UNIT0];14282468;100.00;;"
8794 [140369472239296] INFO perfrun.perfcollector <> - PERF_STAT : "     2.205756816;CPU10;194;;UNC_M_CAS_COUNT.RD[UNIT0];14284663;100.00;;"
8794 [140369472239296] INFO perfrun.perfcollector <> - PERF_STAT : "     2.205756816;CPU0;3223;;UNC_M_CAS_COUNT.RD[UNIT1];14282397;100.00;;"
8794 [140369472239296] INFO perfrun.perfcollector <> - PERF_STAT : "     2.205756816;CPU10;224;;UNC_M_CAS_COUNT.RD[UNIT1];14284687;100.00;;"
8794 [140369472239296] INFO perfrun.perfcollector <> - PERF_STAT : "     2.205756816;CPU0;2527;;UNC_M_CAS_COUNT.RD[UNIT4];14282396;100.00;;"
8794 [140369472239296] INFO perfrun.perfcollector <> - PERF_STAT : "     2.205756816;CPU10;228;;UNC_M_CAS_COUNT.RD[UNIT4];14284863;100.00;;"
8794 [140369472239296] INFO perfrun.perfcollector <> - PERF_STAT : "     2.205756816;CPU0;3279;;UNC_M_CAS_COUNT.RD[UNIT5];14282448;100.00;;"
8794 [140369472239296] INFO perfrun.perfcollector <> - PERF_STAT : "     2.205756816;CPU10;313;;UNC_M_CAS_COUNT.RD[UNIT5];14284853;100.00;;"
8794 [140369472239296] INFO perfrun.perfcollector <> - PERF_STAT : "     2.205756816;CPU0;1432;;UNC_M_CAS_COUNT.WR[UNIT0];14282441;100.00;;"
8794 [140369472239296] INFO perfrun.perfcollector <> - PERF_STAT : "     2.205756816;CPU10;51;;UNC_M_CAS_COUNT.WR[UNIT0];14284850;100.00;;"
8794 [140369472239296] INFO perfrun.perfcollector <> - PERF_STAT : "     2.205756816;CPU0;2197;;UNC_M_CAS_COUNT.WR[UNIT1];14282419;100.00;;"
8794 [140369472239296] INFO perfrun.perfcollector <> - PERF_STAT : "     2.205756816;CPU10;130;;UNC_M_CAS_COUNT.WR[UNIT1];14284867;100.00;;"
8794 [140369472239296] INFO perfrun.perfcollector <> - PERF_STAT : "     2.205756816;CPU0;1485;;UNC_M_CAS_COUNT.WR[UNIT4];14282403;100.00;;"
8794 [140369472239296] INFO perfrun.perfcollector <> - PERF_STAT : "     2.205756816;CPU10;52;;UNC_M_CAS_COUNT.WR[UNIT4];14284856;100.00;;"
8794 [140369472239296] INFO perfrun.perfcollector <> - PERF_STAT : "     2.205756816;CPU0;2235;;UNC_M_CAS_COUNT.WR[UNIT5];14282394;100.00;;"
8794 [140369472239296] INFO perfrun.perfcollector <> - PERF_STAT : "     2.205756816;CPU10;155;;UNC_M_CAS_COUNT.WR[UNIT5];14284830;100.00;;"
8810 [140369472239296] INFO perfrun.perfcollector <> - PERF_STAT : "     2.220036394;CPU0;2831;;UNC_M_CAS_COUNT.RD[UNIT0];15990830;100.00;;"
8810 [140369472239296] INFO perfrun.perfcollector <> - PERF_STAT : "     2.220036394;CPU10;170;;UNC_M_CAS_COUNT.RD[UNIT0];15995892;100.00;;"
8810 [140369472239296] INFO perfrun.perfcollector <> - PERF_STAT : "     2.220036394;CPU0;3696;;UNC_M_CAS_COUNT.RD[UNIT1];15991040;100.00;;"
8810 [140369472239296] INFO perfrun.perfcollector <> - PERF_STAT : "     2.220036394;CPU10;179;;UNC_M_CAS_COUNT.RD[UNIT1];15993135;100.00;;"
8810 [140369472239296] INFO perfrun.perfcollector <> - PERF_STAT : "     2.220036394;CPU0;2824;;UNC_M_CAS_COUNT.RD[UNIT4];15991128;100.00;;"
8810 [140369472239296] INFO perfrun.perfcollector <> - PERF_STAT : "     2.220036394;CPU10;183;;UNC_M_CAS_COUNT.RD[UNIT4];15991253;100.00;;"
8810 [140369472239296] INFO perfrun.perfcollector <> - PERF_STAT : "     2.220036394;CPU0;3650;;UNC_M_CAS_COUNT.RD[UNIT5];15990952;100.00;;"
8810 [140369472239296] INFO perfrun.perfcollector <> - PERF_STAT : "     2.220036394;CPU10;225;;UNC_M_CAS_COUNT.RD[UNIT5];15989541;100.00;;"
8810 [140369472239296] INFO perfrun.perfcollector <> - PERF_STAT : "     2.220036394;CPU0;1589;;UNC_M_CAS_COUNT.WR[UNIT0];15990972;100.00;;"
8810 [140369472239296] INFO perfrun.perfcollector <> - PERF_STAT : "     2.220036394;CPU10;47;;UNC_M_CAS_COUNT.WR[UNIT0];15987699;100.00;;"
8810 [140369472239296] INFO perfrun.perfcollector <> - PERF_STAT : "     2.220036394;CPU0;2460;;UNC_M_CAS_COUNT.WR[UNIT1];15991101;100.00;;"
8810 [140369472239296] INFO perfrun.perfcollector <> - PERF_STAT : "     2.220036394;CPU10;97;;UNC_M_CAS_COUNT.WR[UNIT1];15986003;100.00;;"
8810 [140369472239296] INFO perfrun.perfcollector <> - PERF_STAT : "     2.220036394;CPU0;1631;;UNC_M_CAS_COUNT.WR[UNIT4];15991114;100.00;;"
8810 [140369472239296] INFO perfrun.perfcollector <> - PERF_STAT : "     2.220036394;CPU10;58;;UNC_M_CAS_COUNT.WR[UNIT4];15984223;100.00;;"
8810 [140369472239296] INFO perfrun.perfcollector <> - PERF_STAT : "     2.220036394;CPU0;2428;;UNC_M_CAS_COUNT.WR[UNIT5];15991154;100.00;;"
8810 [140369472239296] INFO perfrun.perfcollector <> - PERF_STAT : "     2.220036394;CPU10;106;;UNC_M_CAS_COUNT.WR[UNIT5];15982438;100.00;;"
8826 [140369472239296] INFO perfrun.perfcollector <> - PERF_STAT : "     2.235964157;CPU0;2980;;UNC_M_CAS_COUNT.RD[UNIT0];16002601;100.00;;"
8826 [140369472239296] INFO perfrun.perfcollector <> - PERF_STAT : "     2.235964157;CPU10;705;;UNC_M_CAS_COUNT.RD[UNIT0];15975763;100.00;;"
8826 [140369472239296] INFO perfrun.perfcollector <> - PERF_STAT : "     2.235964157;CPU0;3790;;UNC_M_CAS_COUNT.RD[UNIT1];16002505;100.00;;"
8826 [140369472239296] INFO perfrun.perfcollector <> - PERF_STAT : "     2.235964157;CPU10;872;;UNC_M_CAS_COUNT.RD[UNIT1];15975686;100.00;;"
8826 [140369472239296] INFO perfrun.perfcollector <> - PERF_STAT : "     2.235964157;CPU0;2899;;UNC_M_CAS_COUNT.RD[UNIT4];16002571;100.00;;"
8826 [140369472239296] INFO perfrun.perfcollector <> - PERF_STAT : "     2.235964157;CPU10;829;;UNC_M_CAS_COUNT.RD[UNIT4];15975651;100.00;;"
8826 [140369472239296] INFO perfrun.perfcollector <> - PERF_STAT : "     2.235964157;CPU0;3696;;UNC_M_CAS_COUNT.RD[UNIT5];16002558;100.00;;"
8826 [140369472239296] INFO perfrun.perfcollector <> - PERF_STAT : "     2.235964157;CPU10;996;;UNC_M_CAS_COUNT.RD[UNIT5];15975551;100.00;;"
8826 [140369472239296] INFO perfrun.perfcollector <> - PERF_STAT : "     2.235964157;CPU0;1680;;UNC_M_CAS_COUNT.WR[UNIT0];16002666;100.00;;"
8826 [140369472239296] INFO perfrun.perfcollector <> - PERF_STAT : "     2.235964157;CPU10;137;;UNC_M_CAS_COUNT.WR[UNIT0];15975769;100.00;;"
8826 [140369472239296] INFO perfrun.perfcollector <> - PERF_STAT : "     2.235964157;CPU0;2553;;UNC_M_CAS_COUNT.WR[UNIT1];16002768;100.00;;"
8826 [140369472239296] INFO perfrun.perfcollector <> - PERF_STAT : "     2.235964157;CPU10;274;;UNC_M_CAS_COUNT.WR[UNIT1];15975777;100.00;;"
8826 [140369472239296] INFO perfrun.perfcollector <> - PERF_STAT : "     2.235964157;CPU0;1695;;UNC_M_CAS_COUNT.WR[UNIT4];16002764;100.00;;"
8826 [140369472239296] INFO perfrun.perfcollector <> - PERF_STAT : "     2.235964157;CPU10;154;;UNC_M_CAS_COUNT.WR[UNIT4];15975817;100.00;;"
8826 [140369472239296] INFO perfrun.perfcollector <> - PERF_STAT : "     2.235964157;CPU0;2620;;UNC_M_CAS_COUNT.WR[UNIT5];16002709;100.00;;"
8826 [140369472239296] INFO perfrun.perfcollector <> - PERF_STAT : "     2.235964157;CPU10;315;;UNC_M_CAS_COUNT.WR[UNIT5];15975833;100.00;;"
8842 [140369472239296] INFO perfrun.perfcollector <> - PERF_STAT : "     2.251940831;CPU0;2864;;UNC_M_CAS_COUNT.RD[UNIT0];15999700;100.00;;"
8842 [140369472239296] INFO perfrun.perfcollector <> - PERF_STAT : "     2.251940831;CPU10;159;;UNC_M_CAS_COUNT.RD[UNIT0];16018902;100.00;;"
8842 [140369472239296] INFO perfrun.perfcollector <> - PERF_STAT : "     2.251940831;CPU0;3646;;UNC_M_CAS_COUNT.RD[UNIT1];15999583;100.00;;"
8842 [140369472239296] INFO perfrun.perfcollector <> - PERF_STAT : "     2.251940831;CPU10;185;;UNC_M_CAS_COUNT.RD[UNIT1];16021699;100.00;;"
8842 [140369472239296] INFO perfrun.perfcollector <> - PERF_STAT : "     2.251940831;CPU0;2858;;UNC_M_CAS_COUNT.RD[UNIT4];15999352;100.00;;"
8842 [140369472239296] INFO perfrun.perfcollector <> - PERF_STAT : "     2.251940831;CPU10;165;;UNC_M_CAS_COUNT.RD[UNIT4];16023666;100.00;;"
8842 [140369472239296] INFO perfrun.perfcollector <> - PERF_STAT : "     2.251940831;CPU0;3668;;UNC_M_CAS_COUNT.RD[UNIT5];15999368;100.00;;"
8842 [140369472239296] INFO perfrun.perfcollector <> - PERF_STAT : "     2.251940831;CPU10;206;;UNC_M_CAS_COUNT.RD[UNIT5];16025449;100.00;;"
8842 [140369472239296] INFO perfrun.perfcollector <> - PERF_STAT : "     2.251940831;CPU0;1608;;UNC_M_CAS_COUNT.WR[UNIT0];15999243;100.00;;"
8842 [140369472239296] INFO perfrun.perfcollector <> - PERF_STAT : "     2.251940831;CPU10;63;;UNC_M_CAS_COUNT.WR[UNIT0];16027243;100.00;;"
8842 [140369472239296] INFO perfrun.perfcollector <> - PERF_STAT : "     2.251940831;CPU0;2494;;UNC_M_CAS_COUNT.WR[UNIT1];15999008;100.00;;"
8842 [140369472239296] INFO perfrun.perfcollector <> - PERF_STAT : "     2.251940831;CPU10;108;;UNC_M_CAS_COUNT.WR[UNIT1];16028944;100.00;;"
8842 [140369472239296] INFO perfrun.perfcollector <> - PERF_STAT : "     2.251940831;CPU0;1692;;UNC_M_CAS_COUNT.WR[UNIT4];15999109;100.00;;"
8842 [140369472239296] INFO perfrun.perfcollector <> - PERF_STAT : "     2.251940831;CPU10;34;;UNC_M_CAS_COUNT.WR[UNIT4];16030701;100.00;;"
8842 [140369472239296] INFO perfrun.perfcollector <> - PERF_STAT : "     2.251940831;CPU0;2497;;UNC_M_CAS_COUNT.WR[UNIT5];15999196;100.00;;"
8842 [140369472239296] INFO perfrun.perfcollector <> - PERF_STAT : "     2.251940831;CPU10;86;;UNC_M_CAS_COUNT.WR[UNIT5];16032450;100.00;;"
8862 [140369472239296] INFO perfrun.perfcollector <> - PERF_STAT : "     2.268006216;CPU0;3455;;UNC_M_CAS_COUNT.RD[UNIT0];20000358;100.00;;"
8862 [140369472239296] INFO perfrun.perfcollector <> - PERF_STAT : "     2.268006216;CPU10;193;;UNC_M_CAS_COUNT.RD[UNIT0];19998129;100.00;;"
8862 [140369472239296] INFO perfrun.perfcollector <> - PERF_STAT : "     2.268006216;CPU0;4530;;UNC_M_CAS_COUNT.RD[UNIT1];20000498;100.00;;"
8862 [140369472239296] INFO perfrun.perfcollector <> - PERF_STAT : "     2.268006216;CPU10;217;;UNC_M_CAS_COUNT.RD[UNIT1];19998283;100.00;;"
8862 [140369472239296] INFO perfrun.perfcollector <> - PERF_STAT : "     2.268006216;CPU0;3476;;UNC_M_CAS_COUNT.RD[UNIT4];20000678;100.00;;"
8862 [140369472239296] INFO perfrun.perfcollector <> - PERF_STAT : "     2.268006216;CPU10;230;;UNC_M_CAS_COUNT.RD[UNIT4];19998106;100.00;;"
8862 [140369472239296] INFO perfrun.perfcollector <> - PERF_STAT : "     2.268006216;CPU0;4550;;UNC_M_CAS_COUNT.RD[UNIT5];20000681;100.00;;"
8862 [140369472239296] INFO perfrun.perfcollector <> - PERF_STAT : "     2.268006216;CPU10;290;;UNC_M_CAS_COUNT.RD[UNIT5];19998153;100.00;;"
8862 [140369472239296] INFO perfrun.perfcollector <> - PERF_STAT : "     2.268006216;CPU0;2011;;UNC_M_CAS_COUNT.WR[UNIT0];20000669;100.00;;"
8862 [140369472239296] INFO perfrun.perfcollector <> - PERF_STAT : "     2.268006216;CPU10;49;;UNC_M_CAS_COUNT.WR[UNIT0];19997969;100.00;;"
8862 [140369472239296] INFO perfrun.perfcollector <> - PERF_STAT : "     2.268006216;CPU0;3011;;UNC_M_CAS_COUNT.WR[UNIT1];20000663;100.00;;"
8862 [140369472239296] INFO perfrun.perfcollector <> - PERF_STAT : "     2.268006216;CPU10;110;;UNC_M_CAS_COUNT.WR[UNIT1];19998105;100.00;;"
8862 [140369472239296] INFO perfrun.perfcollector <> - PERF_STAT : "     2.268006216;CPU0;2034;;UNC_M_CAS_COUNT.WR[UNIT4];20000572;100.00;;"
8862 [140369472239296] INFO perfrun.perfcollector <> - PERF_STAT : "     2.268006216;CPU10;60;;UNC_M_CAS_COUNT.WR[UNIT4];19998209;100.00;;"
8862 [140369472239296] INFO perfrun.perfcollector <> - PERF_STAT : "     2.268006216;CPU0;3084;;UNC_M_CAS_COUNT.WR[UNIT5];20000496;100.00;;"
8862 [140369472239296] INFO perfrun.perfcollector <> - PERF_STAT : "     2.268006216;CPU10;138;;UNC_M_CAS_COUNT.WR[UNIT5];19998236;100.00;;"
8878 [140369472239296] INFO perfrun.perfcollector <> - PERF_STAT : "     2.287999594;CPU0;3137;;UNC_M_CAS_COUNT.RD[UNIT0];16028832;100.00;;"
8878 [140369472239296] INFO perfrun.perfcollector <> - PERF_STAT : "     2.287999594;CPU10;2148;;UNC_M_CAS_COUNT.RD[UNIT0];16034695;100.00;;"
8878 [140369472239296] INFO perfrun.perfcollector <> - PERF_STAT : "     2.287999594;CPU0;4071;;UNC_M_CAS_COUNT.RD[UNIT1];16028856;100.00;;"
8878 [140369472239296] INFO perfrun.perfcollector <> - PERF_STAT : "     2.287999594;CPU10;2306;;UNC_M_CAS_COUNT.RD[UNIT1];16034645;100.00;;"
8878 [140369472239296] INFO perfrun.perfcollector <> - PERF_STAT : "     2.287999594;CPU0;3252;;UNC_M_CAS_COUNT.RD[UNIT4];16028833;100.00;;"
8878 [140369472239296] INFO perfrun.perfcollector <> - PERF_STAT : "     2.287999594;CPU10;2149;;UNC_M_CAS_COUNT.RD[UNIT4];16034578;100.00;;"
8878 [140369472239296] INFO perfrun.perfcollector <> - PERF_STAT : "     2.287999594;CPU0;4138;;UNC_M_CAS_COUNT.RD[UNIT5];16028917;100.00;;"
8878 [140369472239296] INFO perfrun.perfcollector <> - PERF_STAT : "     2.287999594;CPU10;2502;;UNC_M_CAS_COUNT.RD[UNIT5];16034531;100.00;;"
8878 [140369472239296] INFO perfrun.perfcollector <> - PERF_STAT : "     2.287999594;CPU0;2360;;UNC_M_CAS_COUNT.WR[UNIT0];16029116;100.00;;"
8878 [140369472239296] INFO perfrun.perfcollector <> - PERF_STAT : "     2.287999594;CPU10;276;;UNC_M_CAS_COUNT.WR[UNIT0];16034555;100.00;;"
8878 [140369472239296] INFO perfrun.perfcollector <> - PERF_STAT : "     2.287999594;CPU0;3259;;UNC_M_CAS_COUNT.WR[UNIT1];16029216;100.00;;"
8878 [140369472239296] INFO perfrun.perfcollector <> - PERF_STAT : "     2.287999594;CPU10;615;;UNC_M_CAS_COUNT.WR[UNIT1];16034425;100.00;;"
8878 [140369472239296] INFO perfrun.perfcollector <> - PERF_STAT : "     2.287999594;CPU0;2375;;UNC_M_CAS_COUNT.WR[UNIT4];16029336;100.00;;"
8878 [140369472239296] INFO perfrun.perfcollector <> - PERF_STAT : "     2.287999594;CPU10;332;;UNC_M_CAS_COUNT.WR[UNIT4];16034308;100.00;;"
8878 [140369472239296] INFO perfrun.perfcollector <> - PERF_STAT : "     2.287999594;CPU0;3295;;UNC_M_CAS_COUNT.WR[UNIT5];16029569;100.00;;"
8878 [140369472239296] INFO perfrun.perfcollector <> - PERF_STAT : "     2.287999594;CPU10;654;;UNC_M_CAS_COUNT.WR[UNIT5];16034368;100.00;;"
8894 [140369472239296] INFO perfrun.perfcollector <> - PERF_STAT : "     2.304063838;CPU0;3755;;UNC_M_CAS_COUNT.RD[UNIT0];15986174;100.00;;"
8894 [140369472239296] INFO perfrun.perfcollector <> - PERF_STAT : "     2.304063838;CPU10;239;;UNC_M_CAS_COUNT.RD[UNIT0];15981711;100.00;;"
8894 [140369472239296] INFO perfrun.perfcollector <> - PERF_STAT : "     2.304063838;CPU0;4334;;UNC_M_CAS_COUNT.RD[UNIT1];15986332;100.00;;"
8894 [140369472239296] INFO perfrun.perfcollector <> - PERF_STAT : "     2.304063838;CPU10;321;;UNC_M_CAS_COUNT.RD[UNIT1];15981563;100.00;;"
8894 [140369472239296] INFO perfrun.perfcollector <> - PERF_STAT : "     2.304063838;CPU0;3645;;UNC_M_CAS_COUNT.RD[UNIT4];15986509;100.00;;"
8894 [140369472239296] INFO perfrun.perfcollector <> - PERF_STAT : "     2.304063838;CPU10;394;;UNC_M_CAS_COUNT.RD[UNIT4];15981621;100.00;;"
8894 [140369472239296] INFO perfrun.perfcollector <> - PERF_STAT : "     2.304063838;CPU0;4235;;UNC_M_CAS_COUNT.RD[UNIT5];15986647;100.00;;"
8894 [140369472239296] INFO perfrun.perfcollector <> - PERF_STAT : "     2.304063838;CPU10;501;;UNC_M_CAS_COUNT.RD[UNIT5];15981677;100.00;;"
8894 [140369472239296] INFO perfrun.perfcollector <> - PERF_STAT : "     2.304063838;CPU0;1714;;UNC_M_CAS_COUNT.WR[UNIT0];15986590;100.00;;"
8894 [140369472239296] INFO perfrun.perfcollector <> - PERF_STAT : "     2.304063838;CPU10;65;;UNC_M_CAS_COUNT.WR[UNIT0];15981673;100.00;;"
8894 [140369472239296] INFO perfrun.perfcollector <> - PERF_STAT : "     2.304063838;CPU0;2593;;UNC_M_CAS_COUNT.WR[UNIT1];15986728;100.00;;"
8894 [140369472239296] INFO perfrun.perfcollector <> - PERF_STAT : "     2.304063838;CPU10;193;;UNC_M_CAS_COUNT.WR[UNIT1];15981647;100.00;;"
8894 [140369472239296] INFO perfrun.perfcollector <> - PERF_STAT : "     2.304063838;CPU0;1790;;UNC_M_CAS_COUNT.WR[UNIT4];15986694;100.00;;"
8894 [140369472239296] INFO perfrun.perfcollector <> - PERF_STAT : "     2.304063838;CPU10;108;;UNC_M_CAS_COUNT.WR[UNIT4];15981654;100.00;;"
8894 [140369472239296] INFO perfrun.perfcollector <> - PERF_STAT : "     2.304063838;CPU0;2583;;UNC_M_CAS_COUNT.WR[UNIT5];15986584;100.00;;"
8894 [140369472239296] INFO perfrun.perfcollector <> - PERF_STAT : "     2.304063838;CPU10;256;;UNC_M_CAS_COUNT.WR[UNIT5];15981643;100.00;;"
8910 [140369472239296] INFO perfrun.perfcollector <> - PERF_STAT : "     2.320020404;CPU0;2838;;UNC_M_CAS_COUNT.RD[UNIT0];15985215;100.00;;"
8910 [140369472239296] INFO perfrun.perfcollector <> - PERF_STAT : "     2.320020404;CPU10;208;;UNC_M_CAS_COUNT.RD[UNIT0];15983114;100.00;;"
8910 [140369472239296] INFO perfrun.perfcollector <> - PERF_STAT : "     2.320020404;CPU0;3676;;UNC_M_CAS_COUNT.RD[UNIT1];15984950;100.00;;"
8910 [140369472239296] INFO perfrun.perfcollector <> - PERF_STAT : "     2.320020404;CPU10;234;;UNC_M_CAS_COUNT.RD[UNIT1];15983129;100.00;;"
8910 [140369472239296] INFO perfrun.perfcollector <> - PERF_STAT : "     2.320020404;CPU0;2808;;UNC_M_CAS_COUNT.RD[UNIT4];15984785;100.00;;"
8910 [140369472239296] INFO perfrun.perfcollector <> - PERF_STAT : "     2.320020404;CPU10;241;;UNC_M_CAS_COUNT.RD[UNIT4];15983339;100.00;;"
8910 [140369472239296] INFO perfrun.perfcollector <> - PERF_STAT : "     2.320020404;CPU0;3623;;UNC_M_CAS_COUNT.RD[UNIT5];15984679;100.00;;"
8910 [140369472239296] INFO perfrun.perfcollector <> - PERF_STAT : "     2.320020404;CPU10;281;;UNC_M_CAS_COUNT.RD[UNIT5];15983426;100.00;;"
8910 [140369472239296] INFO perfrun.perfcollector <> - PERF_STAT : "     2.320020404;CPU0;1631;;UNC_M_CAS_COUNT.WR[UNIT0];15984745;100.00;;"
8910 [140369472239296] INFO perfrun.perfcollector <> - PERF_STAT : "     2.320020404;CPU10;39;;UNC_M_CAS_COUNT.WR[UNIT0];15983429;100.00;;"
8910 [140369472239296] INFO perfrun.perfcollector <> - PERF_STAT : "     2.320020404;CPU0;2408;;UNC_M_CAS_COUNT.WR[UNIT1];15984620;100.00;;"
8910 [140369472239296] INFO perfrun.perfcollector <> - PERF_STAT : "     2.320020404;CPU10;94;;UNC_M_CAS_COUNT.WR[UNIT1];15983443;100.00;;"
8910 [140369472239296] INFO perfrun.perfcollector <> - PERF_STAT : "     2.320020404;CPU0;1503;;UNC_M_CAS_COUNT.WR[UNIT4];15984523;100.00;;"
8910 [140369472239296] INFO perfrun.perfcollector <> - PERF_STAT : "     2.320020404;CPU10;51;;UNC_M_CAS_COUNT.WR[UNIT4];15983472;100.00;;"
8910 [140369472239296] INFO perfrun.perfcollector <> - PERF_STAT : "     2.320020404;CPU0;2388;;UNC_M_CAS_COUNT.WR[UNIT5];15984576;100.00;;"
8910 [140369472239296] INFO perfrun.perfcollector <> - PERF_STAT : "     2.320020404;CPU10;106;;UNC_M_CAS_COUNT.WR[UNIT5];15983429;100.00;;"
8926 [140369472239296] INFO perfrun.perfcollector <> - PERF_STAT : "     2.336028118;CPU0;4827;;UNC_M_CAS_COUNT.RD[UNIT0];16000714;100.00;;"
8926 [140369472239296] INFO perfrun.perfcollector <> - PERF_STAT : "     2.336028118;CPU10;286;;UNC_M_CAS_COUNT.RD[UNIT0];16004921;100.00;;"
8926 [140369472239296] INFO perfrun.perfcollector <> - PERF_STAT : "     2.336028118;CPU0;5663;;UNC_M_CAS_COUNT.RD[UNIT1];16000763;100.00;;"
8926 [140369472239296] INFO perfrun.perfcollector <> - PERF_STAT : "     2.336028118;CPU10;345;;UNC_M_CAS_COUNT.RD[UNIT1];16005178;100.00;;"
8926 [140369472239296] INFO perfrun.perfcollector <> - PERF_STAT : "     2.336028118;CPU0;4767;;UNC_M_CAS_COUNT.RD[UNIT4];16000817;100.00;;"
8926 [140369472239296] INFO perfrun.perfcollector <> - PERF_STAT : "     2.336028118;CPU10;339;;UNC_M_CAS_COUNT.RD[UNIT4];16004984;100.00;;"
8926 [140369472239296] INFO perfrun.perfcollector <> - PERF_STAT : "     2.336028118;CPU0;5698;;UNC_M_CAS_COUNT.RD[UNIT5];16000923;100.00;;"
8926 [140369472239296] INFO perfrun.perfcollector <> - PERF_STAT : "     2.336028118;CPU10;409;;UNC_M_CAS_COUNT.RD[UNIT5];16004984;100.00;;"
8926 [140369472239296] INFO perfrun.perfcollector <> - PERF_STAT : "     2.336028118;CPU0;2600;;UNC_M_CAS_COUNT.WR[UNIT0];16000726;100.00;;"
8926 [140369472239296] INFO perfrun.perfcollector <> - PERF_STAT : "     2.336028118;CPU10;48;;UNC_M_CAS_COUNT.WR[UNIT0];16005021;100.00;;"
8926 [140369472239296] INFO perfrun.perfcollector <> - PERF_STAT : "     2.336028118;CPU0;3467;;UNC_M_CAS_COUNT.WR[UNIT1];16000620;100.00;;"
8926 [140369472239296] INFO perfrun.perfcollector <> - PERF_STAT : "     2.336028118;CPU10;128;;UNC_M_CAS_COUNT.WR[UNIT1];16005080;100.00;;"
8926 [140369472239296] INFO perfrun.perfcollector <> - PERF_STAT : "     2.336028118;CPU0;2620;;UNC_M_CAS_COUNT.WR[UNIT4];16000627;100.00;;"
8926 [140369472239296] INFO perfrun.perfcollector <> - PERF_STAT : "     2.336028118;CPU10;67;;UNC_M_CAS_COUNT.WR[UNIT4];16005155;100.00;;"
8926 [140369472239296] INFO perfrun.perfcollector <> - PERF_STAT : "     2.336028118;CPU0;3403;;UNC_M_CAS_COUNT.WR[UNIT5];16000511;100.00;;"
8926 [140369472239296] INFO perfrun.perfcollector <> - PERF_STAT : "     2.336028118;CPU10;144;;UNC_M_CAS_COUNT.WR[UNIT5];16005141;100.00;;"
8942 [140369472239296] INFO perfrun.perfcollector <> - PERF_STAT : "     2.352034752;CPU0;2849;;UNC_M_CAS_COUNT.RD[UNIT0];16002556;100.00;;"
8942 [140369472239296] INFO perfrun.perfcollector <> - PERF_STAT : "     2.352034752;CPU10;147;;UNC_M_CAS_COUNT.RD[UNIT0];16000499;100.00;;"
8942 [140369472239296] INFO perfrun.perfcollector <> - PERF_STAT : "     2.352034752;CPU0;3719;;UNC_M_CAS_COUNT.RD[UNIT1];16002398;100.00;;"
8942 [140369472239296] INFO perfrun.perfcollector <> - PERF_STAT : "     2.352034752;CPU10;180;;UNC_M_CAS_COUNT.RD[UNIT1];16013378;100.00;;"
8942 [140369472239296] INFO perfrun.perfcollector <> - PERF_STAT : "     2.352034752;CPU0;2856;;UNC_M_CAS_COUNT.RD[UNIT4];16002336;100.00;;"
8942 [140369472239296] INFO perfrun.perfcollector <> - PERF_STAT : "     2.352034752;CPU10;163;;UNC_M_CAS_COUNT.RD[UNIT4];16011493;100.00;;"
8942 [140369472239296] INFO perfrun.perfcollector <> - PERF_STAT : "     2.352034752;CPU0;3687;;UNC_M_CAS_COUNT.RD[UNIT5];16002288;100.00;;"
8942 [140369472239296] INFO perfrun.perfcollector <> - PERF_STAT : "     2.352034752;CPU10;208;;UNC_M_CAS_COUNT.RD[UNIT5];16009551;100.00;;"
8942 [140369472239296] INFO perfrun.perfcollector <> - PERF_STAT : "     2.352034752;CPU0;1612;;UNC_M_CAS_COUNT.WR[UNIT0];16002390;100.00;;"
8942 [140369472239296] INFO perfrun.perfcollector <> - PERF_STAT : "     2.352034752;CPU10;48;;UNC_M_CAS_COUNT.WR[UNIT0];16007653;100.00;;"
8942 [140369472239296] INFO perfrun.perfcollector <> - PERF_STAT : "     2.352034752;CPU0;2491;;UNC_M_CAS_COUNT.WR[UNIT1];16002455;100.00;;"
8942 [140369472239296] INFO perfrun.perfcollector <> - PERF_STAT : "     2.352034752;CPU10;88;;UNC_M_CAS_COUNT.WR[UNIT1];16005737;100.00;;"
8942 [140369472239296] INFO perfrun.perfcollector <> - PERF_STAT : "     2.352034752;CPU0;1705;;UNC_M_CAS_COUNT.WR[UNIT4];16002447;100.00;;"
8942 [140369472239296] INFO perfrun.perfcollector <> - PERF_STAT : "     2.352034752;CPU10;39;;UNC_M_CAS_COUNT.WR[UNIT4];16004120;100.00;;"
8942 [140369472239296] INFO perfrun.perfcollector <> - PERF_STAT : "     2.352034752;CPU0;2430;;UNC_M_CAS_COUNT.WR[UNIT5];16002485;100.00;;"
8942 [140369472239296] INFO perfrun.perfcollector <> - PERF_STAT : "     2.352034752;CPU10;100;;UNC_M_CAS_COUNT.WR[UNIT5];16002475;100.00;;"
8958 [140369472239296] INFO perfrun.perfcollector <> - PERF_STAT : "     2.367988420;CPU0;2839;;UNC_M_CAS_COUNT.RD[UNIT0];16008906;100.00;;"
8958 [140369472239296] INFO perfrun.perfcollector <> - PERF_STAT : "     2.367988420;CPU10;148;;UNC_M_CAS_COUNT.RD[UNIT0];16011028;100.00;;"
8958 [140369472239296] INFO perfrun.perfcollector <> - PERF_STAT : "     2.367988420;CPU0;3666;;UNC_M_CAS_COUNT.RD[UNIT1];16009154;100.00;;"
8958 [140369472239296] INFO perfrun.perfcollector <> - PERF_STAT : "     2.367988420;CPU10;197;;UNC_M_CAS_COUNT.RD[UNIT1];15998012;100.00;;"
8958 [140369472239296] INFO perfrun.perfcollector <> - PERF_STAT : "     2.367988420;CPU0;2849;;UNC_M_CAS_COUNT.RD[UNIT4];16009092;100.00;;"
8958 [140369472239296] INFO perfrun.perfcollector <> - PERF_STAT : "     2.367988420;CPU10;235;;UNC_M_CAS_COUNT.RD[UNIT4];15999913;100.00;;"
8958 [140369472239296] INFO perfrun.perfcollector <> - PERF_STAT : "     2.367988420;CPU0;3700;;UNC_M_CAS_COUNT.RD[UNIT5];16009251;100.00;;"
8958 [140369472239296] INFO perfrun.perfcollector <> - PERF_STAT : "     2.367988420;CPU10;274;;UNC_M_CAS_COUNT.RD[UNIT5];16001872;100.00;;"
8958 [140369472239296] INFO perfrun.perfcollector <> - PERF_STAT : "     2.367988420;CPU0;1625;;UNC_M_CAS_COUNT.WR[UNIT0];16009244;100.00;;"
8958 [140369472239296] INFO perfrun.perfcollector <> - PERF_STAT : "     2.367988420;CPU10;33;;UNC_M_CAS_COUNT.WR[UNIT0];16003740;100.00;;"
8958 [140369472239296] INFO perfrun.perfcollector <> - PERF_STAT : "     2.367988420;CPU0;2439;;UNC_M_CAS_COUNT.WR[UNIT1];16009282;100.00;;"
8958 [140369472239296] INFO perfrun.perfcollector <> - PERF_STAT : "     2.367988420;CPU10;97;;UNC_M_CAS_COUNT.WR[UNIT1];16005616;100.00;;"
8958 [140369472239296] INFO perfrun.perfcollector <> - PERF_STAT : "     2.367988420;CPU0;1576;;UNC_M_CAS_COUNT.WR[UNIT4];16009385;100.00;;"
8958 [140369472239296] INFO perfrun.perfcollector <> - PERF_STAT : "     2.367988420;CPU10;51;;UNC_M_CAS_COUNT.WR[UNIT4];16007112;100.00;;"
8958 [140369472239296] INFO perfrun.perfcollector <> - PERF_STAT : "     2.367988420;CPU0;2458;;UNC_M_CAS_COUNT.WR[UNIT5];16009439;100.00;;"
8958 [140369472239296] INFO perfrun.perfcollector <> - PERF_STAT : "     2.367988420;CPU10;121;;UNC_M_CAS_COUNT.WR[UNIT5];16008785;100.00;;"
8974 [140369472239296] INFO perfrun.perfcollector <> - PERF_STAT : "     2.384021336;CPU0;2926;;UNC_M_CAS_COUNT.RD[UNIT0];15987914;100.00;;"
8974 [140369472239296] INFO perfrun.perfcollector <> - PERF_STAT : "     2.384021336;CPU10;144;;UNC_M_CAS_COUNT.RD[UNIT0];15988161;100.00;;"
8974 [140369472239296] INFO perfrun.perfcollector <> - PERF_STAT : "     2.384021336;CPU0;3695;;UNC_M_CAS_COUNT.RD[UNIT1];15987663;100.00;;"
8974 [140369472239296] INFO perfrun.perfcollector <> - PERF_STAT : "     2.384021336;CPU10;178;;UNC_M_CAS_COUNT.RD[UNIT1];15988097;100.00;;"
8974 [140369472239296] INFO perfrun.perfcollector <> - PERF_STAT : "     2.384021336;CPU0;2856;;UNC_M_CAS_COUNT.RD[UNIT4];15987633;100.00;;"
8974 [140369472239296] INFO perfrun.perfcollector <> - PERF_STAT : "     2.384021336;CPU10;162;;UNC_M_CAS_COUNT.RD[UNIT4];15988034;100.00;;"
8974 [140369472239296] INFO perfrun.perfcollector <> - PERF_STAT : "     2.384021336;CPU0;3712;;UNC_M_CAS_COUNT.RD[UNIT5];15987295;100.00;;"
8974 [140369472239296] INFO perfrun.perfcollector <> - PERF_STAT : "     2.384021336;CPU10;224;;UNC_M_CAS_COUNT.RD[UNIT5];15988011;100.00;;"
8974 [140369472239296] INFO perfrun.perfcollector <> - PERF_STAT : "     2.384021336;CPU0;1582;;UNC_M_CAS_COUNT.WR[UNIT0];15987212;100.00;;"
8974 [140369472239296] INFO perfrun.perfcollector <> - PERF_STAT : "     2.384021336;CPU10;51;;UNC_M_CAS_COUNT.WR[UNIT0];15987964;100.00;;"
8974 [140369472239296] INFO perfrun.perfcollector <> - PERF_STAT : "     2.384021336;CPU0;2413;;UNC_M_CAS_COUNT.WR[UNIT1];15987231;100.00;;"
8974 [140369472239296] INFO perfrun.perfcollector <> - PERF_STAT : "     2.384021336;CPU10;99;;UNC_M_CAS_COUNT.WR[UNIT1];15987985;100.00;;"
8974 [140369472239296] INFO perfrun.perfcollector <> - PERF_STAT : "     2.384021336;CPU0;1588;;UNC_M_CAS_COUNT.WR[UNIT4];15987142;100.00;;"
8974 [140369472239296] INFO perfrun.perfcollector <> - PERF_STAT : "     2.384021336;CPU10;63;;UNC_M_CAS_COUNT.WR[UNIT4];15987968;100.00;;"
8974 [140369472239296] INFO perfrun.perfcollector <> - PERF_STAT : "     2.384021336;CPU0;2458;;UNC_M_CAS_COUNT.WR[UNIT5];15986996;100.00;;"
8974 [140369472239296] INFO perfrun.perfcollector <> - PERF_STAT : "     2.384021336;CPU10;124;;UNC_M_CAS_COUNT.WR[UNIT5];15987941;100.00;;"
8994 [140369472239296] INFO perfrun.perfcollector <> - PERF_STAT : "     2.400036639;CPU0;3701;;UNC_M_CAS_COUNT.RD[UNIT0];20001430;100.00;;"
8994 [140369472239296] INFO perfrun.perfcollector <> - PERF_STAT : "     2.400036639;CPU10;364;;UNC_M_CAS_COUNT.RD[UNIT0];19984234;100.00;;"
8994 [140369472239296] INFO perfrun.perfcollector <> - PERF_STAT : "     2.400036639;CPU0;4673;;UNC_M_CAS_COUNT.RD[UNIT1];20001678;100.00;;"
8994 [140369472239296] INFO perfrun.perfcollector <> - PERF_STAT : "     2.400036639;CPU10;407;;UNC_M_CAS_COUNT.RD[UNIT1];19981613;100.00;;"
8994 [140369472239296] INFO perfrun.perfcollector <> - PERF_STAT : "     2.400036639;CPU0;3739;;UNC_M_CAS_COUNT.RD[UNIT4];20001680;100.00;;"
8994 [140369472239296] INFO perfrun.perfcollector <> - PERF_STAT : "     2.400036639;CPU10;426;;UNC_M_CAS_COUNT.RD[UNIT4];19979901;100.00;;"
8994 [140369472239296] INFO perfrun.perfcollector <> - PERF_STAT : "     2.400036639;CPU0;4726;;UNC_M_CAS_COUNT.RD[UNIT5];20001691;100.00;;"
8994 [140369472239296] INFO perfrun.perfcollector <> - PERF_STAT : "     2.400036639;CPU10;502;;UNC_M_CAS_COUNT.RD[UNIT5];19978075;100.00;;"
8994 [140369472239296] INFO perfrun.perfcollector <> - PERF_STAT : "     2.400036639;CPU0;2173;;UNC_M_CAS_COUNT.WR[UNIT0];20001660;100.00;;"
8994 [140369472239296] INFO perfrun.perfcollector <> - PERF_STAT : "     2.400036639;CPU10;41;;UNC_M_CAS_COUNT.WR[UNIT0];19976236;100.00;;"
8994 [140369472239296] INFO perfrun.perfcollector <> - PERF_STAT : "     2.400036639;CPU0;3219;;UNC_M_CAS_COUNT.WR[UNIT1];20001435;100.00;;"
8994 [140369472239296] INFO perfrun.perfcollector <> - PERF_STAT : "     2.400036639;CPU10;98;;UNC_M_CAS_COUNT.WR[UNIT1];19974341;100.00;;"
8994 [140369472239296] INFO perfrun.perfcollector <> - PERF_STAT : "     2.400036639;CPU0;2187;;UNC_M_CAS_COUNT.WR[UNIT4];20001461;100.00;;"
8994 [140369472239296] INFO perfrun.perfcollector <> - PERF_STAT : "     2.400036639;CPU10;58;;UNC_M_CAS_COUNT.WR[UNIT4];19972610;100.00;;"
8994 [140369472239296] INFO perfrun.perfcollector <> - PERF_STAT : "     2.400036639;CPU0;3179;;UNC_M_CAS_COUNT.WR[UNIT5];20001471;100.00;;"
8994 [140369472239296] INFO perfrun.perfcollector <> - PERF_STAT : "     2.400036639;CPU10;136;;UNC_M_CAS_COUNT.WR[UNIT5];19970805;100.00;;"
9010 [140369472239296] INFO perfrun.perfcollector <> - PERF_STAT : "     2.419946977;CPU0;3571;;UNC_M_CAS_COUNT.RD[UNIT0];16003163;100.00;;"
9010 [140369472239296] INFO perfrun.perfcollector <> - PERF_STAT : "     2.419946977;CPU10;163;;UNC_M_CAS_COUNT.RD[UNIT0];16018075;100.00;;"
9010 [140369472239296] INFO perfrun.perfcollector <> - PERF_STAT : "     2.419946977;CPU0;4332;;UNC_M_CAS_COUNT.RD[UNIT1];16003255;100.00;;"
9010 [140369472239296] INFO perfrun.perfcollector <> - PERF_STAT : "     2.419946977;CPU10;196;;UNC_M_CAS_COUNT.RD[UNIT1];16020719;100.00;;"
9010 [140369472239296] INFO perfrun.perfcollector <> - PERF_STAT : "     2.419946977;CPU0;3588;;UNC_M_CAS_COUNT.RD[UNIT4];16003181;100.00;;"
9010 [140369472239296] INFO perfrun.perfcollector <> - PERF_STAT : "     2.419946977;CPU10;191;;UNC_M_CAS_COUNT.RD[UNIT4];16022448;100.00;;"
9010 [140369472239296] INFO perfrun.perfcollector <> - PERF_STAT : "     2.419946977;CPU0;4192;;UNC_M_CAS_COUNT.RD[UNIT5];16003269;100.00;;"
9010 [140369472239296] INFO perfrun.perfcollector <> - PERF_STAT : "     2.419946977;CPU10;275;;UNC_M_CAS_COUNT.RD[UNIT5];16024097;100.00;;"
9010 [140369472239296] INFO perfrun.perfcollector <> - PERF_STAT : "     2.419946977;CPU0;1628;;UNC_M_CAS_COUNT.WR[UNIT0];16003311;100.00;;"
9010 [140369472239296] INFO perfrun.perfcollector <> - PERF_STAT : "     2.419946977;CPU10;49;;UNC_M_CAS_COUNT.WR[UNIT0];16025973;100.00;;"
9010 [140369472239296] INFO perfrun.perfcollector <> - PERF_STAT : "     2.419946977;CPU0;2462;;UNC_M_CAS_COUNT.WR[UNIT1];16003411;100.00;;"
9010 [140369472239296] INFO perfrun.perfcollector <> - PERF_STAT : "     2.419946977;CPU10;119;;UNC_M_CAS_COUNT.WR[UNIT1];16027830;100.00;;"
9010 [140369472239296] INFO perfrun.perfcollector <> - PERF_STAT : "     2.419946977;CPU0;1708;;UNC_M_CAS_COUNT.WR[UNIT4];16003379;100.00;;"
9010 [140369472239296] INFO perfrun.perfcollector <> - PERF_STAT : "     2.419946977;CPU10;67;;UNC_M_CAS_COUNT.WR[UNIT4];16029595;100.00;;"
9010 [140369472239296] INFO perfrun.perfcollector <> - PERF_STAT : "     2.419946977;CPU0;2460;;UNC_M_CAS_COUNT.WR[UNIT5];16003370;100.00;;"
9010 [140369472239296] INFO perfrun.perfcollector <> - PERF_STAT : "     2.419946977;CPU10;147;;UNC_M_CAS_COUNT.WR[UNIT5];16031414;100.00;;"
9026 [140369472239296] INFO perfrun.perfcollector <> - PERF_STAT : "     2.436052763;CPU0;2894;;UNC_M_CAS_COUNT.RD[UNIT0];15998011;100.00;;"
9026 [140369472239296] INFO perfrun.perfcollector <> - PERF_STAT : "     2.436052763;CPU10;151;;UNC_M_CAS_COUNT.RD[UNIT0];16000438;100.00;;"
9026 [140369472239296] INFO perfrun.perfcollector <> - PERF_STAT : "     2.436052763;CPU0;3725;;UNC_M_CAS_COUNT.RD[UNIT1];15997686;100.00;;"
9026 [140369472239296] INFO perfrun.perfcollector <> - PERF_STAT : "     2.436052763;CPU10;201;;UNC_M_CAS_COUNT.RD[UNIT1];16000776;100.00;;"
9026 [140369472239296] INFO perfrun.perfcollector <> - PERF_STAT : "     2.436052763;CPU0;2935;;UNC_M_CAS_COUNT.RD[UNIT4];15997764;100.00;;"
9026 [140369472239296] INFO perfrun.perfcollector <> - PERF_STAT : "     2.436052763;CPU10;228;;UNC_M_CAS_COUNT.RD[UNIT4];16000759;100.00;;"
9026 [140369472239296] INFO perfrun.perfcollector <> - PERF_STAT : "     2.436052763;CPU0;3748;;UNC_M_CAS_COUNT.RD[UNIT5];15997670;100.00;;"
9026 [140369472239296] INFO perfrun.perfcollector <> - PERF_STAT : "     2.436052763;CPU10;290;;UNC_M_CAS_COUNT.RD[UNIT5];16000872;100.00;;"
9026 [140369472239296] INFO perfrun.perfcollector <> - PERF_STAT : "     2.436052763;CPU0;1630;;UNC_M_CAS_COUNT.WR[UNIT0];15998022;100.00;;"
9026 [140369472239296] INFO perfrun.perfcollector <> - PERF_STAT : "     2.436052763;CPU10;45;;UNC_M_CAS_COUNT.WR[UNIT0];16000976;100.00;;"
9026 [140369472239296] INFO perfrun.perfcollector <> - PERF_STAT : "     2.436052763;CPU0;2375;;UNC_M_CAS_COUNT.WR[UNIT1];15998029;100.00;;"
9026 [140369472239296] INFO perfrun.perfcollector <> - PERF_STAT : "     2.436052763;CPU10;98;;UNC_M_CAS_COUNT.WR[UNIT1];16000980;100.00;;"
9026 [140369472239296] INFO perfrun.perfcollector <> - PERF_STAT : "     2.436052763;CPU0;1590;;UNC_M_CAS_COUNT.WR[UNIT4];15998097;100.00;;"
9026 [140369472239296] INFO perfrun.perfcollector <> - PERF_STAT : "     2.436052763;CPU10;69;;UNC_M_CAS_COUNT.WR[UNIT4];16000953;100.00;;"
9026 [140369472239296] INFO perfrun.perfcollector <> - PERF_STAT : "     2.436052763;CPU0;2398;;UNC_M_CAS_COUNT.WR[UNIT5];15998152;100.00;;"
9026 [140369472239296] INFO perfrun.perfcollector <> - PERF_STAT : "     2.436052763;CPU10;124;;UNC_M_CAS_COUNT.WR[UNIT5];16000965;100.00;;"
9042 [140369472239296] INFO perfrun.perfcollector <> - PERF_STAT : "     2.452037390;CPU0;2873;;UNC_M_CAS_COUNT.RD[UNIT0];16000118;100.00;;"
9042 [140369472239296] INFO perfrun.perfcollector <> - PERF_STAT : "     2.452037390;CPU10;164;;UNC_M_CAS_COUNT.RD[UNIT0];15999438;100.00;;"
9042 [140369472239296] INFO perfrun.perfcollector <> - PERF_STAT : "     2.452037390;CPU0;3704;;UNC_M_CAS_COUNT.RD[UNIT1];16000234;100.00;;"
9042 [140369472239296] INFO perfrun.perfcollector <> - PERF_STAT : "     2.452037390;CPU10;200;;UNC_M_CAS_COUNT.RD[UNIT1];15999107;100.00;;"
9042 [140369472239296] INFO perfrun.perfcollector <> - PERF_STAT : "     2.452037390;CPU0;2935;;UNC_M_CAS_COUNT.RD[UNIT4];16000353;100.00;;"
9042 [140369472239296] INFO perfrun.perfcollector <> - PERF_STAT : "     2.452037390;CPU10;186;;UNC_M_CAS_COUNT.RD[UNIT4];15999127;100.00;;"
9042 [140369472239296] INFO perfrun.perfcollector <> - PERF_STAT : "     2.452037390;CPU0;3767;;UNC_M_CAS_COUNT.RD[UNIT5];16000473;100.00;;"
9042 [140369472239296] INFO perfrun.perfcollector <> - PERF_STAT : "     2.452037390;CPU10;237;;UNC_M_CAS_COUNT.RD[UNIT5];15999198;100.00;;"
9042 [140369472239296] INFO perfrun.perfcollector <> - PERF_STAT : "     2.452037390;CPU0;1565;;UNC_M_CAS_COUNT.WR[UNIT0];16000102;100.00;;"
9042 [140369472239296] INFO perfrun.perfcollector <> - PERF_STAT : "     2.452037390;CPU10;64;;UNC_M_CAS_COUNT.WR[UNIT0];15999054;100.00;;"
9042 [140369472239296] INFO perfrun.perfcollector <> - PERF_STAT : "     2.452037390;CPU0;2476;;UNC_M_CAS_COUNT.WR[UNIT1];16000153;100.00;;"
9042 [140369472239296] INFO perfrun.perfcollector <> - PERF_STAT : "     2.452037390;CPU10;109;;UNC_M_CAS_COUNT.WR[UNIT1];15999064;100.00;;"
9042 [140369472239296] INFO perfrun.perfcollector <> - PERF_STAT : "     2.452037390;CPU0;1613;;UNC_M_CAS_COUNT.WR[UNIT4];16000085;100.00;;"
9042 [140369472239296] INFO perfrun.perfcollector <> - PERF_STAT : "     2.452037390;CPU10;78;;UNC_M_CAS_COUNT.WR[UNIT4];15999101;100.00;;"
9042 [140369472239296] INFO perfrun.perfcollector <> - PERF_STAT : "     2.452037390;CPU0;2410;;UNC_M_CAS_COUNT.WR[UNIT5];16000026;100.00;;"
9042 [140369472239296] INFO perfrun.perfcollector <> - PERF_STAT : "     2.452037390;CPU10;127;;UNC_M_CAS_COUNT.WR[UNIT5];15999118;100.00;;"
9058 [140369472239296] INFO perfrun.perfcollector <> - PERF_STAT : "     2.468028084;CPU0;2980;;UNC_M_CAS_COUNT.RD[UNIT0];15999095;100.00;;"
9058 [140369472239296] INFO perfrun.perfcollector <> - PERF_STAT : "     2.468028084;CPU10;546;;UNC_M_CAS_COUNT.RD[UNIT0];15998564;100.00;;"
9058 [140369472239296] INFO perfrun.perfcollector <> - PERF_STAT : "     2.468028084;CPU0;3761;;UNC_M_CAS_COUNT.RD[UNIT1];15999137;100.00;;"
9058 [140369472239296] INFO perfrun.perfcollector <> - PERF_STAT : "     2.468028084;CPU10;670;;UNC_M_CAS_COUNT.RD[UNIT1];15998490;100.00;;"
9058 [140369472239296] INFO perfrun.perfcollector <> - PERF_STAT : "     2.468028084;CPU0;2986;;UNC_M_CAS_COUNT.RD[UNIT4];15999092;100.00;;"
9058 [140369472239296] INFO perfrun.perfcollector <> - PERF_STAT : "     2.468028084;CPU10;617;;UNC_M_CAS_COUNT.RD[UNIT4];15998701;100.00;;"
9058 [140369472239296] INFO perfrun.perfcollector <> - PERF_STAT : "     2.468028084;CPU0;3763;;UNC_M_CAS_COUNT.RD[UNIT5];15999000;100.00;;"
9058 [140369472239296] INFO perfrun.perfcollector <> - PERF_STAT : "     2.468028084;CPU10;741;;UNC_M_CAS_COUNT.RD[UNIT5];15998793;100.00;;"
9058 [140369472239296] INFO perfrun.perfcollector <> - PERF_STAT : "     2.468028084;CPU0;1577;;UNC_M_CAS_COUNT.WR[UNIT0];15999170;100.00;;"
9058 [140369472239296] INFO perfrun.perfcollector <> - PERF_STAT : "     2.468028084;CPU10;111;;UNC_M_CAS_COUNT.WR[UNIT0];15998837;100.00;;"
9058 [140369472239296] INFO perfrun.perfcollector <> - PERF_STAT : "     2.468028084;CPU0;2469;;UNC_M_CAS_COUNT.WR[UNIT1];15999057;100.00;;"
9058 [140369472239296] INFO perfrun.perfcollector <> - PERF_STAT : "     2.468028084;CPU10;234;;UNC_M_CAS_COUNT.WR[UNIT1];15998833;100.00;;"
9058 [140369472239296] INFO perfrun.perfcollector <> - PERF_STAT : "     2.468028084;CPU0;1694;;UNC_M_CAS_COUNT.WR[UNIT4];15999077;100.00;;"
9058 [140369472239296] INFO perfrun.perfcollector <> - PERF_STAT : "     2.468028084;CPU10;139;;UNC_M_CAS_COUNT.WR[UNIT4];15998814;100.00;;"
9058 [140369472239296] INFO perfrun.perfcollector <> - PERF_STAT : "     2.468028084;CPU0;2489;;UNC_M_CAS_COUNT.WR[UNIT5];15999103;100.00;;"
9058 [140369472239296] INFO perfrun.perfcollector <> - PERF_STAT : "     2.468028084;CPU10;267;;UNC_M_CAS_COUNT.WR[UNIT5];15998810;100.00;;"
9070 [140369472239296] INFO perfrun.perfcollector <> - PERF_STAT : "     2.484030905;CPU0;2161;;UNC_M_CAS_COUNT.RD[UNIT0];12010942;100.00;;"
9070 [140369472239296] INFO perfrun.perfcollector <> - PERF_STAT : "     2.484030905;CPU10;130;;UNC_M_CAS_COUNT.RD[UNIT0];12007827;100.00;;"
9070 [140369472239296] INFO perfrun.perfcollector <> - PERF_STAT : "     2.484030905;CPU0;2828;;UNC_M_CAS_COUNT.RD[UNIT1];12010869;100.00;;"
9070 [140369472239296] INFO perfrun.perfcollector <> - PERF_STAT : "     2.484030905;CPU10;183;;UNC_M_CAS_COUNT.RD[UNIT1];12007818;100.00;;"
9070 [140369472239296] INFO perfrun.perfcollector <> - PERF_STAT : "     2.484030905;CPU0;2170;;UNC_M_CAS_COUNT.RD[UNIT4];12010793;100.00;;"
9070 [140369472239296] INFO perfrun.perfcollector <> - PERF_STAT : "     2.484030905;CPU10;141;;UNC_M_CAS_COUNT.RD[UNIT4];12007584;100.00;;"
9070 [140369472239296] INFO perfrun.perfcollector <> - PERF_STAT : "     2.484030905;CPU0;2795;;UNC_M_CAS_COUNT.RD[UNIT5];12010762;100.00;;"
9070 [140369472239296] INFO perfrun.perfcollector <> - PERF_STAT : "     2.484030905;CPU10;194;;UNC_M_CAS_COUNT.RD[UNIT5];12007338;100.00;;"
9070 [140369472239296] INFO perfrun.perfcollector <> - PERF_STAT : "     2.484030905;CPU0;1206;;UNC_M_CAS_COUNT.WR[UNIT0];12010573;100.00;;"
9070 [140369472239296] INFO perfrun.perfcollector <> - PERF_STAT : "     2.484030905;CPU10;49;;UNC_M_CAS_COUNT.WR[UNIT0];12007478;100.00;;"
9070 [140369472239296] INFO perfrun.perfcollector <> - PERF_STAT : "     2.484030905;CPU0;1802;;UNC_M_CAS_COUNT.WR[UNIT1];12010642;100.00;;"
9070 [140369472239296] INFO perfrun.perfcollector <> - PERF_STAT : "     2.484030905;CPU10;106;;UNC_M_CAS_COUNT.WR[UNIT1];12007461;100.00;;"
9070 [140369472239296] INFO perfrun.perfcollector <> - PERF_STAT : "     2.484030905;CPU0;1185;;UNC_M_CAS_COUNT.WR[UNIT4];12010617;100.00;;"
9070 [140369472239296] INFO perfrun.perfcollector <> - PERF_STAT : "     2.484030905;CPU10;40;;UNC_M_CAS_COUNT.WR[UNIT4];12007710;100.00;;"
9070 [140369472239296] INFO perfrun.perfcollector <> - PERF_STAT : "     2.484030905;CPU0;1828;;UNC_M_CAS_COUNT.WR[UNIT5];12010749;100.00;;"
9070 [140369472239296] INFO perfrun.perfcollector <> - PERF_STAT : "     2.484030905;CPU10;102;;UNC_M_CAS_COUNT.WR[UNIT5];12007791;100.00;;"
9094 [140369472239296] INFO perfrun.perfcollector <> - PERF_STAT : "     2.496041466;CPU0;4277;;UNC_M_CAS_COUNT.RD[UNIT0];23992687;100.00;;"
9094 [140369472239296] INFO perfrun.perfcollector <> - PERF_STAT : "     2.496041466;CPU10;358;;UNC_M_CAS_COUNT.RD[UNIT0];24001743;100.00;;"
9094 [140369472239296] INFO perfrun.perfcollector <> - PERF_STAT : "     2.496041466;CPU0;5634;;UNC_M_CAS_COUNT.RD[UNIT1];23992790;100.00;;"
9094 [140369472239296] INFO perfrun.perfcollector <> - PERF_STAT : "     2.496041466;CPU10;425;;UNC_M_CAS_COUNT.RD[UNIT1];23999096;100.00;;"
9094 [140369472239296] INFO perfrun.perfcollector <> - PERF_STAT : "     2.496041466;CPU0;4354;;UNC_M_CAS_COUNT.RD[UNIT4];23992796;100.00;;"
9094 [140369472239296] INFO perfrun.perfcollector <> - PERF_STAT : "     2.496041466;CPU10;516;;UNC_M_CAS_COUNT.RD[UNIT4];23997276;100.00;;"
9094 [140369472239296] INFO perfrun.perfcollector <> - PERF_STAT : "     2.496041466;CPU0;5577;;UNC_M_CAS_COUNT.RD[UNIT5];23992810;100.00;;"
9094 [140369472239296] INFO perfrun.perfcollector <> - PERF_STAT : "     2.496041466;CPU10;580;;UNC_M_CAS_COUNT.RD[UNIT5];23995595;100.00;;"
9094 [140369472239296] INFO perfrun.perfcollector <> - PERF_STAT : "     2.496041466;CPU0;2511;;UNC_M_CAS_COUNT.WR[UNIT0];23992931;100.00;;"
9094 [140369472239296] INFO perfrun.perfcollector <> - PERF_STAT : "     2.496041466;CPU10;31;;UNC_M_CAS_COUNT.WR[UNIT0];23993840;100.00;;"
9094 [140369472239296] INFO perfrun.perfcollector <> - PERF_STAT : "     2.496041466;CPU0;3797;;UNC_M_CAS_COUNT.WR[UNIT1];23992923;100.00;;"
9094 [140369472239296] INFO perfrun.perfcollector <> - PERF_STAT : "     2.496041466;CPU10;118;;UNC_M_CAS_COUNT.WR[UNIT1];23992008;100.00;;"
9094 [140369472239296] INFO perfrun.perfcollector <> - PERF_STAT : "     2.496041466;CPU0;2588;;UNC_M_CAS_COUNT.WR[UNIT4];23992936;100.00;;"
9094 [140369472239296] INFO perfrun.perfcollector <> - PERF_STAT : "     2.496041466;CPU10;68;;UNC_M_CAS_COUNT.WR[UNIT4];23989979;100.00;;"
9094 [140369472239296] INFO perfrun.perfcollector <> - PERF_STAT : "     2.496041466;CPU0;3792;;UNC_M_CAS_COUNT.WR[UNIT5];23992796;100.00;;"
9094 [140369472239296] INFO perfrun.perfcollector <> - PERF_STAT : "     2.496041466;CPU10;153;;UNC_M_CAS_COUNT.WR[UNIT5];23988196;100.00;;"
9110 [140369472239296] INFO perfrun.perfcollector <> - PERF_STAT : "     2.519971889;CPU0;2915;;UNC_M_CAS_COUNT.RD[UNIT0];15995931;100.00;;"
9110 [140369472239296] INFO perfrun.perfcollector <> - PERF_STAT : "     2.519971889;CPU10;149;;UNC_M_CAS_COUNT.RD[UNIT0];15986406;100.00;;"
9110 [140369472239296] INFO perfrun.perfcollector <> - PERF_STAT : "     2.519971889;CPU0;3768;;UNC_M_CAS_COUNT.RD[UNIT1];15995688;100.00;;"
9110 [140369472239296] INFO perfrun.perfcollector <> - PERF_STAT : "     2.519971889;CPU10;175;;UNC_M_CAS_COUNT.RD[UNIT1];15989163;100.00;;"
9110 [140369472239296] INFO perfrun.perfcollector <> - PERF_STAT : "     2.519971889;CPU0;2955;;UNC_M_CAS_COUNT.RD[UNIT4];15995620;100.00;;"
9110 [140369472239296] INFO perfrun.perfcollector <> - PERF_STAT : "     2.519971889;CPU10;202;;UNC_M_CAS_COUNT.RD[UNIT4];15991106;100.00;;"
9110 [140369472239296] INFO perfrun.perfcollector <> - PERF_STAT : "     2.519971889;CPU0;3804;;UNC_M_CAS_COUNT.RD[UNIT5];15995797;100.00;;"
9110 [140369472239296] INFO perfrun.perfcollector <> - PERF_STAT : "     2.519971889;CPU10;240;;UNC_M_CAS_COUNT.RD[UNIT5];15992860;100.00;;"
9110 [140369472239296] INFO perfrun.perfcollector <> - PERF_STAT : "     2.519971889;CPU0;1688;;UNC_M_CAS_COUNT.WR[UNIT0];15995708;100.00;;"
9110 [140369472239296] INFO perfrun.perfcollector <> - PERF_STAT : "     2.519971889;CPU10;42;;UNC_M_CAS_COUNT.WR[UNIT0];15994462;100.00;;"
9110 [140369472239296] INFO perfrun.perfcollector <> - PERF_STAT : "     2.519971889;CPU0;2445;;UNC_M_CAS_COUNT.WR[UNIT1];15995701;100.00;;"
9110 [140369472239296] INFO perfrun.perfcollector <> - PERF_STAT : "     2.519971889;CPU10;98;;UNC_M_CAS_COUNT.WR[UNIT1];15996300;100.00;;"
9110 [140369472239296] INFO perfrun.perfcollector <> - PERF_STAT : "     2.519971889;CPU0;1599;;UNC_M_CAS_COUNT.WR[UNIT4];15995731;100.00;;"
9110 [140369472239296] INFO perfrun.perfcollector <> - PERF_STAT : "     2.519971889;CPU10;64;;UNC_M_CAS_COUNT.WR[UNIT4];15998080;100.00;;"
9110 [140369472239296] INFO perfrun.perfcollector <> - PERF_STAT : "     2.519971889;CPU0;2422;;UNC_M_CAS_COUNT.WR[UNIT5];15995716;100.00;;"
9110 [140369472239296] INFO perfrun.perfcollector <> - PERF_STAT : "     2.519971889;CPU10;117;;UNC_M_CAS_COUNT.WR[UNIT5];15999936;100.00;;"
9126 [140369472239296] INFO perfrun.perfcollector <> - PERF_STAT : "     2.536024130;CPU0;2905;;UNC_M_CAS_COUNT.RD[UNIT0];15999476;100.00;;"
9126 [140369472239296] INFO perfrun.perfcollector <> - PERF_STAT : "     2.536024130;CPU10;140;;UNC_M_CAS_COUNT.RD[UNIT0];16000779;100.00;;"
9126 [140369472239296] INFO perfrun.perfcollector <> - PERF_STAT : "     2.536024130;CPU0;3666;;UNC_M_CAS_COUNT.RD[UNIT1];15999706;100.00;;"
9126 [140369472239296] INFO perfrun.perfcollector <> - PERF_STAT : "     2.536024130;CPU10;168;;UNC_M_CAS_COUNT.RD[UNIT1];16001006;100.00;;"
9126 [140369472239296] INFO perfrun.perfcollector <> - PERF_STAT : "     2.536024130;CPU0;2938;;UNC_M_CAS_COUNT.RD[UNIT4];15999894;100.00;;"
9126 [140369472239296] INFO perfrun.perfcollector <> - PERF_STAT : "     2.536024130;CPU10;168;;UNC_M_CAS_COUNT.RD[UNIT4];16001049;100.00;;"
9126 [140369472239296] INFO perfrun.perfcollector <> - PERF_STAT : "     2.536024130;CPU0;3732;;UNC_M_CAS_COUNT.RD[UNIT5];15999718;100.00;;"
9126 [140369472239296] INFO perfrun.perfcollector <> - PERF_STAT : "     2.536024130;CPU10;219;;UNC_M_CAS_COUNT.RD[UNIT5];16001026;100.00;;"
9126 [140369472239296] INFO perfrun.perfcollector <> - PERF_STAT : "     2.536024130;CPU0;1535;;UNC_M_CAS_COUNT.WR[UNIT0];16000156;100.00;;"
9126 [140369472239296] INFO perfrun.perfcollector <> - PERF_STAT : "     2.536024130;CPU10;50;;UNC_M_CAS_COUNT.WR[UNIT0];16001009;100.00;;"
9126 [140369472239296] INFO perfrun.perfcollector <> - PERF_STAT : "     2.536024130;CPU0;2400;;UNC_M_CAS_COUNT.WR[UNIT1];16000173;100.00;;"
9126 [140369472239296] INFO perfrun.perfcollector <> - PERF_STAT : "     2.536024130;CPU10;103;;UNC_M_CAS_COUNT.WR[UNIT1];16001010;100.00;;"
9126 [140369472239296] INFO perfrun.perfcollector <> - PERF_STAT : "     2.536024130;CPU0;1588;;UNC_M_CAS_COUNT.WR[UNIT4];16000149;100.00;;"
9126 [140369472239296] INFO perfrun.perfcollector <> - PERF_STAT : "     2.536024130;CPU10;52;;UNC_M_CAS_COUNT.WR[UNIT4];16001143;100.00;;"
9126 [140369472239296] INFO perfrun.perfcollector <> - PERF_STAT : "     2.536024130;CPU0;2494;;UNC_M_CAS_COUNT.WR[UNIT5];16000161;100.00;;"
9126 [140369472239296] INFO perfrun.perfcollector <> - PERF_STAT : "     2.536024130;CPU10;121;;UNC_M_CAS_COUNT.WR[UNIT5];16000979;100.00;;"
9142 [140369472239296] INFO perfrun.perfcollector <> - PERF_STAT : "     2.552024240;CPU0;3639;;UNC_M_CAS_COUNT.RD[UNIT0];16000723;100.00;;"
9142 [140369472239296] INFO perfrun.perfcollector <> - PERF_STAT : "     2.552024240;CPU10;142;;UNC_M_CAS_COUNT.RD[UNIT0];15999374;100.00;;"
9142 [140369472239296] INFO perfrun.perfcollector <> - PERF_STAT : "     2.552024240;CPU0;4364;;UNC_M_CAS_COUNT.RD[UNIT1];16000758;100.00;;"
9142 [140369472239296] INFO perfrun.perfcollector <> - PERF_STAT : "     2.552024240;CPU10;198;;UNC_M_CAS_COUNT.RD[UNIT1];15999040;100.00;;"
9142 [140369472239296] INFO perfrun.perfcollector <> - PERF_STAT : "     2.552024240;CPU0;3612;;UNC_M_CAS_COUNT.RD[UNIT4];16000700;100.00;;"
9142 [140369472239296] INFO perfrun.perfcollector <> - PERF_STAT : "     2.552024240;CPU10;188;;UNC_M_CAS_COUNT.RD[UNIT4];15999038;100.00;;"
9142 [140369472239296] INFO perfrun.perfcollector <> - PERF_STAT : "     2.552024240;CPU0;4276;;UNC_M_CAS_COUNT.RD[UNIT5];16000695;100.00;;"
9142 [140369472239296] INFO perfrun.perfcollector <> - PERF_STAT : "     2.552024240;CPU10;268;;UNC_M_CAS_COUNT.RD[UNIT5];15999028;100.00;;"
9142 [140369472239296] INFO perfrun.perfcollector <> - PERF_STAT : "     2.552024240;CPU0;1642;;UNC_M_CAS_COUNT.WR[UNIT0];16000251;100.00;;"
9142 [140369472239296] INFO perfrun.perfcollector <> - PERF_STAT : "     2.552024240;CPU10;34;;UNC_M_CAS_COUNT.WR[UNIT0];15999043;100.00;;"
9142 [140369472239296] INFO perfrun.perfcollector <> - PERF_STAT : "     2.552024240;CPU0;2534;;UNC_M_CAS_COUNT.WR[UNIT1];16000382;100.00;;"
9142 [140369472239296] INFO perfrun.perfcollector <> - PERF_STAT : "     2.552024240;CPU10;121;;UNC_M_CAS_COUNT.WR[UNIT1];15999071;100.00;;"
9142 [140369472239296] INFO perfrun.perfcollector <> - PERF_STAT : "     2.552024240;CPU0;1713;;UNC_M_CAS_COUNT.WR[UNIT4];16000357;100.00;;"
9142 [140369472239296] INFO perfrun.perfcollector <> - PERF_STAT : "     2.552024240;CPU10;41;;UNC_M_CAS_COUNT.WR[UNIT4];15998960;100.00;;"
9142 [140369472239296] INFO perfrun.perfcollector <> - PERF_STAT : "     2.552024240;CPU0;2498;;UNC_M_CAS_COUNT.WR[UNIT5];16000484;100.00;;"
9142 [140369472239296] INFO perfrun.perfcollector <> - PERF_STAT : "     2.552024240;CPU10;135;;UNC_M_CAS_COUNT.WR[UNIT5];15998964;100.00;;"
9158 [140369472239296] INFO perfrun.perfcollector <> - PERF_STAT : "     2.568009623;CPU0;3190;;UNC_M_CAS_COUNT.RD[UNIT0];16002203;100.00;;"
9158 [140369472239296] INFO perfrun.perfcollector <> - PERF_STAT : "     2.568009623;CPU10;170;;UNC_M_CAS_COUNT.RD[UNIT0];16003847;100.00;;"
9158 [140369472239296] INFO perfrun.perfcollector <> - PERF_STAT : "     2.568009623;CPU0;4027;;UNC_M_CAS_COUNT.RD[UNIT1];16002024;100.00;;"
9158 [140369472239296] INFO perfrun.perfcollector <> - PERF_STAT : "     2.568009623;CPU10;211;;UNC_M_CAS_COUNT.RD[UNIT1];16003996;100.00;;"
9158 [140369472239296] INFO perfrun.perfcollector <> - PERF_STAT : "     2.568009623;CPU0;3152;;UNC_M_CAS_COUNT.RD[UNIT4];16002027;100.00;;"
9158 [140369472239296] INFO perfrun.perfcollector <> - PERF_STAT : "     2.568009623;CPU10;199;;UNC_M_CAS_COUNT.RD[UNIT4];16003852;100.00;;"
9158 [140369472239296] INFO perfrun.perfcollector <> - PERF_STAT : "     2.568009623;CPU0;4052;;UNC_M_CAS_COUNT.RD[UNIT5];16002035;100.00;;"
9158 [140369472239296] INFO perfrun.perfcollector <> - PERF_STAT : "     2.568009623;CPU10;248;;UNC_M_CAS_COUNT.RD[UNIT5];16004002;100.00;;"
9158 [140369472239296] INFO perfrun.perfcollector <> - PERF_STAT : "     2.568009623;CPU0;1744;;UNC_M_CAS_COUNT.WR[UNIT0];16002025;100.00;;"
9158 [140369472239296] INFO perfrun.perfcollector <> - PERF_STAT : "     2.568009623;CPU10;36;;UNC_M_CAS_COUNT.WR[UNIT0];16004027;100.00;;"
9158 [140369472239296] INFO perfrun.perfcollector <> - PERF_STAT : "     2.568009623;CPU0;2594;;UNC_M_CAS_COUNT.WR[UNIT1];16001976;100.00;;"
9158 [140369472239296] INFO perfrun.perfcollector <> - PERF_STAT : "     2.568009623;CPU10;96;;UNC_M_CAS_COUNT.WR[UNIT1];16004023;100.00;;"
9158 [140369472239296] INFO perfrun.perfcollector <> - PERF_STAT : "     2.568009623;CPU0;1699;;UNC_M_CAS_COUNT.WR[UNIT4];16001986;100.00;;"
9158 [140369472239296] INFO perfrun.perfcollector <> - PERF_STAT : "     2.568009623;CPU10;52;;UNC_M_CAS_COUNT.WR[UNIT4];16003976;100.00;;"
9158 [140369472239296] INFO perfrun.perfcollector <> - PERF_STAT : "     2.568009623;CPU0;2594;;UNC_M_CAS_COUNT.WR[UNIT5];16001851;100.00;;"
9158 [140369472239296] INFO perfrun.perfcollector <> - PERF_STAT : "     2.568009623;CPU10;98;;UNC_M_CAS_COUNT.WR[UNIT5];16003966;100.00;;"
9181 [140369472239296] INFO perfrun.perfcollector <> - PERF_STAT : "     2.584027034;CPU0;6721;;UNC_M_CAS_COUNT.RD[UNIT0];23033940;100.00;;"
9181 [140369472239296] INFO perfrun.perfcollector <> - PERF_STAT : "     2.584027034;CPU10;2857;;UNC_M_CAS_COUNT.RD[UNIT0];23031539;100.00;;"
9181 [140369472239296] INFO perfrun.perfcollector <> - PERF_STAT : "     2.584027034;CPU0;7951;;UNC_M_CAS_COUNT.RD[UNIT1];23033988;100.00;;"
9181 [140369472239296] INFO perfrun.perfcollector <> - PERF_STAT : "     2.584027034;CPU10;2939;;UNC_M_CAS_COUNT.RD[UNIT1];23031454;100.00;;"
9181 [140369472239296] INFO perfrun.perfcollector <> - PERF_STAT : "     2.584027034;CPU0;6840;;UNC_M_CAS_COUNT.RD[UNIT4];23034032;100.00;;"
9181 [140369472239296] INFO perfrun.perfcollector <> - PERF_STAT : "     2.584027034;CPU10;2922;;UNC_M_CAS_COUNT.RD[UNIT4];23031454;100.00;;"
9181 [140369472239296] INFO perfrun.perfcollector <> - PERF_STAT : "     2.584027034;CPU0;8001;;UNC_M_CAS_COUNT.RD[UNIT5];23034112;100.00;;"
9181 [140369472239296] INFO perfrun.perfcollector <> - PERF_STAT : "     2.584027034;CPU10;2968;;UNC_M_CAS_COUNT.RD[UNIT5];23031297;100.00;;"
9181 [140369472239296] INFO perfrun.perfcollector <> - PERF_STAT : "     2.584027034;CPU0;4875;;UNC_M_CAS_COUNT.WR[UNIT0];23034232;100.00;;"
9181 [140369472239296] INFO perfrun.perfcollector <> - PERF_STAT : "     2.584027034;CPU10;54;;UNC_M_CAS_COUNT.WR[UNIT0];23031290;100.00;;"
9181 [140369472239296] INFO perfrun.perfcollector <> - PERF_STAT : "     2.584027034;CPU0;5976;;UNC_M_CAS_COUNT.WR[UNIT1];23034261;100.00;;"
9181 [140369472239296] INFO perfrun.perfcollector <> - PERF_STAT : "     2.584027034;CPU10;137;;UNC_M_CAS_COUNT.WR[UNIT1];23031643;100.00;;"
9181 [140369472239296] INFO perfrun.perfcollector <> - PERF_STAT : "     2.584027034;CPU0;4759;;UNC_M_CAS_COUNT.WR[UNIT4];23034380;100.00;;"
9181 [140369472239296] INFO perfrun.perfcollector <> - PERF_STAT : "     2.584027034;CPU10;87;;UNC_M_CAS_COUNT.WR[UNIT4];23031747;100.00;;"
9181 [140369472239296] INFO perfrun.perfcollector <> - PERF_STAT : "     2.584027034;CPU0;5967;;UNC_M_CAS_COUNT.WR[UNIT5];23034399;100.00;;"
9181 [140369472239296] INFO perfrun.perfcollector <> - PERF_STAT : "     2.584027034;CPU10;171;;UNC_M_CAS_COUNT.WR[UNIT5];23032037;100.00;;"
9194 [140369472239296] INFO perfrun.perfcollector <> - PERF_STAT : "     2.607060398;CPU0;2338;;UNC_M_CAS_COUNT.RD[UNIT0];12969952;100.00;;"
9194 [140369472239296] INFO perfrun.perfcollector <> - PERF_STAT : "     2.607060398;CPU10;159;;UNC_M_CAS_COUNT.RD[UNIT0];12972852;100.00;;"
9194 [140369472239296] INFO perfrun.perfcollector <> - PERF_STAT : "     2.607060398;CPU0;3003;;UNC_M_CAS_COUNT.RD[UNIT1];12970318;100.00;;"
9194 [140369472239296] INFO perfrun.perfcollector <> - PERF_STAT : "     2.607060398;CPU10;173;;UNC_M_CAS_COUNT.RD[UNIT1];12972857;100.00;;"
9194 [140369472239296] INFO perfrun.perfcollector <> - PERF_STAT : "     2.607060398;CPU0;2372;;UNC_M_CAS_COUNT.RD[UNIT4];12970333;100.00;;"
9194 [140369472239296] INFO perfrun.perfcollector <> - PERF_STAT : "     2.607060398;CPU10;169;;UNC_M_CAS_COUNT.RD[UNIT4];12973078;100.00;;"
9194 [140369472239296] INFO perfrun.perfcollector <> - PERF_STAT : "     2.607060398;CPU0;3040;;UNC_M_CAS_COUNT.RD[UNIT5];12970382;100.00;;"
9194 [140369472239296] INFO perfrun.perfcollector <> - PERF_STAT : "     2.607060398;CPU10;222;;UNC_M_CAS_COUNT.RD[UNIT5];12973095;100.00;;"
9194 [140369472239296] INFO perfrun.perfcollector <> - PERF_STAT : "     2.607060398;CPU0;1289;;UNC_M_CAS_COUNT.WR[UNIT0];12970337;100.00;;"
9194 [140369472239296] INFO perfrun.perfcollector <> - PERF_STAT : "     2.607060398;CPU10;43;;UNC_M_CAS_COUNT.WR[UNIT0];12973091;100.00;;"
9194 [140369472239296] INFO perfrun.perfcollector <> - PERF_STAT : "     2.607060398;CPU0;2009;;UNC_M_CAS_COUNT.WR[UNIT1];12970112;100.00;;"
9194 [140369472239296] INFO perfrun.perfcollector <> - PERF_STAT : "     2.607060398;CPU10;102;;UNC_M_CAS_COUNT.WR[UNIT1];12972711;100.00;;"
9194 [140369472239296] INFO perfrun.perfcollector <> - PERF_STAT : "     2.607060398;CPU0;1339;;UNC_M_CAS_COUNT.WR[UNIT4];12969994;100.00;;"
9194 [140369472239296] INFO perfrun.perfcollector <> - PERF_STAT : "     2.607060398;CPU10;53;;UNC_M_CAS_COUNT.WR[UNIT4];12972688;100.00;;"
9194 [140369472239296] INFO perfrun.perfcollector <> - PERF_STAT : "     2.607060398;CPU0;2058;;UNC_M_CAS_COUNT.WR[UNIT5];12969968;100.00;;"
9194 [140369472239296] INFO perfrun.perfcollector <> - PERF_STAT : "     2.607060398;CPU10;102;;UNC_M_CAS_COUNT.WR[UNIT5];12972385;100.00;;"
9210 [140369472239296] INFO perfrun.perfcollector <> - PERF_STAT : "     2.620039403;CPU0;2872;;UNC_M_CAS_COUNT.RD[UNIT0];15993932;100.00;;"
9210 [140369472239296] INFO perfrun.perfcollector <> - PERF_STAT : "     2.620039403;CPU10;138;;UNC_M_CAS_COUNT.RD[UNIT0];15992913;100.00;;"
9210 [140369472239296] INFO perfrun.perfcollector <> - PERF_STAT : "     2.620039403;CPU0;3764;;UNC_M_CAS_COUNT.RD[UNIT1];15993569;100.00;;"
9210 [140369472239296] INFO perfrun.perfcollector <> - PERF_STAT : "     2.620039403;CPU10;182;;UNC_M_CAS_COUNT.RD[UNIT1];15993235;100.00;;"
9210 [140369472239296] INFO perfrun.perfcollector <> - PERF_STAT : "     2.620039403;CPU0;2941;;UNC_M_CAS_COUNT.RD[UNIT4];15993597;100.00;;"
9210 [140369472239296] INFO perfrun.perfcollector <> - PERF_STAT : "     2.620039403;CPU10;171;;UNC_M_CAS_COUNT.RD[UNIT4];15992984;100.00;;"
9210 [140369472239296] INFO perfrun.perfcollector <> - PERF_STAT : "     2.620039403;CPU0;3742;;UNC_M_CAS_COUNT.RD[UNIT5];15993568;100.00;;"
9210 [140369472239296] INFO perfrun.perfcollector <> - PERF_STAT : "     2.620039403;CPU10;228;;UNC_M_CAS_COUNT.RD[UNIT5];15992990;100.00;;"
9210 [140369472239296] INFO perfrun.perfcollector <> - PERF_STAT : "     2.620039403;CPU0;1654;;UNC_M_CAS_COUNT.WR[UNIT0];15993512;100.00;;"
9210 [140369472239296] INFO perfrun.perfcollector <> - PERF_STAT : "     2.620039403;CPU10;42;;UNC_M_CAS_COUNT.WR[UNIT0];15992987;100.00;;"
9210 [140369472239296] INFO perfrun.perfcollector <> - PERF_STAT : "     2.620039403;CPU0;2578;;UNC_M_CAS_COUNT.WR[UNIT1];15993505;100.00;;"
9210 [140369472239296] INFO perfrun.perfcollector <> - PERF_STAT : "     2.620039403;CPU10;99;;UNC_M_CAS_COUNT.WR[UNIT1];15993017;100.00;;"
9210 [140369472239296] INFO perfrun.perfcollector <> - PERF_STAT : "     2.620039403;CPU0;1666;;UNC_M_CAS_COUNT.WR[UNIT4];15993495;100.00;;"
9210 [140369472239296] INFO perfrun.perfcollector <> - PERF_STAT : "     2.620039403;CPU10;51;;UNC_M_CAS_COUNT.WR[UNIT4];15992947;100.00;;"
9210 [140369472239296] INFO perfrun.perfcollector <> - PERF_STAT : "     2.620039403;CPU0;2576;;UNC_M_CAS_COUNT.WR[UNIT5];15993506;100.00;;"
9210 [140369472239296] INFO perfrun.perfcollector <> - PERF_STAT : "     2.620039403;CPU10;125;;UNC_M_CAS_COUNT.WR[UNIT5];15993100;100.00;;"
9226 [140369472239296] INFO perfrun.perfcollector <> - PERF_STAT : "     2.636004700;CPU0;2984;;UNC_M_CAS_COUNT.RD[UNIT0];15999086;100.00;;"
9226 [140369472239296] INFO perfrun.perfcollector <> - PERF_STAT : "     2.636004700;CPU10;143;;UNC_M_CAS_COUNT.RD[UNIT0];16000529;100.00;;"
9226 [140369472239296] INFO perfrun.perfcollector <> - PERF_STAT : "     2.636004700;CPU0;3731;;UNC_M_CAS_COUNT.RD[UNIT1];15999209;100.00;;"
9226 [140369472239296] INFO perfrun.perfcollector <> - PERF_STAT : "     2.636004700;CPU10;158;;UNC_M_CAS_COUNT.RD[UNIT1];16000375;100.00;;"
9226 [140369472239296] INFO perfrun.perfcollector <> - PERF_STAT : "     2.636004700;CPU0;2969;;UNC_M_CAS_COUNT.RD[UNIT4];15999176;100.00;;"
9226 [140369472239296] INFO perfrun.perfcollector <> - PERF_STAT : "     2.636004700;CPU10;162;;UNC_M_CAS_COUNT.RD[UNIT4];16000482;100.00;;"
9226 [140369472239296] INFO perfrun.perfcollector <> - PERF_STAT : "     2.636004700;CPU0;3780;;UNC_M_CAS_COUNT.RD[UNIT5];15999175;100.00;;"
9226 [140369472239296] INFO perfrun.perfcollector <> - PERF_STAT : "     2.636004700;CPU10;207;;UNC_M_CAS_COUNT.RD[UNIT5];16000679;100.00;;"
9226 [140369472239296] INFO perfrun.perfcollector <> - PERF_STAT : "     2.636004700;CPU0;1646;;UNC_M_CAS_COUNT.WR[UNIT0];15999179;100.00;;"
9226 [140369472239296] INFO perfrun.perfcollector <> - PERF_STAT : "     2.636004700;CPU10;50;;UNC_M_CAS_COUNT.WR[UNIT0];16000666;100.00;;"
9226 [140369472239296] INFO perfrun.perfcollector <> - PERF_STAT : "     2.636004700;CPU0;2503;;UNC_M_CAS_COUNT.WR[UNIT1];15999400;100.00;;"
9226 [140369472239296] INFO perfrun.perfcollector <> - PERF_STAT : "     2.636004700;CPU10;101;;UNC_M_CAS_COUNT.WR[UNIT1];16000642;100.00;;"
9226 [140369472239296] INFO perfrun.perfcollector <> - PERF_STAT : "     2.636004700;CPU0;1658;;UNC_M_CAS_COUNT.WR[UNIT4];15999538;100.00;;"
9226 [140369472239296] INFO perfrun.perfcollector <> - PERF_STAT : "     2.636004700;CPU10;53;;UNC_M_CAS_COUNT.WR[UNIT4];16000639;100.00;;"
9226 [140369472239296] INFO perfrun.perfcollector <> - PERF_STAT : "     2.636004700;CPU0;2531;;UNC_M_CAS_COUNT.WR[UNIT5];15999572;100.00;;"
9226 [140369472239296] INFO perfrun.perfcollector <> - PERF_STAT : "     2.636004700;CPU10;110;;UNC_M_CAS_COUNT.WR[UNIT5];16000529;100.00;;"
9242 [140369472239296] INFO perfrun.perfcollector <> - PERF_STAT : "     2.652027106;CPU0;3043;;UNC_M_CAS_COUNT.RD[UNIT0];16003704;100.00;;"
9242 [140369472239296] INFO perfrun.perfcollector <> - PERF_STAT : "     2.652027106;CPU10;583;;UNC_M_CAS_COUNT.RD[UNIT0];16000606;100.00;;"
9242 [140369472239296] INFO perfrun.perfcollector <> - PERF_STAT : "     2.652027106;CPU0;3819;;UNC_M_CAS_COUNT.RD[UNIT1];16003608;100.00;;"
9242 [140369472239296] INFO perfrun.perfcollector <> - PERF_STAT : "     2.652027106;CPU10;640;;UNC_M_CAS_COUNT.RD[UNIT1];16000368;100.00;;"
9242 [140369472239296] INFO perfrun.perfcollector <> - PERF_STAT : "     2.652027106;CPU0;2982;;UNC_M_CAS_COUNT.RD[UNIT4];16003644;100.00;;"
9242 [140369472239296] INFO perfrun.perfcollector <> - PERF_STAT : "     2.652027106;CPU10;624;;UNC_M_CAS_COUNT.RD[UNIT4];16000385;100.00;;"
9242 [140369472239296] INFO perfrun.perfcollector <> - PERF_STAT : "     2.652027106;CPU0;3912;;UNC_M_CAS_COUNT.RD[UNIT5];16003629;100.00;;"
9242 [140369472239296] INFO perfrun.perfcollector <> - PERF_STAT : "     2.652027106;CPU10;693;;UNC_M_CAS_COUNT.RD[UNIT5];16000175;100.00;;"
9242 [140369472239296] INFO perfrun.perfcollector <> - PERF_STAT : "     2.652027106;CPU0;1903;;UNC_M_CAS_COUNT.WR[UNIT0];16003684;100.00;;"
9242 [140369472239296] INFO perfrun.perfcollector <> - PERF_STAT : "     2.652027106;CPU10;45;;UNC_M_CAS_COUNT.WR[UNIT0];16000175;100.00;;"
9242 [140369472239296] INFO perfrun.perfcollector <> - PERF_STAT : "     2.652027106;CPU0;2771;;UNC_M_CAS_COUNT.WR[UNIT1];16003575;100.00;;"
9242 [140369472239296] INFO perfrun.perfcollector <> - PERF_STAT : "     2.652027106;CPU10;117;;UNC_M_CAS_COUNT.WR[UNIT1];16000182;100.00;;"
9242 [140369472239296] INFO perfrun.perfcollector <> - PERF_STAT : "     2.652027106;CPU0;1874;;UNC_M_CAS_COUNT.WR[UNIT4];16003455;100.00;;"
9242 [140369472239296] INFO perfrun.perfcollector <> - PERF_STAT : "     2.652027106;CPU10;51;;UNC_M_CAS_COUNT.WR[UNIT4];16000419;100.00;;"
9242 [140369472239296] INFO perfrun.perfcollector <> - PERF_STAT : "     2.652027106;CPU0;2695;;UNC_M_CAS_COUNT.WR[UNIT5];16003430;100.00;;"
9242 [140369472239296] INFO perfrun.perfcollector <> - PERF_STAT : "     2.652027106;CPU10;145;;UNC_M_CAS_COUNT.WR[UNIT5];16000381;100.00;;"
9258 [140369472239296] INFO perfrun.perfcollector <> - PERF_STAT : "     2.667993881;CPU0;3612;;UNC_M_CAS_COUNT.RD[UNIT0];16000957;100.00;;"
9258 [140369472239296] INFO perfrun.perfcollector <> - PERF_STAT : "     2.667993881;CPU10;166;;UNC_M_CAS_COUNT.RD[UNIT0];16003292;100.00;;"
9258 [140369472239296] INFO perfrun.perfcollector <> - PERF_STAT : "     2.667993881;CPU0;4442;;UNC_M_CAS_COUNT.RD[UNIT1];16000971;100.00;;"
9258 [140369472239296] INFO perfrun.perfcollector <> - PERF_STAT : "     2.667993881;CPU10;205;;UNC_M_CAS_COUNT.RD[UNIT1];16003332;100.00;;"
9258 [140369472239296] INFO perfrun.perfcollector <> - PERF_STAT : "     2.667993881;CPU0;3636;;UNC_M_CAS_COUNT.RD[UNIT4];16000814;100.00;;"
9258 [140369472239296] INFO perfrun.perfcollector <> - PERF_STAT : "     2.667993881;CPU10;209;;UNC_M_CAS_COUNT.RD[UNIT4];16003348;100.00;;"
9258 [140369472239296] INFO perfrun.perfcollector <> - PERF_STAT : "     2.667993881;CPU0;4293;;UNC_M_CAS_COUNT.RD[UNIT5];16000826;100.00;;"
9258 [140369472239296] INFO perfrun.perfcollector <> - PERF_STAT : "     2.667993881;CPU10;267;;UNC_M_CAS_COUNT.RD[UNIT5];16003332;100.00;;"
9258 [140369472239296] INFO perfrun.perfcollector <> - PERF_STAT : "     2.667993881;CPU0;1774;;UNC_M_CAS_COUNT.WR[UNIT0];16000724;100.00;;"
9258 [140369472239296] INFO perfrun.perfcollector <> - PERF_STAT : "     2.667993881;CPU10;64;;UNC_M_CAS_COUNT.WR[UNIT0];16003348;100.00;;"
9258 [140369472239296] INFO perfrun.perfcollector <> - PERF_STAT : "     2.667993881;CPU0;2584;;UNC_M_CAS_COUNT.WR[UNIT1];16000720;100.00;;"
9258 [140369472239296] INFO perfrun.perfcollector <> - PERF_STAT : "     2.667993881;CPU10;134;;UNC_M_CAS_COUNT.WR[UNIT1];16003322;100.00;;"
9258 [140369472239296] INFO perfrun.perfcollector <> - PERF_STAT : "     2.667993881;CPU0;1742;;UNC_M_CAS_COUNT.WR[UNIT4];16000698;100.00;;"
9258 [140369472239296] INFO perfrun.perfcollector <> - PERF_STAT : "     2.667993881;CPU10;59;;UNC_M_CAS_COUNT.WR[UNIT4];16003084;100.00;;"
9258 [140369472239296] INFO perfrun.perfcollector <> - PERF_STAT : "     2.667993881;CPU0;2544;;UNC_M_CAS_COUNT.WR[UNIT5];16000669;100.00;;"
9258 [140369472239296] INFO perfrun.perfcollector <> - PERF_STAT : "     2.667993881;CPU10;158;;UNC_M_CAS_COUNT.WR[UNIT5];16003192;100.00;;"
9274 [140369472239296] INFO perfrun.perfcollector <> - PERF_STAT : "     2.684031082;CPU0;2908;;UNC_M_CAS_COUNT.RD[UNIT0];15995693;100.00;;"
9274 [140369472239296] INFO perfrun.perfcollector <> - PERF_STAT : "     2.684031082;CPU10;143;;UNC_M_CAS_COUNT.RD[UNIT0];15976362;100.00;;"
9274 [140369472239296] INFO perfrun.perfcollector <> - PERF_STAT : "     2.684031082;CPU0;3783;;UNC_M_CAS_COUNT.RD[UNIT1];15995528;100.00;;"
9274 [140369472239296] INFO perfrun.perfcollector <> - PERF_STAT : "     2.684031082;CPU10;175;;UNC_M_CAS_COUNT.RD[UNIT1];15973686;100.00;;"
9274 [140369472239296] INFO perfrun.perfcollector <> - PERF_STAT : "     2.684031082;CPU0;2964;;UNC_M_CAS_COUNT.RD[UNIT4];15995512;100.00;;"
9274 [140369472239296] INFO perfrun.perfcollector <> - PERF_STAT : "     2.684031082;CPU10;189;;UNC_M_CAS_COUNT.RD[UNIT4];15971806;100.00;;"
9274 [140369472239296] INFO perfrun.perfcollector <> - PERF_STAT : "     2.684031082;CPU0;3738;;UNC_M_CAS_COUNT.RD[UNIT5];15995391;100.00;;"
9274 [140369472239296] INFO perfrun.perfcollector <> - PERF_STAT : "     2.684031082;CPU10;247;;UNC_M_CAS_COUNT.RD[UNIT5];15970100;100.00;;"
9274 [140369472239296] INFO perfrun.perfcollector <> - PERF_STAT : "     2.684031082;CPU0;1586;;UNC_M_CAS_COUNT.WR[UNIT0];15995401;100.00;;"
9274 [140369472239296] INFO perfrun.perfcollector <> - PERF_STAT : "     2.684031082;CPU10;47;;UNC_M_CAS_COUNT.WR[UNIT0];15968350;100.00;;"
9274 [140369472239296] INFO perfrun.perfcollector <> - PERF_STAT : "     2.684031082;CPU0;2422;;UNC_M_CAS_COUNT.WR[UNIT1];15995291;100.00;;"
9274 [140369472239296] INFO perfrun.perfcollector <> - PERF_STAT : "     2.684031082;CPU10;112;;UNC_M_CAS_COUNT.WR[UNIT1];15966505;100.00;;"
9274 [140369472239296] INFO perfrun.perfcollector <> - PERF_STAT : "     2.684031082;CPU0;1474;;UNC_M_CAS_COUNT.WR[UNIT4];15995306;100.00;;"
9274 [140369472239296] INFO perfrun.perfcollector <> - PERF_STAT : "     2.684031082;CPU10;69;;UNC_M_CAS_COUNT.WR[UNIT4];15964754;100.00;;"
9274 [140369472239296] INFO perfrun.perfcollector <> - PERF_STAT : "     2.684031082;CPU0;2461;;UNC_M_CAS_COUNT.WR[UNIT5];15995373;100.00;;"
9274 [140369472239296] INFO perfrun.perfcollector <> - PERF_STAT : "     2.684031082;CPU10;134;;UNC_M_CAS_COUNT.WR[UNIT5];15962848;100.00;;"
9294 [140369472239296] INFO perfrun.perfcollector <> - PERF_STAT : "     2.699939706;CPU0;3805;;UNC_M_CAS_COUNT.RD[UNIT0];20006531;100.00;;"
9294 [140369472239296] INFO perfrun.perfcollector <> - PERF_STAT : "     2.699939706;CPU10;556;;UNC_M_CAS_COUNT.RD[UNIT0];20012435;100.00;;"
9294 [140369472239296] INFO perfrun.perfcollector <> - PERF_STAT : "     2.699939706;CPU0;4783;;UNC_M_CAS_COUNT.RD[UNIT1];20006773;100.00;;"
9294 [140369472239296] INFO perfrun.perfcollector <> - PERF_STAT : "     2.699939706;CPU10;655;;UNC_M_CAS_COUNT.RD[UNIT1];20012310;100.00;;"
9294 [140369472239296] INFO perfrun.perfcollector <> - PERF_STAT : "     2.699939706;CPU0;3793;;UNC_M_CAS_COUNT.RD[UNIT4];20006841;100.00;;"
9294 [140369472239296] INFO perfrun.perfcollector <> - PERF_STAT : "     2.699939706;CPU10;589;;UNC_M_CAS_COUNT.RD[UNIT4];20012352;100.00;;"
9294 [140369472239296] INFO perfrun.perfcollector <> - PERF_STAT : "     2.699939706;CPU0;4767;;UNC_M_CAS_COUNT.RD[UNIT5];20006929;100.00;;"
9294 [140369472239296] INFO perfrun.perfcollector <> - PERF_STAT : "     2.699939706;CPU10;732;;UNC_M_CAS_COUNT.RD[UNIT5];20012408;100.00;;"
9294 [140369472239296] INFO perfrun.perfcollector <> - PERF_STAT : "     2.699939706;CPU0;2067;;UNC_M_CAS_COUNT.WR[UNIT0];20006918;100.00;;"
9294 [140369472239296] INFO perfrun.perfcollector <> - PERF_STAT : "     2.699939706;CPU10;139;;UNC_M_CAS_COUNT.WR[UNIT0];20012284;100.00;;"
9294 [140369472239296] INFO perfrun.perfcollector <> - PERF_STAT : "     2.699939706;CPU0;3132;;UNC_M_CAS_COUNT.WR[UNIT1];20007022;100.00;;"
9294 [140369472239296] INFO perfrun.perfcollector <> - PERF_STAT : "     2.699939706;CPU10;269;;UNC_M_CAS_COUNT.WR[UNIT1];20012399;100.00;;"
9294 [140369472239296] INFO perfrun.perfcollector <> - PERF_STAT : "     2.699939706;CPU0;2018;;UNC_M_CAS_COUNT.WR[UNIT4];20007123;100.00;;"
9294 [140369472239296] INFO perfrun.perfcollector <> - PERF_STAT : "     2.699939706;CPU10;125;;UNC_M_CAS_COUNT.WR[UNIT4];20012398;100.00;;"
9294 [140369472239296] INFO perfrun.perfcollector <> - PERF_STAT : "     2.699939706;CPU0;3100;;UNC_M_CAS_COUNT.WR[UNIT5];20007207;100.00;;"
9294 [140369472239296] INFO perfrun.perfcollector <> - PERF_STAT : "     2.699939706;CPU10;270;;UNC_M_CAS_COUNT.WR[UNIT5];20012416;100.00;;"
9310 [140369472239296] INFO perfrun.perfcollector <> - PERF_STAT : "     2.719936294;CPU0;3030;;UNC_M_CAS_COUNT.RD[UNIT0];15996085;100.00;;"
9310 [140369472239296] INFO perfrun.perfcollector <> - PERF_STAT : "     2.719936294;CPU10;399;;UNC_M_CAS_COUNT.RD[UNIT0];16010990;100.00;;"
9310 [140369472239296] INFO perfrun.perfcollector <> - PERF_STAT : "     2.719936294;CPU0;3824;;UNC_M_CAS_COUNT.RD[UNIT1];15995926;100.00;;"
9310 [140369472239296] INFO perfrun.perfcollector <> - PERF_STAT : "     2.719936294;CPU10;457;;UNC_M_CAS_COUNT.RD[UNIT1];16013772;100.00;;"
9310 [140369472239296] INFO perfrun.perfcollector <> - PERF_STAT : "     2.719936294;CPU0;3019;;UNC_M_CAS_COUNT.RD[UNIT4];15995928;100.00;;"
9310 [140369472239296] INFO perfrun.perfcollector <> - PERF_STAT : "     2.719936294;CPU10;457;;UNC_M_CAS_COUNT.RD[UNIT4];16015480;100.00;;"
9310 [140369472239296] INFO perfrun.perfcollector <> - PERF_STAT : "     2.719936294;CPU0;3940;;UNC_M_CAS_COUNT.RD[UNIT5];15995856;100.00;;"
9310 [140369472239296] INFO perfrun.perfcollector <> - PERF_STAT : "     2.719936294;CPU10;525;;UNC_M_CAS_COUNT.RD[UNIT5];16017259;100.00;;"
9310 [140369472239296] INFO perfrun.perfcollector <> - PERF_STAT : "     2.719936294;CPU0;1726;;UNC_M_CAS_COUNT.WR[UNIT0];15995883;100.00;;"
9310 [140369472239296] INFO perfrun.perfcollector <> - PERF_STAT : "     2.719936294;CPU10;71;;UNC_M_CAS_COUNT.WR[UNIT0];16019137;100.00;;"
9310 [140369472239296] INFO perfrun.perfcollector <> - PERF_STAT : "     2.719936294;CPU0;2519;;UNC_M_CAS_COUNT.WR[UNIT1];15995939;100.00;;"
9310 [140369472239296] INFO perfrun.perfcollector <> - PERF_STAT : "     2.719936294;CPU10;120;;UNC_M_CAS_COUNT.WR[UNIT1];16020877;100.00;;"
9310 [140369472239296] INFO perfrun.perfcollector <> - PERF_STAT : "     2.719936294;CPU0;1699;;UNC_M_CAS_COUNT.WR[UNIT4];15995825;100.00;;"
9310 [140369472239296] INFO perfrun.perfcollector <> - PERF_STAT : "     2.719936294;CPU10;69;;UNC_M_CAS_COUNT.WR[UNIT4];16022643;100.00;;"
9310 [140369472239296] INFO perfrun.perfcollector <> - PERF_STAT : "     2.719936294;CPU0;2512;;UNC_M_CAS_COUNT.WR[UNIT5];15995677;100.00;;"
9310 [140369472239296] INFO perfrun.perfcollector <> - PERF_STAT : "     2.719936294;CPU10;130;;UNC_M_CAS_COUNT.WR[UNIT5];16024420;100.00;;"
9326 [140369472239296] INFO perfrun.perfcollector <> - PERF_STAT : "     2.736019500;CPU0;2957;;UNC_M_CAS_COUNT.RD[UNIT0];16066689;100.00;;"
9326 [140369472239296] INFO perfrun.perfcollector <> - PERF_STAT : "     2.736019500;CPU10;167;;UNC_M_CAS_COUNT.RD[UNIT0];16068110;100.00;;"
9326 [140369472239296] INFO perfrun.perfcollector <> - PERF_STAT : "     2.736019500;CPU0;3792;;UNC_M_CAS_COUNT.RD[UNIT1];16066702;100.00;;"
9326 [140369472239296] INFO perfrun.perfcollector <> - PERF_STAT : "     2.736019500;CPU10;220;;UNC_M_CAS_COUNT.RD[UNIT1];16068141;100.00;;"
9326 [140369472239296] INFO perfrun.perfcollector <> - PERF_STAT : "     2.736019500;CPU0;2931;;UNC_M_CAS_COUNT.RD[UNIT4];16066836;100.00;;"
9326 [140369472239296] INFO perfrun.perfcollector <> - PERF_STAT : "     2.736019500;CPU10;193;;UNC_M_CAS_COUNT.RD[UNIT4];16068164;100.00;;"
9326 [140369472239296] INFO perfrun.perfcollector <> - PERF_STAT : "     2.736019500;CPU0;3774;;UNC_M_CAS_COUNT.RD[UNIT5];16067010;100.00;;"
9326 [140369472239296] INFO perfrun.perfcollector <> - PERF_STAT : "     2.736019500;CPU10;256;;UNC_M_CAS_COUNT.RD[UNIT5];16068021;100.00;;"
9326 [140369472239296] INFO perfrun.perfcollector <> - PERF_STAT : "     2.736019500;CPU0;1635;;UNC_M_CAS_COUNT.WR[UNIT0];16067167;100.00;;"
9326 [140369472239296] INFO perfrun.perfcollector <> - PERF_STAT : "     2.736019500;CPU10;37;;UNC_M_CAS_COUNT.WR[UNIT0];16068034;100.00;;"
9326 [140369472239296] INFO perfrun.perfcollector <> - PERF_STAT : "     2.736019500;CPU0;2516;;UNC_M_CAS_COUNT.WR[UNIT1];16067203;100.00;;"
9326 [140369472239296] INFO perfrun.perfcollector <> - PERF_STAT : "     2.736019500;CPU10;102;;UNC_M_CAS_COUNT.WR[UNIT1];16068154;100.00;;"
9326 [140369472239296] INFO perfrun.perfcollector <> - PERF_STAT : "     2.736019500;CPU0;1694;;UNC_M_CAS_COUNT.WR[UNIT4];16067293;100.00;;"
9326 [140369472239296] INFO perfrun.perfcollector <> - PERF_STAT : "     2.736019500;CPU10;42;;UNC_M_CAS_COUNT.WR[UNIT4];16068144;100.00;;"
9326 [140369472239296] INFO perfrun.perfcollector <> - PERF_STAT : "     2.736019500;CPU0;2431;;UNC_M_CAS_COUNT.WR[UNIT5];16067390;100.00;;"
9326 [140369472239296] INFO perfrun.perfcollector <> - PERF_STAT : "     2.736019500;CPU10;120;;UNC_M_CAS_COUNT.WR[UNIT5];16068158;100.00;;"
9342 [140369472239296] INFO perfrun.perfcollector <> - PERF_STAT : "     2.752104201;CPU0;2996;;UNC_M_CAS_COUNT.RD[UNIT0];15932762;100.00;;"
9342 [140369472239296] INFO perfrun.perfcollector <> - PERF_STAT : "     2.752104201;CPU10;162;;UNC_M_CAS_COUNT.RD[UNIT0];15931253;100.00;;"
9342 [140369472239296] INFO perfrun.perfcollector <> - PERF_STAT : "     2.752104201;CPU0;3803;;UNC_M_CAS_COUNT.RD[UNIT1];15932816;100.00;;"
9342 [140369472239296] INFO perfrun.perfcollector <> - PERF_STAT : "     2.752104201;CPU10;200;;UNC_M_CAS_COUNT.RD[UNIT1];15931181;100.00;;"
9342 [140369472239296] INFO perfrun.perfcollector <> - PERF_STAT : "     2.752104201;CPU0;2950;;UNC_M_CAS_COUNT.RD[UNIT4];15932743;100.00;;"
9342 [140369472239296] INFO perfrun.perfcollector <> - PERF_STAT : "     2.752104201;CPU10;232;;UNC_M_CAS_COUNT.RD[UNIT4];15931298;100.00;;"
9342 [140369472239296] INFO perfrun.perfcollector <> - PERF_STAT : "     2.752104201;CPU0;3818;;UNC_M_CAS_COUNT.RD[UNIT5];15932670;100.00;;"
9342 [140369472239296] INFO perfrun.perfcollector <> - PERF_STAT : "     2.752104201;CPU10;289;;UNC_M_CAS_COUNT.RD[UNIT5];15931415;100.00;;"
9342 [140369472239296] INFO perfrun.perfcollector <> - PERF_STAT : "     2.752104201;CPU0;1600;;UNC_M_CAS_COUNT.WR[UNIT0];15932731;100.00;;"
9342 [140369472239296] INFO perfrun.perfcollector <> - PERF_STAT : "     2.752104201;CPU10;37;;UNC_M_CAS_COUNT.WR[UNIT0];15931385;100.00;;"
9342 [140369472239296] INFO perfrun.perfcollector <> - PERF_STAT : "     2.752104201;CPU0;2407;;UNC_M_CAS_COUNT.WR[UNIT1];15932636;100.00;;"
9342 [140369472239296] INFO perfrun.perfcollector <> - PERF_STAT : "     2.752104201;CPU10;99;;UNC_M_CAS_COUNT.WR[UNIT1];15931312;100.00;;"
9342 [140369472239296] INFO perfrun.perfcollector <> - PERF_STAT : "     2.752104201;CPU0;1616;;UNC_M_CAS_COUNT.WR[UNIT4];15932669;100.00;;"
9342 [140369472239296] INFO perfrun.perfcollector <> - PERF_STAT : "     2.752104201;CPU10;80;;UNC_M_CAS_COUNT.WR[UNIT4];15931321;100.00;;"
9342 [140369472239296] INFO perfrun.perfcollector <> - PERF_STAT : "     2.752104201;CPU0;2497;;UNC_M_CAS_COUNT.WR[UNIT5];15932630;100.00;;"
9342 [140369472239296] INFO perfrun.perfcollector <> - PERF_STAT : "     2.752104201;CPU10;143;;UNC_M_CAS_COUNT.WR[UNIT5];15931295;100.00;;"
9358 [140369472239296] INFO perfrun.perfcollector <> - PERF_STAT : "     2.768027353;CPU0;3236;;UNC_M_CAS_COUNT.RD[UNIT0];16001301;100.00;;"
9358 [140369472239296] INFO perfrun.perfcollector <> - PERF_STAT : "     2.768027353;CPU10;171;;UNC_M_CAS_COUNT.RD[UNIT0];15999230;100.00;;"
9358 [140369472239296] INFO perfrun.perfcollector <> - PERF_STAT : "     2.768027353;CPU0;3986;;UNC_M_CAS_COUNT.RD[UNIT1];16001161;100.00;;"
9358 [140369472239296] INFO perfrun.perfcollector <> - PERF_STAT : "     2.768027353;CPU10;185;;UNC_M_CAS_COUNT.RD[UNIT1];15999248;100.00;;"
9358 [140369472239296] INFO perfrun.perfcollector <> - PERF_STAT : "     2.768027353;CPU0;3226;;UNC_M_CAS_COUNT.RD[UNIT4];16001048;100.00;;"
9358 [140369472239296] INFO perfrun.perfcollector <> - PERF_STAT : "     2.768027353;CPU10;173;;UNC_M_CAS_COUNT.RD[UNIT4];15999101;100.00;;"
9358 [140369472239296] INFO perfrun.perfcollector <> - PERF_STAT : "     2.768027353;CPU0;3968;;UNC_M_CAS_COUNT.RD[UNIT5];16001065;100.00;;"
9358 [140369472239296] INFO perfrun.perfcollector <> - PERF_STAT : "     2.768027353;CPU10;211;;UNC_M_CAS_COUNT.RD[UNIT5];15999034;100.00;;"
9358 [140369472239296] INFO perfrun.perfcollector <> - PERF_STAT : "     2.768027353;CPU0;1577;;UNC_M_CAS_COUNT.WR[UNIT0];16000828;100.00;;"
9358 [140369472239296] INFO perfrun.perfcollector <> - PERF_STAT : "     2.768027353;CPU10;40;;UNC_M_CAS_COUNT.WR[UNIT0];15999017;100.00;;"
9358 [140369472239296] INFO perfrun.perfcollector <> - PERF_STAT : "     2.768027353;CPU0;2501;;UNC_M_CAS_COUNT.WR[UNIT1];16000829;100.00;;"
9358 [140369472239296] INFO perfrun.perfcollector <> - PERF_STAT : "     2.768027353;CPU10;85;;UNC_M_CAS_COUNT.WR[UNIT1];15998997;100.00;;"
9358 [140369472239296] INFO perfrun.perfcollector <> - PERF_STAT : "     2.768027353;CPU0;1662;;UNC_M_CAS_COUNT.WR[UNIT4];16000710;100.00;;"
9358 [140369472239296] INFO perfrun.perfcollector <> - PERF_STAT : "     2.768027353;CPU10;47;;UNC_M_CAS_COUNT.WR[UNIT4];15999055;100.00;;"
9358 [140369472239296] INFO perfrun.perfcollector <> - PERF_STAT : "     2.768027353;CPU0;2476;;UNC_M_CAS_COUNT.WR[UNIT5];16000638;100.00;;"
9358 [140369472239296] INFO perfrun.perfcollector <> - PERF_STAT : "     2.768027353;CPU10;102;;UNC_M_CAS_COUNT.WR[UNIT5];15999084;100.00;;"
9374 [140369472239296] INFO perfrun.perfcollector <> - PERF_STAT : "     2.784032943;CPU0;2951;;UNC_M_CAS_COUNT.RD[UNIT0];15999687;100.00;;"
9374 [140369472239296] INFO perfrun.perfcollector <> - PERF_STAT : "     2.784032943;CPU10;154;;UNC_M_CAS_COUNT.RD[UNIT0];15999935;100.00;;"
9374 [140369472239296] INFO perfrun.perfcollector <> - PERF_STAT : "     2.784032943;CPU0;3856;;UNC_M_CAS_COUNT.RD[UNIT1];15999610;100.00;;"
9374 [140369472239296] INFO perfrun.perfcollector <> - PERF_STAT : "     2.784032943;CPU10;200;;UNC_M_CAS_COUNT.RD[UNIT1];16000268;100.00;;"
9374 [140369472239296] INFO perfrun.perfcollector <> - PERF_STAT : "     2.784032943;CPU0;2988;;UNC_M_CAS_COUNT.RD[UNIT4];15999606;100.00;;"
9374 [140369472239296] INFO perfrun.perfcollector <> - PERF_STAT : "     2.784032943;CPU10;214;;UNC_M_CAS_COUNT.RD[UNIT4];16000262;100.00;;"
9374 [140369472239296] INFO perfrun.perfcollector <> - PERF_STAT : "     2.784032943;CPU0;3812;;UNC_M_CAS_COUNT.RD[UNIT5];15999481;100.00;;"
9374 [140369472239296] INFO perfrun.perfcollector <> - PERF_STAT : "     2.784032943;CPU10;286;;UNC_M_CAS_COUNT.RD[UNIT5];16000255;100.00;;"
9374 [140369472239296] INFO perfrun.perfcollector <> - PERF_STAT : "     2.784032943;CPU0;1529;;UNC_M_CAS_COUNT.WR[UNIT0];15999579;100.00;;"
9374 [140369472239296] INFO perfrun.perfcollector <> - PERF_STAT : "     2.784032943;CPU10;38;;UNC_M_CAS_COUNT.WR[UNIT0];16000293;100.00;;"
9374 [140369472239296] INFO perfrun.perfcollector <> - PERF_STAT : "     2.784032943;CPU0;2392;;UNC_M_CAS_COUNT.WR[UNIT1];15999490;100.00;;"
9374 [140369472239296] INFO perfrun.perfcollector <> - PERF_STAT : "     2.784032943;CPU10;108;;UNC_M_CAS_COUNT.WR[UNIT1];16000252;100.00;;"
9374 [140369472239296] INFO perfrun.perfcollector <> - PERF_STAT : "     2.784032943;CPU0;1570;;UNC_M_CAS_COUNT.WR[UNIT4];15999492;100.00;;"
9374 [140369472239296] INFO perfrun.perfcollector <> - PERF_STAT : "     2.784032943;CPU10;60;;UNC_M_CAS_COUNT.WR[UNIT4];16000188;100.00;;"
9374 [140369472239296] INFO perfrun.perfcollector <> - PERF_STAT : "     2.784032943;CPU0;2423;;UNC_M_CAS_COUNT.WR[UNIT5];15999526;100.00;;"
9374 [140369472239296] INFO perfrun.perfcollector <> - PERF_STAT : "     2.784032943;CPU10;124;;UNC_M_CAS_COUNT.WR[UNIT5];16000202;100.00;;"
9385 [140369472239296] INFO perfrun.perfcollector <> - PERF_STAT : "     2.800025515;CPU0;2856;;UNC_M_CAS_COUNT.RD[UNIT0];11081659;100.00;;"
9385 [140369472239296] INFO perfrun.perfcollector <> - PERF_STAT : "     2.800025515;CPU10;169;;UNC_M_CAS_COUNT.RD[UNIT0];11082914;100.00;;"
9385 [140369472239296] INFO perfrun.perfcollector <> - PERF_STAT : "     2.800025515;CPU0;3274;;UNC_M_CAS_COUNT.RD[UNIT1];11081824;100.00;;"
9385 [140369472239296] INFO perfrun.perfcollector <> - PERF_STAT : "     2.800025515;CPU10;247;;UNC_M_CAS_COUNT.RD[UNIT1];11082697;100.00;;"
9385 [140369472239296] INFO perfrun.perfcollector <> - PERF_STAT : "     2.800025515;CPU0;2818;;UNC_M_CAS_COUNT.RD[UNIT4];11081864;100.00;;"
9385 [140369472239296] INFO perfrun.perfcollector <> - PERF_STAT : "     2.800025515;CPU10;210;;UNC_M_CAS_COUNT.RD[UNIT4];11082807;100.00;;"
9385 [140369472239296] INFO perfrun.perfcollector <> - PERF_STAT : "     2.800025515;CPU0;3207;;UNC_M_CAS_COUNT.RD[UNIT5];11081979;100.00;;"
9385 [140369472239296] INFO perfrun.perfcollector <> - PERF_STAT : "     2.800025515;CPU10;276;;UNC_M_CAS_COUNT.RD[UNIT5];11082844;100.00;;"
9385 [140369472239296] INFO perfrun.perfcollector <> - PERF_STAT : "     2.800025515;CPU0;1237;;UNC_M_CAS_COUNT.WR[UNIT0];11081879;100.00;;"
9385 [140369472239296] INFO perfrun.perfcollector <> - PERF_STAT : "     2.800025515;CPU10;36;;UNC_M_CAS_COUNT.WR[UNIT0];11082803;100.00;;"
9385 [140369472239296] INFO perfrun.perfcollector <> - PERF_STAT : "     2.800025515;CPU0;1765;;UNC_M_CAS_COUNT.WR[UNIT1];11081861;100.00;;"
9385 [140369472239296] INFO perfrun.perfcollector <> - PERF_STAT : "     2.800025515;CPU10;123;;UNC_M_CAS_COUNT.WR[UNIT1];11082817;100.00;;"
9385 [140369472239296] INFO perfrun.perfcollector <> - PERF_STAT : "     2.800025515;CPU0;1241;;UNC_M_CAS_COUNT.WR[UNIT4];11081859;100.00;;"
9385 [140369472239296] INFO perfrun.perfcollector <> - PERF_STAT : "     2.800025515;CPU10;39;;UNC_M_CAS_COUNT.WR[UNIT4];11082890;100.00;;"
9385 [140369472239296] INFO perfrun.perfcollector <> - PERF_STAT : "     2.800025515;CPU0;1758;;UNC_M_CAS_COUNT.WR[UNIT5];11081855;100.00;;"
9385 [140369472239296] INFO perfrun.perfcollector <> - PERF_STAT : "     2.800025515;CPU10;134;;UNC_M_CAS_COUNT.WR[UNIT5];11082867;100.00;;"
9398 [140369472239296] INFO perfrun.perfcollector <> - PERF_STAT : "     2.811108857;CPU0;2319;;UNC_M_CAS_COUNT.RD[UNIT0];12922932;100.00;;"
9398 [140369472239296] INFO perfrun.perfcollector <> - PERF_STAT : "     2.811108857;CPU10;117;;UNC_M_CAS_COUNT.RD[UNIT0];12930085;100.00;;"
9398 [140369472239296] INFO perfrun.perfcollector <> - PERF_STAT : "     2.811108857;CPU0;2996;;UNC_M_CAS_COUNT.RD[UNIT1];12922903;100.00;;"
9398 [140369472239296] INFO perfrun.perfcollector <> - PERF_STAT : "     2.811108857;CPU10;160;;UNC_M_CAS_COUNT.RD[UNIT1];12927257;100.00;;"
9398 [140369472239296] INFO perfrun.perfcollector <> - PERF_STAT : "     2.811108857;CPU0;2334;;UNC_M_CAS_COUNT.RD[UNIT4];12922853;100.00;;"
9398 [140369472239296] INFO perfrun.perfcollector <> - PERF_STAT : "     2.811108857;CPU10;181;;UNC_M_CAS_COUNT.RD[UNIT4];12925345;100.00;;"
9398 [140369472239296] INFO perfrun.perfcollector <> - PERF_STAT : "     2.811108857;CPU0;2999;;UNC_M_CAS_COUNT.RD[UNIT5];12922728;100.00;;"
9398 [140369472239296] INFO perfrun.perfcollector <> - PERF_STAT : "     2.811108857;CPU10;214;;UNC_M_CAS_COUNT.RD[UNIT5];12923451;100.00;;"
9398 [140369472239296] INFO perfrun.perfcollector <> - PERF_STAT : "     2.811108857;CPU0;1285;;UNC_M_CAS_COUNT.WR[UNIT0];12922762;100.00;;"
9398 [140369472239296] INFO perfrun.perfcollector <> - PERF_STAT : "     2.811108857;CPU10;27;;UNC_M_CAS_COUNT.WR[UNIT0];12921630;100.00;;"
9398 [140369472239296] INFO perfrun.perfcollector <> - PERF_STAT : "     2.811108857;CPU0;2004;;UNC_M_CAS_COUNT.WR[UNIT1];12922950;100.00;;"
9398 [140369472239296] INFO perfrun.perfcollector <> - PERF_STAT : "     2.811108857;CPU10;89;;UNC_M_CAS_COUNT.WR[UNIT1];12919787;100.00;;"
9398 [140369472239296] INFO perfrun.perfcollector <> - PERF_STAT : "     2.811108857;CPU0;1306;;UNC_M_CAS_COUNT.WR[UNIT4];12923039;100.00;;"
9398 [140369472239296] INFO perfrun.perfcollector <> - PERF_STAT : "     2.811108857;CPU10;55;;UNC_M_CAS_COUNT.WR[UNIT4];12917941;100.00;;"
9398 [140369472239296] INFO perfrun.perfcollector <> - PERF_STAT : "     2.811108857;CPU0;1971;;UNC_M_CAS_COUNT.WR[UNIT5];12923057;100.00;;"
9398 [140369472239296] INFO perfrun.perfcollector <> - PERF_STAT : "     2.811108857;CPU10;121;;UNC_M_CAS_COUNT.WR[UNIT5];12916257;100.00;;"
9414 [140369472239296] INFO perfrun.perfcollector <> - PERF_STAT : "     2.823970300;CPU0;2947;;UNC_M_CAS_COUNT.RD[UNIT0];15997431;100.00;;"
9414 [140369472239296] INFO perfrun.perfcollector <> - PERF_STAT : "     2.823970300;CPU10;134;;UNC_M_CAS_COUNT.RD[UNIT0];15988665;100.00;;"
9414 [140369472239296] INFO perfrun.perfcollector <> - PERF_STAT : "     2.823970300;CPU0;3820;;UNC_M_CAS_COUNT.RD[UNIT1];15997518;100.00;;"
9414 [140369472239296] INFO perfrun.perfcollector <> - PERF_STAT : "     2.823970300;CPU10;187;;UNC_M_CAS_COUNT.RD[UNIT1];15991463;100.00;;"
9414 [140369472239296] INFO perfrun.perfcollector <> - PERF_STAT : "     2.823970300;CPU0;2935;;UNC_M_CAS_COUNT.RD[UNIT4];15997705;100.00;;"
9414 [140369472239296] INFO perfrun.perfcollector <> - PERF_STAT : "     2.823970300;CPU10;168;;UNC_M_CAS_COUNT.RD[UNIT4];15993255;100.00;;"
9414 [140369472239296] INFO perfrun.perfcollector <> - PERF_STAT : "     2.823970300;CPU0;3833;;UNC_M_CAS_COUNT.RD[UNIT5];15997787;100.00;;"
9414 [140369472239296] INFO perfrun.perfcollector <> - PERF_STAT : "     2.823970300;CPU10;220;;UNC_M_CAS_COUNT.RD[UNIT5];15995099;100.00;;"
9414 [140369472239296] INFO perfrun.perfcollector <> - PERF_STAT : "     2.823970300;CPU0;1602;;UNC_M_CAS_COUNT.WR[UNIT0];15997862;100.00;;"
9414 [140369472239296] INFO perfrun.perfcollector <> - PERF_STAT : "     2.823970300;CPU10;41;;UNC_M_CAS_COUNT.WR[UNIT0];15996937;100.00;;"
9414 [140369472239296] INFO perfrun.perfcollector <> - PERF_STAT : "     2.823970300;CPU0;2449;;UNC_M_CAS_COUNT.WR[UNIT1];15997684;100.00;;"
9414 [140369472239296] INFO perfrun.perfcollector <> - PERF_STAT : "     2.823970300;CPU10;100;;UNC_M_CAS_COUNT.WR[UNIT1];15998803;100.00;;"
9414 [140369472239296] INFO perfrun.perfcollector <> - PERF_STAT : "     2.823970300;CPU0;1557;;UNC_M_CAS_COUNT.WR[UNIT4];15997600;100.00;;"
9414 [140369472239296] INFO perfrun.perfcollector <> - PERF_STAT : "     2.823970300;CPU10;42;;UNC_M_CAS_COUNT.WR[UNIT4];16000586;100.00;;"
9414 [140369472239296] INFO perfrun.perfcollector <> - PERF_STAT : "     2.823970300;CPU0;2446;;UNC_M_CAS_COUNT.WR[UNIT5];15997617;100.00;;"
9414 [140369472239296] INFO perfrun.perfcollector <> - PERF_STAT : "     2.823970300;CPU10;111;;UNC_M_CAS_COUNT.WR[UNIT5];16002276;100.00;;"
9438 [140369472239296] INFO perfrun.perfcollector <> - PERF_STAT : "     2.840031188;CPU0;4514;;UNC_M_CAS_COUNT.RD[UNIT0];23995814;100.00;;"
9438 [140369472239296] INFO perfrun.perfcollector <> - PERF_STAT : "     2.840031188;CPU10;316;;UNC_M_CAS_COUNT.RD[UNIT0];23994765;100.00;;"
9438 [140369472239296] INFO perfrun.perfcollector <> - PERF_STAT : "     2.840031188;CPU0;5662;;UNC_M_CAS_COUNT.RD[UNIT1];23995851;100.00;;"
9438 [140369472239296] INFO perfrun.perfcollector <> - PERF_STAT : "     2.840031188;CPU10;324;;UNC_M_CAS_COUNT.RD[UNIT1];23994732;100.00;;"
9438 [140369472239296] INFO perfrun.perfcollector <> - PERF_STAT : "     2.840031188;CPU0;4435;;UNC_M_CAS_COUNT.RD[UNIT4];23995856;100.00;;"
9438 [140369472239296] INFO perfrun.perfcollector <> - PERF_STAT : "     2.840031188;CPU10;328;;UNC_M_CAS_COUNT.RD[UNIT4];23994725;100.00;;"
9438 [140369472239296] INFO perfrun.perfcollector <> - PERF_STAT : "     2.840031188;CPU0;5710;;UNC_M_CAS_COUNT.RD[UNIT5];23995783;100.00;;"
9438 [140369472239296] INFO perfrun.perfcollector <> - PERF_STAT : "     2.840031188;CPU10;355;;UNC_M_CAS_COUNT.RD[UNIT5];23994722;100.00;;"
9438 [140369472239296] INFO perfrun.perfcollector <> - PERF_STAT : "     2.840031188;CPU0;2572;;UNC_M_CAS_COUNT.WR[UNIT0];23995673;100.00;;"
9438 [140369472239296] INFO perfrun.perfcollector <> - PERF_STAT : "     2.840031188;CPU10;57;;UNC_M_CAS_COUNT.WR[UNIT0];23994738;100.00;;"
9438 [140369472239296] INFO perfrun.perfcollector <> - PERF_STAT : "     2.840031188;CPU0;3828;;UNC_M_CAS_COUNT.WR[UNIT1];23995772;100.00;;"
9438 [140369472239296] INFO perfrun.perfcollector <> - PERF_STAT : "     2.840031188;CPU10;129;;UNC_M_CAS_COUNT.WR[UNIT1];23994705;100.00;;"
9438 [140369472239296] INFO perfrun.perfcollector <> - PERF_STAT : "     2.840031188;CPU0;2583;;UNC_M_CAS_COUNT.WR[UNIT4];23995775;100.00;;"
9438 [140369472239296] INFO perfrun.perfcollector <> - PERF_STAT : "     2.840031188;CPU10;66;;UNC_M_CAS_COUNT.WR[UNIT4];23994702;100.00;;"
9438 [140369472239296] INFO perfrun.perfcollector <> - PERF_STAT : "     2.840031188;CPU0;3806;;UNC_M_CAS_COUNT.WR[UNIT5];23995726;100.00;;"
9438 [140369472239296] INFO perfrun.perfcollector <> - PERF_STAT : "     2.840031188;CPU10;146;;UNC_M_CAS_COUNT.WR[UNIT5];23994729;100.00;;"
9454 [140369472239296] INFO perfrun.perfcollector <> - PERF_STAT : "     2.864036568;CPU0;2906;;UNC_M_CAS_COUNT.RD[UNIT0];16001811;100.00;;"
9454 [140369472239296] INFO perfrun.perfcollector <> - PERF_STAT : "     2.864036568;CPU10;153;;UNC_M_CAS_COUNT.RD[UNIT0];16011928;100.00;;"
9454 [140369472239296] INFO perfrun.perfcollector <> - PERF_STAT : "     2.864036568;CPU0;3864;;UNC_M_CAS_COUNT.RD[UNIT1];16001596;100.00;;"
9454 [140369472239296] INFO perfrun.perfcollector <> - PERF_STAT : "     2.864036568;CPU10;174;;UNC_M_CAS_COUNT.RD[UNIT1];16009153;100.00;;"
9454 [140369472239296] INFO perfrun.perfcollector <> - PERF_STAT : "     2.864036568;CPU0;2898;;UNC_M_CAS_COUNT.RD[UNIT4];16001611;100.00;;"
9454 [140369472239296] INFO perfrun.perfcollector <> - PERF_STAT : "     2.864036568;CPU10;179;;UNC_M_CAS_COUNT.RD[UNIT4];16007351;100.00;;"
9454 [140369472239296] INFO perfrun.perfcollector <> - PERF_STAT : "     2.864036568;CPU0;3743;;UNC_M_CAS_COUNT.RD[UNIT5];16001741;100.00;;"
9454 [140369472239296] INFO perfrun.perfcollector <> - PERF_STAT : "     2.864036568;CPU10;219;;UNC_M_CAS_COUNT.RD[UNIT5];16005538;100.00;;"
9454 [140369472239296] INFO perfrun.perfcollector <> - PERF_STAT : "     2.864036568;CPU0;1573;;UNC_M_CAS_COUNT.WR[UNIT0];16001756;100.00;;"
9454 [140369472239296] INFO perfrun.perfcollector <> - PERF_STAT : "     2.864036568;CPU10;47;;UNC_M_CAS_COUNT.WR[UNIT0];16003680;100.00;;"
9454 [140369472239296] INFO perfrun.perfcollector <> - PERF_STAT : "     2.864036568;CPU0;2410;;UNC_M_CAS_COUNT.WR[UNIT1];16001763;100.00;;"
9454 [140369472239296] INFO perfrun.perfcollector <> - PERF_STAT : "     2.864036568;CPU10;93;;UNC_M_CAS_COUNT.WR[UNIT1];16001846;100.00;;"
9454 [140369472239296] INFO perfrun.perfcollector <> - PERF_STAT : "     2.864036568;CPU0;1561;;UNC_M_CAS_COUNT.WR[UNIT4];16002227;100.00;;"
9454 [140369472239296] INFO perfrun.perfcollector <> - PERF_STAT : "     2.864036568;CPU10;62;;UNC_M_CAS_COUNT.WR[UNIT4];16000071;100.00;;"
9454 [140369472239296] INFO perfrun.perfcollector <> - PERF_STAT : "     2.864036568;CPU0;2527;;UNC_M_CAS_COUNT.WR[UNIT5];16002356;100.00;;"
9454 [140369472239296] INFO perfrun.perfcollector <> - PERF_STAT : "     2.864036568;CPU10;115;;UNC_M_CAS_COUNT.WR[UNIT5];15998227;100.00;;"
9470 [140369472239296] INFO perfrun.perfcollector <> - PERF_STAT : "     2.879972536;CPU0;2985;;UNC_M_CAS_COUNT.RD[UNIT0];16000693;100.00;;"
9470 [140369472239296] INFO perfrun.perfcollector <> - PERF_STAT : "     2.879972536;CPU10;142;;UNC_M_CAS_COUNT.RD[UNIT0];15991779;100.00;;"
9470 [140369472239296] INFO perfrun.perfcollector <> - PERF_STAT : "     2.879972536;CPU0;3778;;UNC_M_CAS_COUNT.RD[UNIT1];16000826;100.00;;"
9470 [140369472239296] INFO perfrun.perfcollector <> - PERF_STAT : "     2.879972536;CPU10;185;;UNC_M_CAS_COUNT.RD[UNIT1];15994572;100.00;;"
9470 [140369472239296] INFO perfrun.perfcollector <> - PERF_STAT : "     2.879972536;CPU0;3029;;UNC_M_CAS_COUNT.RD[UNIT4];16000722;100.00;;"
9470 [140369472239296] INFO perfrun.perfcollector <> - PERF_STAT : "     2.879972536;CPU10;204;;UNC_M_CAS_COUNT.RD[UNIT4];15996484;100.00;;"
9470 [140369472239296] INFO perfrun.perfcollector <> - PERF_STAT : "     2.879972536;CPU0;3821;;UNC_M_CAS_COUNT.RD[UNIT5];16000581;100.00;;"
9470 [140369472239296] INFO perfrun.perfcollector <> - PERF_STAT : "     2.879972536;CPU10;246;;UNC_M_CAS_COUNT.RD[UNIT5];15998306;100.00;;"
9470 [140369472239296] INFO perfrun.perfcollector <> - PERF_STAT : "     2.879972536;CPU0;1723;;UNC_M_CAS_COUNT.WR[UNIT0];16000562;100.00;;"
9470 [140369472239296] INFO perfrun.perfcollector <> - PERF_STAT : "     2.879972536;CPU10;31;;UNC_M_CAS_COUNT.WR[UNIT0];16000178;100.00;;"
9470 [140369472239296] INFO perfrun.perfcollector <> - PERF_STAT : "     2.879972536;CPU0;2556;;UNC_M_CAS_COUNT.WR[UNIT1];16000450;100.00;;"
9470 [140369472239296] INFO perfrun.perfcollector <> - PERF_STAT : "     2.879972536;CPU10;95;;UNC_M_CAS_COUNT.WR[UNIT1];16002171;100.00;;"
9470 [140369472239296] INFO perfrun.perfcollector <> - PERF_STAT : "     2.879972536;CPU0;1619;;UNC_M_CAS_COUNT.WR[UNIT4];15999977;100.00;;"
9470 [140369472239296] INFO perfrun.perfcollector <> - PERF_STAT : "     2.879972536;CPU10;47;;UNC_M_CAS_COUNT.WR[UNIT4];16004056;100.00;;"
9470 [140369472239296] INFO perfrun.perfcollector <> - PERF_STAT : "     2.879972536;CPU0;2582;;UNC_M_CAS_COUNT.WR[UNIT5];15999847;100.00;;"
9470 [140369472239296] INFO perfrun.perfcollector <> - PERF_STAT : "     2.879972536;CPU10;108;;UNC_M_CAS_COUNT.WR[UNIT5];16005874;100.00;;"
9485 [140369472239296] INFO perfrun.perfcollector <> - PERF_STAT : "     2.896024223;CPU0;2830;;UNC_M_CAS_COUNT.RD[UNIT0];15314350;100.00;;"
9485 [140369472239296] INFO perfrun.perfcollector <> - PERF_STAT : "     2.896024223;CPU10;178;;UNC_M_CAS_COUNT.RD[UNIT0];15314335;100.00;;"
9485 [140369472239296] INFO perfrun.perfcollector <> - PERF_STAT : "     2.896024223;CPU0;3663;;UNC_M_CAS_COUNT.RD[UNIT1];15314496;100.00;;"
9485 [140369472239296] INFO perfrun.perfcollector <> - PERF_STAT : "     2.896024223;CPU10;195;;UNC_M_CAS_COUNT.RD[UNIT1];15314317;100.00;;"
9485 [140369472239296] INFO perfrun.perfcollector <> - PERF_STAT : "     2.896024223;CPU0;2878;;UNC_M_CAS_COUNT.RD[UNIT4];15314417;100.00;;"
9485 [140369472239296] INFO perfrun.perfcollector <> - PERF_STAT : "     2.896024223;CPU10;181;;UNC_M_CAS_COUNT.RD[UNIT4];15314274;100.00;;"
9485 [140369472239296] INFO perfrun.perfcollector <> - PERF_STAT : "     2.896024223;CPU0;3724;;UNC_M_CAS_COUNT.RD[UNIT5];15314438;100.00;;"
9485 [140369472239296] INFO perfrun.perfcollector <> - PERF_STAT : "     2.896024223;CPU10;225;;UNC_M_CAS_COUNT.RD[UNIT5];15314431;100.00;;"
9485 [140369472239296] INFO perfrun.perfcollector <> - PERF_STAT : "     2.896024223;CPU0;1655;;UNC_M_CAS_COUNT.WR[UNIT0];15314457;100.00;;"
9485 [140369472239296] INFO perfrun.perfcollector <> - PERF_STAT : "     2.896024223;CPU10;47;;UNC_M_CAS_COUNT.WR[UNIT0];15314448;100.00;;"
9485 [140369472239296] INFO perfrun.perfcollector <> - PERF_STAT : "     2.896024223;CPU0;2491;;UNC_M_CAS_COUNT.WR[UNIT1];15314463;100.00;;"
9485 [140369472239296] INFO perfrun.perfcollector <> - PERF_STAT : "     2.896024223;CPU10;101;;UNC_M_CAS_COUNT.WR[UNIT1];15314335;100.00;;"
9485 [140369472239296] INFO perfrun.perfcollector <> - PERF_STAT : "     2.896024223;CPU0;1661;;UNC_M_CAS_COUNT.WR[UNIT4];15314722;100.00;;"
9485 [140369472239296] INFO perfrun.perfcollector <> - PERF_STAT : "     2.896024223;CPU10;57;;UNC_M_CAS_COUNT.WR[UNIT4];15314352;100.00;;"
9485 [140369472239296] INFO perfrun.perfcollector <> - PERF_STAT : "     2.896024223;CPU0;2455;;UNC_M_CAS_COUNT.WR[UNIT5];15314757;100.00;;"
9485 [140369472239296] INFO perfrun.perfcollector <> - PERF_STAT : "     2.896024223;CPU10;116;;UNC_M_CAS_COUNT.WR[UNIT5];15314345;100.00;;"
9498 [140369472239296] INFO perfrun.perfcollector <> - PERF_STAT : "     2.911344414;CPU0;2247;;UNC_M_CAS_COUNT.RD[UNIT0];12690406;100.00;;"
9498 [140369472239296] INFO perfrun.perfcollector <> - PERF_STAT : "     2.911344414;CPU10;147;;UNC_M_CAS_COUNT.RD[UNIT0];12690745;100.00;;"
9498 [140369472239296] INFO perfrun.perfcollector <> - PERF_STAT : "     2.911344414;CPU0;2944;;UNC_M_CAS_COUNT.RD[UNIT1];12690102;100.00;;"
9498 [140369472239296] INFO perfrun.perfcollector <> - PERF_STAT : "     2.911344414;CPU10;197;;UNC_M_CAS_COUNT.RD[UNIT1];12690758;100.00;;"
9498 [140369472239296] INFO perfrun.perfcollector <> - PERF_STAT : "     2.911344414;CPU0;2353;;UNC_M_CAS_COUNT.RD[UNIT4];12690200;100.00;;"
9498 [140369472239296] INFO perfrun.perfcollector <> - PERF_STAT : "     2.911344414;CPU10;217;;UNC_M_CAS_COUNT.RD[UNIT4];12690711;100.00;;"
9498 [140369472239296] INFO perfrun.perfcollector <> - PERF_STAT : "     2.911344414;CPU0;3011;;UNC_M_CAS_COUNT.RD[UNIT5];12690281;100.00;;"
9498 [140369472239296] INFO perfrun.perfcollector <> - PERF_STAT : "     2.911344414;CPU10;267;;UNC_M_CAS_COUNT.RD[UNIT5];12690688;100.00;;"
9498 [140369472239296] INFO perfrun.perfcollector <> - PERF_STAT : "     2.911344414;CPU0;1278;;UNC_M_CAS_COUNT.WR[UNIT0];12690289;100.00;;"
9498 [140369472239296] INFO perfrun.perfcollector <> - PERF_STAT : "     2.911344414;CPU10;33;;UNC_M_CAS_COUNT.WR[UNIT0];12690782;100.00;;"
9498 [140369472239296] INFO perfrun.perfcollector <> - PERF_STAT : "     2.911344414;CPU0;1961;;UNC_M_CAS_COUNT.WR[UNIT1];12690562;100.00;;"
9498 [140369472239296] INFO perfrun.perfcollector <> - PERF_STAT : "     2.911344414;CPU10;95;;UNC_M_CAS_COUNT.WR[UNIT1];12690772;100.00;;"
9498 [140369472239296] INFO perfrun.perfcollector <> - PERF_STAT : "     2.911344414;CPU0;1320;;UNC_M_CAS_COUNT.WR[UNIT4];12690403;100.00;;"
9498 [140369472239296] INFO perfrun.perfcollector <> - PERF_STAT : "     2.911344414;CPU10;52;;UNC_M_CAS_COUNT.WR[UNIT4];12690648;100.00;;"
9498 [140369472239296] INFO perfrun.perfcollector <> - PERF_STAT : "     2.911344414;CPU0;1983;;UNC_M_CAS_COUNT.WR[UNIT5];12690407;100.00;;"
9498 [140369472239296] INFO perfrun.perfcollector <> - PERF_STAT : "     2.911344414;CPU10;122;;UNC_M_CAS_COUNT.WR[UNIT5];12690655;100.00;;"
9514 [140369472239296] INFO perfrun.perfcollector <> - PERF_STAT : "     2.924030056;CPU0;3645;;UNC_M_CAS_COUNT.RD[UNIT0];15995354;100.00;;"
9514 [140369472239296] INFO perfrun.perfcollector <> - PERF_STAT : "     2.924030056;CPU10;155;;UNC_M_CAS_COUNT.RD[UNIT0];15997412;100.00;;"
9514 [140369472239296] INFO perfrun.perfcollector <> - PERF_STAT : "     2.924030056;CPU0;4385;;UNC_M_CAS_COUNT.RD[UNIT1];15995560;100.00;;"
9514 [140369472239296] INFO perfrun.perfcollector <> - PERF_STAT : "     2.924030056;CPU10;227;;UNC_M_CAS_COUNT.RD[UNIT1];15997426;100.00;;"
9514 [140369472239296] INFO perfrun.perfcollector <> - PERF_STAT : "     2.924030056;CPU0;3562;;UNC_M_CAS_COUNT.RD[UNIT4];15995520;100.00;;"
9514 [140369472239296] INFO perfrun.perfcollector <> - PERF_STAT : "     2.924030056;CPU10;169;;UNC_M_CAS_COUNT.RD[UNIT4];15997573;100.00;;"
9514 [140369472239296] INFO perfrun.perfcollector <> - PERF_STAT : "     2.924030056;CPU0;4271;;UNC_M_CAS_COUNT.RD[UNIT5];15995517;100.00;;"
9514 [140369472239296] INFO perfrun.perfcollector <> - PERF_STAT : "     2.924030056;CPU10;246;;UNC_M_CAS_COUNT.RD[UNIT5];15997453;100.00;;"
9514 [140369472239296] INFO perfrun.perfcollector <> - PERF_STAT : "     2.924030056;CPU0;1703;;UNC_M_CAS_COUNT.WR[UNIT0];15995496;100.00;;"
9514 [140369472239296] INFO perfrun.perfcollector <> - PERF_STAT : "     2.924030056;CPU10;56;;UNC_M_CAS_COUNT.WR[UNIT0];15997285;100.00;;"
9514 [140369472239296] INFO perfrun.perfcollector <> - PERF_STAT : "     2.924030056;CPU0;2498;;UNC_M_CAS_COUNT.WR[UNIT1];15995359;100.00;;"
9514 [140369472239296] INFO perfrun.perfcollector <> - PERF_STAT : "     2.924030056;CPU10;136;;UNC_M_CAS_COUNT.WR[UNIT1];15997415;100.00;;"
9514 [140369472239296] INFO perfrun.perfcollector <> - PERF_STAT : "     2.924030056;CPU0;1702;;UNC_M_CAS_COUNT.WR[UNIT4];15995270;100.00;;"
9514 [140369472239296] INFO perfrun.perfcollector <> - PERF_STAT : "     2.924030056;CPU10;64;;UNC_M_CAS_COUNT.WR[UNIT4];15997498;100.00;;"
9514 [140369472239296] INFO perfrun.perfcollector <> - PERF_STAT : "     2.924030056;CPU0;2484;;UNC_M_CAS_COUNT.WR[UNIT5];15995271;100.00;;"
9514 [140369472239296] INFO perfrun.perfcollector <> - PERF_STAT : "     2.924030056;CPU10;157;;UNC_M_CAS_COUNT.WR[UNIT5];15997505;100.00;;"
9530 [140369472239296] INFO perfrun.perfcollector <> - PERF_STAT : "     2.940027477;CPU0;2956;;UNC_M_CAS_COUNT.RD[UNIT0];16001898;100.00;;"
9530 [140369472239296] INFO perfrun.perfcollector <> - PERF_STAT : "     2.940027477;CPU10;146;;UNC_M_CAS_COUNT.RD[UNIT0];16004619;100.00;;"
9530 [140369472239296] INFO perfrun.perfcollector <> - PERF_STAT : "     2.940027477;CPU0;3739;;UNC_M_CAS_COUNT.RD[UNIT1];16001880;100.00;;"
9530 [140369472239296] INFO perfrun.perfcollector <> - PERF_STAT : "     2.940027477;CPU10;188;;UNC_M_CAS_COUNT.RD[UNIT1];16002032;100.00;;"
9530 [140369472239296] INFO perfrun.perfcollector <> - PERF_STAT : "     2.940027477;CPU0;2926;;UNC_M_CAS_COUNT.RD[UNIT4];16001910;100.00;;"
9530 [140369472239296] INFO perfrun.perfcollector <> - PERF_STAT : "     2.940027477;CPU10;204;;UNC_M_CAS_COUNT.RD[UNIT4];16000191;100.00;;"
9530 [140369472239296] INFO perfrun.perfcollector <> - PERF_STAT : "     2.940027477;CPU0;3754;;UNC_M_CAS_COUNT.RD[UNIT5];16001818;100.00;;"
9530 [140369472239296] INFO perfrun.perfcollector <> - PERF_STAT : "     2.940027477;CPU10;253;;UNC_M_CAS_COUNT.RD[UNIT5];15998357;100.00;;"
9530 [140369472239296] INFO perfrun.perfcollector <> - PERF_STAT : "     2.940027477;CPU0;1623;;UNC_M_CAS_COUNT.WR[UNIT0];16001817;100.00;;"
9530 [140369472239296] INFO perfrun.perfcollector <> - PERF_STAT : "     2.940027477;CPU10;37;;UNC_M_CAS_COUNT.WR[UNIT0];15996552;100.00;;"
9530 [140369472239296] INFO perfrun.perfcollector <> - PERF_STAT : "     2.940027477;CPU0;2542;;UNC_M_CAS_COUNT.WR[UNIT1];16001783;100.00;;"
9530 [140369472239296] INFO perfrun.perfcollector <> - PERF_STAT : "     2.940027477;CPU10;104;;UNC_M_CAS_COUNT.WR[UNIT1];15994739;100.00;;"
9530 [140369472239296] INFO perfrun.perfcollector <> - PERF_STAT : "     2.940027477;CPU0;1747;;UNC_M_CAS_COUNT.WR[UNIT4];16001883;100.00;;"
9530 [140369472239296] INFO perfrun.perfcollector <> - PERF_STAT : "     2.940027477;CPU10;66;;UNC_M_CAS_COUNT.WR[UNIT4];15993047;100.00;;"
9530 [140369472239296] INFO perfrun.perfcollector <> - PERF_STAT : "     2.940027477;CPU0;2610;;UNC_M_CAS_COUNT.WR[UNIT5];16001836;100.00;;"
9530 [140369472239296] INFO perfrun.perfcollector <> - PERF_STAT : "     2.940027477;CPU10;138;;UNC_M_CAS_COUNT.WR[UNIT5];15991225;100.00;;"
9546 [140369472239296] INFO perfrun.perfcollector <> - PERF_STAT : "     2.955965609;CPU0;2998;;UNC_M_CAS_COUNT.RD[UNIT0];16000938;100.00;;"
9546 [140369472239296] INFO perfrun.perfcollector <> - PERF_STAT : "     2.955965609;CPU10;556;;UNC_M_CAS_COUNT.RD[UNIT0];15980556;100.00;;"
9546 [140369472239296] INFO perfrun.perfcollector <> - PERF_STAT : "     2.955965609;CPU0;3868;;UNC_M_CAS_COUNT.RD[UNIT1];16000902;100.00;;"
9546 [140369472239296] INFO perfrun.perfcollector <> - PERF_STAT : "     2.955965609;CPU10;695;;UNC_M_CAS_COUNT.RD[UNIT1];15980276;100.00;;"
9546 [140369472239296] INFO perfrun.perfcollector <> - PERF_STAT : "     2.955965609;CPU0;2925;;UNC_M_CAS_COUNT.RD[UNIT4];16000719;100.00;;"
9546 [140369472239296] INFO perfrun.perfcollector <> - PERF_STAT : "     2.955965609;CPU10;621;;UNC_M_CAS_COUNT.RD[UNIT4];15980160;100.00;;"
9546 [140369472239296] INFO perfrun.perfcollector <> - PERF_STAT : "     2.955965609;CPU0;3831;;UNC_M_CAS_COUNT.RD[UNIT5];16000710;100.00;;"
9546 [140369472239296] INFO perfrun.perfcollector <> - PERF_STAT : "     2.955965609;CPU10;755;;UNC_M_CAS_COUNT.RD[UNIT5];15980335;100.00;;"
9546 [140369472239296] INFO perfrun.perfcollector <> - PERF_STAT : "     2.955965609;CPU0;1671;;UNC_M_CAS_COUNT.WR[UNIT0];16000717;100.00;;"
9546 [140369472239296] INFO perfrun.perfcollector <> - PERF_STAT : "     2.955965609;CPU10;144;;UNC_M_CAS_COUNT.WR[UNIT0];15980341;100.00;;"
9546 [140369472239296] INFO perfrun.perfcollector <> - PERF_STAT : "     2.955965609;CPU0;2569;;UNC_M_CAS_COUNT.WR[UNIT1];16000716;100.00;;"
9546 [140369472239296] INFO perfrun.perfcollector <> - PERF_STAT : "     2.955965609;CPU10;283;;UNC_M_CAS_COUNT.WR[UNIT1];15980137;100.00;;"
9546 [140369472239296] INFO perfrun.perfcollector <> - PERF_STAT : "     2.955965609;CPU0;1665;;UNC_M_CAS_COUNT.WR[UNIT4];16000603;100.00;;"
9546 [140369472239296] INFO perfrun.perfcollector <> - PERF_STAT : "     2.955965609;CPU10;150;;UNC_M_CAS_COUNT.WR[UNIT4];15979963;100.00;;"
9546 [140369472239296] INFO perfrun.perfcollector <> - PERF_STAT : "     2.955965609;CPU0;2507;;UNC_M_CAS_COUNT.WR[UNIT5];16000667;100.00;;"
9546 [140369472239296] INFO perfrun.perfcollector <> - PERF_STAT : "     2.955965609;CPU10;297;;UNC_M_CAS_COUNT.WR[UNIT5];15979969;100.00;;"
9562 [140369472239296] INFO perfrun.perfcollector <> - PERF_STAT : "     2.971951361;CPU0;3023;;UNC_M_CAS_COUNT.RD[UNIT0];15997179;100.00;;"
9562 [140369472239296] INFO perfrun.perfcollector <> - PERF_STAT : "     2.971951361;CPU10;334;;UNC_M_CAS_COUNT.RD[UNIT0];16011742;100.00;;"
9562 [140369472239296] INFO perfrun.perfcollector <> - PERF_STAT : "     2.971951361;CPU0;3861;;UNC_M_CAS_COUNT.RD[UNIT1];15997125;100.00;;"
9562 [140369472239296] INFO perfrun.perfcollector <> - PERF_STAT : "     2.971951361;CPU10;371;;UNC_M_CAS_COUNT.RD[UNIT1];16014616;100.00;;"
9562 [140369472239296] INFO perfrun.perfcollector <> - PERF_STAT : "     2.971951361;CPU0;3013;;UNC_M_CAS_COUNT.RD[UNIT4];15997194;100.00;;"
9562 [140369472239296] INFO perfrun.perfcollector <> - PERF_STAT : "     2.971951361;CPU10;398;;UNC_M_CAS_COUNT.RD[UNIT4];16016430;100.00;;"
9562 [140369472239296] INFO perfrun.perfcollector <> - PERF_STAT : "     2.971951361;CPU0;3803;;UNC_M_CAS_COUNT.RD[UNIT5];15997232;100.00;;"
9562 [140369472239296] INFO perfrun.perfcollector <> - PERF_STAT : "     2.971951361;CPU10;452;;UNC_M_CAS_COUNT.RD[UNIT5];16018072;100.00;;"
9562 [140369472239296] INFO perfrun.perfcollector <> - PERF_STAT : "     2.971951361;CPU0;1810;;UNC_M_CAS_COUNT.WR[UNIT0];15997231;100.00;;"
9562 [140369472239296] INFO perfrun.perfcollector <> - PERF_STAT : "     2.971951361;CPU10;31;;UNC_M_CAS_COUNT.WR[UNIT0];16019911;100.00;;"
9562 [140369472239296] INFO perfrun.perfcollector <> - PERF_STAT : "     2.971951361;CPU0;2568;;UNC_M_CAS_COUNT.WR[UNIT1];15997119;100.00;;"
9562 [140369472239296] INFO perfrun.perfcollector <> - PERF_STAT : "     2.971951361;CPU10;76;;UNC_M_CAS_COUNT.WR[UNIT1];16021765;100.00;;"
9562 [140369472239296] INFO perfrun.perfcollector <> - PERF_STAT : "     2.971951361;CPU0;1800;;UNC_M_CAS_COUNT.WR[UNIT4];15997124;100.00;;"
9562 [140369472239296] INFO perfrun.perfcollector <> - PERF_STAT : "     2.971951361;CPU10;53;;UNC_M_CAS_COUNT.WR[UNIT4];16023575;100.00;;"
9562 [140369472239296] INFO perfrun.perfcollector <> - PERF_STAT : "     2.971951361;CPU0;2655;;UNC_M_CAS_COUNT.WR[UNIT5];15997167;100.00;;"
9562 [140369472239296] INFO perfrun.perfcollector <> - PERF_STAT : "     2.971951361;CPU10;98;;UNC_M_CAS_COUNT.WR[UNIT5];16025373;100.00;;"
9578 [140369472239296] INFO perfrun.perfcollector <> - PERF_STAT : "     2.987981074;CPU0;2988;;UNC_M_CAS_COUNT.RD[UNIT0];16001126;100.00;;"
9578 [140369472239296] INFO perfrun.perfcollector <> - PERF_STAT : "     2.987981074;CPU10;166;;UNC_M_CAS_COUNT.RD[UNIT0];16002819;100.00;;"
9578 [140369472239296] INFO perfrun.perfcollector <> - PERF_STAT : "     2.987981074;CPU0;3796;;UNC_M_CAS_COUNT.RD[UNIT1];16001378;100.00;;"
9578 [140369472239296] INFO perfrun.perfcollector <> - PERF_STAT : "     2.987981074;CPU10;191;;UNC_M_CAS_COUNT.RD[UNIT1];16002771;100.00;;"
9578 [140369472239296] INFO perfrun.perfcollector <> - PERF_STAT : "     2.987981074;CPU0;3026;;UNC_M_CAS_COUNT.RD[UNIT4];16001491;100.00;;"
9578 [140369472239296] INFO perfrun.perfcollector <> - PERF_STAT : "     2.987981074;CPU10;175;;UNC_M_CAS_COUNT.RD[UNIT4];16002744;100.00;;"
9578 [140369472239296] INFO perfrun.perfcollector <> - PERF_STAT : "     2.987981074;CPU0;3833;;UNC_M_CAS_COUNT.RD[UNIT5];16001607;100.00;;"
9578 [140369472239296] INFO perfrun.perfcollector <> - PERF_STAT : "     2.987981074;CPU10;209;;UNC_M_CAS_COUNT.RD[UNIT5];16002761;100.00;;"
9578 [140369472239296] INFO perfrun.perfcollector <> - PERF_STAT : "     2.987981074;CPU0;1731;;UNC_M_CAS_COUNT.WR[UNIT0];16001625;100.00;;"
9578 [140369472239296] INFO perfrun.perfcollector <> - PERF_STAT : "     2.987981074;CPU10;73;;UNC_M_CAS_COUNT.WR[UNIT0];16002751;100.00;;"
9578 [140369472239296] INFO perfrun.perfcollector <> - PERF_STAT : "     2.987981074;CPU0;2610;;UNC_M_CAS_COUNT.WR[UNIT1];16001734;100.00;;"
9578 [140369472239296] INFO perfrun.perfcollector <> - PERF_STAT : "     2.987981074;CPU10;120;;UNC_M_CAS_COUNT.WR[UNIT1];16002752;100.00;;"
9578 [140369472239296] INFO perfrun.perfcollector <> - PERF_STAT : "     2.987981074;CPU0;1606;;UNC_M_CAS_COUNT.WR[UNIT4];16001742;100.00;;"
9578 [140369472239296] INFO perfrun.perfcollector <> - PERF_STAT : "     2.987981074;CPU10;52;;UNC_M_CAS_COUNT.WR[UNIT4];16002892;100.00;;"
9578 [140369472239296] INFO perfrun.perfcollector <> - PERF_STAT : "     2.987981074;CPU0;2522;;UNC_M_CAS_COUNT.WR[UNIT5];16001635;100.00;;"
9578 [140369472239296] INFO perfrun.perfcollector <> - PERF_STAT : "     2.987981074;CPU10;104;;UNC_M_CAS_COUNT.WR[UNIT5];16002915;100.00;;"
9598 [140369472239296] INFO perfrun.perfcollector <> - PERF_STAT : "     3.004028325;CPU0;3745;;UNC_M_CAS_COUNT.RD[UNIT0];19998184;100.00;;"
9598 [140369472239296] INFO perfrun.perfcollector <> - PERF_STAT : "     3.004028325;CPU10;152;;UNC_M_CAS_COUNT.RD[UNIT0];20005461;100.00;;"
9598 [140369472239296] INFO perfrun.perfcollector <> - PERF_STAT : "     3.004028325;CPU0;4771;;UNC_M_CAS_COUNT.RD[UNIT1];19998195;100.00;;"
9598 [140369472239296] INFO perfrun.perfcollector <> - PERF_STAT : "     3.004028325;CPU10;188;;UNC_M_CAS_COUNT.RD[UNIT1];20002628;100.00;;"
9598 [140369472239296] INFO perfrun.perfcollector <> - PERF_STAT : "     3.004028325;CPU0;3784;;UNC_M_CAS_COUNT.RD[UNIT4];19998197;100.00;;"
9598 [140369472239296] INFO perfrun.perfcollector <> - PERF_STAT : "     3.004028325;CPU10;193;;UNC_M_CAS_COUNT.RD[UNIT4];20000818;100.00;;"
9598 [140369472239296] INFO perfrun.perfcollector <> - PERF_STAT : "     3.004028325;CPU0;4790;;UNC_M_CAS_COUNT.RD[UNIT5];19998189;100.00;;"
9598 [140369472239296] INFO perfrun.perfcollector <> - PERF_STAT : "     3.004028325;CPU10;251;;UNC_M_CAS_COUNT.RD[UNIT5];19998958;100.00;;"
9598 [140369472239296] INFO perfrun.perfcollector <> - PERF_STAT : "     3.004028325;CPU0;2230;;UNC_M_CAS_COUNT.WR[UNIT0];19998176;100.00;;"
9598 [140369472239296] INFO perfrun.perfcollector <> - PERF_STAT : "     3.004028325;CPU10;33;;UNC_M_CAS_COUNT.WR[UNIT0];19997121;100.00;;"
9598 [140369472239296] INFO perfrun.perfcollector <> - PERF_STAT : "     3.004028325;CPU0;3252;;UNC_M_CAS_COUNT.WR[UNIT1];19998174;100.00;;"
9598 [140369472239296] INFO perfrun.perfcollector <> - PERF_STAT : "     3.004028325;CPU10;103;;UNC_M_CAS_COUNT.WR[UNIT1];19995313;100.00;;"
9598 [140369472239296] INFO perfrun.perfcollector <> - PERF_STAT : "     3.004028325;CPU0;2285;;UNC_M_CAS_COUNT.WR[UNIT4];19998280;100.00;;"
9598 [140369472239296] INFO perfrun.perfcollector <> - PERF_STAT : "     3.004028325;CPU10;56;;UNC_M_CAS_COUNT.WR[UNIT4];19993349;100.00;;"
9598 [140369472239296] INFO perfrun.perfcollector <> - PERF_STAT : "     3.004028325;CPU0;3285;;UNC_M_CAS_COUNT.WR[UNIT5];19998322;100.00;;"
9598 [140369472239296] INFO perfrun.perfcollector <> - PERF_STAT : "     3.004028325;CPU10;116;;UNC_M_CAS_COUNT.WR[UNIT5];19991525;100.00;;"
9614 [140369472239296] INFO perfrun.perfcollector <> - PERF_STAT : "     3.023965781;CPU0;2924;;UNC_M_CAS_COUNT.RD[UNIT0];16021358;100.00;;"
9614 [140369472239296] INFO perfrun.perfcollector <> - PERF_STAT : "     3.023965781;CPU10;159;;UNC_M_CAS_COUNT.RD[UNIT0];16021730;100.00;;"
9614 [140369472239296] INFO perfrun.perfcollector <> - PERF_STAT : "     3.023965781;CPU0;3741;;UNC_M_CAS_COUNT.RD[UNIT1];16021212;100.00;;"
9614 [140369472239296] INFO perfrun.perfcollector <> - PERF_STAT : "     3.023965781;CPU10;182;;UNC_M_CAS_COUNT.RD[UNIT1];16021738;100.00;;"
9614 [140369472239296] INFO perfrun.perfcollector <> - PERF_STAT : "     3.023965781;CPU0;2982;;UNC_M_CAS_COUNT.RD[UNIT4];16021219;100.00;;"
9614 [140369472239296] INFO perfrun.perfcollector <> - PERF_STAT : "     3.023965781;CPU10;191;;UNC_M_CAS_COUNT.RD[UNIT4];16021889;100.00;;"
9614 [140369472239296] INFO perfrun.perfcollector <> - PERF_STAT : "     3.023965781;CPU0;3827;;UNC_M_CAS_COUNT.RD[UNIT5];16021181;100.00;;"
9614 [140369472239296] INFO perfrun.perfcollector <> - PERF_STAT : "     3.023965781;CPU10;238;;UNC_M_CAS_COUNT.RD[UNIT5];16021924;100.00;;"
9614 [140369472239296] INFO perfrun.perfcollector <> - PERF_STAT : "     3.023965781;CPU0;1769;;UNC_M_CAS_COUNT.WR[UNIT0];16021172;100.00;;"
9614 [140369472239296] INFO perfrun.perfcollector <> - PERF_STAT : "     3.023965781;CPU10;37;;UNC_M_CAS_COUNT.WR[UNIT0];16021923;100.00;;"
9614 [140369472239296] INFO perfrun.perfcollector <> - PERF_STAT : "     3.023965781;CPU0;2584;;UNC_M_CAS_COUNT.WR[UNIT1];16021073;100.00;;"
9614 [140369472239296] INFO perfrun.perfcollector <> - PERF_STAT : "     3.023965781;CPU10;87;;UNC_M_CAS_COUNT.WR[UNIT1];16022151;100.00;;"
9614 [140369472239296] INFO perfrun.perfcollector <> - PERF_STAT : "     3.023965781;CPU0;1729;;UNC_M_CAS_COUNT.WR[UNIT4];16020968;100.00;;"
9614 [140369472239296] INFO perfrun.perfcollector <> - PERF_STAT : "     3.023965781;CPU10;50;;UNC_M_CAS_COUNT.WR[UNIT4];16022178;100.00;;"
9614 [140369472239296] INFO perfrun.perfcollector <> - PERF_STAT : "     3.023965781;CPU0;2512;;UNC_M_CAS_COUNT.WR[UNIT5];16021047;100.00;;"
9614 [140369472239296] INFO perfrun.perfcollector <> - PERF_STAT : "     3.023965781;CPU10;101;;UNC_M_CAS_COUNT.WR[UNIT5];16022183;100.00;;"
9630 [140369472239296] INFO perfrun.perfcollector <> - PERF_STAT : "     3.039991301;CPU0;2897;;UNC_M_CAS_COUNT.RD[UNIT0];15993111;100.00;;"
9630 [140369472239296] INFO perfrun.perfcollector <> - PERF_STAT : "     3.039991301;CPU10;150;;UNC_M_CAS_COUNT.RD[UNIT0];15988054;100.00;;"
9630 [140369472239296] INFO perfrun.perfcollector <> - PERF_STAT : "     3.039991301;CPU0;3805;;UNC_M_CAS_COUNT.RD[UNIT1];15993156;100.00;;"
9630 [140369472239296] INFO perfrun.perfcollector <> - PERF_STAT : "     3.039991301;CPU10;202;;UNC_M_CAS_COUNT.RD[UNIT1];15990960;100.00;;"
9630 [140369472239296] INFO perfrun.perfcollector <> - PERF_STAT : "     3.039991301;CPU0;2935;;UNC_M_CAS_COUNT.RD[UNIT4];15993063;100.00;;"
9630 [140369472239296] INFO perfrun.perfcollector <> - PERF_STAT : "     3.039991301;CPU10;206;;UNC_M_CAS_COUNT.RD[UNIT4];15992692;100.00;;"
9630 [140369472239296] INFO perfrun.perfcollector <> - PERF_STAT : "     3.039991301;CPU0;3842;;UNC_M_CAS_COUNT.RD[UNIT5];15993049;100.00;;"
9630 [140369472239296] INFO perfrun.perfcollector <> - PERF_STAT : "     3.039991301;CPU10;261;;UNC_M_CAS_COUNT.RD[UNIT5];15994551;100.00;;"
9630 [140369472239296] INFO perfrun.perfcollector <> - PERF_STAT : "     3.039991301;CPU0;1699;;UNC_M_CAS_COUNT.WR[UNIT0];15993463;100.00;;"
9630 [140369472239296] INFO perfrun.perfcollector <> - PERF_STAT : "     3.039991301;CPU10;40;;UNC_M_CAS_COUNT.WR[UNIT0];15996509;100.00;;"
9630 [140369472239296] INFO perfrun.perfcollector <> - PERF_STAT : "     3.039991301;CPU0;2576;;UNC_M_CAS_COUNT.WR[UNIT1];15993752;100.00;;"
9630 [140369472239296] INFO perfrun.perfcollector <> - PERF_STAT : "     3.039991301;CPU10;95;;UNC_M_CAS_COUNT.WR[UNIT1];15998121;100.00;;"
9630 [140369472239296] INFO perfrun.perfcollector <> - PERF_STAT : "     3.039991301;CPU0;1703;;UNC_M_CAS_COUNT.WR[UNIT4];15993843;100.00;;"
9630 [140369472239296] INFO perfrun.perfcollector <> - PERF_STAT : "     3.039991301;CPU10;52;;UNC_M_CAS_COUNT.WR[UNIT4];15999878;100.00;;"
9630 [140369472239296] INFO perfrun.perfcollector <> - PERF_STAT : "     3.039991301;CPU0;2554;;UNC_M_CAS_COUNT.WR[UNIT5];15993852;100.00;;"
9630 [140369472239296] INFO perfrun.perfcollector <> - PERF_STAT : "     3.039991301;CPU10;119;;UNC_M_CAS_COUNT.WR[UNIT5];16001695;100.00;;"
9646 [140369472239296] INFO perfrun.perfcollector <> - PERF_STAT : "     3.056044189;CPU0;4103;;UNC_M_CAS_COUNT.RD[UNIT0];15985528;100.00;;"
9646 [140369472239296] INFO perfrun.perfcollector <> - PERF_STAT : "     3.056044189;CPU10;194;;UNC_M_CAS_COUNT.RD[UNIT0];15983833;100.00;;"
9646 [140369472239296] INFO perfrun.perfcollector <> - PERF_STAT : "     3.056044189;CPU0;4722;;UNC_M_CAS_COUNT.RD[UNIT1];15985529;100.00;;"
9646 [140369472239296] INFO perfrun.perfcollector <> - PERF_STAT : "     3.056044189;CPU10;259;;UNC_M_CAS_COUNT.RD[UNIT1];15983750;100.00;;"
9646 [140369472239296] INFO perfrun.perfcollector <> - PERF_STAT : "     3.056044189;CPU0;4005;;UNC_M_CAS_COUNT.RD[UNIT4];15985517;100.00;;"
9646 [140369472239296] INFO perfrun.perfcollector <> - PERF_STAT : "     3.056044189;CPU10;230;;UNC_M_CAS_COUNT.RD[UNIT4];15983700;100.00;;"
9646 [140369472239296] INFO perfrun.perfcollector <> - PERF_STAT : "     3.056044189;CPU0;4665;;UNC_M_CAS_COUNT.RD[UNIT5];15985425;100.00;;"
9646 [140369472239296] INFO perfrun.perfcollector <> - PERF_STAT : "     3.056044189;CPU10;283;;UNC_M_CAS_COUNT.RD[UNIT5];15983649;100.00;;"
9646 [140369472239296] INFO perfrun.perfcollector <> - PERF_STAT : "     3.056044189;CPU0;1948;;UNC_M_CAS_COUNT.WR[UNIT0];15985011;100.00;;"
9646 [140369472239296] INFO perfrun.perfcollector <> - PERF_STAT : "     3.056044189;CPU10;40;;UNC_M_CAS_COUNT.WR[UNIT0];15983543;100.00;;"
9646 [140369472239296] INFO perfrun.perfcollector <> - PERF_STAT : "     3.056044189;CPU0;2718;;UNC_M_CAS_COUNT.WR[UNIT1];15984717;100.00;;"
9646 [140369472239296] INFO perfrun.perfcollector <> - PERF_STAT : "     3.056044189;CPU10;122;;UNC_M_CAS_COUNT.WR[UNIT1];15983519;100.00;;"
9646 [140369472239296] INFO perfrun.perfcollector <> - PERF_STAT : "     3.056044189;CPU0;1905;;UNC_M_CAS_COUNT.WR[UNIT4];15984626;100.00;;"
9646 [140369472239296] INFO perfrun.perfcollector <> - PERF_STAT : "     3.056044189;CPU10;41;;UNC_M_CAS_COUNT.WR[UNIT4];15983542;100.00;;"
9646 [140369472239296] INFO perfrun.perfcollector <> - PERF_STAT : "     3.056044189;CPU0;2732;;UNC_M_CAS_COUNT.WR[UNIT5];15984509;100.00;;"
9646 [140369472239296] INFO perfrun.perfcollector <> - PERF_STAT : "     3.056044189;CPU10;129;;UNC_M_CAS_COUNT.WR[UNIT5];15983549;100.00;;"
9662 [140369472239296] INFO perfrun.perfcollector <> - PERF_STAT : "     3.072030991;CPU0;2937;;UNC_M_CAS_COUNT.RD[UNIT0];16003111;100.00;;"
9662 [140369472239296] INFO perfrun.perfcollector <> - PERF_STAT : "     3.072030991;CPU10;155;;UNC_M_CAS_COUNT.RD[UNIT0];16000796;100.00;;"
9662 [140369472239296] INFO perfrun.perfcollector <> - PERF_STAT : "     3.072030991;CPU0;3826;;UNC_M_CAS_COUNT.RD[UNIT1];16002985;100.00;;"
9662 [140369472239296] INFO perfrun.perfcollector <> - PERF_STAT : "     3.072030991;CPU10;205;;UNC_M_CAS_COUNT.RD[UNIT1];16000885;100.00;;"
9662 [140369472239296] INFO perfrun.perfcollector <> - PERF_STAT : "     3.072030991;CPU0;2936;;UNC_M_CAS_COUNT.RD[UNIT4];16003046;100.00;;"
9662 [140369472239296] INFO perfrun.perfcollector <> - PERF_STAT : "     3.072030991;CPU10;231;;UNC_M_CAS_COUNT.RD[UNIT4];16000875;100.00;;"
9662 [140369472239296] INFO perfrun.perfcollector <> - PERF_STAT : "     3.072030991;CPU0;3828;;UNC_M_CAS_COUNT.RD[UNIT5];16003055;100.00;;"
9662 [140369472239296] INFO perfrun.perfcollector <> - PERF_STAT : "     3.072030991;CPU10;284;;UNC_M_CAS_COUNT.RD[UNIT5];16000889;100.00;;"
9662 [140369472239296] INFO perfrun.perfcollector <> - PERF_STAT : "     3.072030991;CPU0;1760;;UNC_M_CAS_COUNT.WR[UNIT0];16003072;100.00;;"
9662 [140369472239296] INFO perfrun.perfcollector <> - PERF_STAT : "     3.072030991;CPU10;55;;UNC_M_CAS_COUNT.WR[UNIT0];16000895;100.00;;"
9662 [140369472239296] INFO perfrun.perfcollector <> - PERF_STAT : "     3.072030991;CPU0;2584;;UNC_M_CAS_COUNT.WR[UNIT1];16003186;100.00;;"
9662 [140369472239296] INFO perfrun.perfcollector <> - PERF_STAT : "     3.072030991;CPU10;117;;UNC_M_CAS_COUNT.WR[UNIT1];16000927;100.00;;"
9662 [140369472239296] INFO perfrun.perfcollector <> - PERF_STAT : "     3.072030991;CPU0;1747;;UNC_M_CAS_COUNT.WR[UNIT4];16003174;100.00;;"
9662 [140369472239296] INFO perfrun.perfcollector <> - PERF_STAT : "     3.072030991;CPU10;86;;UNC_M_CAS_COUNT.WR[UNIT4];16000953;100.00;;"
9662 [140369472239296] INFO perfrun.perfcollector <> - PERF_STAT : "     3.072030991;CPU0;2615;;UNC_M_CAS_COUNT.WR[UNIT5];16003213;100.00;;"
9662 [140369472239296] INFO perfrun.perfcollector <> - PERF_STAT : "     3.072030991;CPU10;152;;UNC_M_CAS_COUNT.WR[UNIT5];16000935;100.00;;"
9678 [140369472239296] INFO perfrun.perfcollector <> - PERF_STAT : "     3.087990398;CPU0;3015;;UNC_M_CAS_COUNT.RD[UNIT0];16044933;100.00;;"
9678 [140369472239296] INFO perfrun.perfcollector <> - PERF_STAT : "     3.087990398;CPU10;200;;UNC_M_CAS_COUNT.RD[UNIT0];16028661;100.00;;"
9678 [140369472239296] INFO perfrun.perfcollector <> - PERF_STAT : "     3.087990398;CPU0;3944;;UNC_M_CAS_COUNT.RD[UNIT1];16045151;100.00;;"
9678 [140369472239296] INFO perfrun.perfcollector <> - PERF_STAT : "     3.087990398;CPU10;242;;UNC_M_CAS_COUNT.RD[UNIT1];16025858;100.00;;"
9678 [140369472239296] INFO perfrun.perfcollector <> - PERF_STAT : "     3.087990398;CPU0;3083;;UNC_M_CAS_COUNT.RD[UNIT4];16045474;100.00;;"
9678 [140369472239296] INFO perfrun.perfcollector <> - PERF_STAT : "     3.087990398;CPU10;196;;UNC_M_CAS_COUNT.RD[UNIT4];16024225;100.00;;"
9678 [140369472239296] INFO perfrun.perfcollector <> - PERF_STAT : "     3.087990398;CPU0;3958;;UNC_M_CAS_COUNT.RD[UNIT5];16045727;100.00;;"
9678 [140369472239296] INFO perfrun.perfcollector <> - PERF_STAT : "     3.087990398;CPU10;248;;UNC_M_CAS_COUNT.RD[UNIT5];16022367;100.00;;"
9678 [140369472239296] INFO perfrun.perfcollector <> - PERF_STAT : "     3.087990398;CPU0;1901;;UNC_M_CAS_COUNT.WR[UNIT0];16045864;100.00;;"
9678 [140369472239296] INFO perfrun.perfcollector <> - PERF_STAT : "     3.087990398;CPU10;50;;UNC_M_CAS_COUNT.WR[UNIT0];16020497;100.00;;"
9678 [140369472239296] INFO perfrun.perfcollector <> - PERF_STAT : "     3.087990398;CPU0;2610;;UNC_M_CAS_COUNT.WR[UNIT1];16046114;100.00;;"
9678 [140369472239296] INFO perfrun.perfcollector <> - PERF_STAT : "     3.087990398;CPU10;102;;UNC_M_CAS_COUNT.WR[UNIT1];16018622;100.00;;"
9678 [140369472239296] INFO perfrun.perfcollector <> - PERF_STAT : "     3.087990398;CPU0;1915;;UNC_M_CAS_COUNT.WR[UNIT4];16046261;100.00;;"
9678 [140369472239296] INFO perfrun.perfcollector <> - PERF_STAT : "     3.087990398;CPU10;62;;UNC_M_CAS_COUNT.WR[UNIT4];16016857;100.00;;"
9678 [140369472239296] INFO perfrun.perfcollector <> - PERF_STAT : "     3.087990398;CPU0;2616;;UNC_M_CAS_COUNT.WR[UNIT5];16046338;100.00;;"
9678 [140369472239296] INFO perfrun.perfcollector <> - PERF_STAT : "     3.087990398;CPU10;113;;UNC_M_CAS_COUNT.WR[UNIT5];16015045;100.00;;"
9698 [140369472239296] INFO perfrun.perfcollector <> - PERF_STAT : "     3.103993635;CPU0;3644;;UNC_M_CAS_COUNT.RD[UNIT0];19954667;100.00;;"
9698 [140369472239296] INFO perfrun.perfcollector <> - PERF_STAT : "     3.103993635;CPU10;170;;UNC_M_CAS_COUNT.RD[UNIT0];19974689;100.00;;"
9698 [140369472239296] INFO perfrun.perfcollector <> - PERF_STAT : "     3.103993635;CPU0;4794;;UNC_M_CAS_COUNT.RD[UNIT1];19954517;100.00;;"
9698 [140369472239296] INFO perfrun.perfcollector <> - PERF_STAT : "     3.103993635;CPU10;221;;UNC_M_CAS_COUNT.RD[UNIT1];19977382;100.00;;"
9698 [140369472239296] INFO perfrun.perfcollector <> - PERF_STAT : "     3.103993635;CPU0;3643;;UNC_M_CAS_COUNT.RD[UNIT4];19954047;100.00;;"
9698 [140369472239296] INFO perfrun.perfcollector <> - PERF_STAT : "     3.103993635;CPU10;234;;UNC_M_CAS_COUNT.RD[UNIT4];19979029;100.00;;"
9698 [140369472239296] INFO perfrun.perfcollector <> - PERF_STAT : "     3.103993635;CPU0;4768;;UNC_M_CAS_COUNT.RD[UNIT5];19953793;100.00;;"
9698 [140369472239296] INFO perfrun.perfcollector <> - PERF_STAT : "     3.103993635;CPU10;300;;UNC_M_CAS_COUNT.RD[UNIT5];19980860;100.00;;"
9698 [140369472239296] INFO perfrun.perfcollector <> - PERF_STAT : "     3.103993635;CPU0;2209;;UNC_M_CAS_COUNT.WR[UNIT0];19953653;100.00;;"
9698 [140369472239296] INFO perfrun.perfcollector <> - PERF_STAT : "     3.103993635;CPU10;45;;UNC_M_CAS_COUNT.WR[UNIT0];19982727;100.00;;"
9698 [140369472239296] INFO perfrun.perfcollector <> - PERF_STAT : "     3.103993635;CPU0;3276;;UNC_M_CAS_COUNT.WR[UNIT1];19953397;100.00;;"
9698 [140369472239296] INFO perfrun.perfcollector <> - PERF_STAT : "     3.103993635;CPU10;106;;UNC_M_CAS_COUNT.WR[UNIT1];19984574;100.00;;"
9698 [140369472239296] INFO perfrun.perfcollector <> - PERF_STAT : "     3.103993635;CPU0;2278;;UNC_M_CAS_COUNT.WR[UNIT4];19953262;100.00;;"
9698 [140369472239296] INFO perfrun.perfcollector <> - PERF_STAT : "     3.103993635;CPU10;79;;UNC_M_CAS_COUNT.WR[UNIT4];19986283;100.00;;"
9698 [140369472239296] INFO perfrun.perfcollector <> - PERF_STAT : "     3.103993635;CPU0;3297;;UNC_M_CAS_COUNT.WR[UNIT5];19953240;100.00;;"
9698 [140369472239296] INFO perfrun.perfcollector <> - PERF_STAT : "     3.103993635;CPU10;149;;UNC_M_CAS_COUNT.WR[UNIT5];19988042;100.00;;"
9714 [140369472239296] INFO perfrun.perfcollector <> - PERF_STAT : "     3.124028660;CPU0;2938;;UNC_M_CAS_COUNT.RD[UNIT0];16000049;100.00;;"
9714 [140369472239296] INFO perfrun.perfcollector <> - PERF_STAT : "     3.124028660;CPU10;127;;UNC_M_CAS_COUNT.RD[UNIT0];16001897;100.00;;"
9714 [140369472239296] INFO perfrun.perfcollector <> - PERF_STAT : "     3.124028660;CPU0;3740;;UNC_M_CAS_COUNT.RD[UNIT1];15999952;100.00;;"
9714 [140369472239296] INFO perfrun.perfcollector <> - PERF_STAT : "     3.124028660;CPU10;170;;UNC_M_CAS_COUNT.RD[UNIT1];16001945;100.00;;"
9714 [140369472239296] INFO perfrun.perfcollector <> - PERF_STAT : "     3.124028660;CPU0;2961;;UNC_M_CAS_COUNT.RD[UNIT4];16000012;100.00;;"
9714 [140369472239296] INFO perfrun.perfcollector <> - PERF_STAT : "     3.124028660;CPU10;157;;UNC_M_CAS_COUNT.RD[UNIT4];16001971;100.00;;"
9714 [140369472239296] INFO perfrun.perfcollector <> - PERF_STAT : "     3.124028660;CPU0;3757;;UNC_M_CAS_COUNT.RD[UNIT5];16000009;100.00;;"
9714 [140369472239296] INFO perfrun.perfcollector <> - PERF_STAT : "     3.124028660;CPU10;193;;UNC_M_CAS_COUNT.RD[UNIT5];16001964;100.00;;"
9714 [140369472239296] INFO perfrun.perfcollector <> - PERF_STAT : "     3.124028660;CPU0;1775;;UNC_M_CAS_COUNT.WR[UNIT0];16000110;100.00;;"
9714 [140369472239296] INFO perfrun.perfcollector <> - PERF_STAT : "     3.124028660;CPU10;42;;UNC_M_CAS_COUNT.WR[UNIT0];16001950;100.00;;"
9714 [140369472239296] INFO perfrun.perfcollector <> - PERF_STAT : "     3.124028660;CPU0;2639;;UNC_M_CAS_COUNT.WR[UNIT1];16000106;100.00;;"
9714 [140369472239296] INFO perfrun.perfcollector <> - PERF_STAT : "     3.124028660;CPU10;96;;UNC_M_CAS_COUNT.WR[UNIT1];16001980;100.00;;"
9714 [140369472239296] INFO perfrun.perfcollector <> - PERF_STAT : "     3.124028660;CPU0;1785;;UNC_M_CAS_COUNT.WR[UNIT4];16000093;100.00;;"
9714 [140369472239296] INFO perfrun.perfcollector <> - PERF_STAT : "     3.124028660;CPU10;53;;UNC_M_CAS_COUNT.WR[UNIT4];16002044;100.00;;"
9714 [140369472239296] INFO perfrun.perfcollector <> - PERF_STAT : "     3.124028660;CPU0;2604;;UNC_M_CAS_COUNT.WR[UNIT5];15999984;100.00;;"
9714 [140369472239296] INFO perfrun.perfcollector <> - PERF_STAT : "     3.124028660;CPU10;104;;UNC_M_CAS_COUNT.WR[UNIT5];16002101;100.00;;"
9730 [140369472239296] INFO perfrun.perfcollector <> - PERF_STAT : "     3.140033386;CPU0;2963;;UNC_M_CAS_COUNT.RD[UNIT0];15999849;100.00;;"
9730 [140369472239296] INFO perfrun.perfcollector <> - PERF_STAT : "     3.140033386;CPU10;174;;UNC_M_CAS_COUNT.RD[UNIT0];15997062;100.00;;"
9730 [140369472239296] INFO perfrun.perfcollector <> - PERF_STAT : "     3.140033386;CPU0;3833;;UNC_M_CAS_COUNT.RD[UNIT1];16000032;100.00;;"
9730 [140369472239296] INFO perfrun.perfcollector <> - PERF_STAT : "     3.140033386;CPU10;202;;UNC_M_CAS_COUNT.RD[UNIT1];15997074;100.00;;"
9730 [140369472239296] INFO perfrun.perfcollector <> - PERF_STAT : "     3.140033386;CPU0;3021;;UNC_M_CAS_COUNT.RD[UNIT4];16000130;100.00;;"
9730 [140369472239296] INFO perfrun.perfcollector <> - PERF_STAT : "     3.140033386;CPU10;215;;UNC_M_CAS_COUNT.RD[UNIT4];15997067;100.00;;"
9730 [140369472239296] INFO perfrun.perfcollector <> - PERF_STAT : "     3.140033386;CPU0;3946;;UNC_M_CAS_COUNT.RD[UNIT5];16000128;100.00;;"
9730 [140369472239296] INFO perfrun.perfcollector <> - PERF_STAT : "     3.140033386;CPU10;279;;UNC_M_CAS_COUNT.RD[UNIT5];15997091;100.00;;"
9730 [140369472239296] INFO perfrun.perfcollector <> - PERF_STAT : "     3.140033386;CPU0;1822;;UNC_M_CAS_COUNT.WR[UNIT0];16000075;100.00;;"
9730 [140369472239296] INFO perfrun.perfcollector <> - PERF_STAT : "     3.140033386;CPU10;43;;UNC_M_CAS_COUNT.WR[UNIT0];15997088;100.00;;"
9730 [140369472239296] INFO perfrun.perfcollector <> - PERF_STAT : "     3.140033386;CPU0;2700;;UNC_M_CAS_COUNT.WR[UNIT1];16000085;100.00;;"
9730 [140369472239296] INFO perfrun.perfcollector <> - PERF_STAT : "     3.140033386;CPU10;118;;UNC_M_CAS_COUNT.WR[UNIT1];15997052;100.00;;"
9730 [140369472239296] INFO perfrun.perfcollector <> - PERF_STAT : "     3.140033386;CPU0;1851;;UNC_M_CAS_COUNT.WR[UNIT4];16000089;100.00;;"
9730 [140369472239296] INFO perfrun.perfcollector <> - PERF_STAT : "     3.140033386;CPU10;55;;UNC_M_CAS_COUNT.WR[UNIT4];15996998;100.00;;"
9730 [140369472239296] INFO perfrun.perfcollector <> - PERF_STAT : "     3.140033386;CPU0;2614;;UNC_M_CAS_COUNT.WR[UNIT5];16000132;100.00;;"
9730 [140369472239296] INFO perfrun.perfcollector <> - PERF_STAT : "     3.140033386;CPU10;126;;UNC_M_CAS_COUNT.WR[UNIT5];15997001;100.00;;"
9746 [140369472239296] INFO perfrun.perfcollector <> - PERF_STAT : "     3.156026986;CPU0;2959;;UNC_M_CAS_COUNT.RD[UNIT0];15997819;100.00;;"
9746 [140369472239296] INFO perfrun.perfcollector <> - PERF_STAT : "     3.156026986;CPU10;145;;UNC_M_CAS_COUNT.RD[UNIT0];16007794;100.00;;"
9746 [140369472239296] INFO perfrun.perfcollector <> - PERF_STAT : "     3.156026986;CPU0;3750;;UNC_M_CAS_COUNT.RD[UNIT1];15997537;100.00;;"
9746 [140369472239296] INFO perfrun.perfcollector <> - PERF_STAT : "     3.156026986;CPU10;162;;UNC_M_CAS_COUNT.RD[UNIT1];16005031;100.00;;"
9746 [140369472239296] INFO perfrun.perfcollector <> - PERF_STAT : "     3.156026986;CPU0;2936;;UNC_M_CAS_COUNT.RD[UNIT4];15997446;100.00;;"
9746 [140369472239296] INFO perfrun.perfcollector <> - PERF_STAT : "     3.156026986;CPU10;155;;UNC_M_CAS_COUNT.RD[UNIT4];16003175;100.00;;"
9746 [140369472239296] INFO perfrun.perfcollector <> - PERF_STAT : "     3.156026986;CPU0;3807;;UNC_M_CAS_COUNT.RD[UNIT5];15997627;100.00;;"
9746 [140369472239296] INFO perfrun.perfcollector <> - PERF_STAT : "     3.156026986;CPU10;193;;UNC_M_CAS_COUNT.RD[UNIT5];16001327;100.00;;"
9746 [140369472239296] INFO perfrun.perfcollector <> - PERF_STAT : "     3.156026986;CPU0;1774;;UNC_M_CAS_COUNT.WR[UNIT0];15997594;100.00;;"
9746 [140369472239296] INFO perfrun.perfcollector <> - PERF_STAT : "     3.156026986;CPU10;43;;UNC_M_CAS_COUNT.WR[UNIT0];15999606;100.00;;"
9746 [140369472239296] INFO perfrun.perfcollector <> - PERF_STAT : "     3.156026986;CPU0;2645;;UNC_M_CAS_COUNT.WR[UNIT1];15997590;100.00;;"
9746 [140369472239296] INFO perfrun.perfcollector <> - PERF_STAT : "     3.156026986;CPU10;96;;UNC_M_CAS_COUNT.WR[UNIT1];15997924;100.00;;"
9746 [140369472239296] INFO perfrun.perfcollector <> - PERF_STAT : "     3.156026986;CPU0;1780;;UNC_M_CAS_COUNT.WR[UNIT4];15997590;100.00;;"
9746 [140369472239296] INFO perfrun.perfcollector <> - PERF_STAT : "     3.156026986;CPU10;50;;UNC_M_CAS_COUNT.WR[UNIT4];15996288;100.00;;"
9746 [140369472239296] INFO perfrun.perfcollector <> - PERF_STAT : "     3.156026986;CPU0;2697;;UNC_M_CAS_COUNT.WR[UNIT5];15997651;100.00;;"
9746 [140369472239296] INFO perfrun.perfcollector <> - PERF_STAT : "     3.156026986;CPU10;106;;UNC_M_CAS_COUNT.WR[UNIT5];15994469;100.00;;"
9762 [140369472239296] INFO perfrun.perfcollector <> - PERF_STAT : "     3.171974800;CPU0;3824;;UNC_M_CAS_COUNT.RD[UNIT0];16001502;100.00;;"
9762 [140369472239296] INFO perfrun.perfcollector <> - PERF_STAT : "     3.171974800;CPU10;305;;UNC_M_CAS_COUNT.RD[UNIT0];15992055;100.00;;"
9762 [140369472239296] INFO perfrun.perfcollector <> - PERF_STAT : "     3.171974800;CPU0;4641;;UNC_M_CAS_COUNT.RD[UNIT1];16001736;100.00;;"
9762 [140369472239296] INFO perfrun.perfcollector <> - PERF_STAT : "     3.171974800;CPU10;384;;UNC_M_CAS_COUNT.RD[UNIT1];15994896;100.00;;"
9762 [140369472239296] INFO perfrun.perfcollector <> - PERF_STAT : "     3.171974800;CPU0;3758;;UNC_M_CAS_COUNT.RD[UNIT4];16001720;100.00;;"
9762 [140369472239296] INFO perfrun.perfcollector <> - PERF_STAT : "     3.171974800;CPU10;399;;UNC_M_CAS_COUNT.RD[UNIT4];15996855;100.00;;"
9762 [140369472239296] INFO perfrun.perfcollector <> - PERF_STAT : "     3.171974800;CPU0;4369;;UNC_M_CAS_COUNT.RD[UNIT5];16001646;100.00;;"
9762 [140369472239296] INFO perfrun.perfcollector <> - PERF_STAT : "     3.171974800;CPU10;473;;UNC_M_CAS_COUNT.RD[UNIT5];15998736;100.00;;"
9762 [140369472239296] INFO perfrun.perfcollector <> - PERF_STAT : "     3.171974800;CPU0;1933;;UNC_M_CAS_COUNT.WR[UNIT0];16001624;100.00;;"
9762 [140369472239296] INFO perfrun.perfcollector <> - PERF_STAT : "     3.171974800;CPU10;58;;UNC_M_CAS_COUNT.WR[UNIT0];16000441;100.00;;"
9762 [140369472239296] INFO perfrun.perfcollector <> - PERF_STAT : "     3.171974800;CPU0;2774;;UNC_M_CAS_COUNT.WR[UNIT1];16001631;100.00;;"
9762 [140369472239296] INFO perfrun.perfcollector <> - PERF_STAT : "     3.171974800;CPU10;148;;UNC_M_CAS_COUNT.WR[UNIT1];16002125;100.00;;"
9762 [140369472239296] INFO perfrun.perfcollector <> - PERF_STAT : "     3.171974800;CPU0;1865;;UNC_M_CAS_COUNT.WR[UNIT4];16001631;100.00;;"
9762 [140369472239296] INFO perfrun.perfcollector <> - PERF_STAT : "     3.171974800;CPU10;80;;UNC_M_CAS_COUNT.WR[UNIT4];16003792;100.00;;"
9762 [140369472239296] INFO perfrun.perfcollector <> - PERF_STAT : "     3.171974800;CPU0;2716;;UNC_M_CAS_COUNT.WR[UNIT5];16001580;100.00;;"
9762 [140369472239296] INFO perfrun.perfcollector <> - PERF_STAT : "     3.171974800;CPU10;176;;UNC_M_CAS_COUNT.WR[UNIT5];16005588;100.00;;"
9778 [140369472239296] INFO perfrun.perfcollector <> - PERF_STAT : "     3.188030482;CPU0;3097;;UNC_M_CAS_COUNT.RD[UNIT0];16000608;100.00;;"
9778 [140369472239296] INFO perfrun.perfcollector <> - PERF_STAT : "     3.188030482;CPU10;713;;UNC_M_CAS_COUNT.RD[UNIT0];15999805;100.00;;"
9778 [140369472239296] INFO perfrun.perfcollector <> - PERF_STAT : "     3.188030482;CPU0;3910;;UNC_M_CAS_COUNT.RD[UNIT1];16000449;100.00;;"
9778 [140369472239296] INFO perfrun.perfcollector <> - PERF_STAT : "     3.188030482;CPU10;774;;UNC_M_CAS_COUNT.RD[UNIT1];15999758;100.00;;"
9778 [140369472239296] INFO perfrun.perfcollector <> - PERF_STAT : "     3.188030482;CPU0;3068;;UNC_M_CAS_COUNT.RD[UNIT4];16000619;100.00;;"
9778 [140369472239296] INFO perfrun.perfcollector <> - PERF_STAT : "     3.188030482;CPU10;728;;UNC_M_CAS_COUNT.RD[UNIT4];15999642;100.00;;"
9778 [140369472239296] INFO perfrun.perfcollector <> - PERF_STAT : "     3.188030482;CPU0;3940;;UNC_M_CAS_COUNT.RD[UNIT5];16000515;100.00;;"
9778 [140369472239296] INFO perfrun.perfcollector <> - PERF_STAT : "     3.188030482;CPU10;813;;UNC_M_CAS_COUNT.RD[UNIT5];15999605;100.00;;"
9778 [140369472239296] INFO perfrun.perfcollector <> - PERF_STAT : "     3.188030482;CPU0;2043;;UNC_M_CAS_COUNT.WR[UNIT0];16000524;100.00;;"
9778 [140369472239296] INFO perfrun.perfcollector <> - PERF_STAT : "     3.188030482;CPU10;127;;UNC_M_CAS_COUNT.WR[UNIT0];15999605;100.00;;"
9778 [140369472239296] INFO perfrun.perfcollector <> - PERF_STAT : "     3.188030482;CPU0;3003;;UNC_M_CAS_COUNT.WR[UNIT1];16000659;100.00;;"
9778 [140369472239296] INFO perfrun.perfcollector <> - PERF_STAT : "     3.188030482;CPU10;178;;UNC_M_CAS_COUNT.WR[UNIT1];15999595;100.00;;"
9778 [140369472239296] INFO perfrun.perfcollector <> - PERF_STAT : "     3.188030482;CPU0;1996;;UNC_M_CAS_COUNT.WR[UNIT4];16000764;100.00;;"
9778 [140369472239296] INFO perfrun.perfcollector <> - PERF_STAT : "     3.188030482;CPU10;110;;UNC_M_CAS_COUNT.WR[UNIT4];15999581;100.00;;"
9778 [140369472239296] INFO perfrun.perfcollector <> - PERF_STAT : "     3.188030482;CPU0;2972;;UNC_M_CAS_COUNT.WR[UNIT5];16000745;100.00;;"
9778 [140369472239296] INFO perfrun.perfcollector <> - PERF_STAT : "     3.188030482;CPU10;204;;UNC_M_CAS_COUNT.WR[UNIT5];15999641;100.00;;"
9798 [140369472239296] INFO perfrun.perfcollector <> - PERF_STAT : "     3.204008902;CPU0;3882;;UNC_M_CAS_COUNT.RD[UNIT0];19999641;100.00;;"
9798 [140369472239296] INFO perfrun.perfcollector <> - PERF_STAT : "     3.204008902;CPU10;193;;UNC_M_CAS_COUNT.RD[UNIT0];19998780;100.00;;"
9798 [140369472239296] INFO perfrun.perfcollector <> - PERF_STAT : "     3.204008902;CPU0;4936;;UNC_M_CAS_COUNT.RD[UNIT1];20000052;100.00;;"
9798 [140369472239296] INFO perfrun.perfcollector <> - PERF_STAT : "     3.204008902;CPU10;230;;UNC_M_CAS_COUNT.RD[UNIT1];19998789;100.00;;"
9798 [140369472239296] INFO perfrun.perfcollector <> - PERF_STAT : "     3.204008902;CPU0;3908;;UNC_M_CAS_COUNT.RD[UNIT4];20000007;100.00;;"
9798 [140369472239296] INFO perfrun.perfcollector <> - PERF_STAT : "     3.204008902;CPU10;280;;UNC_M_CAS_COUNT.RD[UNIT4];19998802;100.00;;"
9798 [140369472239296] INFO perfrun.perfcollector <> - PERF_STAT : "     3.204008902;CPU0;4811;;UNC_M_CAS_COUNT.RD[UNIT5];20000077;100.00;;"
9798 [140369472239296] INFO perfrun.perfcollector <> - PERF_STAT : "     3.204008902;CPU10;351;;UNC_M_CAS_COUNT.RD[UNIT5];19998786;100.00;;"
9798 [140369472239296] INFO perfrun.perfcollector <> - PERF_STAT : "     3.204008902;CPU0;2343;;UNC_M_CAS_COUNT.WR[UNIT0];20000178;100.00;;"
9798 [140369472239296] INFO perfrun.perfcollector <> - PERF_STAT : "     3.204008902;CPU10;56;;UNC_M_CAS_COUNT.WR[UNIT0];19999052;100.00;;"
9798 [140369472239296] INFO perfrun.perfcollector <> - PERF_STAT : "     3.204008902;CPU0;3472;;UNC_M_CAS_COUNT.WR[UNIT1];20000154;100.00;;"
9798 [140369472239296] INFO perfrun.perfcollector <> - PERF_STAT : "     3.204008902;CPU10;111;;UNC_M_CAS_COUNT.WR[UNIT1];19999144;100.00;;"
9798 [140369472239296] INFO perfrun.perfcollector <> - PERF_STAT : "     3.204008902;CPU0;2392;;UNC_M_CAS_COUNT.WR[UNIT4];20000051;100.00;;"
9798 [140369472239296] INFO perfrun.perfcollector <> - PERF_STAT : "     3.204008902;CPU10;86;;UNC_M_CAS_COUNT.WR[UNIT4];19999110;100.00;;"
9798 [140369472239296] INFO perfrun.perfcollector <> - PERF_STAT : "     3.204008902;CPU0;3437;;UNC_M_CAS_COUNT.WR[UNIT5];20000044;100.00;;"
9798 [140369472239296] INFO perfrun.perfcollector <> - PERF_STAT : "     3.204008902;CPU10;159;;UNC_M_CAS_COUNT.WR[UNIT5];19999036;100.00;;"
9814 [140369472239296] INFO perfrun.perfcollector <> - PERF_STAT : "     3.224029585;CPU0;3139;;UNC_M_CAS_COUNT.RD[UNIT0];16002702;100.00;;"
9814 [140369472239296] INFO perfrun.perfcollector <> - PERF_STAT : "     3.224029585;CPU10;787;;UNC_M_CAS_COUNT.RD[UNIT0];16001843;100.00;;"
9814 [140369472239296] INFO perfrun.perfcollector <> - PERF_STAT : "     3.224029585;CPU0;3953;;UNC_M_CAS_COUNT.RD[UNIT1];16002501;100.00;;"
9814 [140369472239296] INFO perfrun.perfcollector <> - PERF_STAT : "     3.224029585;CPU10;907;;UNC_M_CAS_COUNT.RD[UNIT1];16001761;100.00;;"
9814 [140369472239296] INFO perfrun.perfcollector <> - PERF_STAT : "     3.224029585;CPU0;3088;;UNC_M_CAS_COUNT.RD[UNIT4];16002552;100.00;;"
9814 [140369472239296] INFO perfrun.perfcollector <> - PERF_STAT : "     3.224029585;CPU10;847;;UNC_M_CAS_COUNT.RD[UNIT4];16001741;100.00;;"
9814 [140369472239296] INFO perfrun.perfcollector <> - PERF_STAT : "     3.224029585;CPU0;3959;;UNC_M_CAS_COUNT.RD[UNIT5];16002483;100.00;;"
9814 [140369472239296] INFO perfrun.perfcollector <> - PERF_STAT : "     3.224029585;CPU10;1039;;UNC_M_CAS_COUNT.RD[UNIT5];16001901;100.00;;"
9814 [140369472239296] INFO perfrun.perfcollector <> - PERF_STAT : "     3.224029585;CPU0;2012;;UNC_M_CAS_COUNT.WR[UNIT0];16002355;100.00;;"
9814 [140369472239296] INFO perfrun.perfcollector <> - PERF_STAT : "     3.224029585;CPU10;111;;UNC_M_CAS_COUNT.WR[UNIT0];16001751;100.00;;"
9814 [140369472239296] INFO perfrun.perfcollector <> - PERF_STAT : "     3.224029585;CPU0;2684;;UNC_M_CAS_COUNT.WR[UNIT1];16002241;100.00;;"
9814 [140369472239296] INFO perfrun.perfcollector <> - PERF_STAT : "     3.224029585;CPU10;253;;UNC_M_CAS_COUNT.WR[UNIT1];16001743;100.00;;"
9814 [140369472239296] INFO perfrun.perfcollector <> - PERF_STAT : "     3.224029585;CPU0;1876;;UNC_M_CAS_COUNT.WR[UNIT4];16002249;100.00;;"
9814 [140369472239296] INFO perfrun.perfcollector <> - PERF_STAT : "     3.224029585;CPU10;134;;UNC_M_CAS_COUNT.WR[UNIT4];16001937;100.00;;"
9814 [140369472239296] INFO perfrun.perfcollector <> - PERF_STAT : "     3.224029585;CPU0;2745;;UNC_M_CAS_COUNT.WR[UNIT5];16002304;100.00;;"
9814 [140369472239296] INFO perfrun.perfcollector <> - PERF_STAT : "     3.224029585;CPU10;275;;UNC_M_CAS_COUNT.WR[UNIT5];16002098;100.00;;"
9830 [140369472239296] INFO perfrun.perfcollector <> - PERF_STAT : "     3.240027642;CPU0;3069;;UNC_M_CAS_COUNT.RD[UNIT0];15999391;100.00;;"
9830 [140369472239296] INFO perfrun.perfcollector <> - PERF_STAT : "     3.240027642;CPU10;163;;UNC_M_CAS_COUNT.RD[UNIT0];16008626;100.00;;"
9830 [140369472239296] INFO perfrun.perfcollector <> - PERF_STAT : "     3.240027642;CPU0;3906;;UNC_M_CAS_COUNT.RD[UNIT1];15999221;100.00;;"
9830 [140369472239296] INFO perfrun.perfcollector <> - PERF_STAT : "     3.240027642;CPU10;186;;UNC_M_CAS_COUNT.RD[UNIT1];16005825;100.00;;"
9830 [140369472239296] INFO perfrun.perfcollector <> - PERF_STAT : "     3.240027642;CPU0;3101;;UNC_M_CAS_COUNT.RD[UNIT4];15999096;100.00;;"
9830 [140369472239296] INFO perfrun.perfcollector <> - PERF_STAT : "     3.240027642;CPU10;161;;UNC_M_CAS_COUNT.RD[UNIT4];16003977;100.00;;"
9830 [140369472239296] INFO perfrun.perfcollector <> - PERF_STAT : "     3.240027642;CPU0;3935;;UNC_M_CAS_COUNT.RD[UNIT5];15999088;100.00;;"
9830 [140369472239296] INFO perfrun.perfcollector <> - PERF_STAT : "     3.240027642;CPU10;215;;UNC_M_CAS_COUNT.RD[UNIT5];16001945;100.00;;"
9830 [140369472239296] INFO perfrun.perfcollector <> - PERF_STAT : "     3.240027642;CPU0;1983;;UNC_M_CAS_COUNT.WR[UNIT0];15999104;100.00;;"
9830 [140369472239296] INFO perfrun.perfcollector <> - PERF_STAT : "     3.240027642;CPU10;71;;UNC_M_CAS_COUNT.WR[UNIT0];15999998;100.00;;"
9830 [140369472239296] INFO perfrun.perfcollector <> - PERF_STAT : "     3.240027642;CPU0;2634;;UNC_M_CAS_COUNT.WR[UNIT1];15999197;100.00;;"
9830 [140369472239296] INFO perfrun.perfcollector <> - PERF_STAT : "     3.240027642;CPU10;124;;UNC_M_CAS_COUNT.WR[UNIT1];15998056;100.00;;"
9830 [140369472239296] INFO perfrun.perfcollector <> - PERF_STAT : "     3.240027642;CPU0;2014;;UNC_M_CAS_COUNT.WR[UNIT4];15999186;100.00;;"
9830 [140369472239296] INFO perfrun.perfcollector <> - PERF_STAT : "     3.240027642;CPU10;43;;UNC_M_CAS_COUNT.WR[UNIT4];15996107;100.00;;"
9830 [140369472239296] INFO perfrun.perfcollector <> - PERF_STAT : "     3.240027642;CPU0;2766;;UNC_M_CAS_COUNT.WR[UNIT5];15999171;100.00;;"
9830 [140369472239296] INFO perfrun.perfcollector <> - PERF_STAT : "     3.240027642;CPU10;96;;UNC_M_CAS_COUNT.WR[UNIT5];15994159;100.00;;"
9846 [140369472239296] INFO perfrun.perfcollector <> - PERF_STAT : "     3.255970964;CPU0;3133;;UNC_M_CAS_COUNT.RD[UNIT0];15996978;100.00;;"
9846 [140369472239296] INFO perfrun.perfcollector <> - PERF_STAT : "     3.255970964;CPU10;153;;UNC_M_CAS_COUNT.RD[UNIT0];15987717;100.00;;"
9846 [140369472239296] INFO perfrun.perfcollector <> - PERF_STAT : "     3.255970964;CPU0;4022;;UNC_M_CAS_COUNT.RD[UNIT1];15996904;100.00;;"
9846 [140369472239296] INFO perfrun.perfcollector <> - PERF_STAT : "     3.255970964;CPU10;178;;UNC_M_CAS_COUNT.RD[UNIT1];15990534;100.00;;"
9846 [140369472239296] INFO perfrun.perfcollector <> - PERF_STAT : "     3.255970964;CPU0;3069;;UNC_M_CAS_COUNT.RD[UNIT4];15996810;100.00;;"
9846 [140369472239296] INFO perfrun.perfcollector <> - PERF_STAT : "     3.255970964;CPU10;197;;UNC_M_CAS_COUNT.RD[UNIT4];15992502;100.00;;"
9846 [140369472239296] INFO perfrun.perfcollector <> - PERF_STAT : "     3.255970964;CPU0;3948;;UNC_M_CAS_COUNT.RD[UNIT5];15996820;100.00;;"
9846 [140369472239296] INFO perfrun.perfcollector <> - PERF_STAT : "     3.255970964;CPU10;235;;UNC_M_CAS_COUNT.RD[UNIT5];15994781;100.00;;"
9846 [140369472239296] INFO perfrun.perfcollector <> - PERF_STAT : "     3.255970964;CPU0;1797;;UNC_M_CAS_COUNT.WR[UNIT0];15996922;100.00;;"
9846 [140369472239296] INFO perfrun.perfcollector <> - PERF_STAT : "     3.255970964;CPU10;33;;UNC_M_CAS_COUNT.WR[UNIT0];15996624;100.00;;"
9846 [140369472239296] INFO perfrun.perfcollector <> - PERF_STAT : "     3.255970964;CPU0;2678;;UNC_M_CAS_COUNT.WR[UNIT1];15996952;100.00;;"
9846 [140369472239296] INFO perfrun.perfcollector <> - PERF_STAT : "     3.255970964;CPU10;81;;UNC_M_CAS_COUNT.WR[UNIT1];15998570;100.00;;"
9846 [140369472239296] INFO perfrun.perfcollector <> - PERF_STAT : "     3.255970964;CPU0;1836;;UNC_M_CAS_COUNT.WR[UNIT4];15996954;100.00;;"
9846 [140369472239296] INFO perfrun.perfcollector <> - PERF_STAT : "     3.255970964;CPU10;47;;UNC_M_CAS_COUNT.WR[UNIT4];16013874;100.00;;"
9846 [140369472239296] INFO perfrun.perfcollector <> - PERF_STAT : "     3.255970964;CPU0;2767;;UNC_M_CAS_COUNT.WR[UNIT5];15996894;100.00;;"
9846 [140369472239296] INFO perfrun.perfcollector <> - PERF_STAT : "     3.255970964;CPU10;103;;UNC_M_CAS_COUNT.WR[UNIT5];16014022;100.00;;"
9862 [140369472239296] INFO perfrun.perfcollector <> - PERF_STAT : "     3.271983893;CPU0;3308;;UNC_M_CAS_COUNT.RD[UNIT0];16002047;100.00;;"
9862 [140369472239296] INFO perfrun.perfcollector <> - PERF_STAT : "     3.271983893;CPU10;159;;UNC_M_CAS_COUNT.RD[UNIT0];16003312;100.00;;"
9862 [140369472239296] INFO perfrun.perfcollector <> - PERF_STAT : "     3.271983893;CPU0;4090;;UNC_M_CAS_COUNT.RD[UNIT1];16002087;100.00;;"
9862 [140369472239296] INFO perfrun.perfcollector <> - PERF_STAT : "     3.271983893;CPU10;198;;UNC_M_CAS_COUNT.RD[UNIT1];16003425;100.00;;"
9862 [140369472239296] INFO perfrun.perfcollector <> - PERF_STAT : "     3.271983893;CPU0;3325;;UNC_M_CAS_COUNT.RD[UNIT4];16002212;100.00;;"
9862 [140369472239296] INFO perfrun.perfcollector <> - PERF_STAT : "     3.271983893;CPU10;185;;UNC_M_CAS_COUNT.RD[UNIT4];16003369;100.00;;"
9862 [140369472239296] INFO perfrun.perfcollector <> - PERF_STAT : "     3.271983893;CPU0;4121;;UNC_M_CAS_COUNT.RD[UNIT5];16002356;100.00;;"
9862 [140369472239296] INFO perfrun.perfcollector <> - PERF_STAT : "     3.271983893;CPU10;231;;UNC_M_CAS_COUNT.RD[UNIT5];16002988;100.00;;"
9862 [140369472239296] INFO perfrun.perfcollector <> - PERF_STAT : "     3.271983893;CPU0;1933;;UNC_M_CAS_COUNT.WR[UNIT0];16002366;100.00;;"
9862 [140369472239296] INFO perfrun.perfcollector <> - PERF_STAT : "     3.271983893;CPU10;28;;UNC_M_CAS_COUNT.WR[UNIT0];16002972;100.00;;"
9862 [140369472239296] INFO perfrun.perfcollector <> - PERF_STAT : "     3.271983893;CPU0;2777;;UNC_M_CAS_COUNT.WR[UNIT1];16002242;100.00;;"
9862 [140369472239296] INFO perfrun.perfcollector <> - PERF_STAT : "     3.271983893;CPU10;76;;UNC_M_CAS_COUNT.WR[UNIT1];16002889;100.00;;"
9862 [140369472239296] INFO perfrun.perfcollector <> - PERF_STAT : "     3.271983893;CPU0;1982;;UNC_M_CAS_COUNT.WR[UNIT4];16002252;100.00;;"
9862 [140369472239296] INFO perfrun.perfcollector <> - PERF_STAT : "     3.271983893;CPU10;31;;UNC_M_CAS_COUNT.WR[UNIT4];15989336;100.00;;"
9862 [140369472239296] INFO perfrun.perfcollector <> - PERF_STAT : "     3.271983893;CPU0;2725;;UNC_M_CAS_COUNT.WR[UNIT5];16002310;100.00;;"
9862 [140369472239296] INFO perfrun.perfcollector <> - PERF_STAT : "     3.271983893;CPU10;87;;UNC_M_CAS_COUNT.WR[UNIT5];15991006;100.00;;"
9878 [140369472239296] INFO perfrun.perfcollector <> - PERF_STAT : "     3.288010017;CPU0;3288;;UNC_M_CAS_COUNT.RD[UNIT0];16002425;100.00;;"
9880 [140369472239296] INFO perfrun.perfcollector <> - PERF_STAT : "     3.288010017;CPU10;1751;;UNC_M_CAS_COUNT.RD[UNIT0];15998256;100.00;;"
9882 [140369472239296] INFO perfrun.perfcollector <> - PERF_STAT : "     3.288010017;CPU0;4147;;UNC_M_CAS_COUNT.RD[UNIT1];16002316;100.00;;"
9882 [140369472239296] INFO perfrun.perfcollector <> - PERF_STAT : "     3.288010017;CPU10;1814;;UNC_M_CAS_COUNT.RD[UNIT1];15998086;100.00;;"
9882 [140369472239296] INFO perfrun.perfcollector <> - PERF_STAT : "     3.288010017;CPU0;3305;;UNC_M_CAS_COUNT.RD[UNIT4];16002332;100.00;;"
9882 [140369472239296] INFO perfrun.perfcollector <> - PERF_STAT : "     3.288010017;CPU10;1752;;UNC_M_CAS_COUNT.RD[UNIT4];15998002;100.00;;"
9882 [140369472239296] INFO perfrun.perfcollector <> - PERF_STAT : "     3.288010017;CPU0;4095;;UNC_M_CAS_COUNT.RD[UNIT5];16002305;100.00;;"
9882 [140369472239296] INFO perfrun.perfcollector <> - PERF_STAT : "     3.288010017;CPU10;1926;;UNC_M_CAS_COUNT.RD[UNIT5];15997949;100.00;;"
9882 [140369472239296] INFO perfrun.perfcollector <> - PERF_STAT : "     3.288010017;CPU0;2592;;UNC_M_CAS_COUNT.WR[UNIT0];16002199;100.00;;"
9882 [140369472239296] INFO perfrun.perfcollector <> - PERF_STAT : "     3.288010017;CPU10;267;;UNC_M_CAS_COUNT.WR[UNIT0];15997950;100.00;;"
9882 [140369472239296] INFO perfrun.perfcollector <> - PERF_STAT : "     3.288010017;CPU0;3466;;UNC_M_CAS_COUNT.WR[UNIT1];16002288;100.00;;"
9882 [140369472239296] INFO perfrun.perfcollector <> - PERF_STAT : "     3.288010017;CPU10;396;;UNC_M_CAS_COUNT.WR[UNIT1];15997962;100.00;;"
9882 [140369472239296] INFO perfrun.perfcollector <> - PERF_STAT : "     3.288010017;CPU0;2516;;UNC_M_CAS_COUNT.WR[UNIT4];16002423;100.00;;"
9882 [140369472239296] INFO perfrun.perfcollector <> - PERF_STAT : "     3.288010017;CPU10;291;;UNC_M_CAS_COUNT.WR[UNIT4];15997980;100.00;;"
9882 [140369472239296] INFO perfrun.perfcollector <> - PERF_STAT : "     3.288010017;CPU0;3426;;UNC_M_CAS_COUNT.WR[UNIT5];16002503;100.00;;"
9882 [140369472239296] INFO perfrun.perfcollector <> - PERF_STAT : "     3.288010017;CPU10;412;;UNC_M_CAS_COUNT.WR[UNIT5];15997956;100.00;;"
9902 [140369472239296] INFO perfrun.perfcollector <> - PERF_STAT : "     3.304008153;CPU0;5800;;UNC_M_CAS_COUNT.RD[UNIT0];24017201;100.00;;"
9902 [140369472239296] INFO perfrun.perfcollector <> - PERF_STAT : "     3.304008153;CPU10;941;;UNC_M_CAS_COUNT.RD[UNIT0];24020681;100.00;;"
9902 [140369472239296] INFO perfrun.perfcollector <> - PERF_STAT : "     3.304008153;CPU0;6859;;UNC_M_CAS_COUNT.RD[UNIT1];24017775;100.00;;"
9902 [140369472239296] INFO perfrun.perfcollector <> - PERF_STAT : "     3.304008153;CPU10;1151;;UNC_M_CAS_COUNT.RD[UNIT1];24020802;100.00;;"
9902 [140369472239296] INFO perfrun.perfcollector <> - PERF_STAT : "     3.304008153;CPU0;5808;;UNC_M_CAS_COUNT.RD[UNIT4];24017919;100.00;;"
9902 [140369472239296] INFO perfrun.perfcollector <> - PERF_STAT : "     3.304008153;CPU10;1002;;UNC_M_CAS_COUNT.RD[UNIT4];24020852;100.00;;"
9902 [140369472239296] INFO perfrun.perfcollector <> - PERF_STAT : "     3.304008153;CPU0;6887;;UNC_M_CAS_COUNT.RD[UNIT5];24017902;100.00;;"
9902 [140369472239296] INFO perfrun.perfcollector <> - PERF_STAT : "     3.304008153;CPU10;1387;;UNC_M_CAS_COUNT.RD[UNIT5];24020896;100.00;;"
9902 [140369472239296] INFO perfrun.perfcollector <> - PERF_STAT : "     3.304008153;CPU0;3131;;UNC_M_CAS_COUNT.WR[UNIT0];24017985;100.00;;"
9902 [140369472239296] INFO perfrun.perfcollector <> - PERF_STAT : "     3.304008153;CPU10;126;;UNC_M_CAS_COUNT.WR[UNIT0];24020955;100.00;;"
9902 [140369472239296] INFO perfrun.perfcollector <> - PERF_STAT : "     3.304008153;CPU0;4447;;UNC_M_CAS_COUNT.WR[UNIT1];24017980;100.00;;"
9902 [140369472239296] INFO perfrun.perfcollector <> - PERF_STAT : "     3.304008153;CPU10;442;;UNC_M_CAS_COUNT.WR[UNIT1];24020932;100.00;;"
9902 [140369472239296] INFO perfrun.perfcollector <> - PERF_STAT : "     3.304008153;CPU0;3259;;UNC_M_CAS_COUNT.WR[UNIT4];24017959;100.00;;"
9902 [140369472239296] INFO perfrun.perfcollector <> - PERF_STAT : "     3.304008153;CPU10;151;;UNC_M_CAS_COUNT.WR[UNIT4];24020895;100.00;;"
9902 [140369472239296] INFO perfrun.perfcollector <> - PERF_STAT : "     3.304008153;CPU0;4477;;UNC_M_CAS_COUNT.WR[UNIT5];24017924;100.00;;"
9902 [140369472239296] INFO perfrun.perfcollector <> - PERF_STAT : "     3.304008153;CPU10;490;;UNC_M_CAS_COUNT.WR[UNIT5];24020885;100.00;;"
9918 [140369472239296] INFO perfrun.perfcollector <> - PERF_STAT : "     3.328057922;CPU0;2660;;UNC_M_CAS_COUNT.RD[UNIT0];15981501;100.00;;"
9918 [140369472239296] INFO perfrun.perfcollector <> - PERF_STAT : "     3.328057922;CPU10;222;;UNC_M_CAS_COUNT.RD[UNIT0];15964671;100.00;;"
9918 [140369472239296] INFO perfrun.perfcollector <> - PERF_STAT : "     3.328057922;CPU0;3531;;UNC_M_CAS_COUNT.RD[UNIT1];15981074;100.00;;"
9918 [140369472239296] INFO perfrun.perfcollector <> - PERF_STAT : "     3.328057922;CPU10;316;;UNC_M_CAS_COUNT.RD[UNIT1];15962067;100.00;;"
9918 [140369472239296] INFO perfrun.perfcollector <> - PERF_STAT : "     3.328057922;CPU0;2731;;UNC_M_CAS_COUNT.RD[UNIT4];15980840;100.00;;"
9918 [140369472239296] INFO perfrun.perfcollector <> - PERF_STAT : "     3.328057922;CPU10;314;;UNC_M_CAS_COUNT.RD[UNIT4];15960336;100.00;;"
9918 [140369472239296] INFO perfrun.perfcollector <> - PERF_STAT : "     3.328057922;CPU0;3587;;UNC_M_CAS_COUNT.RD[UNIT5];15980806;100.00;;"
9918 [140369472239296] INFO perfrun.perfcollector <> - PERF_STAT : "     3.328057922;CPU10;426;;UNC_M_CAS_COUNT.RD[UNIT5];15958507;100.00;;"
9918 [140369472239296] INFO perfrun.perfcollector <> - PERF_STAT : "     3.328057922;CPU0;1395;;UNC_M_CAS_COUNT.WR[UNIT0];15980742;100.00;;"
9918 [140369472239296] INFO perfrun.perfcollector <> - PERF_STAT : "     3.328057922;CPU10;57;;UNC_M_CAS_COUNT.WR[UNIT0];15956624;100.00;;"
9918 [140369472239296] INFO perfrun.perfcollector <> - PERF_STAT : "     3.328057922;CPU0;2281;;UNC_M_CAS_COUNT.WR[UNIT1];15980894;100.00;;"
9918 [140369472239296] INFO perfrun.perfcollector <> - PERF_STAT : "     3.328057922;CPU10;186;;UNC_M_CAS_COUNT.WR[UNIT1];15954952;100.00;;"
9918 [140369472239296] INFO perfrun.perfcollector <> - PERF_STAT : "     3.328057922;CPU0;1469;;UNC_M_CAS_COUNT.WR[UNIT4];15980765;100.00;;"
9918 [140369472239296] INFO perfrun.perfcollector <> - PERF_STAT : "     3.328057922;CPU10;75;;UNC_M_CAS_COUNT.WR[UNIT4];15953234;100.00;;"
9918 [140369472239296] INFO perfrun.perfcollector <> - PERF_STAT : "     3.328057922;CPU0;2300;;UNC_M_CAS_COUNT.WR[UNIT5];15980674;100.00;;"
9918 [140369472239296] INFO perfrun.perfcollector <> - PERF_STAT : "     3.328057922;CPU10;210;;UNC_M_CAS_COUNT.WR[UNIT5];15951449;100.00;;"
9934 [140369472239296] INFO perfrun.perfcollector <> - PERF_STAT : "     3.343943019;CPU0;7151;;UNC_M_CAS_COUNT.RD[UNIT0];16017676;100.00;;"
9934 [140369472239296] INFO perfrun.perfcollector <> - PERF_STAT : "     3.343943019;CPU10;4457;;UNC_M_CAS_COUNT.RD[UNIT0];16036624;100.00;;"
9934 [140369472239296] INFO perfrun.perfcollector <> - PERF_STAT : "     3.343943019;CPU0;7866;;UNC_M_CAS_COUNT.RD[UNIT1];16018565;100.00;;"
9934 [140369472239296] INFO perfrun.perfcollector <> - PERF_STAT : "     3.343943019;CPU10;4640;;UNC_M_CAS_COUNT.RD[UNIT1];16039274;100.00;;"
9934 [140369472239296] INFO perfrun.perfcollector <> - PERF_STAT : "     3.343943019;CPU0;7126;;UNC_M_CAS_COUNT.RD[UNIT4];16019097;100.00;;"
9934 [140369472239296] INFO perfrun.perfcollector <> - PERF_STAT : "     3.343943019;CPU10;4668;;UNC_M_CAS_COUNT.RD[UNIT4];16040986;100.00;;"
9934 [140369472239296] INFO perfrun.perfcollector <> - PERF_STAT : "     3.343943019;CPU0;7997;;UNC_M_CAS_COUNT.RD[UNIT5];16019521;100.00;;"
9934 [140369472239296] INFO perfrun.perfcollector <> - PERF_STAT : "     3.343943019;CPU10;4804;;UNC_M_CAS_COUNT.RD[UNIT5];16042984;100.00;;"
9934 [140369472239296] INFO perfrun.perfcollector <> - PERF_STAT : "     3.343943019;CPU0;47007;;UNC_M_CAS_COUNT.WR[UNIT0];16019833;100.00;;"
9934 [140369472239296] INFO perfrun.perfcollector <> - PERF_STAT : "     3.343943019;CPU10;1960;;UNC_M_CAS_COUNT.WR[UNIT0];16044917;100.00;;"
9934 [140369472239296] INFO perfrun.perfcollector <> - PERF_STAT : "     3.343943019;CPU0;47937;;UNC_M_CAS_COUNT.WR[UNIT1];16020045;100.00;;"
9934 [140369472239296] INFO perfrun.perfcollector <> - PERF_STAT : "     3.343943019;CPU10;2064;;UNC_M_CAS_COUNT.WR[UNIT1];16046599;100.00;;"
9934 [140369472239296] INFO perfrun.perfcollector <> - PERF_STAT : "     3.343943019;CPU0;47068;;UNC_M_CAS_COUNT.WR[UNIT4];16020424;100.00;;"
9934 [140369472239296] INFO perfrun.perfcollector <> - PERF_STAT : "     3.343943019;CPU10;2012;;UNC_M_CAS_COUNT.WR[UNIT4];16048361;100.00;;"
9934 [140369472239296] INFO perfrun.perfcollector <> - PERF_STAT : "     3.343943019;CPU0;47861;;UNC_M_CAS_COUNT.WR[UNIT5];16020633;100.00;;"
9934 [140369472239296] INFO perfrun.perfcollector <> - PERF_STAT : "     3.343943019;CPU10;2147;;UNC_M_CAS_COUNT.WR[UNIT5];16050163;100.00;;"
9946 [140369472239296] INFO perfrun.perfcollector <> - PERF_STAT : "     3.360019765;CPU0;2616;;UNC_M_CAS_COUNT.RD[UNIT0];12437286;100.00;;"
9946 [140369472239296] INFO perfrun.perfcollector <> - PERF_STAT : "     3.360019765;CPU10;2058;;UNC_M_CAS_COUNT.RD[UNIT0];12436010;100.00;;"
9946 [140369472239296] INFO perfrun.perfcollector <> - PERF_STAT : "     3.360019765;CPU0;3273;;UNC_M_CAS_COUNT.RD[UNIT1];12436961;100.00;;"
9946 [140369472239296] INFO perfrun.perfcollector <> - PERF_STAT : "     3.360019765;CPU10;2158;;UNC_M_CAS_COUNT.RD[UNIT1];12435847;100.00;;"
9946 [140369472239296] INFO perfrun.perfcollector <> - PERF_STAT : "     3.360019765;CPU0;2672;;UNC_M_CAS_COUNT.RD[UNIT4];12436495;100.00;;"
9946 [140369472239296] INFO perfrun.perfcollector <> - PERF_STAT : "     3.360019765;CPU10;2191;;UNC_M_CAS_COUNT.RD[UNIT4];12436019;100.00;;"
9946 [140369472239296] INFO perfrun.perfcollector <> - PERF_STAT : "     3.360019765;CPU0;3276;;UNC_M_CAS_COUNT.RD[UNIT5];12436165;100.00;;"
9947 [140369472239296] INFO perfrun.perfcollector <> - PERF_STAT : "     3.360019765;CPU10;2356;;UNC_M_CAS_COUNT.RD[UNIT5];12435853;100.00;;"
9947 [140369472239296] INFO perfrun.perfcollector <> - PERF_STAT : "     3.360019765;CPU0;38842;;UNC_M_CAS_COUNT.WR[UNIT0];12436006;100.00;;"
9947 [140369472239296] INFO perfrun.perfcollector <> - PERF_STAT : "     3.360019765;CPU10;1202;;UNC_M_CAS_COUNT.WR[UNIT0];12435757;100.00;;"
9947 [140369472239296] INFO perfrun.perfcollector <> - PERF_STAT : "     3.360019765;CPU0;39398;;UNC_M_CAS_COUNT.WR[UNIT1];12435632;100.00;;"
9947 [140369472239296] INFO perfrun.perfcollector <> - PERF_STAT : "     3.360019765;CPU10;1300;;UNC_M_CAS_COUNT.WR[UNIT1];12435760;100.00;;"
9947 [140369472239296] INFO perfrun.perfcollector <> - PERF_STAT : "     3.360019765;CPU0;38700;;UNC_M_CAS_COUNT.WR[UNIT4];12435295;100.00;;"
9947 [140369472239296] INFO perfrun.perfcollector <> - PERF_STAT : "     3.360019765;CPU10;1222;;UNC_M_CAS_COUNT.WR[UNIT4];12435739;100.00;;"
9947 [140369472239296] INFO perfrun.perfcollector <> - PERF_STAT : "     3.360019765;CPU0;39264;;UNC_M_CAS_COUNT.WR[UNIT5];12435213;100.00;;"
9947 [140369472239296] INFO perfrun.perfcollector <> - PERF_STAT : "     3.360019765;CPU10;1407;;UNC_M_CAS_COUNT.WR[UNIT5];12435709;100.00;;"
9956 [140369472239296] INFO perfrun.perfcollector <> - PERF_STAT : "     3.372461894;CPU0;2090;;UNC_M_CAS_COUNT.RD[UNIT0];10364712;100.00;;"
9957 [140369472239296] INFO perfrun.perfcollector <> - PERF_STAT : "     3.372461894;CPU10;2806;;UNC_M_CAS_COUNT.RD[UNIT0];10319576;100.00;;"
9957 [140369472239296] INFO perfrun.perfcollector <> - PERF_STAT : "     3.372461894;CPU0;2692;;UNC_M_CAS_COUNT.RD[UNIT1];10364412;100.00;;"
9957 [140369472239296] INFO perfrun.perfcollector <> - PERF_STAT : "     3.372461894;CPU10;3306;;UNC_M_CAS_COUNT.RD[UNIT1];10316727;100.00;;"
9957 [140369472239296] INFO perfrun.perfcollector <> - PERF_STAT : "     3.372461894;CPU0;2022;;UNC_M_CAS_COUNT.RD[UNIT4];10364674;100.00;;"
9957 [140369472239296] INFO perfrun.perfcollector <> - PERF_STAT : "     3.372461894;CPU10;2876;;UNC_M_CAS_COUNT.RD[UNIT4];10314687;100.00;;"
9957 [140369472239296] INFO perfrun.perfcollector <> - PERF_STAT : "     3.372461894;CPU0;2598;;UNC_M_CAS_COUNT.RD[UNIT5];10364737;100.00;;"
9957 [140369472239296] INFO perfrun.perfcollector <> - PERF_STAT : "     3.372461894;CPU10;3252;;UNC_M_CAS_COUNT.RD[UNIT5];10312760;100.00;;"
9957 [140369472239296] INFO perfrun.perfcollector <> - PERF_STAT : "     3.372461894;CPU0;28974;;UNC_M_CAS_COUNT.WR[UNIT0];10364646;100.00;;"
9957 [140369472239296] INFO perfrun.perfcollector <> - PERF_STAT : "     3.372461894;CPU10;8198;;UNC_M_CAS_COUNT.WR[UNIT0];10310890;100.00;;"
9957 [140369472239296] INFO perfrun.perfcollector <> - PERF_STAT : "     3.372461894;CPU0;29349;;UNC_M_CAS_COUNT.WR[UNIT1];10364771;100.00;;"
9957 [140369472239296] INFO perfrun.perfcollector <> - PERF_STAT : "     3.372461894;CPU10;8689;;UNC_M_CAS_COUNT.WR[UNIT1];10309030;100.00;;"
9957 [140369472239296] INFO perfrun.perfcollector <> - PERF_STAT : "     3.372461894;CPU0;28918;;UNC_M_CAS_COUNT.WR[UNIT4];10364772;100.00;;"
9957 [140369472239296] INFO perfrun.perfcollector <> - PERF_STAT : "     3.372461894;CPU10;8271;;UNC_M_CAS_COUNT.WR[UNIT4];10307273;100.00;;"
9957 [140369472239296] INFO perfrun.perfcollector <> - PERF_STAT : "     3.372461894;CPU0;29400;;UNC_M_CAS_COUNT.WR[UNIT5];10364656;100.00;;"
9957 [140369472239296] INFO perfrun.perfcollector <> - PERF_STAT : "     3.372461894;CPU10;8638;;UNC_M_CAS_COUNT.WR[UNIT5];10305465;100.00;;"
9967 [140369472239296] INFO perfrun.perfcollector <> - PERF_STAT : "     3.382707869;CPU0;2156;;UNC_M_CAS_COUNT.RD[UNIT0];10244485;100.00;;"
9967 [140369472239296] INFO perfrun.perfcollector <> - PERF_STAT : "     3.382707869;CPU10;2883;;UNC_M_CAS_COUNT.RD[UNIT0];10242660;100.00;;"
9967 [140369472239296] INFO perfrun.perfcollector <> - PERF_STAT : "     3.382707869;CPU0;2599;;UNC_M_CAS_COUNT.RD[UNIT1];10244458;100.00;;"
9967 [140369472239296] INFO perfrun.perfcollector <> - PERF_STAT : "     3.382707869;CPU10;3415;;UNC_M_CAS_COUNT.RD[UNIT1];10242403;100.00;;"
9967 [140369472239296] INFO perfrun.perfcollector <> - PERF_STAT : "     3.382707869;CPU0;1993;;UNC_M_CAS_COUNT.RD[UNIT4];10244250;100.00;;"
9967 [140369472239296] INFO perfrun.perfcollector <> - PERF_STAT : "     3.382707869;CPU10;3200;;UNC_M_CAS_COUNT.RD[UNIT4];10242359;100.00;;"
9967 [140369472239296] INFO perfrun.perfcollector <> - PERF_STAT : "     3.382707869;CPU0;2535;;UNC_M_CAS_COUNT.RD[UNIT5];10244190;100.00;;"
9967 [140369472239296] INFO perfrun.perfcollector <> - PERF_STAT : "     3.382707869;CPU10;3724;;UNC_M_CAS_COUNT.RD[UNIT5];10242320;100.00;;"
9967 [140369472239296] INFO perfrun.perfcollector <> - PERF_STAT : "     3.382707869;CPU0;21862;;UNC_M_CAS_COUNT.WR[UNIT0];10244219;100.00;;"
9967 [140369472239296] INFO perfrun.perfcollector <> - PERF_STAT : "     3.382707869;CPU10;15747;;UNC_M_CAS_COUNT.WR[UNIT0];10242290;100.00;;"
9967 [140369472239296] INFO perfrun.perfcollector <> - PERF_STAT : "     3.382707869;CPU0;22315;;UNC_M_CAS_COUNT.WR[UNIT1];10244195;100.00;;"
9967 [140369472239296] INFO perfrun.perfcollector <> - PERF_STAT : "     3.382707869;CPU10;16348;;UNC_M_CAS_COUNT.WR[UNIT1];10242229;100.00;;"
9967 [140369472239296] INFO perfrun.perfcollector <> - PERF_STAT : "     3.382707869;CPU0;21702;;UNC_M_CAS_COUNT.WR[UNIT4];10244132;100.00;;"
9967 [140369472239296] INFO perfrun.perfcollector <> - PERF_STAT : "     3.382707869;CPU10;15979;;UNC_M_CAS_COUNT.WR[UNIT4];10242134;100.00;;"
9967 [140369472239296] INFO perfrun.perfcollector <> - PERF_STAT : "     3.382707869;CPU0;22249;;UNC_M_CAS_COUNT.WR[UNIT5];10244096;100.00;;"
9967 [140369472239296] INFO perfrun.perfcollector <> - PERF_STAT : "     3.382707869;CPU10;16491;;UNC_M_CAS_COUNT.WR[UNIT5];10242113;100.00;;"
9977 [140369472239296] INFO perfrun.perfcollector <> - PERF_STAT : "     3.392950487;CPU0;2321;;UNC_M_CAS_COUNT.RD[UNIT0];10246897;100.00;;"
9977 [140369472239296] INFO perfrun.perfcollector <> - PERF_STAT : "     3.392950487;CPU10;3243;;UNC_M_CAS_COUNT.RD[UNIT0];10247506;100.00;;"
9977 [140369472239296] INFO perfrun.perfcollector <> - PERF_STAT : "     3.392950487;CPU0;2816;;UNC_M_CAS_COUNT.RD[UNIT1];10246778;100.00;;"
9977 [140369472239296] INFO perfrun.perfcollector <> - PERF_STAT : "     3.392950487;CPU10;3719;;UNC_M_CAS_COUNT.RD[UNIT1];10247457;100.00;;"
9977 [140369472239296] INFO perfrun.perfcollector <> - PERF_STAT : "     3.392950487;CPU0;2419;;UNC_M_CAS_COUNT.RD[UNIT4];10246670;100.00;;"
9977 [140369472239296] INFO perfrun.perfcollector <> - PERF_STAT : "     3.392950487;CPU10;3513;;UNC_M_CAS_COUNT.RD[UNIT4];10247531;100.00;;"
9977 [140369472239296] INFO perfrun.perfcollector <> - PERF_STAT : "     3.392950487;CPU0;2972;;UNC_M_CAS_COUNT.RD[UNIT5];10246648;100.00;;"
9977 [140369472239296] INFO perfrun.perfcollector <> - PERF_STAT : "     3.392950487;CPU10;3870;;UNC_M_CAS_COUNT.RD[UNIT5];10247580;100.00;;"
9977 [140369472239296] INFO perfrun.perfcollector <> - PERF_STAT : "     3.392950487;CPU0;20684;;UNC_M_CAS_COUNT.WR[UNIT0];10246521;100.00;;"
9977 [140369472239296] INFO perfrun.perfcollector <> - PERF_STAT : "     3.392950487;CPU10;17939;;UNC_M_CAS_COUNT.WR[UNIT0];10247462;100.00;;"
9977 [140369472239296] INFO perfrun.perfcollector <> - PERF_STAT : "     3.392950487;CPU0;21179;;UNC_M_CAS_COUNT.WR[UNIT1];10246359;100.00;;"
9977 [140369472239296] INFO perfrun.perfcollector <> - PERF_STAT : "     3.392950487;CPU10;18254;;UNC_M_CAS_COUNT.WR[UNIT1];10247619;100.00;;"
9977 [140369472239296] INFO perfrun.perfcollector <> - PERF_STAT : "     3.392950487;CPU0;20624;;UNC_M_CAS_COUNT.WR[UNIT4];10246384;100.00;;"
9977 [140369472239296] INFO perfrun.perfcollector <> - PERF_STAT : "     3.392950487;CPU10;17824;;UNC_M_CAS_COUNT.WR[UNIT4];10247582;100.00;;"
9977 [140369472239296] INFO perfrun.perfcollector <> - PERF_STAT : "     3.392950487;CPU0;21307;;UNC_M_CAS_COUNT.WR[UNIT5];10246362;100.00;;"
9977 [140369472239296] INFO perfrun.perfcollector <> - PERF_STAT : "     3.392950487;CPU10;18253;;UNC_M_CAS_COUNT.WR[UNIT5];10247516;100.00;;"
9987 [140369472239296] INFO perfrun.perfcollector <> - PERF_STAT : "     3.403203677;CPU0;842756;;UNC_M_CAS_COUNT.RD[UNIT0];10289176;100.00;;"
9988 [140369472239296] INFO perfrun.perfcollector <> - PERF_STAT : "     3.403203677;CPU10;7850;;UNC_M_CAS_COUNT.RD[UNIT0];10314841;100.00;;"
9988 [140369472239296] INFO perfrun.perfcollector <> - PERF_STAT : "     3.403203677;CPU0;835541;;UNC_M_CAS_COUNT.RD[UNIT1];10292169;100.00;;"
9988 [140369472239296] INFO perfrun.perfcollector <> - PERF_STAT : "     3.403203677;CPU10;8282;;UNC_M_CAS_COUNT.RD[UNIT1];10318381;100.00;;"
9988 [140369472239296] INFO perfrun.perfcollector <> - PERF_STAT : "     3.403203677;CPU0;833698;;UNC_M_CAS_COUNT.RD[UNIT4];10293265;100.00;;"
9988 [140369472239296] INFO perfrun.perfcollector <> - PERF_STAT : "     3.403203677;CPU10;8373;;UNC_M_CAS_COUNT.RD[UNIT4];10319721;100.00;;"
9988 [140369472239296] INFO perfrun.perfcollector <> - PERF_STAT : "     3.403203677;CPU0;827225;;UNC_M_CAS_COUNT.RD[UNIT5];10294388;100.00;;"
9988 [140369472239296] INFO perfrun.perfcollector <> - PERF_STAT : "     3.403203677;CPU10;8515;;UNC_M_CAS_COUNT.RD[UNIT5];10320715;100.00;;"
9988 [140369472239296] INFO perfrun.perfcollector <> - PERF_STAT : "     3.403203677;CPU0;75127;;UNC_M_CAS_COUNT.WR[UNIT0];10295652;100.00;;"
9988 [140369472239296] INFO perfrun.perfcollector <> - PERF_STAT : "     3.403203677;CPU10;105427;;UNC_M_CAS_COUNT.WR[UNIT0];10322637;100.00;;"
9988 [140369472239296] INFO perfrun.perfcollector <> - PERF_STAT : "     3.403203677;CPU0;75848;;UNC_M_CAS_COUNT.WR[UNIT1];10296407;100.00;;"
9988 [140369472239296] INFO perfrun.perfcollector <> - PERF_STAT : "     3.403203677;CPU10;106337;;UNC_M_CAS_COUNT.WR[UNIT1];10323253;100.00;;"
9988 [140369472239296] INFO perfrun.perfcollector <> - PERF_STAT : "     3.403203677;CPU0;75237;;UNC_M_CAS_COUNT.WR[UNIT4];10297271;100.00;;"
9988 [140369472239296] INFO perfrun.perfcollector <> - PERF_STAT : "     3.403203677;CPU10;105976;;UNC_M_CAS_COUNT.WR[UNIT4];10324143;100.00;;"
9988 [140369472239296] INFO perfrun.perfcollector <> - PERF_STAT : "     3.403203677;CPU0;75532;;UNC_M_CAS_COUNT.WR[UNIT5];10298582;100.00;;"
9988 [140369472239296] INFO perfrun.perfcollector <> - PERF_STAT : "     3.403203677;CPU10;106285;;UNC_M_CAS_COUNT.WR[UNIT5];10324732;100.00;;"
9998 [140369472239296] INFO perfrun.perfcollector <> - PERF_STAT : "     3.413588114;CPU0;820086;;UNC_M_CAS_COUNT.RD[UNIT0];10375892;100.00;;"
9998 [140369472239296] INFO perfrun.perfcollector <> - PERF_STAT : "     3.413588114;CPU10;9151;;UNC_M_CAS_COUNT.RD[UNIT0];10391893;100.00;;"
9998 [140369472239296] INFO perfrun.perfcollector <> - PERF_STAT : "     3.413588114;CPU0;826504;;UNC_M_CAS_COUNT.RD[UNIT1];10399924;100.00;;"
9998 [140369472239296] INFO perfrun.perfcollector <> - PERF_STAT : "     3.413588114;CPU10;9524;;UNC_M_CAS_COUNT.RD[UNIT1];10391158;100.00;;"
9998 [140369472239296] INFO perfrun.perfcollector <> - PERF_STAT : "     3.413588114;CPU0;831498;;UNC_M_CAS_COUNT.RD[UNIT4];10401280;100.00;;"
9998 [140369472239296] INFO perfrun.perfcollector <> - PERF_STAT : "     3.413588114;CPU10;9654;;UNC_M_CAS_COUNT.RD[UNIT4];10391275;100.00;;"
9998 [140369472239296] INFO perfrun.perfcollector <> - PERF_STAT : "     3.413588114;CPU0;829286;;UNC_M_CAS_COUNT.RD[UNIT5];10401195;100.00;;"
9998 [140369472239296] INFO perfrun.perfcollector <> - PERF_STAT : "     3.413588114;CPU10;9733;;UNC_M_CAS_COUNT.RD[UNIT5];10391446;100.00;;"
9998 [140369472239296] INFO perfrun.perfcollector <> - PERF_STAT : "     3.413588114;CPU0;24692;;UNC_M_CAS_COUNT.WR[UNIT0];10401022;100.00;;"
9998 [140369472239296] INFO perfrun.perfcollector <> - PERF_STAT : "     3.413588114;CPU10;4231;;UNC_M_CAS_COUNT.WR[UNIT0];10390624;100.00;;"
9998 [140369472239296] INFO perfrun.perfcollector <> - PERF_STAT : "     3.413588114;CPU0;25293;;UNC_M_CAS_COUNT.WR[UNIT1];10400921;100.00;;"
9998 [140369472239296] INFO perfrun.perfcollector <> - PERF_STAT : "     3.413588114;CPU10;4739;;UNC_M_CAS_COUNT.WR[UNIT1];10390692;100.00;;"
9998 [140369472239296] INFO perfrun.perfcollector <> - PERF_STAT : "     3.413588114;CPU0;24492;;UNC_M_CAS_COUNT.WR[UNIT4];10400940;100.00;;"
9998 [140369472239296] INFO perfrun.perfcollector <> - PERF_STAT : "     3.413588114;CPU10;4418;;UNC_M_CAS_COUNT.WR[UNIT4];10390636;100.00;;"
9998 [140369472239296] INFO perfrun.perfcollector <> - PERF_STAT : "     3.413588114;CPU0;25309;;UNC_M_CAS_COUNT.WR[UNIT5];10400308;100.00;;"
9998 [140369472239296] INFO perfrun.perfcollector <> - PERF_STAT : "     3.413588114;CPU10;5061;;UNC_M_CAS_COUNT.WR[UNIT5];10390899;100.00;;"
10008 [140369472239296] INFO perfrun.perfcollector <> - PERF_STAT : "     3.423967260;CPU0;859943;;UNC_M_CAS_COUNT.RD[UNIT0];10385112;100.00;;"
10008 [140369472239296] INFO perfrun.perfcollector <> - PERF_STAT : "     3.423967260;CPU10;7578;;UNC_M_CAS_COUNT.RD[UNIT0];10368718;100.00;;"
10008 [140369472239296] INFO perfrun.perfcollector <> - PERF_STAT : "     3.423967260;CPU0;853770;;UNC_M_CAS_COUNT.RD[UNIT1];10362477;100.00;;"
10008 [140369472239296] INFO perfrun.perfcollector <> - PERF_STAT : "     3.423967260;CPU10;7967;;UNC_M_CAS_COUNT.RD[UNIT1];10369180;100.00;;"
10008 [140369472239296] INFO perfrun.perfcollector <> - PERF_STAT : "     3.423967260;CPU0;851486;;UNC_M_CAS_COUNT.RD[UNIT4];10361637;100.00;;"
10008 [140369472239296] INFO perfrun.perfcollector <> - PERF_STAT : "     3.423967260;CPU10;7928;;UNC_M_CAS_COUNT.RD[UNIT4];10369681;100.00;;"
10008 [140369472239296] INFO perfrun.perfcollector <> - PERF_STAT : "     3.423967260;CPU0;843751;;UNC_M_CAS_COUNT.RD[UNIT5];10361959;100.00;;"
10008 [140369472239296] INFO perfrun.perfcollector <> - PERF_STAT : "     3.423967260;CPU10;8033;;UNC_M_CAS_COUNT.RD[UNIT5];10370064;100.00;;"
10008 [140369472239296] INFO perfrun.perfcollector <> - PERF_STAT : "     3.423967260;CPU0;23920;;UNC_M_CAS_COUNT.WR[UNIT0];10362242;100.00;;"
10008 [140369472239296] INFO perfrun.perfcollector <> - PERF_STAT : "     3.423967260;CPU10;1295;;UNC_M_CAS_COUNT.WR[UNIT0];10370824;100.00;;"
10008 [140369472239296] INFO perfrun.perfcollector <> - PERF_STAT : "     3.423967260;CPU0;24632;;UNC_M_CAS_COUNT.WR[UNIT1];10362153;100.00;;"
10008 [140369472239296] INFO perfrun.perfcollector <> - PERF_STAT : "     3.423967260;CPU10;1877;;UNC_M_CAS_COUNT.WR[UNIT1];10371023;100.00;;"
10008 [140369472239296] INFO perfrun.perfcollector <> - PERF_STAT : "     3.423967260;CPU0;23842;;UNC_M_CAS_COUNT.WR[UNIT4];10362088;100.00;;"
10009 [140369472239296] INFO perfrun.perfcollector <> - PERF_STAT : "     3.423967260;CPU10;1556;;UNC_M_CAS_COUNT.WR[UNIT4];10371397;100.00;;"
10009 [140369472239296] INFO perfrun.perfcollector <> - PERF_STAT : "     3.423967260;CPU0;24159;;UNC_M_CAS_COUNT.WR[UNIT5];10362215;100.00;;"
10009 [140369472239296] INFO perfrun.perfcollector <> - PERF_STAT : "     3.423967260;CPU10;2058;;UNC_M_CAS_COUNT.WR[UNIT5];10371293;100.00;;"
10018 [140369472239296] INFO perfrun.perfcollector <> - PERF_STAT : "     3.434340152;CPU0;942828;;UNC_M_CAS_COUNT.RD[UNIT0];10371557;100.00;;"
10019 [140369472239296] INFO perfrun.perfcollector <> - PERF_STAT : "     3.434340152;CPU10;9308;;UNC_M_CAS_COUNT.RD[UNIT0];10370642;100.00;;"
10019 [140369472239296] INFO perfrun.perfcollector <> - PERF_STAT : "     3.434340152;CPU0;944858;;UNC_M_CAS_COUNT.RD[UNIT1];10371436;100.00;;"
10019 [140369472239296] INFO perfrun.perfcollector <> - PERF_STAT : "     3.434340152;CPU10;9679;;UNC_M_CAS_COUNT.RD[UNIT1];10370946;100.00;;"
10019 [140369472239296] INFO perfrun.perfcollector <> - PERF_STAT : "     3.434340152;CPU0;949315;;UNC_M_CAS_COUNT.RD[UNIT4];10371578;100.00;;"
10019 [140369472239296] INFO perfrun.perfcollector <> - PERF_STAT : "     3.434340152;CPU10;9595;;UNC_M_CAS_COUNT.RD[UNIT4];10370619;100.00;;"
10019 [140369472239296] INFO perfrun.perfcollector <> - PERF_STAT : "     3.434340152;CPU0;946204;;UNC_M_CAS_COUNT.RD[UNIT5];10371348;100.00;;"
10019 [140369472239296] INFO perfrun.perfcollector <> - PERF_STAT : "     3.434340152;CPU10;9838;;UNC_M_CAS_COUNT.RD[UNIT5];10370294;100.00;;"
10019 [140369472239296] INFO perfrun.perfcollector <> - PERF_STAT : "     3.434340152;CPU0;27646;;UNC_M_CAS_COUNT.WR[UNIT0];10371328;100.00;;"
10019 [140369472239296] INFO perfrun.perfcollector <> - PERF_STAT : "     3.434340152;CPU10;1278;;UNC_M_CAS_COUNT.WR[UNIT0];10369853;100.00;;"
10019 [140369472239296] INFO perfrun.perfcollector <> - PERF_STAT : "     3.434340152;CPU0;28249;;UNC_M_CAS_COUNT.WR[UNIT1];10371642;100.00;;"
10019 [140369472239296] INFO perfrun.perfcollector <> - PERF_STAT : "     3.434340152;CPU10;1839;;UNC_M_CAS_COUNT.WR[UNIT1];10370189;100.00;;"
10019 [140369472239296] INFO perfrun.perfcollector <> - PERF_STAT : "     3.434340152;CPU0;27655;;UNC_M_CAS_COUNT.WR[UNIT4];10371315;100.00;;"
10019 [140369472239296] INFO perfrun.perfcollector <> - PERF_STAT : "     3.434340152;CPU10;1546;;UNC_M_CAS_COUNT.WR[UNIT4];10369959;100.00;;"
10019 [140369472239296] INFO perfrun.perfcollector <> - PERF_STAT : "     3.434340152;CPU0;28194;;UNC_M_CAS_COUNT.WR[UNIT5];10371177;100.00;;"
10019 [140369472239296] INFO perfrun.perfcollector <> - PERF_STAT : "     3.434340152;CPU10;2112;;UNC_M_CAS_COUNT.WR[UNIT5];10369998;100.00;;"
10029 [140369472239296] INFO perfrun.perfcollector <> - PERF_STAT : "     3.444717368;CPU0;971327;;UNC_M_CAS_COUNT.RD[UNIT0];10379299;100.00;;"
10029 [140369472239296] INFO perfrun.perfcollector <> - PERF_STAT : "     3.444717368;CPU10;8078;;UNC_M_CAS_COUNT.RD[UNIT0];10380807;100.00;;"
10029 [140369472239296] INFO perfrun.perfcollector <> - PERF_STAT : "     3.444717368;CPU0;969984;;UNC_M_CAS_COUNT.RD[UNIT1];10379822;100.00;;"
10029 [140369472239296] INFO perfrun.perfcollector <> - PERF_STAT : "     3.444717368;CPU10;8543;;UNC_M_CAS_COUNT.RD[UNIT1];10379970;100.00;;"
10029 [140369472239296] INFO perfrun.perfcollector <> - PERF_STAT : "     3.444717368;CPU0;970418;;UNC_M_CAS_COUNT.RD[UNIT4];10379304;100.00;;"
10029 [140369472239296] INFO perfrun.perfcollector <> - PERF_STAT : "     3.444717368;CPU10;8492;;UNC_M_CAS_COUNT.RD[UNIT4];10380419;100.00;;"
10029 [140369472239296] INFO perfrun.perfcollector <> - PERF_STAT : "     3.444717368;CPU0;963485;;UNC_M_CAS_COUNT.RD[UNIT5];10379416;100.00;;"
10029 [140369472239296] INFO perfrun.perfcollector <> - PERF_STAT : "     3.444717368;CPU10;8677;;UNC_M_CAS_COUNT.RD[UNIT5];10380521;100.00;;"
10029 [140369472239296] INFO perfrun.perfcollector <> - PERF_STAT : "     3.444717368;CPU0;26903;;UNC_M_CAS_COUNT.WR[UNIT0];10379203;100.00;;"
10029 [140369472239296] INFO perfrun.perfcollector <> - PERF_STAT : "     3.444717368;CPU10;1625;;UNC_M_CAS_COUNT.WR[UNIT0];10380324;100.00;;"
10029 [140369472239296] INFO perfrun.perfcollector <> - PERF_STAT : "     3.444717368;CPU0;27531;;UNC_M_CAS_COUNT.WR[UNIT1];10379075;100.00;;"
10029 [140369472239296] INFO perfrun.perfcollector <> - PERF_STAT : "     3.444717368;CPU10;2164;;UNC_M_CAS_COUNT.WR[UNIT1];10380032;100.00;;"
10029 [140369472239296] INFO perfrun.perfcollector <> - PERF_STAT : "     3.444717368;CPU0;26962;;UNC_M_CAS_COUNT.WR[UNIT4];10379372;100.00;;"
10029 [140369472239296] INFO perfrun.perfcollector <> - PERF_STAT : "     3.444717368;CPU10;1950;;UNC_M_CAS_COUNT.WR[UNIT4];10379943;100.00;;"
10029 [140369472239296] INFO perfrun.perfcollector <> - PERF_STAT : "     3.444717368;CPU0;27259;;UNC_M_CAS_COUNT.WR[UNIT5];10379578;100.00;;"
10029 [140369472239296] INFO perfrun.perfcollector <> - PERF_STAT : "     3.444717368;CPU10;2473;;UNC_M_CAS_COUNT.WR[UNIT5];10379926;100.00;;"
10039 [140369472239296] INFO perfrun.perfcollector <> - PERF_STAT : "     3.455088687;CPU0;964641;;UNC_M_CAS_COUNT.RD[UNIT0];10372660;100.00;;"
10039 [140369472239296] INFO perfrun.perfcollector <> - PERF_STAT : "     3.455088687;CPU10;9946;;UNC_M_CAS_COUNT.RD[UNIT0];10372279;100.00;;"
10039 [140369472239296] INFO perfrun.perfcollector <> - PERF_STAT : "     3.455088687;CPU0;960793;;UNC_M_CAS_COUNT.RD[UNIT1];10372745;100.00;;"
10039 [140369472239296] INFO perfrun.perfcollector <> - PERF_STAT : "     3.455088687;CPU10;10506;;UNC_M_CAS_COUNT.RD[UNIT1];10372930;100.00;;"
10039 [140369472239296] INFO perfrun.perfcollector <> - PERF_STAT : "     3.455088687;CPU0;963142;;UNC_M_CAS_COUNT.RD[UNIT4];10372916;100.00;;"
10039 [140369472239296] INFO perfrun.perfcollector <> - PERF_STAT : "     3.455088687;CPU10;10562;;UNC_M_CAS_COUNT.RD[UNIT4];10372976;100.00;;"
10039 [140369472239296] INFO perfrun.perfcollector <> - PERF_STAT : "     3.455088687;CPU0;954756;;UNC_M_CAS_COUNT.RD[UNIT5];10372886;100.00;;"
10039 [140369472239296] INFO perfrun.perfcollector <> - PERF_STAT : "     3.455088687;CPU10;10711;;UNC_M_CAS_COUNT.RD[UNIT5];10372910;100.00;;"
10039 [140369472239296] INFO perfrun.perfcollector <> - PERF_STAT : "     3.455088687;CPU0;30923;;UNC_M_CAS_COUNT.WR[UNIT0];10373392;100.00;;"
10040 [140369472239296] INFO perfrun.perfcollector <> - PERF_STAT : "     3.455088687;CPU10;1291;;UNC_M_CAS_COUNT.WR[UNIT0];10372964;100.00;;"
10040 [140369472239296] INFO perfrun.perfcollector <> - PERF_STAT : "     3.455088687;CPU0;31594;;UNC_M_CAS_COUNT.WR[UNIT1];10373275;100.00;;"
10040 [140369472239296] INFO perfrun.perfcollector <> - PERF_STAT : "     3.455088687;CPU10;1876;;UNC_M_CAS_COUNT.WR[UNIT1];10372803;100.00;;"
10040 [140369472239296] INFO perfrun.perfcollector <> - PERF_STAT : "     3.455088687;CPU0;30772;;UNC_M_CAS_COUNT.WR[UNIT4];10372977;100.00;;"
10040 [140369472239296] INFO perfrun.perfcollector <> - PERF_STAT : "     3.455088687;CPU10;1602;;UNC_M_CAS_COUNT.WR[UNIT4];10373117;100.00;;"
10040 [140369472239296] INFO perfrun.perfcollector <> - PERF_STAT : "     3.455088687;CPU0;31175;;UNC_M_CAS_COUNT.WR[UNIT5];10372733;100.00;;"
10040 [140369472239296] INFO perfrun.perfcollector <> - PERF_STAT : "     3.455088687;CPU10;2083;;UNC_M_CAS_COUNT.WR[UNIT5];10373081;100.00;;"
10050 [140369472239296] INFO perfrun.perfcollector <> - PERF_STAT : "     3.465466766;CPU0;943746;;UNC_M_CAS_COUNT.RD[UNIT0];10378030;100.00;;"
10050 [140369472239296] INFO perfrun.perfcollector <> - PERF_STAT : "     3.465466766;CPU10;7448;;UNC_M_CAS_COUNT.RD[UNIT0];10375493;100.00;;"
10050 [140369472239296] INFO perfrun.perfcollector <> - PERF_STAT : "     3.465466766;CPU0;947261;;UNC_M_CAS_COUNT.RD[UNIT1];10377347;100.00;;"
10050 [140369472239296] INFO perfrun.perfcollector <> - PERF_STAT : "     3.465466766;CPU10;8050;;UNC_M_CAS_COUNT.RD[UNIT1];10375197;100.00;;"
10050 [140369472239296] INFO perfrun.perfcollector <> - PERF_STAT : "     3.465466766;CPU0;952266;;UNC_M_CAS_COUNT.RD[UNIT4];10377567;100.00;;"
10050 [140369472239296] INFO perfrun.perfcollector <> - PERF_STAT : "     3.465466766;CPU10;7800;;UNC_M_CAS_COUNT.RD[UNIT4];10374701;100.00;;"
10050 [140369472239296] INFO perfrun.perfcollector <> - PERF_STAT : "     3.465466766;CPU0;947449;;UNC_M_CAS_COUNT.RD[UNIT5];10377428;100.00;;"
10050 [140369472239296] INFO perfrun.perfcollector <> - PERF_STAT : "     3.465466766;CPU10;7984;;UNC_M_CAS_COUNT.RD[UNIT5];10374762;100.00;;"
10050 [140369472239296] INFO perfrun.perfcollector <> - PERF_STAT : "     3.465466766;CPU0;29437;;UNC_M_CAS_COUNT.WR[UNIT0];10376740;100.00;;"
10050 [140369472239296] INFO perfrun.perfcollector <> - PERF_STAT : "     3.465466766;CPU10;1575;;UNC_M_CAS_COUNT.WR[UNIT0];10374965;100.00;;"
10050 [140369472239296] INFO perfrun.perfcollector <> - PERF_STAT : "     3.465466766;CPU0;29950;;UNC_M_CAS_COUNT.WR[UNIT1];10376692;100.00;;"
10050 [140369472239296] INFO perfrun.perfcollector <> - PERF_STAT : "     3.465466766;CPU10;2186;;UNC_M_CAS_COUNT.WR[UNIT1];10375499;100.00;;"
10050 [140369472239296] INFO perfrun.perfcollector <> - PERF_STAT : "     3.465466766;CPU0;29338;;UNC_M_CAS_COUNT.WR[UNIT4];10376706;100.00;;"
10050 [140369472239296] INFO perfrun.perfcollector <> - PERF_STAT : "     3.465466766;CPU10;1853;;UNC_M_CAS_COUNT.WR[UNIT4];10375241;100.00;;"
10050 [140369472239296] INFO perfrun.perfcollector <> - PERF_STAT : "     3.465466766;CPU0;30011;;UNC_M_CAS_COUNT.WR[UNIT5];10376992;100.00;;"
10050 [140369472239296] INFO perfrun.perfcollector <> - PERF_STAT : "     3.465466766;CPU10;2401;;UNC_M_CAS_COUNT.WR[UNIT5];10375436;100.00;;"
10060 [140369472239296] INFO perfrun.perfcollector <> - PERF_STAT : "     3.475856078;CPU0;897804;;UNC_M_CAS_COUNT.RD[UNIT0];10429614;100.00;;"
10060 [140369472239296] INFO perfrun.perfcollector <> - PERF_STAT : "     3.475856078;CPU10;10246;;UNC_M_CAS_COUNT.RD[UNIT0];10427275;100.00;;"
10060 [140369472239296] INFO perfrun.perfcollector <> - PERF_STAT : "     3.475856078;CPU0;889543;;UNC_M_CAS_COUNT.RD[UNIT1];10430423;100.00;;"
10060 [140369472239296] INFO perfrun.perfcollector <> - PERF_STAT : "     3.475856078;CPU10;10766;;UNC_M_CAS_COUNT.RD[UNIT1];10427059;100.00;;"
10060 [140369472239296] INFO perfrun.perfcollector <> - PERF_STAT : "     3.475856078;CPU0;888865;;UNC_M_CAS_COUNT.RD[UNIT4];10430509;100.00;;"
10060 [140369472239296] INFO perfrun.perfcollector <> - PERF_STAT : "     3.475856078;CPU10;10782;;UNC_M_CAS_COUNT.RD[UNIT4];10426835;100.00;;"
10060 [140369472239296] INFO perfrun.perfcollector <> - PERF_STAT : "     3.475856078;CPU0;879940;;UNC_M_CAS_COUNT.RD[UNIT5];10430552;100.00;;"
10060 [140369472239296] INFO perfrun.perfcollector <> - PERF_STAT : "     3.475856078;CPU10;10807;;UNC_M_CAS_COUNT.RD[UNIT5];10426874;100.00;;"
10060 [140369472239296] INFO perfrun.perfcollector <> - PERF_STAT : "     3.475856078;CPU0;28063;;UNC_M_CAS_COUNT.WR[UNIT0];10430569;100.00;;"
10060 [140369472239296] INFO perfrun.perfcollector <> - PERF_STAT : "     3.475856078;CPU10;1372;;UNC_M_CAS_COUNT.WR[UNIT0];10426606;100.00;;"
10060 [140369472239296] INFO perfrun.perfcollector <> - PERF_STAT : "     3.475856078;CPU0;28746;;UNC_M_CAS_COUNT.WR[UNIT1];10430516;100.00;;"
10060 [140369472239296] INFO perfrun.perfcollector <> - PERF_STAT : "     3.475856078;CPU10;1915;;UNC_M_CAS_COUNT.WR[UNIT1];10425863;100.00;;"
10060 [140369472239296] INFO perfrun.perfcollector <> - PERF_STAT : "     3.475856078;CPU0;27969;;UNC_M_CAS_COUNT.WR[UNIT4];10430508;100.00;;"
10060 [140369472239296] INFO perfrun.perfcollector <> - PERF_STAT : "     3.475856078;CPU10;1636;;UNC_M_CAS_COUNT.WR[UNIT4];10425633;100.00;;"
10060 [140369472239296] INFO perfrun.perfcollector <> - PERF_STAT : "     3.475856078;CPU0;28100;;UNC_M_CAS_COUNT.WR[UNIT5];10430357;100.00;;"
10060 [140369472239296] INFO perfrun.perfcollector <> - PERF_STAT : "     3.475856078;CPU10;2232;;UNC_M_CAS_COUNT.WR[UNIT5];10425360;100.00;;"
10070 [140369472239296] INFO perfrun.perfcollector <> - PERF_STAT : "     3.486253818;CPU0;833089;;UNC_M_CAS_COUNT.RD[UNIT0];10348917;100.00;;"
10070 [140369472239296] INFO perfrun.perfcollector <> - PERF_STAT : "     3.486253818;CPU10;10375;;UNC_M_CAS_COUNT.RD[UNIT0];10346725;100.00;;"
10071 [140369472239296] INFO perfrun.perfcollector <> - PERF_STAT : "     3.486253818;CPU0;838410;;UNC_M_CAS_COUNT.RD[UNIT1];10348263;100.00;;"
10071 [140369472239296] INFO perfrun.perfcollector <> - PERF_STAT : "     3.486253818;CPU10;11068;;UNC_M_CAS_COUNT.RD[UNIT1];10346845;100.00;;"
10071 [140369472239296] INFO perfrun.perfcollector <> - PERF_STAT : "     3.486253818;CPU0;844740;;UNC_M_CAS_COUNT.RD[UNIT4];10347663;100.00;;"
10071 [140369472239296] INFO perfrun.perfcollector <> - PERF_STAT : "     3.486253818;CPU10;11030;;UNC_M_CAS_COUNT.RD[UNIT4];10346635;100.00;;"
10071 [140369472239296] INFO perfrun.perfcollector <> - PERF_STAT : "     3.486253818;CPU0;843029;;UNC_M_CAS_COUNT.RD[UNIT5];10347897;100.00;;"
10071 [140369472239296] INFO perfrun.perfcollector <> - PERF_STAT : "     3.486253818;CPU10;11188;;UNC_M_CAS_COUNT.RD[UNIT5];10346569;100.00;;"
10071 [140369472239296] INFO perfrun.perfcollector <> - PERF_STAT : "     3.486253818;CPU0;23452;;UNC_M_CAS_COUNT.WR[UNIT0];10348246;100.00;;"
10071 [140369472239296] INFO perfrun.perfcollector <> - PERF_STAT : "     3.486253818;CPU10;1224;;UNC_M_CAS_COUNT.WR[UNIT0];10346443;100.00;;"
10071 [140369472239296] INFO perfrun.perfcollector <> - PERF_STAT : "     3.486253818;CPU0;24163;;UNC_M_CAS_COUNT.WR[UNIT1];10348541;100.00;;"
10071 [140369472239296] INFO perfrun.perfcollector <> - PERF_STAT : "     3.486253818;CPU10;1820;;UNC_M_CAS_COUNT.WR[UNIT1];10346541;100.00;;"
10071 [140369472239296] INFO perfrun.perfcollector <> - PERF_STAT : "     3.486253818;CPU0;23304;;UNC_M_CAS_COUNT.WR[UNIT4];10348551;100.00;;"
10071 [140369472239296] INFO perfrun.perfcollector <> - PERF_STAT : "     3.486253818;CPU10;1530;;UNC_M_CAS_COUNT.WR[UNIT4];10346513;100.00;;"
10071 [140369472239296] INFO perfrun.perfcollector <> - PERF_STAT : "     3.486253818;CPU0;23987;;UNC_M_CAS_COUNT.WR[UNIT5];10348454;100.00;;"
10071 [140369472239296] INFO perfrun.perfcollector <> - PERF_STAT : "     3.486253818;CPU10;2072;;UNC_M_CAS_COUNT.WR[UNIT5];10346720;100.00;;"
10081 [140369472239296] INFO perfrun.perfcollector <> - PERF_STAT : "     3.496607941;CPU0;962440;;UNC_M_CAS_COUNT.RD[UNIT0];10361449;100.00;;"
10081 [140369472239296] INFO perfrun.perfcollector <> - PERF_STAT : "     3.496607941;CPU10;19181;;UNC_M_CAS_COUNT.RD[UNIT0];10369648;100.00;;"
10081 [140369472239296] INFO perfrun.perfcollector <> - PERF_STAT : "     3.496607941;CPU0;956887;;UNC_M_CAS_COUNT.RD[UNIT1];10361433;100.00;;"
10081 [140369472239296] INFO perfrun.perfcollector <> - PERF_STAT : "     3.496607941;CPU10;19679;;UNC_M_CAS_COUNT.RD[UNIT1];10370414;100.00;;"
10081 [140369472239296] INFO perfrun.perfcollector <> - PERF_STAT : "     3.496607941;CPU0;956551;;UNC_M_CAS_COUNT.RD[UNIT4];10362091;100.00;;"
10081 [140369472239296] INFO perfrun.perfcollector <> - PERF_STAT : "     3.496607941;CPU10;19486;;UNC_M_CAS_COUNT.RD[UNIT4];10370859;100.00;;"
10081 [140369472239296] INFO perfrun.perfcollector <> - PERF_STAT : "     3.496607941;CPU0;949113;;UNC_M_CAS_COUNT.RD[UNIT5];10362114;100.00;;"
10081 [140369472239296] INFO perfrun.perfcollector <> - PERF_STAT : "     3.496607941;CPU10;19558;;UNC_M_CAS_COUNT.RD[UNIT5];10370820;100.00;;"
10081 [140369472239296] INFO perfrun.perfcollector <> - PERF_STAT : "     3.496607941;CPU0;30388;;UNC_M_CAS_COUNT.WR[UNIT0];10362048;100.00;;"
10081 [140369472239296] INFO perfrun.perfcollector <> - PERF_STAT : "     3.496607941;CPU10;9283;;UNC_M_CAS_COUNT.WR[UNIT0];10370974;100.00;;"
10081 [140369472239296] INFO perfrun.perfcollector <> - PERF_STAT : "     3.496607941;CPU0;30846;;UNC_M_CAS_COUNT.WR[UNIT1];10362165;100.00;;"
10081 [140369472239296] INFO perfrun.perfcollector <> - PERF_STAT : "     3.496607941;CPU10;9957;;UNC_M_CAS_COUNT.WR[UNIT1];10371110;100.00;;"
10081 [140369472239296] INFO perfrun.perfcollector <> - PERF_STAT : "     3.496607941;CPU0;30173;;UNC_M_CAS_COUNT.WR[UNIT4];10362344;100.00;;"
10081 [140369472239296] INFO perfrun.perfcollector <> - PERF_STAT : "     3.496607941;CPU10;9572;;UNC_M_CAS_COUNT.WR[UNIT4];10371318;100.00;;"
10081 [140369472239296] INFO perfrun.perfcollector <> - PERF_STAT : "     3.496607941;CPU0;30569;;UNC_M_CAS_COUNT.WR[UNIT5];10362872;100.00;;"
10081 [140369472239296] INFO perfrun.perfcollector <> - PERF_STAT : "     3.496607941;CPU10;10036;;UNC_M_CAS_COUNT.WR[UNIT5];10371260;100.00;;"
10091 [140369472239296] INFO perfrun.perfcollector <> - PERF_STAT : "     3.506984675;CPU0;977811;;UNC_M_CAS_COUNT.RD[UNIT0];10375485;100.00;;"
10091 [140369472239296] INFO perfrun.perfcollector <> - PERF_STAT : "     3.506984675;CPU10;10470;;UNC_M_CAS_COUNT.RD[UNIT0];10374143;100.00;;"
10091 [140369472239296] INFO perfrun.perfcollector <> - PERF_STAT : "     3.506984675;CPU0;978674;;UNC_M_CAS_COUNT.RD[UNIT1];10375376;100.00;;"
10091 [140369472239296] INFO perfrun.perfcollector <> - PERF_STAT : "     3.506984675;CPU10;10964;;UNC_M_CAS_COUNT.RD[UNIT1];10374381;100.00;;"
10091 [140369472239296] INFO perfrun.perfcollector <> - PERF_STAT : "     3.506984675;CPU0;982675;;UNC_M_CAS_COUNT.RD[UNIT4];10374714;100.00;;"
10091 [140369472239296] INFO perfrun.perfcollector <> - PERF_STAT : "     3.506984675;CPU10;11017;;UNC_M_CAS_COUNT.RD[UNIT4];10374226;100.00;;"
10091 [140369472239296] INFO perfrun.perfcollector <> - PERF_STAT : "     3.506984675;CPU0;977220;;UNC_M_CAS_COUNT.RD[UNIT5];10374850;100.00;;"
10091 [140369472239296] INFO perfrun.perfcollector <> - PERF_STAT : "     3.506984675;CPU10;10974;;UNC_M_CAS_COUNT.RD[UNIT5];10374286;100.00;;"
10091 [140369472239296] INFO perfrun.perfcollector <> - PERF_STAT : "     3.506984675;CPU0;26008;;UNC_M_CAS_COUNT.WR[UNIT0];10374957;100.00;;"
10091 [140369472239296] INFO perfrun.perfcollector <> - PERF_STAT : "     3.506984675;CPU10;1472;;UNC_M_CAS_COUNT.WR[UNIT0];10374623;100.00;;"
10091 [140369472239296] INFO perfrun.perfcollector <> - PERF_STAT : "     3.506984675;CPU0;26669;;UNC_M_CAS_COUNT.WR[UNIT1];10374992;100.00;;"
10091 [140369472239296] INFO perfrun.perfcollector <> - PERF_STAT : "     3.506984675;CPU10;2081;;UNC_M_CAS_COUNT.WR[UNIT1];10374901;100.00;;"
10091 [140369472239296] INFO perfrun.perfcollector <> - PERF_STAT : "     3.506984675;CPU0;25992;;UNC_M_CAS_COUNT.WR[UNIT4];10375069;100.00;;"
10091 [140369472239296] INFO perfrun.perfcollector <> - PERF_STAT : "     3.506984675;CPU10;1694;;UNC_M_CAS_COUNT.WR[UNIT4];10375051;100.00;;"
10092 [140369472239296] INFO perfrun.perfcollector <> - PERF_STAT : "     3.506984675;CPU0;26531;;UNC_M_CAS_COUNT.WR[UNIT5];10374330;100.00;;"
10092 [140369472239296] INFO perfrun.perfcollector <> - PERF_STAT : "     3.506984675;CPU10;2284;;UNC_M_CAS_COUNT.WR[UNIT5];10375025;100.00;;"
10102 [140369472239296] INFO perfrun.perfcollector <> - PERF_STAT : "     3.517361712;CPU0;1030159;;UNC_M_CAS_COUNT.RD[UNIT0];10387877;100.00;;"
10102 [140369472239296] INFO perfrun.perfcollector <> - PERF_STAT : "     3.517361712;CPU10;12086;;UNC_M_CAS_COUNT.RD[UNIT0];10394498;100.00;;"
10102 [140369472239296] INFO perfrun.perfcollector <> - PERF_STAT : "     3.517361712;CPU0;1029056;;UNC_M_CAS_COUNT.RD[UNIT1];10388750;100.00;;"
10102 [140369472239296] INFO perfrun.perfcollector <> - PERF_STAT : "     3.517361712;CPU10;12557;;UNC_M_CAS_COUNT.RD[UNIT1];10394007;100.00;;"
10102 [140369472239296] INFO perfrun.perfcollector <> - PERF_STAT : "     3.517361712;CPU0;1033415;;UNC_M_CAS_COUNT.RD[UNIT4];10389580;100.00;;"
10102 [140369472239296] INFO perfrun.perfcollector <> - PERF_STAT : "     3.517361712;CPU10;12543;;UNC_M_CAS_COUNT.RD[UNIT4];10394346;100.00;;"
10102 [140369472239296] INFO perfrun.perfcollector <> - PERF_STAT : "     3.517361712;CPU0;1027901;;UNC_M_CAS_COUNT.RD[UNIT5];10389417;100.00;;"
10102 [140369472239296] INFO perfrun.perfcollector <> - PERF_STAT : "     3.517361712;CPU10;12682;;UNC_M_CAS_COUNT.RD[UNIT5];10394269;100.00;;"
10102 [140369472239296] INFO perfrun.perfcollector <> - PERF_STAT : "     3.517361712;CPU0;37673;;UNC_M_CAS_COUNT.WR[UNIT0];10389709;100.00;;"
10102 [140369472239296] INFO perfrun.perfcollector <> - PERF_STAT : "     3.517361712;CPU10;1775;;UNC_M_CAS_COUNT.WR[UNIT0];10394523;100.00;;"
10102 [140369472239296] INFO perfrun.perfcollector <> - PERF_STAT : "     3.517361712;CPU0;38232;;UNC_M_CAS_COUNT.WR[UNIT1];10389692;100.00;;"
10102 [140369472239296] INFO perfrun.perfcollector <> - PERF_STAT : "     3.517361712;CPU10;2330;;UNC_M_CAS_COUNT.WR[UNIT1];10394495;100.00;;"
10102 [140369472239296] INFO perfrun.perfcollector <> - PERF_STAT : "     3.517361712;CPU0;37561;;UNC_M_CAS_COUNT.WR[UNIT4];10390121;100.00;;"
10102 [140369472239296] INFO perfrun.perfcollector <> - PERF_STAT : "     3.517361712;CPU10;2100;;UNC_M_CAS_COUNT.WR[UNIT4];10394445;100.00;;"
10102 [140369472239296] INFO perfrun.perfcollector <> - PERF_STAT : "     3.517361712;CPU0;38057;;UNC_M_CAS_COUNT.WR[UNIT5];10390147;100.00;;"
10102 [140369472239296] INFO perfrun.perfcollector <> - PERF_STAT : "     3.517361712;CPU10;2624;;UNC_M_CAS_COUNT.WR[UNIT5];10394619;100.00;;"
10112 [140369472239296] INFO perfrun.perfcollector <> - PERF_STAT : "     3.527762348;CPU0;936938;;UNC_M_CAS_COUNT.RD[UNIT0];10396725;100.00;;"
10112 [140369472239296] INFO perfrun.perfcollector <> - PERF_STAT : "     3.527762348;CPU10;10785;;UNC_M_CAS_COUNT.RD[UNIT0];10387682;100.00;;"
10112 [140369472239296] INFO perfrun.perfcollector <> - PERF_STAT : "     3.527762348;CPU0;930272;;UNC_M_CAS_COUNT.RD[UNIT1];10395782;100.00;;"
10112 [140369472239296] INFO perfrun.perfcollector <> - PERF_STAT : "     3.527762348;CPU10;11002;;UNC_M_CAS_COUNT.RD[UNIT1];10386851;100.00;;"
10112 [140369472239296] INFO perfrun.perfcollector <> - PERF_STAT : "     3.527762348;CPU0;930532;;UNC_M_CAS_COUNT.RD[UNIT4];10395202;100.00;;"
10112 [140369472239296] INFO perfrun.perfcollector <> - PERF_STAT : "     3.527762348;CPU10;11405;;UNC_M_CAS_COUNT.RD[UNIT4];10386799;100.00;;"
10112 [140369472239296] INFO perfrun.perfcollector <> - PERF_STAT : "     3.527762348;CPU0;922692;;UNC_M_CAS_COUNT.RD[UNIT5];10395011;100.00;;"
10112 [140369472239296] INFO perfrun.perfcollector <> - PERF_STAT : "     3.527762348;CPU10;11366;;UNC_M_CAS_COUNT.RD[UNIT5];10386828;100.00;;"
10112 [140369472239296] INFO perfrun.perfcollector <> - PERF_STAT : "     3.527762348;CPU0;35043;;UNC_M_CAS_COUNT.WR[UNIT0];10394422;100.00;;"
10112 [140369472239296] INFO perfrun.perfcollector <> - PERF_STAT : "     3.527762348;CPU10;1427;;UNC_M_CAS_COUNT.WR[UNIT0];10387069;100.00;;"
10112 [140369472239296] INFO perfrun.perfcollector <> - PERF_STAT : "     3.527762348;CPU0;35435;;UNC_M_CAS_COUNT.WR[UNIT1];10394051;100.00;;"
10112 [140369472239296] INFO perfrun.perfcollector <> - PERF_STAT : "     3.527762348;CPU10;2023;;UNC_M_CAS_COUNT.WR[UNIT1];10386860;100.00;;"
10112 [140369472239296] INFO perfrun.perfcollector <> - PERF_STAT : "     3.527762348;CPU0;34846;;UNC_M_CAS_COUNT.WR[UNIT4];10393709;100.00;;"
10112 [140369472239296] INFO perfrun.perfcollector <> - PERF_STAT : "     3.527762348;CPU10;1797;;UNC_M_CAS_COUNT.WR[UNIT4];10386872;100.00;;"
10112 [140369472239296] INFO perfrun.perfcollector <> - PERF_STAT : "     3.527762348;CPU0;35341;;UNC_M_CAS_COUNT.WR[UNIT5];10393900;100.00;;"
10112 [140369472239296] INFO perfrun.perfcollector <> - PERF_STAT : "     3.527762348;CPU10;2343;;UNC_M_CAS_COUNT.WR[UNIT5];10386524;100.00;;"
10122 [140369472239296] INFO perfrun.perfcollector <> - PERF_STAT : "     3.538133465;CPU0;890703;;UNC_M_CAS_COUNT.RD[UNIT0];10382128;100.00;;"
10122 [140369472239296] INFO perfrun.perfcollector <> - PERF_STAT : "     3.538133465;CPU10;10516;;UNC_M_CAS_COUNT.RD[UNIT0];10380750;100.00;;"
10122 [140369472239296] INFO perfrun.perfcollector <> - PERF_STAT : "     3.538133465;CPU0;896515;;UNC_M_CAS_COUNT.RD[UNIT1];10382058;100.00;;"
10122 [140369472239296] INFO perfrun.perfcollector <> - PERF_STAT : "     3.538133465;CPU10;10804;;UNC_M_CAS_COUNT.RD[UNIT1];10380636;100.00;;"
10122 [140369472239296] INFO perfrun.perfcollector <> - PERF_STAT : "     3.538133465;CPU0;900700;;UNC_M_CAS_COUNT.RD[UNIT4];10381723;100.00;;"
10122 [140369472239296] INFO perfrun.perfcollector <> - PERF_STAT : "     3.538133465;CPU10;11028;;UNC_M_CAS_COUNT.RD[UNIT4];10380344;100.00;;"
10122 [140369472239296] INFO perfrun.perfcollector <> - PERF_STAT : "     3.538133465;CPU0;899709;;UNC_M_CAS_COUNT.RD[UNIT5];10381533;100.00;;"
10123 [140369472239296] INFO perfrun.perfcollector <> - PERF_STAT : "     3.538133465;CPU10;11106;;UNC_M_CAS_COUNT.RD[UNIT5];10379939;100.00;;"
10123 [140369472239296] INFO perfrun.perfcollector <> - PERF_STAT : "     3.538133465;CPU0;30879;;UNC_M_CAS_COUNT.WR[UNIT0];10381681;100.00;;"
10123 [140369472239296] INFO perfrun.perfcollector <> - PERF_STAT : "     3.538133465;CPU10;1437;;UNC_M_CAS_COUNT.WR[UNIT0];10378977;100.00;;"
10123 [140369472239296] INFO perfrun.perfcollector <> - PERF_STAT : "     3.538133465;CPU0;31419;;UNC_M_CAS_COUNT.WR[UNIT1];10381853;100.00;;"
10123 [140369472239296] INFO perfrun.perfcollector <> - PERF_STAT : "     3.538133465;CPU10;2001;;UNC_M_CAS_COUNT.WR[UNIT1];10378937;100.00;;"
10123 [140369472239296] INFO perfrun.perfcollector <> - PERF_STAT : "     3.538133465;CPU0;30739;;UNC_M_CAS_COUNT.WR[UNIT4];10381520;100.00;;"
10123 [140369472239296] INFO perfrun.perfcollector <> - PERF_STAT : "     3.538133465;CPU10;1736;;UNC_M_CAS_COUNT.WR[UNIT4];10378631;100.00;;"
10123 [140369472239296] INFO perfrun.perfcollector <> - PERF_STAT : "     3.538133465;CPU0;31374;;UNC_M_CAS_COUNT.WR[UNIT5];10381500;100.00;;"
10123 [140369472239296] INFO perfrun.perfcollector <> - PERF_STAT : "     3.538133465;CPU10;2317;;UNC_M_CAS_COUNT.WR[UNIT5];10378840;100.00;;"
10133 [140369472239296] INFO perfrun.perfcollector <> - PERF_STAT : "     3.548508821;CPU0;853028;;UNC_M_CAS_COUNT.RD[UNIT0];10352727;100.00;;"
10133 [140369472239296] INFO perfrun.perfcollector <> - PERF_STAT : "     3.548508821;CPU10;7804;;UNC_M_CAS_COUNT.RD[UNIT0];10349886;100.00;;"
10133 [140369472239296] INFO perfrun.perfcollector <> - PERF_STAT : "     3.548508821;CPU0;845428;;UNC_M_CAS_COUNT.RD[UNIT1];10352562;100.00;;"
10133 [140369472239296] INFO perfrun.perfcollector <> - PERF_STAT : "     3.548508821;CPU10;8415;;UNC_M_CAS_COUNT.RD[UNIT1];10349752;100.00;;"
10133 [140369472239296] INFO perfrun.perfcollector <> - PERF_STAT : "     3.548508821;CPU0;842406;;UNC_M_CAS_COUNT.RD[UNIT4];10352838;100.00;;"
10133 [140369472239296] INFO perfrun.perfcollector <> - PERF_STAT : "     3.548508821;CPU10;8240;;UNC_M_CAS_COUNT.RD[UNIT4];10349614;100.00;;"
10133 [140369472239296] INFO perfrun.perfcollector <> - PERF_STAT : "     3.548508821;CPU0;834758;;UNC_M_CAS_COUNT.RD[UNIT5];10352972;100.00;;"
10133 [140369472239296] INFO perfrun.perfcollector <> - PERF_STAT : "     3.548508821;CPU10;8425;;UNC_M_CAS_COUNT.RD[UNIT5];10350253;100.00;;"
10133 [140369472239296] INFO perfrun.perfcollector <> - PERF_STAT : "     3.548508821;CPU0;24712;;UNC_M_CAS_COUNT.WR[UNIT0];10352797;100.00;;"
10133 [140369472239296] INFO perfrun.perfcollector <> - PERF_STAT : "     3.548508821;CPU10;1200;;UNC_M_CAS_COUNT.WR[UNIT0];10350588;100.00;;"
10133 [140369472239296] INFO perfrun.perfcollector <> - PERF_STAT : "     3.548508821;CPU0;25401;;UNC_M_CAS_COUNT.WR[UNIT1];10352614;100.00;;"
10133 [140369472239296] INFO perfrun.perfcollector <> - PERF_STAT : "     3.548508821;CPU10;1720;;UNC_M_CAS_COUNT.WR[UNIT1];10350331;100.00;;"
10133 [140369472239296] INFO perfrun.perfcollector <> - PERF_STAT : "     3.548508821;CPU0;24705;;UNC_M_CAS_COUNT.WR[UNIT4];10352566;100.00;;"
10133 [140369472239296] INFO perfrun.perfcollector <> - PERF_STAT : "     3.548508821;CPU10;1435;;UNC_M_CAS_COUNT.WR[UNIT4];10350342;100.00;;"
10133 [140369472239296] INFO perfrun.perfcollector <> - PERF_STAT : "     3.548508821;CPU0;25029;;UNC_M_CAS_COUNT.WR[UNIT5];10352564;100.00;;"
10133 [140369472239296] INFO perfrun.perfcollector <> - PERF_STAT : "     3.548508821;CPU10;1955;;UNC_M_CAS_COUNT.WR[UNIT5];10350037;100.00;;"
10143 [140369472239296] INFO perfrun.perfcollector <> - PERF_STAT : "     3.558858623;CPU0;943702;;UNC_M_CAS_COUNT.RD[UNIT0];10352951;100.00;;"
10143 [140369472239296] INFO perfrun.perfcollector <> - PERF_STAT : "     3.558858623;CPU10;10310;;UNC_M_CAS_COUNT.RD[UNIT0];10359486;100.00;;"
10143 [140369472239296] INFO perfrun.perfcollector <> - PERF_STAT : "     3.558858623;CPU0;946481;;UNC_M_CAS_COUNT.RD[UNIT1];10353616;100.00;;"
10143 [140369472239296] INFO perfrun.perfcollector <> - PERF_STAT : "     3.558858623;CPU10;10762;;UNC_M_CAS_COUNT.RD[UNIT1];10359865;100.00;;"
10143 [140369472239296] INFO perfrun.perfcollector <> - PERF_STAT : "     3.558858623;CPU0;952055;;UNC_M_CAS_COUNT.RD[UNIT4];10354279;100.00;;"
10143 [140369472239296] INFO perfrun.perfcollector <> - PERF_STAT : "     3.558858623;CPU10;10777;;UNC_M_CAS_COUNT.RD[UNIT4];10360156;100.00;;"
10143 [140369472239296] INFO perfrun.perfcollector <> - PERF_STAT : "     3.558858623;CPU0;949049;;UNC_M_CAS_COUNT.RD[UNIT5];10354388;100.00;;"
10143 [140369472239296] INFO perfrun.perfcollector <> - PERF_STAT : "     3.558858623;CPU10;11015;;UNC_M_CAS_COUNT.RD[UNIT5];10359997;100.00;;"
10143 [140369472239296] INFO perfrun.perfcollector <> - PERF_STAT : "     3.558858623;CPU0;26992;;UNC_M_CAS_COUNT.WR[UNIT0];10354572;100.00;;"
10143 [140369472239296] INFO perfrun.perfcollector <> - PERF_STAT : "     3.558858623;CPU10;1434;;UNC_M_CAS_COUNT.WR[UNIT0];10360024;100.00;;"
10143 [140369472239296] INFO perfrun.perfcollector <> - PERF_STAT : "     3.558858623;CPU0;27696;;UNC_M_CAS_COUNT.WR[UNIT1];10354783;100.00;;"
10143 [140369472239296] INFO perfrun.perfcollector <> - PERF_STAT : "     3.558858623;CPU10;2009;;UNC_M_CAS_COUNT.WR[UNIT1];10360132;100.00;;"
10143 [140369472239296] INFO perfrun.perfcollector <> - PERF_STAT : "     3.558858623;CPU0;26909;;UNC_M_CAS_COUNT.WR[UNIT4];10354824;100.00;;"
10143 [140369472239296] INFO perfrun.perfcollector <> - PERF_STAT : "     3.558858623;CPU10;1729;;UNC_M_CAS_COUNT.WR[UNIT4];10360730;100.00;;"
10143 [140369472239296] INFO perfrun.perfcollector <> - PERF_STAT : "     3.558858623;CPU0;27481;;UNC_M_CAS_COUNT.WR[UNIT5];10354845;100.00;;"
10143 [140369472239296] INFO perfrun.perfcollector <> - PERF_STAT : "     3.558858623;CPU10;2308;;UNC_M_CAS_COUNT.WR[UNIT5];10361505;100.00;;"
10153 [140369472239296] INFO perfrun.perfcollector <> - PERF_STAT : "     3.569228845;CPU0;995562;;UNC_M_CAS_COUNT.RD[UNIT0];10374322;100.00;;"
10153 [140369472239296] INFO perfrun.perfcollector <> - PERF_STAT : "     3.569228845;CPU10;8316;;UNC_M_CAS_COUNT.RD[UNIT0];10374371;100.00;;"
10154 [140369472239296] INFO perfrun.perfcollector <> - PERF_STAT : "     3.569228845;CPU0;992172;;UNC_M_CAS_COUNT.RD[UNIT1];10373794;100.00;;"
10154 [140369472239296] INFO perfrun.perfcollector <> - PERF_STAT : "     3.569228845;CPU10;8715;;UNC_M_CAS_COUNT.RD[UNIT1];10374630;100.00;;"
10154 [140369472239296] INFO perfrun.perfcollector <> - PERF_STAT : "     3.569228845;CPU0;993835;;UNC_M_CAS_COUNT.RD[UNIT4];10373295;100.00;;"
10154 [140369472239296] INFO perfrun.perfcollector <> - PERF_STAT : "     3.569228845;CPU10;8700;;UNC_M_CAS_COUNT.RD[UNIT4];10374584;100.00;;"
10154 [140369472239296] INFO perfrun.perfcollector <> - PERF_STAT : "     3.569228845;CPU0;986061;;UNC_M_CAS_COUNT.RD[UNIT5];10373315;100.00;;"
10154 [140369472239296] INFO perfrun.perfcollector <> - PERF_STAT : "     3.569228845;CPU10;8903;;UNC_M_CAS_COUNT.RD[UNIT5];10374633;100.00;;"
10154 [140369472239296] INFO perfrun.perfcollector <> - PERF_STAT : "     3.569228845;CPU0;27056;;UNC_M_CAS_COUNT.WR[UNIT0];10373276;100.00;;"
10154 [140369472239296] INFO perfrun.perfcollector <> - PERF_STAT : "     3.569228845;CPU10;1604;;UNC_M_CAS_COUNT.WR[UNIT0];10374326;100.00;;"
10154 [140369472239296] INFO perfrun.perfcollector <> - PERF_STAT : "     3.569228845;CPU0;27639;;UNC_M_CAS_COUNT.WR[UNIT1];10373374;100.00;;"
10154 [140369472239296] INFO perfrun.perfcollector <> - PERF_STAT : "     3.569228845;CPU10;2174;;UNC_M_CAS_COUNT.WR[UNIT1];10374644;100.00;;"
10154 [140369472239296] INFO perfrun.perfcollector <> - PERF_STAT : "     3.569228845;CPU0;26783;;UNC_M_CAS_COUNT.WR[UNIT4];10373610;100.00;;"
10154 [140369472239296] INFO perfrun.perfcollector <> - PERF_STAT : "     3.569228845;CPU10;1927;;UNC_M_CAS_COUNT.WR[UNIT4];10374506;100.00;;"
10154 [140369472239296] INFO perfrun.perfcollector <> - PERF_STAT : "     3.569228845;CPU0;27328;;UNC_M_CAS_COUNT.WR[UNIT5];10373800;100.00;;"
10154 [140369472239296] INFO perfrun.perfcollector <> - PERF_STAT : "     3.569228845;CPU10;2521;;UNC_M_CAS_COUNT.WR[UNIT5];10373800;100.00;;"
10164 [140369472239296] INFO perfrun.perfcollector <> - PERF_STAT : "     3.579600928;CPU0;977048;;UNC_M_CAS_COUNT.RD[UNIT0];10374743;100.00;;"
10164 [140369472239296] INFO perfrun.perfcollector <> - PERF_STAT : "     3.579600928;CPU10;10132;;UNC_M_CAS_COUNT.RD[UNIT0];10376280;100.00;;"
10164 [140369472239296] INFO perfrun.perfcollector <> - PERF_STAT : "     3.579600928;CPU0;973963;;UNC_M_CAS_COUNT.RD[UNIT1];10376109;100.00;;"
10164 [140369472239296] INFO perfrun.perfcollector <> - PERF_STAT : "     3.579600928;CPU10;10529;;UNC_M_CAS_COUNT.RD[UNIT1];10376339;100.00;;"
10164 [140369472239296] INFO perfrun.perfcollector <> - PERF_STAT : "     3.579600928;CPU0;976383;;UNC_M_CAS_COUNT.RD[UNIT4];10376063;100.00;;"
10164 [140369472239296] INFO perfrun.perfcollector <> - PERF_STAT : "     3.579600928;CPU10;10556;;UNC_M_CAS_COUNT.RD[UNIT4];10376428;100.00;;"
10164 [140369472239296] INFO perfrun.perfcollector <> - PERF_STAT : "     3.579600928;CPU0;968844;;UNC_M_CAS_COUNT.RD[UNIT5];10376503;100.00;;"
10164 [140369472239296] INFO perfrun.perfcollector <> - PERF_STAT : "     3.579600928;CPU10;10678;;UNC_M_CAS_COUNT.RD[UNIT5];10376561;100.00;;"
10164 [140369472239296] INFO perfrun.perfcollector <> - PERF_STAT : "     3.579600928;CPU0;31392;;UNC_M_CAS_COUNT.WR[UNIT0];10376691;100.00;;"
10164 [140369472239296] INFO perfrun.perfcollector <> - PERF_STAT : "     3.579600928;CPU10;1299;;UNC_M_CAS_COUNT.WR[UNIT0];10377065;100.00;;"
10164 [140369472239296] INFO perfrun.perfcollector <> - PERF_STAT : "     3.579600928;CPU0;31715;;UNC_M_CAS_COUNT.WR[UNIT1];10376841;100.00;;"
10164 [140369472239296] INFO perfrun.perfcollector <> - PERF_STAT : "     3.579600928;CPU10;1863;;UNC_M_CAS_COUNT.WR[UNIT1];10377029;100.00;;"
10164 [140369472239296] INFO perfrun.perfcollector <> - PERF_STAT : "     3.579600928;CPU0;31425;;UNC_M_CAS_COUNT.WR[UNIT4];10376903;100.00;;"
10164 [140369472239296] INFO perfrun.perfcollector <> - PERF_STAT : "     3.579600928;CPU10;1514;;UNC_M_CAS_COUNT.WR[UNIT4];10376920;100.00;;"
10164 [140369472239296] INFO perfrun.perfcollector <> - PERF_STAT : "     3.579600928;CPU0;31807;;UNC_M_CAS_COUNT.WR[UNIT5];10376691;100.00;;"
10164 [140369472239296] INFO perfrun.perfcollector <> - PERF_STAT : "     3.579600928;CPU10;2094;;UNC_M_CAS_COUNT.WR[UNIT5];10377313;100.00;;"
10174 [140369472239296] INFO perfrun.perfcollector <> - PERF_STAT : "     3.589962914;CPU0;946535;;UNC_M_CAS_COUNT.RD[UNIT0];10352902;100.00;;"
10174 [140369472239296] INFO perfrun.perfcollector <> - PERF_STAT : "     3.589962914;CPU10;17305;;UNC_M_CAS_COUNT.RD[UNIT0];10349954;100.00;;"
10174 [140369472239296] INFO perfrun.perfcollector <> - PERF_STAT : "     3.589962914;CPU0;948051;;UNC_M_CAS_COUNT.RD[UNIT1];10351623;100.00;;"
10174 [140369472239296] INFO perfrun.perfcollector <> - PERF_STAT : "     3.589962914;CPU10;17759;;UNC_M_CAS_COUNT.RD[UNIT1];10349909;100.00;;"
10174 [140369472239296] INFO perfrun.perfcollector <> - PERF_STAT : "     3.589962914;CPU0;952387;;UNC_M_CAS_COUNT.RD[UNIT4];10351633;100.00;;"
10174 [140369472239296] INFO perfrun.perfcollector <> - PERF_STAT : "     3.589962914;CPU10;17717;;UNC_M_CAS_COUNT.RD[UNIT4];10349501;100.00;;"
10174 [140369472239296] INFO perfrun.perfcollector <> - PERF_STAT : "     3.589962914;CPU0;949660;;UNC_M_CAS_COUNT.RD[UNIT5];10351473;100.00;;"
10174 [140369472239296] INFO perfrun.perfcollector <> - PERF_STAT : "     3.589962914;CPU10;17740;;UNC_M_CAS_COUNT.RD[UNIT5];10349316;100.00;;"
10174 [140369472239296] INFO perfrun.perfcollector <> - PERF_STAT : "     3.589962914;CPU0;30979;;UNC_M_CAS_COUNT.WR[UNIT0];10351285;100.00;;"
10174 [140369472239296] INFO perfrun.perfcollector <> - PERF_STAT : "     3.589962914;CPU10;1661;;UNC_M_CAS_COUNT.WR[UNIT0];10348960;100.00;;"
10174 [140369472239296] INFO perfrun.perfcollector <> - PERF_STAT : "     3.589962914;CPU0;31758;;UNC_M_CAS_COUNT.WR[UNIT1];10350930;100.00;;"
10174 [140369472239296] INFO perfrun.perfcollector <> - PERF_STAT : "     3.589962914;CPU10;2205;;UNC_M_CAS_COUNT.WR[UNIT1];10348978;100.00;;"
10174 [140369472239296] INFO perfrun.perfcollector <> - PERF_STAT : "     3.589962914;CPU0;30673;;UNC_M_CAS_COUNT.WR[UNIT4];10350825;100.00;;"
10174 [140369472239296] INFO perfrun.perfcollector <> - PERF_STAT : "     3.589962914;CPU10;1898;;UNC_M_CAS_COUNT.WR[UNIT4];10348617;100.00;;"
10174 [140369472239296] INFO perfrun.perfcollector <> - PERF_STAT : "     3.589962914;CPU0;31487;;UNC_M_CAS_COUNT.WR[UNIT5];10351074;100.00;;"
10175 [140369472239296] INFO perfrun.perfcollector <> - PERF_STAT : "     3.589962914;CPU10;2471;;UNC_M_CAS_COUNT.WR[UNIT5];10348813;100.00;;"
10184 [140369472239296] INFO perfrun.perfcollector <> - PERF_STAT : "     3.600328949;CPU0;913253;;UNC_M_CAS_COUNT.RD[UNIT0];10386451;100.00;;"
10185 [140369472239296] INFO perfrun.perfcollector <> - PERF_STAT : "     3.600328949;CPU10;6669;;UNC_M_CAS_COUNT.RD[UNIT0];10385134;100.00;;"
10185 [140369472239296] INFO perfrun.perfcollector <> - PERF_STAT : "     3.600328949;CPU0;905801;;UNC_M_CAS_COUNT.RD[UNIT1];10386509;100.00;;"
10185 [140369472239296] INFO perfrun.perfcollector <> - PERF_STAT : "     3.600328949;CPU10;7223;;UNC_M_CAS_COUNT.RD[UNIT1];10385079;100.00;;"
10185 [140369472239296] INFO perfrun.perfcollector <> - PERF_STAT : "     3.600328949;CPU0;904279;;UNC_M_CAS_COUNT.RD[UNIT4];10386323;100.00;;"
10185 [140369472239296] INFO perfrun.perfcollector <> - PERF_STAT : "     3.600328949;CPU10;7093;;UNC_M_CAS_COUNT.RD[UNIT4];10385412;100.00;;"
10185 [140369472239296] INFO perfrun.perfcollector <> - PERF_STAT : "     3.600328949;CPU0;895521;;UNC_M_CAS_COUNT.RD[UNIT5];10386461;100.00;;"
10185 [140369472239296] INFO perfrun.perfcollector <> - PERF_STAT : "     3.600328949;CPU10;7329;;UNC_M_CAS_COUNT.RD[UNIT5];10385325;100.00;;"
10185 [140369472239296] INFO perfrun.perfcollector <> - PERF_STAT : "     3.600328949;CPU0;28809;;UNC_M_CAS_COUNT.WR[UNIT0];10386513;100.00;;"
10185 [140369472239296] INFO perfrun.perfcollector <> - PERF_STAT : "     3.600328949;CPU10;6155;;UNC_M_CAS_COUNT.WR[UNIT0];10385185;100.00;;"
10185 [140369472239296] INFO perfrun.perfcollector <> - PERF_STAT : "     3.600328949;CPU0;29204;;UNC_M_CAS_COUNT.WR[UNIT1];10386553;100.00;;"
10185 [140369472239296] INFO perfrun.perfcollector <> - PERF_STAT : "     3.600328949;CPU10;6715;;UNC_M_CAS_COUNT.WR[UNIT1];10385028;100.00;;"
10185 [140369472239296] INFO perfrun.perfcollector <> - PERF_STAT : "     3.600328949;CPU0;28637;;UNC_M_CAS_COUNT.WR[UNIT4];10386494;100.00;;"
10185 [140369472239296] INFO perfrun.perfcollector <> - PERF_STAT : "     3.600328949;CPU10;6420;;UNC_M_CAS_COUNT.WR[UNIT4];10385439;100.00;;"
10185 [140369472239296] INFO perfrun.perfcollector <> - PERF_STAT : "     3.600328949;CPU0;28853;;UNC_M_CAS_COUNT.WR[UNIT5];10386346;100.00;;"
10185 [140369472239296] INFO perfrun.perfcollector <> - PERF_STAT : "     3.600328949;CPU10;6907;;UNC_M_CAS_COUNT.WR[UNIT5];10385137;100.00;;"
10195 [140369472239296] INFO perfrun.perfcollector <> - PERF_STAT : "     3.610703118;CPU0;844193;;UNC_M_CAS_COUNT.RD[UNIT0];10352318;100.00;;"
10195 [140369472239296] INFO perfrun.perfcollector <> - PERF_STAT : "     3.610703118;CPU10;11543;;UNC_M_CAS_COUNT.RD[UNIT0];10348190;100.00;;"
10195 [140369472239296] INFO perfrun.perfcollector <> - PERF_STAT : "     3.610703118;CPU0;850330;;UNC_M_CAS_COUNT.RD[UNIT1];10351675;100.00;;"
10195 [140369472239296] INFO perfrun.perfcollector <> - PERF_STAT : "     3.610703118;CPU10;12043;;UNC_M_CAS_COUNT.RD[UNIT1];10347844;100.00;;"
10195 [140369472239296] INFO perfrun.perfcollector <> - PERF_STAT : "     3.610703118;CPU0;856433;;UNC_M_CAS_COUNT.RD[UNIT4];10351633;100.00;;"
10195 [140369472239296] INFO perfrun.perfcollector <> - PERF_STAT : "     3.610703118;CPU10;12121;;UNC_M_CAS_COUNT.RD[UNIT4];10347419;100.00;;"
10195 [140369472239296] INFO perfrun.perfcollector <> - PERF_STAT : "     3.610703118;CPU0;854043;;UNC_M_CAS_COUNT.RD[UNIT5];10350890;100.00;;"
10195 [140369472239296] INFO perfrun.perfcollector <> - PERF_STAT : "     3.610703118;CPU10;12169;;UNC_M_CAS_COUNT.RD[UNIT5];10346968;100.00;;"
10195 [140369472239296] INFO perfrun.perfcollector <> - PERF_STAT : "     3.610703118;CPU0;24336;;UNC_M_CAS_COUNT.WR[UNIT0];10350813;100.00;;"
10195 [140369472239296] INFO perfrun.perfcollector <> - PERF_STAT : "     3.610703118;CPU10;1418;;UNC_M_CAS_COUNT.WR[UNIT0];10346961;100.00;;"
10195 [140369472239296] INFO perfrun.perfcollector <> - PERF_STAT : "     3.610703118;CPU0;25075;;UNC_M_CAS_COUNT.WR[UNIT1];10350836;100.00;;"
10195 [140369472239296] INFO perfrun.perfcollector <> - PERF_STAT : "     3.610703118;CPU10;2011;;UNC_M_CAS_COUNT.WR[UNIT1];10346708;100.00;;"
10195 [140369472239296] INFO perfrun.perfcollector <> - PERF_STAT : "     3.610703118;CPU0;24382;;UNC_M_CAS_COUNT.WR[UNIT4];10350816;100.00;;"
10195 [140369472239296] INFO perfrun.perfcollector <> - PERF_STAT : "     3.610703118;CPU10;1655;;UNC_M_CAS_COUNT.WR[UNIT4];10346238;100.00;;"
10195 [140369472239296] INFO perfrun.perfcollector <> - PERF_STAT : "     3.610703118;CPU0;25194;;UNC_M_CAS_COUNT.WR[UNIT5];10350694;100.00;;"
10195 [140369472239296] INFO perfrun.perfcollector <> - PERF_STAT : "     3.610703118;CPU10;2208;;UNC_M_CAS_COUNT.WR[UNIT5];10345994;100.00;;"
10205 [140369472239296] INFO perfrun.perfcollector <> - PERF_STAT : "     3.621049696;CPU0;951095;;UNC_M_CAS_COUNT.RD[UNIT0];10352338;100.00;;"
10205 [140369472239296] INFO perfrun.perfcollector <> - PERF_STAT : "     3.621049696;CPU10;7320;;UNC_M_CAS_COUNT.RD[UNIT0];10359205;100.00;;"
10205 [140369472239296] INFO perfrun.perfcollector <> - PERF_STAT : "     3.621049696;CPU0;943950;;UNC_M_CAS_COUNT.RD[UNIT1];10353388;100.00;;"
10205 [140369472239296] INFO perfrun.perfcollector <> - PERF_STAT : "     3.621049696;CPU10;7727;;UNC_M_CAS_COUNT.RD[UNIT1];10359724;100.00;;"
10205 [140369472239296] INFO perfrun.perfcollector <> - PERF_STAT : "     3.621049696;CPU0;944289;;UNC_M_CAS_COUNT.RD[UNIT4];10354040;100.00;;"
10205 [140369472239296] INFO perfrun.perfcollector <> - PERF_STAT : "     3.621049696;CPU10;7687;;UNC_M_CAS_COUNT.RD[UNIT4];10360224;100.00;;"
10205 [140369472239296] INFO perfrun.perfcollector <> - PERF_STAT : "     3.621049696;CPU0;935645;;UNC_M_CAS_COUNT.RD[UNIT5];10354240;100.00;;"
10205 [140369472239296] INFO perfrun.perfcollector <> - PERF_STAT : "     3.621049696;CPU10;7740;;UNC_M_CAS_COUNT.RD[UNIT5];10360707;100.00;;"
10205 [140369472239296] INFO perfrun.perfcollector <> - PERF_STAT : "     3.621049696;CPU0;23816;;UNC_M_CAS_COUNT.WR[UNIT0];10354324;100.00;;"
10205 [140369472239296] INFO perfrun.perfcollector <> - PERF_STAT : "     3.621049696;CPU10;1327;;UNC_M_CAS_COUNT.WR[UNIT0];10361363;100.00;;"
10205 [140369472239296] INFO perfrun.perfcollector <> - PERF_STAT : "     3.621049696;CPU0;24270;;UNC_M_CAS_COUNT.WR[UNIT1];10354546;100.00;;"
10206 [140369472239296] INFO perfrun.perfcollector <> - PERF_STAT : "     3.621049696;CPU10;1855;;UNC_M_CAS_COUNT.WR[UNIT1];10361785;100.00;;"
10206 [140369472239296] INFO perfrun.perfcollector <> - PERF_STAT : "     3.621049696;CPU0;23688;;UNC_M_CAS_COUNT.WR[UNIT4];10354499;100.00;;"
10206 [140369472239296] INFO perfrun.perfcollector <> - PERF_STAT : "     3.621049696;CPU10;1571;;UNC_M_CAS_COUNT.WR[UNIT4];10361973;100.00;;"
10206 [140369472239296] INFO perfrun.perfcollector <> - PERF_STAT : "     3.621049696;CPU0;24169;;UNC_M_CAS_COUNT.WR[UNIT5];10354762;100.00;;"
10206 [140369472239296] INFO perfrun.perfcollector <> - PERF_STAT : "     3.621049696;CPU10;2074;;UNC_M_CAS_COUNT.WR[UNIT5];10362086;100.00;;"
10216 [140369472239296] INFO perfrun.perfcollector <> - PERF_STAT : "     3.631414821;CPU0;973394;;UNC_M_CAS_COUNT.RD[UNIT0];10364603;100.00;;"
10216 [140369472239296] INFO perfrun.perfcollector <> - PERF_STAT : "     3.631414821;CPU10;9295;;UNC_M_CAS_COUNT.RD[UNIT0];10361138;100.00;;"
10216 [140369472239296] INFO perfrun.perfcollector <> - PERF_STAT : "     3.631414821;CPU0;974882;;UNC_M_CAS_COUNT.RD[UNIT1];10364167;100.00;;"
10216 [140369472239296] INFO perfrun.perfcollector <> - PERF_STAT : "     3.631414821;CPU10;9649;;UNC_M_CAS_COUNT.RD[UNIT1];10362112;100.00;;"
10216 [140369472239296] INFO perfrun.perfcollector <> - PERF_STAT : "     3.631414821;CPU0;978344;;UNC_M_CAS_COUNT.RD[UNIT4];10363700;100.00;;"
10216 [140369472239296] INFO perfrun.perfcollector <> - PERF_STAT : "     3.631414821;CPU10;9710;;UNC_M_CAS_COUNT.RD[UNIT4];10362022;100.00;;"
10216 [140369472239296] INFO perfrun.perfcollector <> - PERF_STAT : "     3.631414821;CPU0;973008;;UNC_M_CAS_COUNT.RD[UNIT5];10363982;100.00;;"
10216 [140369472239296] INFO perfrun.perfcollector <> - PERF_STAT : "     3.631414821;CPU10;9692;;UNC_M_CAS_COUNT.RD[UNIT5];10362100;100.00;;"
10216 [140369472239296] INFO perfrun.perfcollector <> - PERF_STAT : "     3.631414821;CPU0;26276;;UNC_M_CAS_COUNT.WR[UNIT0];10363748;100.00;;"
10216 [140369472239296] INFO perfrun.perfcollector <> - PERF_STAT : "     3.631414821;CPU10;1346;;UNC_M_CAS_COUNT.WR[UNIT0];10361616;100.00;;"
10216 [140369472239296] INFO perfrun.perfcollector <> - PERF_STAT : "     3.631414821;CPU0;26951;;UNC_M_CAS_COUNT.WR[UNIT1];10363600;100.00;;"
10216 [140369472239296] INFO perfrun.perfcollector <> - PERF_STAT : "     3.631414821;CPU10;1965;;UNC_M_CAS_COUNT.WR[UNIT1];10361565;100.00;;"
10216 [140369472239296] INFO perfrun.perfcollector <> - PERF_STAT : "     3.631414821;CPU0;26115;;UNC_M_CAS_COUNT.WR[UNIT4];10363477;100.00;;"
10216 [140369472239296] INFO perfrun.perfcollector <> - PERF_STAT : "     3.631414821;CPU10;1550;;UNC_M_CAS_COUNT.WR[UNIT4];10361789;100.00;;"
10216 [140369472239296] INFO perfrun.perfcollector <> - PERF_STAT : "     3.631414821;CPU0;26842;;UNC_M_CAS_COUNT.WR[UNIT5];10363090;100.00;;"
10216 [140369472239296] INFO perfrun.perfcollector <> - PERF_STAT : "     3.631414821;CPU10;2191;;UNC_M_CAS_COUNT.WR[UNIT5];10361999;100.00;;"
10226 [140369472239296] INFO perfrun.perfcollector <> - PERF_STAT : "     3.641773400;CPU0;980213;;UNC_M_CAS_COUNT.RD[UNIT0];10361667;100.00;;"
10226 [140369472239296] INFO perfrun.perfcollector <> - PERF_STAT : "     3.641773400;CPU10;9771;;UNC_M_CAS_COUNT.RD[UNIT0];10365181;100.00;;"
10226 [140369472239296] INFO perfrun.perfcollector <> - PERF_STAT : "     3.641773400;CPU0;980277;;UNC_M_CAS_COUNT.RD[UNIT1];10362673;100.00;;"
10226 [140369472239296] INFO perfrun.perfcollector <> - PERF_STAT : "     3.641773400;CPU10;10228;;UNC_M_CAS_COUNT.RD[UNIT1];10364714;100.00;;"
10226 [140369472239296] INFO perfrun.perfcollector <> - PERF_STAT : "     3.641773400;CPU0;982669;;UNC_M_CAS_COUNT.RD[UNIT4];10362526;100.00;;"
10226 [140369472239296] INFO perfrun.perfcollector <> - PERF_STAT : "     3.641773400;CPU10;10217;;UNC_M_CAS_COUNT.RD[UNIT4];10365002;100.00;;"
10226 [140369472239296] INFO perfrun.perfcollector <> - PERF_STAT : "     3.641773400;CPU0;976512;;UNC_M_CAS_COUNT.RD[UNIT5];10362289;100.00;;"
10226 [140369472239296] INFO perfrun.perfcollector <> - PERF_STAT : "     3.641773400;CPU10;10314;;UNC_M_CAS_COUNT.RD[UNIT5];10364928;100.00;;"
10226 [140369472239296] INFO perfrun.perfcollector <> - PERF_STAT : "     3.641773400;CPU0;30979;;UNC_M_CAS_COUNT.WR[UNIT0];10362352;100.00;;"
10226 [140369472239296] INFO perfrun.perfcollector <> - PERF_STAT : "     3.641773400;CPU10;1463;;UNC_M_CAS_COUNT.WR[UNIT0];10364839;100.00;;"
10226 [140369472239296] INFO perfrun.perfcollector <> - PERF_STAT : "     3.641773400;CPU0;31696;;UNC_M_CAS_COUNT.WR[UNIT1];10362234;100.00;;"
10226 [140369472239296] INFO perfrun.perfcollector <> - PERF_STAT : "     3.641773400;CPU10;2008;;UNC_M_CAS_COUNT.WR[UNIT1];10364975;100.00;;"
10226 [140369472239296] INFO perfrun.perfcollector <> - PERF_STAT : "     3.641773400;CPU0;30790;;UNC_M_CAS_COUNT.WR[UNIT4];10362412;100.00;;"
10226 [140369472239296] INFO perfrun.perfcollector <> - PERF_STAT : "     3.641773400;CPU10;1727;;UNC_M_CAS_COUNT.WR[UNIT4];10364797;100.00;;"
10226 [140369472239296] INFO perfrun.perfcollector <> - PERF_STAT : "     3.641773400;CPU0;31417;;UNC_M_CAS_COUNT.WR[UNIT5];10362397;100.00;;"
10226 [140369472239296] INFO perfrun.perfcollector <> - PERF_STAT : "     3.641773400;CPU10;2315;;UNC_M_CAS_COUNT.WR[UNIT5];10364610;100.00;;"
10236 [140369472239296] INFO perfrun.perfcollector <> - PERF_STAT : "     3.652143698;CPU0;960577;;UNC_M_CAS_COUNT.RD[UNIT0];10368020;100.00;;"
10236 [140369472239296] INFO perfrun.perfcollector <> - PERF_STAT : "     3.652143698;CPU10;7704;;UNC_M_CAS_COUNT.RD[UNIT0];10365426;100.00;;"
10236 [140369472239296] INFO perfrun.perfcollector <> - PERF_STAT : "     3.652143698;CPU0;954195;;UNC_M_CAS_COUNT.RD[UNIT1];10366969;100.00;;"
10236 [140369472239296] INFO perfrun.perfcollector <> - PERF_STAT : "     3.652143698;CPU10;8233;;UNC_M_CAS_COUNT.RD[UNIT1];10364939;100.00;;"
10236 [140369472239296] INFO perfrun.perfcollector <> - PERF_STAT : "     3.652143698;CPU0;955202;;UNC_M_CAS_COUNT.RD[UNIT4];10367345;100.00;;"
10236 [140369472239296] INFO perfrun.perfcollector <> - PERF_STAT : "     3.652143698;CPU10;8044;;UNC_M_CAS_COUNT.RD[UNIT4];10364728;100.00;;"
10236 [140369472239296] INFO perfrun.perfcollector <> - PERF_STAT : "     3.652143698;CPU0;945707;;UNC_M_CAS_COUNT.RD[UNIT5];10367332;100.00;;"
10237 [140369472239296] INFO perfrun.perfcollector <> - PERF_STAT : "     3.652143698;CPU10;8271;;UNC_M_CAS_COUNT.RD[UNIT5];10364577;100.00;;"
10237 [140369472239296] INFO perfrun.perfcollector <> - PERF_STAT : "     3.652143698;CPU0;30401;;UNC_M_CAS_COUNT.WR[UNIT0];10367506;100.00;;"
10237 [140369472239296] INFO perfrun.perfcollector <> - PERF_STAT : "     3.652143698;CPU10;1401;;UNC_M_CAS_COUNT.WR[UNIT0];10364675;100.00;;"
10237 [140369472239296] INFO perfrun.perfcollector <> - PERF_STAT : "     3.652143698;CPU0;30887;;UNC_M_CAS_COUNT.WR[UNIT1];10367403;100.00;;"
10237 [140369472239296] INFO perfrun.perfcollector <> - PERF_STAT : "     3.652143698;CPU10;1930;;UNC_M_CAS_COUNT.WR[UNIT1];10364492;100.00;;"
10237 [140369472239296] INFO perfrun.perfcollector <> - PERF_STAT : "     3.652143698;CPU0;30418;;UNC_M_CAS_COUNT.WR[UNIT4];10367577;100.00;;"
10237 [140369472239296] INFO perfrun.perfcollector <> - PERF_STAT : "     3.652143698;CPU10;1622;;UNC_M_CAS_COUNT.WR[UNIT4];10364587;100.00;;"
10237 [140369472239296] INFO perfrun.perfcollector <> - PERF_STAT : "     3.652143698;CPU0;30726;;UNC_M_CAS_COUNT.WR[UNIT5];10367648;100.00;;"
10237 [140369472239296] INFO perfrun.perfcollector <> - PERF_STAT : "     3.652143698;CPU10;2113;;UNC_M_CAS_COUNT.WR[UNIT5];10364793;100.00;;"
10247 [140369472239296] INFO perfrun.perfcollector <> - PERF_STAT : "     3.662505887;CPU0;890555;;UNC_M_CAS_COUNT.RD[UNIT0];10379439;100.00;;"
10247 [140369472239296] INFO perfrun.perfcollector <> - PERF_STAT : "     3.662505887;CPU10;9989;;UNC_M_CAS_COUNT.RD[UNIT0];10389186;100.00;;"
10247 [140369472239296] INFO perfrun.perfcollector <> - PERF_STAT : "     3.662505887;CPU0;897122;;UNC_M_CAS_COUNT.RD[UNIT1];10380508;100.00;;"
10247 [140369472239296] INFO perfrun.perfcollector <> - PERF_STAT : "     3.662505887;CPU10;10553;;UNC_M_CAS_COUNT.RD[UNIT1];10388849;100.00;;"
10247 [140369472239296] INFO perfrun.perfcollector <> - PERF_STAT : "     3.662505887;CPU0;901033;;UNC_M_CAS_COUNT.RD[UNIT4];10380082;100.00;;"
10247 [140369472239296] INFO perfrun.perfcollector <> - PERF_STAT : "     3.662505887;CPU10;10526;;UNC_M_CAS_COUNT.RD[UNIT4];10389049;100.00;;"
10247 [140369472239296] INFO perfrun.perfcollector <> - PERF_STAT : "     3.662505887;CPU0;899567;;UNC_M_CAS_COUNT.RD[UNIT5];10380056;100.00;;"
10247 [140369472239296] INFO perfrun.perfcollector <> - PERF_STAT : "     3.662505887;CPU10;10660;;UNC_M_CAS_COUNT.RD[UNIT5];10389190;100.00;;"
10247 [140369472239296] INFO perfrun.perfcollector <> - PERF_STAT : "     3.662505887;CPU0;27668;;UNC_M_CAS_COUNT.WR[UNIT0];10380052;100.00;;"
10247 [140369472239296] INFO perfrun.perfcollector <> - PERF_STAT : "     3.662505887;CPU10;1431;;UNC_M_CAS_COUNT.WR[UNIT0];10389084;100.00;;"
10247 [140369472239296] INFO perfrun.perfcollector <> - PERF_STAT : "     3.662505887;CPU0;28667;;UNC_M_CAS_COUNT.WR[UNIT1];10380244;100.00;;"
10247 [140369472239296] INFO perfrun.perfcollector <> - PERF_STAT : "     3.662505887;CPU10;1996;;UNC_M_CAS_COUNT.WR[UNIT1];10389085;100.00;;"
10247 [140369472239296] INFO perfrun.perfcollector <> - PERF_STAT : "     3.662505887;CPU0;27633;;UNC_M_CAS_COUNT.WR[UNIT4];10380278;100.00;;"
10247 [140369472239296] INFO perfrun.perfcollector <> - PERF_STAT : "     3.662505887;CPU10;1693;;UNC_M_CAS_COUNT.WR[UNIT4];10389045;100.00;;"
10247 [140369472239296] INFO perfrun.perfcollector <> - PERF_STAT : "     3.662505887;CPU0;28568;;UNC_M_CAS_COUNT.WR[UNIT5];10380654;100.00;;"
10247 [140369472239296] INFO perfrun.perfcollector <> - PERF_STAT : "     3.662505887;CPU10;2274;;UNC_M_CAS_COUNT.WR[UNIT5];10388899;100.00;;"
10257 [140369472239296] INFO perfrun.perfcollector <> - PERF_STAT : "     3.672974841;CPU0;856619;;UNC_M_CAS_COUNT.RD[UNIT0];10445875;100.00;;"
10257 [140369472239296] INFO perfrun.perfcollector <> - PERF_STAT : "     3.672974841;CPU10;7823;;UNC_M_CAS_COUNT.RD[UNIT0];10433663;100.00;;"
10257 [140369472239296] INFO perfrun.perfcollector <> - PERF_STAT : "     3.672974841;CPU0;847520;;UNC_M_CAS_COUNT.RD[UNIT1];10444926;100.00;;"
10257 [140369472239296] INFO perfrun.perfcollector <> - PERF_STAT : "     3.672974841;CPU10;8426;;UNC_M_CAS_COUNT.RD[UNIT1];10433173;100.00;;"
10257 [140369472239296] INFO perfrun.perfcollector <> - PERF_STAT : "     3.672974841;CPU0;846139;;UNC_M_CAS_COUNT.RD[UNIT4];10444834;100.00;;"
10257 [140369472239296] INFO perfrun.perfcollector <> - PERF_STAT : "     3.672974841;CPU10;8329;;UNC_M_CAS_COUNT.RD[UNIT4];10432591;100.00;;"
10257 [140369472239296] INFO perfrun.perfcollector <> - PERF_STAT : "     3.672974841;CPU0;836222;;UNC_M_CAS_COUNT.RD[UNIT5];10445078;100.00;;"
10257 [140369472239296] INFO perfrun.perfcollector <> - PERF_STAT : "     3.672974841;CPU10;8549;;UNC_M_CAS_COUNT.RD[UNIT5];10432241;100.00;;"
10257 [140369472239296] INFO perfrun.perfcollector <> - PERF_STAT : "     3.672974841;CPU0;24903;;UNC_M_CAS_COUNT.WR[UNIT0];10445041;100.00;;"
10257 [140369472239296] INFO perfrun.perfcollector <> - PERF_STAT : "     3.672974841;CPU10;1377;;UNC_M_CAS_COUNT.WR[UNIT0];10432017;100.00;;"
10257 [140369472239296] INFO perfrun.perfcollector <> - PERF_STAT : "     3.672974841;CPU0;25434;;UNC_M_CAS_COUNT.WR[UNIT1];10445065;100.00;;"
10257 [140369472239296] INFO perfrun.perfcollector <> - PERF_STAT : "     3.672974841;CPU10;2025;;UNC_M_CAS_COUNT.WR[UNIT1];10431699;100.00;;"
10257 [140369472239296] INFO perfrun.perfcollector <> - PERF_STAT : "     3.672974841;CPU0;24712;;UNC_M_CAS_COUNT.WR[UNIT4];10444747;100.00;;"
10257 [140369472239296] INFO perfrun.perfcollector <> - PERF_STAT : "     3.672974841;CPU10;1646;;UNC_M_CAS_COUNT.WR[UNIT4];10431606;100.00;;"
10257 [140369472239296] INFO perfrun.perfcollector <> - PERF_STAT : "     3.672974841;CPU0;25039;;UNC_M_CAS_COUNT.WR[UNIT5];10444511;100.00;;"
10257 [140369472239296] INFO perfrun.perfcollector <> - PERF_STAT : "     3.672974841;CPU10;2245;;UNC_M_CAS_COUNT.WR[UNIT5];10431260;100.00;;"
10267 [140369472239296] INFO perfrun.perfcollector <> - PERF_STAT : "     3.683323105;CPU0;944869;;UNC_M_CAS_COUNT.RD[UNIT0];10354098;100.00;;"
10268 [140369472239296] INFO perfrun.perfcollector <> - PERF_STAT : "     3.683323105;CPU10;9913;;UNC_M_CAS_COUNT.RD[UNIT0];10360626;100.00;;"
10268 [140369472239296] INFO perfrun.perfcollector <> - PERF_STAT : "     3.683323105;CPU0;948091;;UNC_M_CAS_COUNT.RD[UNIT1];10354459;100.00;;"
10268 [140369472239296] INFO perfrun.perfcollector <> - PERF_STAT : "     3.683323105;CPU10;10359;;UNC_M_CAS_COUNT.RD[UNIT1];10361012;100.00;;"
10268 [140369472239296] INFO perfrun.perfcollector <> - PERF_STAT : "     3.683323105;CPU0;953646;;UNC_M_CAS_COUNT.RD[UNIT4];10354589;100.00;;"
10268 [140369472239296] INFO perfrun.perfcollector <> - PERF_STAT : "     3.683323105;CPU10;10388;;UNC_M_CAS_COUNT.RD[UNIT4];10361279;100.00;;"
10268 [140369472239296] INFO perfrun.perfcollector <> - PERF_STAT : "     3.683323105;CPU0;950213;;UNC_M_CAS_COUNT.RD[UNIT5];10354438;100.00;;"
10268 [140369472239296] INFO perfrun.perfcollector <> - PERF_STAT : "     3.683323105;CPU10;10514;;UNC_M_CAS_COUNT.RD[UNIT5];10361670;100.00;;"
10268 [140369472239296] INFO perfrun.perfcollector <> - PERF_STAT : "     3.683323105;CPU0;27875;;UNC_M_CAS_COUNT.WR[UNIT0];10354163;100.00;;"
10268 [140369472239296] INFO perfrun.perfcollector <> - PERF_STAT : "     3.683323105;CPU10;1319;;UNC_M_CAS_COUNT.WR[UNIT0];10362166;100.00;;"
10268 [140369472239296] INFO perfrun.perfcollector <> - PERF_STAT : "     3.683323105;CPU0;28440;;UNC_M_CAS_COUNT.WR[UNIT1];10354313;100.00;;"
10268 [140369472239296] INFO perfrun.perfcollector <> - PERF_STAT : "     3.683323105;CPU10;1872;;UNC_M_CAS_COUNT.WR[UNIT1];10362388;100.00;;"
10268 [140369472239296] INFO perfrun.perfcollector <> - PERF_STAT : "     3.683323105;CPU0;27857;;UNC_M_CAS_COUNT.WR[UNIT4];10354681;100.00;;"
10268 [140369472239296] INFO perfrun.perfcollector <> - PERF_STAT : "     3.683323105;CPU10;1487;;UNC_M_CAS_COUNT.WR[UNIT4];10362850;100.00;;"
10268 [140369472239296] INFO perfrun.perfcollector <> - PERF_STAT : "     3.683323105;CPU0;28418;;UNC_M_CAS_COUNT.WR[UNIT5];10354907;100.00;;"
10268 [140369472239296] INFO perfrun.perfcollector <> - PERF_STAT : "     3.683323105;CPU10;2105;;UNC_M_CAS_COUNT.WR[UNIT5];10363033;100.00;;"
10278 [140369472239296] INFO perfrun.perfcollector <> - PERF_STAT : "     3.693712808;CPU0;976914;;UNC_M_CAS_COUNT.RD[UNIT0];10373185;100.00;;"
10278 [140369472239296] INFO perfrun.perfcollector <> - PERF_STAT : "     3.693712808;CPU10;17564;;UNC_M_CAS_COUNT.RD[UNIT0];10373146;100.00;;"
10278 [140369472239296] INFO perfrun.perfcollector <> - PERF_STAT : "     3.693712808;CPU0;974282;;UNC_M_CAS_COUNT.RD[UNIT1];10373140;100.00;;"
10278 [140369472239296] INFO perfrun.perfcollector <> - PERF_STAT : "     3.693712808;CPU10;18194;;UNC_M_CAS_COUNT.RD[UNIT1];10374207;100.00;;"
10278 [140369472239296] INFO perfrun.perfcollector <> - PERF_STAT : "     3.693712808;CPU0;974115;;UNC_M_CAS_COUNT.RD[UNIT4];10373141;100.00;;"
10278 [140369472239296] INFO perfrun.perfcollector <> - PERF_STAT : "     3.693712808;CPU10;18055;;UNC_M_CAS_COUNT.RD[UNIT4];10374619;100.00;;"
10278 [140369472239296] INFO perfrun.perfcollector <> - PERF_STAT : "     3.693712808;CPU0;967058;;UNC_M_CAS_COUNT.RD[UNIT5];10373015;100.00;;"
10278 [140369472239296] INFO perfrun.perfcollector <> - PERF_STAT : "     3.693712808;CPU10;18132;;UNC_M_CAS_COUNT.RD[UNIT5];10374854;100.00;;"
10278 [140369472239296] INFO perfrun.perfcollector <> - PERF_STAT : "     3.693712808;CPU0;27523;;UNC_M_CAS_COUNT.WR[UNIT0];10373483;100.00;;"
10278 [140369472239296] INFO perfrun.perfcollector <> - PERF_STAT : "     3.693712808;CPU10;5017;;UNC_M_CAS_COUNT.WR[UNIT0];10374737;100.00;;"
10278 [140369472239296] INFO perfrun.perfcollector <> - PERF_STAT : "     3.693712808;CPU0;28167;;UNC_M_CAS_COUNT.WR[UNIT1];10373204;100.00;;"
10278 [140369472239296] INFO perfrun.perfcollector <> - PERF_STAT : "     3.693712808;CPU10;5579;;UNC_M_CAS_COUNT.WR[UNIT1];10375240;100.00;;"
10278 [140369472239296] INFO perfrun.perfcollector <> - PERF_STAT : "     3.693712808;CPU0;27398;;UNC_M_CAS_COUNT.WR[UNIT4];10372885;100.00;;"
10278 [140369472239296] INFO perfrun.perfcollector <> - PERF_STAT : "     3.693712808;CPU10;5280;;UNC_M_CAS_COUNT.WR[UNIT4];10374989;100.00;;"
10278 [140369472239296] INFO perfrun.perfcollector <> - PERF_STAT : "     3.693712808;CPU0;27933;;UNC_M_CAS_COUNT.WR[UNIT5];10372984;100.00;;"
10278 [140369472239296] INFO perfrun.perfcollector <> - PERF_STAT : "     3.693712808;CPU10;5764;;UNC_M_CAS_COUNT.WR[UNIT5];10375319;100.00;;"
10288 [140369472239296] INFO perfrun.perfcollector <> - PERF_STAT : "     3.704075171;CPU0;990061;;UNC_M_CAS_COUNT.RD[UNIT0];10379582;100.00;;"
10288 [140369472239296] INFO perfrun.perfcollector <> - PERF_STAT : "     3.704075171;CPU10;7790;;UNC_M_CAS_COUNT.RD[UNIT0];10375343;100.00;;"
10288 [140369472239296] INFO perfrun.perfcollector <> - PERF_STAT : "     3.704075171;CPU0;987818;;UNC_M_CAS_COUNT.RD[UNIT1];10379379;100.00;;"
10288 [140369472239296] INFO perfrun.perfcollector <> - PERF_STAT : "     3.704075171;CPU10;8415;;UNC_M_CAS_COUNT.RD[UNIT1];10374881;100.00;;"
10288 [140369472239296] INFO perfrun.perfcollector <> - PERF_STAT : "     3.704075171;CPU0;990568;;UNC_M_CAS_COUNT.RD[UNIT4];10379255;100.00;;"
10288 [140369472239296] INFO perfrun.perfcollector <> - PERF_STAT : "     3.704075171;CPU10;8194;;UNC_M_CAS_COUNT.RD[UNIT4];10374737;100.00;;"
10288 [140369472239296] INFO perfrun.perfcollector <> - PERF_STAT : "     3.704075171;CPU0;983240;;UNC_M_CAS_COUNT.RD[UNIT5];10379624;100.00;;"
10288 [140369472239296] INFO perfrun.perfcollector <> - PERF_STAT : "     3.704075171;CPU10;8417;;UNC_M_CAS_COUNT.RD[UNIT5];10374423;100.00;;"
10288 [140369472239296] INFO perfrun.perfcollector <> - PERF_STAT : "     3.704075171;CPU0;31430;;UNC_M_CAS_COUNT.WR[UNIT0];10379257;100.00;;"
10288 [140369472239296] INFO perfrun.perfcollector <> - PERF_STAT : "     3.704075171;CPU10;3069;;UNC_M_CAS_COUNT.WR[UNIT0];10374519;100.00;;"
10289 [140369472239296] INFO perfrun.perfcollector <> - PERF_STAT : "     3.704075171;CPU0;32119;;UNC_M_CAS_COUNT.WR[UNIT1];10379731;100.00;;"
10289 [140369472239296] INFO perfrun.perfcollector <> - PERF_STAT : "     3.704075171;CPU10;3678;;UNC_M_CAS_COUNT.WR[UNIT1];10373995;100.00;;"
10289 [140369472239296] INFO perfrun.perfcollector <> - PERF_STAT : "     3.704075171;CPU0;31586;;UNC_M_CAS_COUNT.WR[UNIT4];10379662;100.00;;"
10289 [140369472239296] INFO perfrun.perfcollector <> - PERF_STAT : "     3.704075171;CPU10;3296;;UNC_M_CAS_COUNT.WR[UNIT4];10373904;100.00;;"
10289 [140369472239296] INFO perfrun.perfcollector <> - PERF_STAT : "     3.704075171;CPU0;32027;;UNC_M_CAS_COUNT.WR[UNIT5];10379036;100.00;;"
10289 [140369472239296] INFO perfrun.perfcollector <> - PERF_STAT : "     3.704075171;CPU10;3905;;UNC_M_CAS_COUNT.WR[UNIT5];10373832;100.00;;"
10299 [140369472239296] INFO perfrun.perfcollector <> - PERF_STAT : "     3.714437979;CPU0;955988;;UNC_M_CAS_COUNT.RD[UNIT0];10362793;100.00;;"
10299 [140369472239296] INFO perfrun.perfcollector <> - PERF_STAT : "     3.714437979;CPU10;10147;;UNC_M_CAS_COUNT.RD[UNIT0];10363327;100.00;;"
10299 [140369472239296] INFO perfrun.perfcollector <> - PERF_STAT : "     3.714437979;CPU0;959465;;UNC_M_CAS_COUNT.RD[UNIT1];10363180;100.00;;"
10299 [140369472239296] INFO perfrun.perfcollector <> - PERF_STAT : "     3.714437979;CPU10;10628;;UNC_M_CAS_COUNT.RD[UNIT1];10362917;100.00;;"
10299 [140369472239296] INFO perfrun.perfcollector <> - PERF_STAT : "     3.714437979;CPU0;963297;;UNC_M_CAS_COUNT.RD[UNIT4];10363480;100.00;;"
10299 [140369472239296] INFO perfrun.perfcollector <> - PERF_STAT : "     3.714437979;CPU10;10696;;UNC_M_CAS_COUNT.RD[UNIT4];10362371;100.00;;"
10299 [140369472239296] INFO perfrun.perfcollector <> - PERF_STAT : "     3.714437979;CPU0;959648;;UNC_M_CAS_COUNT.RD[UNIT5];10363137;100.00;;"
10299 [140369472239296] INFO perfrun.perfcollector <> - PERF_STAT : "     3.714437979;CPU10;10686;;UNC_M_CAS_COUNT.RD[UNIT5];10362418;100.00;;"
10299 [140369472239296] INFO perfrun.perfcollector <> - PERF_STAT : "     3.714437979;CPU0;30470;;UNC_M_CAS_COUNT.WR[UNIT0];10363304;100.00;;"
10299 [140369472239296] INFO perfrun.perfcollector <> - PERF_STAT : "     3.714437979;CPU10;1469;;UNC_M_CAS_COUNT.WR[UNIT0];10362334;100.00;;"
10299 [140369472239296] INFO perfrun.perfcollector <> - PERF_STAT : "     3.714437979;CPU0;31084;;UNC_M_CAS_COUNT.WR[UNIT1];10362743;100.00;;"
10299 [140369472239296] INFO perfrun.perfcollector <> - PERF_STAT : "     3.714437979;CPU10;2111;;UNC_M_CAS_COUNT.WR[UNIT1];10362662;100.00;;"
10299 [140369472239296] INFO perfrun.perfcollector <> - PERF_STAT : "     3.714437979;CPU0;30257;;UNC_M_CAS_COUNT.WR[UNIT4];10362768;100.00;;"
10299 [140369472239296] INFO perfrun.perfcollector <> - PERF_STAT : "     3.714437979;CPU10;1706;;UNC_M_CAS_COUNT.WR[UNIT4];10362612;100.00;;"
10299 [140369472239296] INFO perfrun.perfcollector <> - PERF_STAT : "     3.714437979;CPU0;30913;;UNC_M_CAS_COUNT.WR[UNIT5];10362992;100.00;;"
10299 [140369472239296] INFO perfrun.perfcollector <> - PERF_STAT : "     3.714437979;CPU10;2292;;UNC_M_CAS_COUNT.WR[UNIT5];10362277;100.00;;"
10309 [140369472239296] INFO perfrun.perfcollector <> - PERF_STAT : "     3.724806340;CPU0;907871;;UNC_M_CAS_COUNT.RD[UNIT0];10384629;100.00;;"
10309 [140369472239296] INFO perfrun.perfcollector <> - PERF_STAT : "     3.724806340;CPU10;7818;;UNC_M_CAS_COUNT.RD[UNIT0];10385505;100.00;;"
10309 [140369472239296] INFO perfrun.perfcollector <> - PERF_STAT : "     3.724806340;CPU0;901216;;UNC_M_CAS_COUNT.RD[UNIT1];10384467;100.00;;"
10309 [140369472239296] INFO perfrun.perfcollector <> - PERF_STAT : "     3.724806340;CPU10;8277;;UNC_M_CAS_COUNT.RD[UNIT1];10385441;100.00;;"
10309 [140369472239296] INFO perfrun.perfcollector <> - PERF_STAT : "     3.724806340;CPU0;898696;;UNC_M_CAS_COUNT.RD[UNIT4];10385059;100.00;;"
10309 [140369472239296] INFO perfrun.perfcollector <> - PERF_STAT : "     3.724806340;CPU10;8248;;UNC_M_CAS_COUNT.RD[UNIT4];10385889;100.00;;"
10309 [140369472239296] INFO perfrun.perfcollector <> - PERF_STAT : "     3.724806340;CPU0;890828;;UNC_M_CAS_COUNT.RD[UNIT5];10385211;100.00;;"
10309 [140369472239296] INFO perfrun.perfcollector <> - PERF_STAT : "     3.724806340;CPU10;8379;;UNC_M_CAS_COUNT.RD[UNIT5];10385835;100.00;;"
10309 [140369472239296] INFO perfrun.perfcollector <> - PERF_STAT : "     3.724806340;CPU0;28866;;UNC_M_CAS_COUNT.WR[UNIT0];10385387;100.00;;"
10309 [140369472239296] INFO perfrun.perfcollector <> - PERF_STAT : "     3.724806340;CPU10;1567;;UNC_M_CAS_COUNT.WR[UNIT0];10386066;100.00;;"
10309 [140369472239296] INFO perfrun.perfcollector <> - PERF_STAT : "     3.724806340;CPU0;29497;;UNC_M_CAS_COUNT.WR[UNIT1];10385466;100.00;;"
10309 [140369472239296] INFO perfrun.perfcollector <> - PERF_STAT : "     3.724806340;CPU10;2211;;UNC_M_CAS_COUNT.WR[UNIT1];10386282;100.00;;"
10309 [140369472239296] INFO perfrun.perfcollector <> - PERF_STAT : "     3.724806340;CPU0;28722;;UNC_M_CAS_COUNT.WR[UNIT4];10385701;100.00;;"
10309 [140369472239296] INFO perfrun.perfcollector <> - PERF_STAT : "     3.724806340;CPU10;1871;;UNC_M_CAS_COUNT.WR[UNIT4];10386163;100.00;;"
10309 [140369472239296] INFO perfrun.perfcollector <> - PERF_STAT : "     3.724806340;CPU0;29197;;UNC_M_CAS_COUNT.WR[UNIT5];10385826;100.00;;"
10309 [140369472239296] INFO perfrun.perfcollector <> - PERF_STAT : "     3.724806340;CPU10;2397;;UNC_M_CAS_COUNT.WR[UNIT5];10386377;100.00;;"
10319 [140369472239296] INFO perfrun.perfcollector <> - PERF_STAT : "     3.735183420;CPU0;841948;;UNC_M_CAS_COUNT.RD[UNIT0];10355177;100.00;;"
10319 [140369472239296] INFO perfrun.perfcollector <> - PERF_STAT : "     3.735183420;CPU10;10507;;UNC_M_CAS_COUNT.RD[UNIT0];10350260;100.00;;"
10319 [140369472239296] INFO perfrun.perfcollector <> - PERF_STAT : "     3.735183420;CPU0;848488;;UNC_M_CAS_COUNT.RD[UNIT1];10354832;100.00;;"
10319 [140369472239296] INFO perfrun.perfcollector <> - PERF_STAT : "     3.735183420;CPU10;10895;;UNC_M_CAS_COUNT.RD[UNIT1];10349956;100.00;;"
10319 [140369472239296] INFO perfrun.perfcollector <> - PERF_STAT : "     3.735183420;CPU0;853120;;UNC_M_CAS_COUNT.RD[UNIT4];10354486;100.00;;"
10319 [140369472239296] INFO perfrun.perfcollector <> - PERF_STAT : "     3.735183420;CPU10;10944;;UNC_M_CAS_COUNT.RD[UNIT4];10349618;100.00;;"
10320 [140369472239296] INFO perfrun.perfcollector <> - PERF_STAT : "     3.735183420;CPU0;852078;;UNC_M_CAS_COUNT.RD[UNIT5];10354366;100.00;;"
10320 [140369472239296] INFO perfrun.perfcollector <> - PERF_STAT : "     3.735183420;CPU10;11053;;UNC_M_CAS_COUNT.RD[UNIT5];10349324;100.00;;"
10320 [140369472239296] INFO perfrun.perfcollector <> - PERF_STAT : "     3.735183420;CPU0;24324;;UNC_M_CAS_COUNT.WR[UNIT0];10354084;100.00;;"
10320 [140369472239296] INFO perfrun.perfcollector <> - PERF_STAT : "     3.735183420;CPU10;1213;;UNC_M_CAS_COUNT.WR[UNIT0];10348956;100.00;;"
10320 [140369472239296] INFO perfrun.perfcollector <> - PERF_STAT : "     3.735183420;CPU0;25112;;UNC_M_CAS_COUNT.WR[UNIT1];10354290;100.00;;"
10320 [140369472239296] INFO perfrun.perfcollector <> - PERF_STAT : "     3.735183420;CPU10;1728;;UNC_M_CAS_COUNT.WR[UNIT1];10348218;100.00;;"
10320 [140369472239296] INFO perfrun.perfcollector <> - PERF_STAT : "     3.735183420;CPU0;24254;;UNC_M_CAS_COUNT.WR[UNIT4];10354158;100.00;;"
10320 [140369472239296] INFO perfrun.perfcollector <> - PERF_STAT : "     3.735183420;CPU10;1447;;UNC_M_CAS_COUNT.WR[UNIT4];10348446;100.00;;"
10320 [140369472239296] INFO perfrun.perfcollector <> - PERF_STAT : "     3.735183420;CPU0;25050;;UNC_M_CAS_COUNT.WR[UNIT5];10354054;100.00;;"
10320 [140369472239296] INFO perfrun.perfcollector <> - PERF_STAT : "     3.735183420;CPU10;1989;;UNC_M_CAS_COUNT.WR[UNIT5];10348518;100.00;;"
10330 [140369472239296] INFO perfrun.perfcollector <> - PERF_STAT : "     3.745534888;CPU0;953996;;UNC_M_CAS_COUNT.RD[UNIT0];10356844;100.00;;"
10330 [140369472239296] INFO perfrun.perfcollector <> - PERF_STAT : "     3.745534888;CPU10;9670;;UNC_M_CAS_COUNT.RD[UNIT0];10381861;100.00;;"
10330 [140369472239296] INFO perfrun.perfcollector <> - PERF_STAT : "     3.745534888;CPU0;947653;;UNC_M_CAS_COUNT.RD[UNIT1];10356792;100.00;;"
10330 [140369472239296] INFO perfrun.perfcollector <> - PERF_STAT : "     3.745534888;CPU10;9964;;UNC_M_CAS_COUNT.RD[UNIT1];10382726;100.00;;"
10330 [140369472239296] INFO perfrun.perfcollector <> - PERF_STAT : "     3.745534888;CPU0;947053;;UNC_M_CAS_COUNT.RD[UNIT4];10356484;100.00;;"
10330 [140369472239296] INFO perfrun.perfcollector <> - PERF_STAT : "     3.745534888;CPU10;10085;;UNC_M_CAS_COUNT.RD[UNIT4];10382949;100.00;;"
10330 [140369472239296] INFO perfrun.perfcollector <> - PERF_STAT : "     3.745534888;CPU0;938875;;UNC_M_CAS_COUNT.RD[UNIT5];10356678;100.00;;"
10330 [140369472239296] INFO perfrun.perfcollector <> - PERF_STAT : "     3.745534888;CPU10;10014;;UNC_M_CAS_COUNT.RD[UNIT5];10383265;100.00;;"
10330 [140369472239296] INFO perfrun.perfcollector <> - PERF_STAT : "     3.745534888;CPU0;24259;;UNC_M_CAS_COUNT.WR[UNIT0];10356877;100.00;;"
10330 [140369472239296] INFO perfrun.perfcollector <> - PERF_STAT : "     3.745534888;CPU10;1408;;UNC_M_CAS_COUNT.WR[UNIT0];10383634;100.00;;"
10330 [140369472239296] INFO perfrun.perfcollector <> - PERF_STAT : "     3.745534888;CPU0;24800;;UNC_M_CAS_COUNT.WR[UNIT1];10356756;100.00;;"
10330 [140369472239296] INFO perfrun.perfcollector <> - PERF_STAT : "     3.745534888;CPU10;1981;;UNC_M_CAS_COUNT.WR[UNIT1];10383852;100.00;;"
10330 [140369472239296] INFO perfrun.perfcollector <> - PERF_STAT : "     3.745534888;CPU0;24076;;UNC_M_CAS_COUNT.WR[UNIT4];10357285;100.00;;"
10330 [140369472239296] INFO perfrun.perfcollector <> - PERF_STAT : "     3.745534888;CPU10;1629;;UNC_M_CAS_COUNT.WR[UNIT4];10383799;100.00;;"
10330 [140369472239296] INFO perfrun.perfcollector <> - PERF_STAT : "     3.745534888;CPU0;24529;;UNC_M_CAS_COUNT.WR[UNIT5];10357604;100.00;;"
10330 [140369472239296] INFO perfrun.perfcollector <> - PERF_STAT : "     3.745534888;CPU10;2248;;UNC_M_CAS_COUNT.WR[UNIT5];10383641;100.00;;"
10340 [140369472239296] INFO perfrun.perfcollector <> - PERF_STAT : "     3.755921848;CPU0;983724;;UNC_M_CAS_COUNT.RD[UNIT0];10388690;100.00;;"
10340 [140369472239296] INFO perfrun.perfcollector <> - PERF_STAT : "     3.755921848;CPU10;7767;;UNC_M_CAS_COUNT.RD[UNIT0];10368683;100.00;;"
10340 [140369472239296] INFO perfrun.perfcollector <> - PERF_STAT : "     3.755921848;CPU0;984581;;UNC_M_CAS_COUNT.RD[UNIT1];10388998;100.00;;"
10340 [140369472239296] INFO perfrun.perfcollector <> - PERF_STAT : "     3.755921848;CPU10;8269;;UNC_M_CAS_COUNT.RD[UNIT1];10368071;100.00;;"
10340 [140369472239296] INFO perfrun.perfcollector <> - PERF_STAT : "     3.755921848;CPU0;988966;;UNC_M_CAS_COUNT.RD[UNIT4];10388956;100.00;;"
10340 [140369472239296] INFO perfrun.perfcollector <> - PERF_STAT : "     3.755921848;CPU10;8158;;UNC_M_CAS_COUNT.RD[UNIT4];10367915;100.00;;"
10340 [140369472239296] INFO perfrun.perfcollector <> - PERF_STAT : "     3.755921848;CPU0;982707;;UNC_M_CAS_COUNT.RD[UNIT5];10389465;100.00;;"
10340 [140369472239296] INFO perfrun.perfcollector <> - PERF_STAT : "     3.755921848;CPU10;8328;;UNC_M_CAS_COUNT.RD[UNIT5];10368112;100.00;;"
10340 [140369472239296] INFO perfrun.perfcollector <> - PERF_STAT : "     3.755921848;CPU0;26701;;UNC_M_CAS_COUNT.WR[UNIT0];10389223;100.00;;"
10340 [140369472239296] INFO perfrun.perfcollector <> - PERF_STAT : "     3.755921848;CPU10;1421;;UNC_M_CAS_COUNT.WR[UNIT0];10367674;100.00;;"
10340 [140369472239296] INFO perfrun.perfcollector <> - PERF_STAT : "     3.755921848;CPU0;27666;;UNC_M_CAS_COUNT.WR[UNIT1];10389082;100.00;;"
10340 [140369472239296] INFO perfrun.perfcollector <> - PERF_STAT : "     3.755921848;CPU10;1873;;UNC_M_CAS_COUNT.WR[UNIT1];10367874;100.00;;"
10340 [140369472239296] INFO perfrun.perfcollector <> - PERF_STAT : "     3.755921848;CPU0;26661;;UNC_M_CAS_COUNT.WR[UNIT4];10388887;100.00;;"
10340 [140369472239296] INFO perfrun.perfcollector <> - PERF_STAT : "     3.755921848;CPU10;1579;;UNC_M_CAS_COUNT.WR[UNIT4];10367784;100.00;;"
10340 [140369472239296] INFO perfrun.perfcollector <> - PERF_STAT : "     3.755921848;CPU0;27262;;UNC_M_CAS_COUNT.WR[UNIT5];10388389;100.00;;"
10340 [140369472239296] INFO perfrun.perfcollector <> - PERF_STAT : "     3.755921848;CPU10;2172;;UNC_M_CAS_COUNT.WR[UNIT5];10368035;100.00;;"
10350 [140369472239296] INFO perfrun.perfcollector <> - PERF_STAT : "     3.766284450;CPU0;981598;;UNC_M_CAS_COUNT.RD[UNIT0];10363826;100.00;;"
10351 [140369472239296] INFO perfrun.perfcollector <> - PERF_STAT : "     3.766284450;CPU10;10010;;UNC_M_CAS_COUNT.RD[UNIT0];10365134;100.00;;"
10351 [140369472239296] INFO perfrun.perfcollector <> - PERF_STAT : "     3.766284450;CPU0;983199;;UNC_M_CAS_COUNT.RD[UNIT1];10363505;100.00;;"
10351 [140369472239296] INFO perfrun.perfcollector <> - PERF_STAT : "     3.766284450;CPU10;10640;;UNC_M_CAS_COUNT.RD[UNIT1];10365387;100.00;;"
10351 [140369472239296] INFO perfrun.perfcollector <> - PERF_STAT : "     3.766284450;CPU0;985931;;UNC_M_CAS_COUNT.RD[UNIT4];10363492;100.00;;"
10351 [140369472239296] INFO perfrun.perfcollector <> - PERF_STAT : "     3.766284450;CPU10;10565;;UNC_M_CAS_COUNT.RD[UNIT4];10365619;100.00;;"
10351 [140369472239296] INFO perfrun.perfcollector <> - PERF_STAT : "     3.766284450;CPU0;979456;;UNC_M_CAS_COUNT.RD[UNIT5];10362951;100.00;;"
10351 [140369472239296] INFO perfrun.perfcollector <> - PERF_STAT : "     3.766284450;CPU10;10595;;UNC_M_CAS_COUNT.RD[UNIT5];10365557;100.00;;"
10351 [140369472239296] INFO perfrun.perfcollector <> - PERF_STAT : "     3.766284450;CPU0;31174;;UNC_M_CAS_COUNT.WR[UNIT0];10363068;100.00;;"
10351 [140369472239296] INFO perfrun.perfcollector <> - PERF_STAT : "     3.766284450;CPU10;1482;;UNC_M_CAS_COUNT.WR[UNIT0];10365659;100.00;;"
10351 [140369472239296] INFO perfrun.perfcollector <> - PERF_STAT : "     3.766284450;CPU0;31990;;UNC_M_CAS_COUNT.WR[UNIT1];10363315;100.00;;"
10351 [140369472239296] INFO perfrun.perfcollector <> - PERF_STAT : "     3.766284450;CPU10;2083;;UNC_M_CAS_COUNT.WR[UNIT1];10366035;100.00;;"
10351 [140369472239296] INFO perfrun.perfcollector <> - PERF_STAT : "     3.766284450;CPU0;31392;;UNC_M_CAS_COUNT.WR[UNIT4];10363095;100.00;;"
10351 [140369472239296] INFO perfrun.perfcollector <> - PERF_STAT : "     3.766284450;CPU10;1745;;UNC_M_CAS_COUNT.WR[UNIT4];10366106;100.00;;"
10351 [140369472239296] INFO perfrun.perfcollector <> - PERF_STAT : "     3.766284450;CPU0;31778;;UNC_M_CAS_COUNT.WR[UNIT5];10363374;100.00;;"
10351 [140369472239296] INFO perfrun.perfcollector <> - PERF_STAT : "     3.766284450;CPU10;2283;;UNC_M_CAS_COUNT.WR[UNIT5];10366394;100.00;;"
10361 [140369472239296] INFO perfrun.perfcollector <> - PERF_STAT : "     3.776658071;CPU0;961515;;UNC_M_CAS_COUNT.RD[UNIT0];10372849;100.00;;"
10361 [140369472239296] INFO perfrun.perfcollector <> - PERF_STAT : "     3.776658071;CPU10;7752;;UNC_M_CAS_COUNT.RD[UNIT0];10373321;100.00;;"
10361 [140369472239296] INFO perfrun.perfcollector <> - PERF_STAT : "     3.776658071;CPU0;955031;;UNC_M_CAS_COUNT.RD[UNIT1];10372541;100.00;;"
10361 [140369472239296] INFO perfrun.perfcollector <> - PERF_STAT : "     3.776658071;CPU10;8243;;UNC_M_CAS_COUNT.RD[UNIT1];10372847;100.00;;"
10361 [140369472239296] INFO perfrun.perfcollector <> - PERF_STAT : "     3.776658071;CPU0;954767;;UNC_M_CAS_COUNT.RD[UNIT4];10372914;100.00;;"
10361 [140369472239296] INFO perfrun.perfcollector <> - PERF_STAT : "     3.776658071;CPU10;8158;;UNC_M_CAS_COUNT.RD[UNIT4];10372959;100.00;;"
10361 [140369472239296] INFO perfrun.perfcollector <> - PERF_STAT : "     3.776658071;CPU0;946271;;UNC_M_CAS_COUNT.RD[UNIT5];10372957;100.00;;"
10361 [140369472239296] INFO perfrun.perfcollector <> - PERF_STAT : "     3.776658071;CPU10;8298;;UNC_M_CAS_COUNT.RD[UNIT5];10372739;100.00;;"
10361 [140369472239296] INFO perfrun.perfcollector <> - PERF_STAT : "     3.776658071;CPU0;30653;;UNC_M_CAS_COUNT.WR[UNIT0];10372950;100.00;;"
10361 [140369472239296] INFO perfrun.perfcollector <> - PERF_STAT : "     3.776658071;CPU10;1580;;UNC_M_CAS_COUNT.WR[UNIT0];10372817;100.00;;"
10361 [140369472239296] INFO perfrun.perfcollector <> - PERF_STAT : "     3.776658071;CPU0;31226;;UNC_M_CAS_COUNT.WR[UNIT1];10372723;100.00;;"
10361 [140369472239296] INFO perfrun.perfcollector <> - PERF_STAT : "     3.776658071;CPU10;2128;;UNC_M_CAS_COUNT.WR[UNIT1];10372149;100.00;;"
10361 [140369472239296] INFO perfrun.perfcollector <> - PERF_STAT : "     3.776658071;CPU0;30520;;UNC_M_CAS_COUNT.WR[UNIT4];10372840;100.00;;"
10361 [140369472239296] INFO perfrun.perfcollector <> - PERF_STAT : "     3.776658071;CPU10;1832;;UNC_M_CAS_COUNT.WR[UNIT4];10372196;100.00;;"
10361 [140369472239296] INFO perfrun.perfcollector <> - PERF_STAT : "     3.776658071;CPU0;30883;;UNC_M_CAS_COUNT.WR[UNIT5];10372765;100.00;;"
10361 [140369472239296] INFO perfrun.perfcollector <> - PERF_STAT : "     3.776658071;CPU10;2403;;UNC_M_CAS_COUNT.WR[UNIT5];10371710;100.00;;"
10371 [140369472239296] INFO perfrun.perfcollector <> - PERF_STAT : "     3.787021323;CPU0;886375;;UNC_M_CAS_COUNT.RD[UNIT0];10382468;100.00;;"
10371 [140369472239296] INFO perfrun.perfcollector <> - PERF_STAT : "     3.787021323;CPU10;9915;;UNC_M_CAS_COUNT.RD[UNIT0];10379395;100.00;;"
10371 [140369472239296] INFO perfrun.perfcollector <> - PERF_STAT : "     3.787021323;CPU0;893040;;UNC_M_CAS_COUNT.RD[UNIT1];10382837;100.00;;"
10371 [140369472239296] INFO perfrun.perfcollector <> - PERF_STAT : "     3.787021323;CPU10;10216;;UNC_M_CAS_COUNT.RD[UNIT1];10379553;100.00;;"
10371 [140369472239296] INFO perfrun.perfcollector <> - PERF_STAT : "     3.787021323;CPU0;897619;;UNC_M_CAS_COUNT.RD[UNIT4];10382350;100.00;;"
10371 [140369472239296] INFO perfrun.perfcollector <> - PERF_STAT : "     3.787021323;CPU10;10256;;UNC_M_CAS_COUNT.RD[UNIT4];10379094;100.00;;"
10371 [140369472239296] INFO perfrun.perfcollector <> - PERF_STAT : "     3.787021323;CPU0;895956;;UNC_M_CAS_COUNT.RD[UNIT5];10382081;100.00;;"
10371 [140369472239296] INFO perfrun.perfcollector <> - PERF_STAT : "     3.787021323;CPU10;10414;;UNC_M_CAS_COUNT.RD[UNIT5];10379569;100.00;;"
10371 [140369472239296] INFO perfrun.perfcollector <> - PERF_STAT : "     3.787021323;CPU0;27376;;UNC_M_CAS_COUNT.WR[UNIT0];10381996;100.00;;"
10371 [140369472239296] INFO perfrun.perfcollector <> - PERF_STAT : "     3.787021323;CPU10;1363;;UNC_M_CAS_COUNT.WR[UNIT0];10379346;100.00;;"
10371 [140369472239296] INFO perfrun.perfcollector <> - PERF_STAT : "     3.787021323;CPU0;28183;;UNC_M_CAS_COUNT.WR[UNIT1];10381989;100.00;;"
10371 [140369472239296] INFO perfrun.perfcollector <> - PERF_STAT : "     3.787021323;CPU10;1886;;UNC_M_CAS_COUNT.WR[UNIT1];10379474;100.00;;"
10371 [140369472239296] INFO perfrun.perfcollector <> - PERF_STAT : "     3.787021323;CPU0;27359;;UNC_M_CAS_COUNT.WR[UNIT4];10381749;100.00;;"
10372 [140369472239296] INFO perfrun.perfcollector <> - PERF_STAT : "     3.787021323;CPU10;1539;;UNC_M_CAS_COUNT.WR[UNIT4];10379285;100.00;;"
10372 [140369472239296] INFO perfrun.perfcollector <> - PERF_STAT : "     3.787021323;CPU0;28014;;UNC_M_CAS_COUNT.WR[UNIT5];10381838;100.00;;"
10372 [140369472239296] INFO perfrun.perfcollector <> - PERF_STAT : "     3.787021323;CPU10;2126;;UNC_M_CAS_COUNT.WR[UNIT5];10379207;100.00;;"
10382 [140369472239296] INFO perfrun.perfcollector <> - PERF_STAT : "     3.797406537;CPU0;858220;;UNC_M_CAS_COUNT.RD[UNIT0];10361243;100.00;;"
10382 [140369472239296] INFO perfrun.perfcollector <> - PERF_STAT : "     3.797406537;CPU10;16473;;UNC_M_CAS_COUNT.RD[UNIT0];10357366;100.00;;"
10382 [140369472239296] INFO perfrun.perfcollector <> - PERF_STAT : "     3.797406537;CPU0;850756;;UNC_M_CAS_COUNT.RD[UNIT1];10360972;100.00;;"
10382 [140369472239296] INFO perfrun.perfcollector <> - PERF_STAT : "     3.797406537;CPU10;17042;;UNC_M_CAS_COUNT.RD[UNIT1];10357441;100.00;;"
10382 [140369472239296] INFO perfrun.perfcollector <> - PERF_STAT : "     3.797406537;CPU0;847701;;UNC_M_CAS_COUNT.RD[UNIT4];10361269;100.00;;"
10382 [140369472239296] INFO perfrun.perfcollector <> - PERF_STAT : "     3.797406537;CPU10;16679;;UNC_M_CAS_COUNT.RD[UNIT4];10357784;100.00;;"
10382 [140369472239296] INFO perfrun.perfcollector <> - PERF_STAT : "     3.797406537;CPU0;839878;;UNC_M_CAS_COUNT.RD[UNIT5];10361239;100.00;;"
10382 [140369472239296] INFO perfrun.perfcollector <> - PERF_STAT : "     3.797406537;CPU10;17009;;UNC_M_CAS_COUNT.RD[UNIT5];10357086;100.00;;"
10382 [140369472239296] INFO perfrun.perfcollector <> - PERF_STAT : "     3.797406537;CPU0;26354;;UNC_M_CAS_COUNT.WR[UNIT0];10361265;100.00;;"
10382 [140369472239296] INFO perfrun.perfcollector <> - PERF_STAT : "     3.797406537;CPU10;6468;;UNC_M_CAS_COUNT.WR[UNIT0];10357216;100.00;;"
10382 [140369472239296] INFO perfrun.perfcollector <> - PERF_STAT : "     3.797406537;CPU0;26851;;UNC_M_CAS_COUNT.WR[UNIT1];10361259;100.00;;"
10382 [140369472239296] INFO perfrun.perfcollector <> - PERF_STAT : "     3.797406537;CPU10;7069;;UNC_M_CAS_COUNT.WR[UNIT1];10356969;100.00;;"
10382 [140369472239296] INFO perfrun.perfcollector <> - PERF_STAT : "     3.797406537;CPU0;26144;;UNC_M_CAS_COUNT.WR[UNIT4];10361267;100.00;;"
10382 [140369472239296] INFO perfrun.perfcollector <> - PERF_STAT : "     3.797406537;CPU10;6631;;UNC_M_CAS_COUNT.WR[UNIT4];10356990;100.00;;"
10382 [140369472239296] INFO perfrun.perfcollector <> - PERF_STAT : "     3.797406537;CPU0;26536;;UNC_M_CAS_COUNT.WR[UNIT5];10361509;100.00;;"
10382 [140369472239296] INFO perfrun.perfcollector <> - PERF_STAT : "     3.797406537;CPU10;7104;;UNC_M_CAS_COUNT.WR[UNIT5];10356803;100.00;;"
10392 [140369472239296] INFO perfrun.perfcollector <> - PERF_STAT : "     3.807768465;CPU0;939012;;UNC_M_CAS_COUNT.RD[UNIT0];10363759;100.00;;"
10392 [140369472239296] INFO perfrun.perfcollector <> - PERF_STAT : "     3.807768465;CPU10;10654;;UNC_M_CAS_COUNT.RD[UNIT0];10369341;100.00;;"
10392 [140369472239296] INFO perfrun.perfcollector <> - PERF_STAT : "     3.807768465;CPU0;942812;;UNC_M_CAS_COUNT.RD[UNIT1];10364210;100.00;;"
10392 [140369472239296] INFO perfrun.perfcollector <> - PERF_STAT : "     3.807768465;CPU10;11236;;UNC_M_CAS_COUNT.RD[UNIT1];10369302;100.00;;"
10392 [140369472239296] INFO perfrun.perfcollector <> - PERF_STAT : "     3.807768465;CPU0;948421;;UNC_M_CAS_COUNT.RD[UNIT4];10363961;100.00;;"
10392 [140369472239296] INFO perfrun.perfcollector <> - PERF_STAT : "     3.807768465;CPU10;11160;;UNC_M_CAS_COUNT.RD[UNIT4];10369192;100.00;;"
10392 [140369472239296] INFO perfrun.perfcollector <> - PERF_STAT : "     3.807768465;CPU0;946176;;UNC_M_CAS_COUNT.RD[UNIT5];10364753;100.00;;"
10392 [140369472239296] INFO perfrun.perfcollector <> - PERF_STAT : "     3.807768465;CPU10;11396;;UNC_M_CAS_COUNT.RD[UNIT5];10370098;100.00;;"
10392 [140369472239296] INFO perfrun.perfcollector <> - PERF_STAT : "     3.807768465;CPU0;28058;;UNC_M_CAS_COUNT.WR[UNIT0];10365119;100.00;;"
10392 [140369472239296] INFO perfrun.perfcollector <> - PERF_STAT : "     3.807768465;CPU10;1355;;UNC_M_CAS_COUNT.WR[UNIT0];10370309;100.00;;"
10392 [140369472239296] INFO perfrun.perfcollector <> - PERF_STAT : "     3.807768465;CPU0;28769;;UNC_M_CAS_COUNT.WR[UNIT1];10365059;100.00;;"
10392 [140369472239296] INFO perfrun.perfcollector <> - PERF_STAT : "     3.807768465;CPU10;2006;;UNC_M_CAS_COUNT.WR[UNIT1];10371046;100.00;;"
10392 [140369472239296] INFO perfrun.perfcollector <> - PERF_STAT : "     3.807768465;CPU0;27956;;UNC_M_CAS_COUNT.WR[UNIT4];10365240;100.00;;"
10392 [140369472239296] INFO perfrun.perfcollector <> - PERF_STAT : "     3.807768465;CPU10;1648;;UNC_M_CAS_COUNT.WR[UNIT4];10371269;100.00;;"
10392 [140369472239296] INFO perfrun.perfcollector <> - PERF_STAT : "     3.807768465;CPU0;28618;;UNC_M_CAS_COUNT.WR[UNIT5];10364999;100.00;;"
10392 [140369472239296] INFO perfrun.perfcollector <> - PERF_STAT : "     3.807768465;CPU10;2224;;UNC_M_CAS_COUNT.WR[UNIT5];10371686;100.00;;"
10402 [140369472239296] INFO perfrun.perfcollector <> - PERF_STAT : "     3.818121817;CPU0;987282;;UNC_M_CAS_COUNT.RD[UNIT0];10354431;100.00;;"
10402 [140369472239296] INFO perfrun.perfcollector <> - PERF_STAT : "     3.818121817;CPU10;9658;;UNC_M_CAS_COUNT.RD[UNIT0];10355400;100.00;;"
10402 [140369472239296] INFO perfrun.perfcollector <> - PERF_STAT : "     3.818121817;CPU0;983837;;UNC_M_CAS_COUNT.RD[UNIT1];10354767;100.00;;"
10402 [140369472239296] INFO perfrun.perfcollector <> - PERF_STAT : "     3.818121817;CPU10;10204;;UNC_M_CAS_COUNT.RD[UNIT1];10355909;100.00;;"
10402 [140369472239296] INFO perfrun.perfcollector <> - PERF_STAT : "     3.818121817;CPU0;984089;;UNC_M_CAS_COUNT.RD[UNIT4];10354742;100.00;;"
10402 [140369472239296] INFO perfrun.perfcollector <> - PERF_STAT : "     3.818121817;CPU10;10205;;UNC_M_CAS_COUNT.RD[UNIT4];10356026;100.00;;"
10402 [140369472239296] INFO perfrun.perfcollector <> - PERF_STAT : "     3.818121817;CPU0;976611;;UNC_M_CAS_COUNT.RD[UNIT5];10354016;100.00;;"
10403 [140369472239296] INFO perfrun.perfcollector <> - PERF_STAT : "     3.818121817;CPU10;10244;;UNC_M_CAS_COUNT.RD[UNIT5];10355391;100.00;;"
10403 [140369472239296] INFO perfrun.perfcollector <> - PERF_STAT : "     3.818121817;CPU0;26482;;UNC_M_CAS_COUNT.WR[UNIT0];10353743;100.00;;"
10403 [140369472239296] INFO perfrun.perfcollector <> - PERF_STAT : "     3.818121817;CPU10;1479;;UNC_M_CAS_COUNT.WR[UNIT0];10355138;100.00;;"
10403 [140369472239296] INFO perfrun.perfcollector <> - PERF_STAT : "     3.818121817;CPU0;26925;;UNC_M_CAS_COUNT.WR[UNIT1];10354005;100.00;;"
10403 [140369472239296] INFO perfrun.perfcollector <> - PERF_STAT : "     3.818121817;CPU10;2088;;UNC_M_CAS_COUNT.WR[UNIT1];10354789;100.00;;"
10403 [140369472239296] INFO perfrun.perfcollector <> - PERF_STAT : "     3.818121817;CPU0;26242;;UNC_M_CAS_COUNT.WR[UNIT4];10353760;100.00;;"
10403 [140369472239296] INFO perfrun.perfcollector <> - PERF_STAT : "     3.818121817;CPU10;1752;;UNC_M_CAS_COUNT.WR[UNIT4];10355070;100.00;;"
10403 [140369472239296] INFO perfrun.perfcollector <> - PERF_STAT : "     3.818121817;CPU0;26661;;UNC_M_CAS_COUNT.WR[UNIT5];10353531;100.00;;"
10403 [140369472239296] INFO perfrun.perfcollector <> - PERF_STAT : "     3.818121817;CPU10;2331;;UNC_M_CAS_COUNT.WR[UNIT5];10354917;100.00;;"
10413 [140369472239296] INFO perfrun.perfcollector <> - PERF_STAT : "     3.828483208;CPU0;984585;;UNC_M_CAS_COUNT.RD[UNIT0];10365190;100.00;;"
10413 [140369472239296] INFO perfrun.perfcollector <> - PERF_STAT : "     3.828483208;CPU10;7159;;UNC_M_CAS_COUNT.RD[UNIT0];10365907;100.00;;"
10413 [140369472239296] INFO perfrun.perfcollector <> - PERF_STAT : "     3.828483208;CPU0;983173;;UNC_M_CAS_COUNT.RD[UNIT1];10365449;100.00;;"
10413 [140369472239296] INFO perfrun.perfcollector <> - PERF_STAT : "     3.828483208;CPU10;7736;;UNC_M_CAS_COUNT.RD[UNIT1];10365865;100.00;;"
10413 [140369472239296] INFO perfrun.perfcollector <> - PERF_STAT : "     3.828483208;CPU0;985656;;UNC_M_CAS_COUNT.RD[UNIT4];10365923;100.00;;"
10413 [140369472239296] INFO perfrun.perfcollector <> - PERF_STAT : "     3.828483208;CPU10;7645;;UNC_M_CAS_COUNT.RD[UNIT4];10365808;100.00;;"
10413 [140369472239296] INFO perfrun.perfcollector <> - PERF_STAT : "     3.828483208;CPU0;977705;;UNC_M_CAS_COUNT.RD[UNIT5];10366056;100.00;;"
10413 [140369472239296] INFO perfrun.perfcollector <> - PERF_STAT : "     3.828483208;CPU10;7702;;UNC_M_CAS_COUNT.RD[UNIT5];10365962;100.00;;"
10413 [140369472239296] INFO perfrun.perfcollector <> - PERF_STAT : "     3.828483208;CPU0;30749;;UNC_M_CAS_COUNT.WR[UNIT0];10365855;100.00;;"
10413 [140369472239296] INFO perfrun.perfcollector <> - PERF_STAT : "     3.828483208;CPU10;1403;;UNC_M_CAS_COUNT.WR[UNIT0];10366357;100.00;;"
10413 [140369472239296] INFO perfrun.perfcollector <> - PERF_STAT : "     3.828483208;CPU0;31381;;UNC_M_CAS_COUNT.WR[UNIT1];10365858;100.00;;"
10413 [140369472239296] INFO perfrun.perfcollector <> - PERF_STAT : "     3.828483208;CPU10;1968;;UNC_M_CAS_COUNT.WR[UNIT1];10366540;100.00;;"
10413 [140369472239296] INFO perfrun.perfcollector <> - PERF_STAT : "     3.828483208;CPU0;30877;;UNC_M_CAS_COUNT.WR[UNIT4];10365822;100.00;;"
10413 [140369472239296] INFO perfrun.perfcollector <> - PERF_STAT : "     3.828483208;CPU10;1623;;UNC_M_CAS_COUNT.WR[UNIT4];10366123;100.00;;"
10413 [140369472239296] INFO perfrun.perfcollector <> - PERF_STAT : "     3.828483208;CPU0;31460;;UNC_M_CAS_COUNT.WR[UNIT5];10365737;100.00;;"
10413 [140369472239296] INFO perfrun.perfcollector <> - PERF_STAT : "     3.828483208;CPU10;2166;;UNC_M_CAS_COUNT.WR[UNIT5];10366106;100.00;;"
10423 [140369472239296] INFO perfrun.perfcollector <> - PERF_STAT : "     3.838845409;CPU0;955434;;UNC_M_CAS_COUNT.RD[UNIT0];10362736;100.00;;"
10423 [140369472239296] INFO perfrun.perfcollector <> - PERF_STAT : "     3.838845409;CPU10;9977;;UNC_M_CAS_COUNT.RD[UNIT0];10362629;100.00;;"
10423 [140369472239296] INFO perfrun.perfcollector <> - PERF_STAT : "     3.838845409;CPU0;958712;;UNC_M_CAS_COUNT.RD[UNIT1];10362281;100.00;;"
10423 [140369472239296] INFO perfrun.perfcollector <> - PERF_STAT : "     3.838845409;CPU10;10429;;UNC_M_CAS_COUNT.RD[UNIT1];10361824;100.00;;"
10423 [140369472239296] INFO perfrun.perfcollector <> - PERF_STAT : "     3.838845409;CPU0;963417;;UNC_M_CAS_COUNT.RD[UNIT4];10361923;100.00;;"
10423 [140369472239296] INFO perfrun.perfcollector <> - PERF_STAT : "     3.838845409;CPU10;10408;;UNC_M_CAS_COUNT.RD[UNIT4];10362043;100.00;;"
10423 [140369472239296] INFO perfrun.perfcollector <> - PERF_STAT : "     3.838845409;CPU0;959721;;UNC_M_CAS_COUNT.RD[UNIT5];10361761;100.00;;"
10423 [140369472239296] INFO perfrun.perfcollector <> - PERF_STAT : "     3.838845409;CPU10;10486;;UNC_M_CAS_COUNT.RD[UNIT5];10362007;100.00;;"
10423 [140369472239296] INFO perfrun.perfcollector <> - PERF_STAT : "     3.838845409;CPU0;30375;;UNC_M_CAS_COUNT.WR[UNIT0];10362432;100.00;;"
10423 [140369472239296] INFO perfrun.perfcollector <> - PERF_STAT : "     3.838845409;CPU10;1221;;UNC_M_CAS_COUNT.WR[UNIT0];10361683;100.00;;"
10423 [140369472239296] INFO perfrun.perfcollector <> - PERF_STAT : "     3.838845409;CPU0;31227;;UNC_M_CAS_COUNT.WR[UNIT1];10362262;100.00;;"
10423 [140369472239296] INFO perfrun.perfcollector <> - PERF_STAT : "     3.838845409;CPU10;1847;;UNC_M_CAS_COUNT.WR[UNIT1];10361429;100.00;;"
10423 [140369472239296] INFO perfrun.perfcollector <> - PERF_STAT : "     3.838845409;CPU0;30354;;UNC_M_CAS_COUNT.WR[UNIT4];10362375;100.00;;"
10423 [140369472239296] INFO perfrun.perfcollector <> - PERF_STAT : "     3.838845409;CPU10;1490;;UNC_M_CAS_COUNT.WR[UNIT4];10361638;100.00;;"
10423 [140369472239296] INFO perfrun.perfcollector <> - PERF_STAT : "     3.838845409;CPU0;30917;;UNC_M_CAS_COUNT.WR[UNIT5];10362675;100.00;;"
10423 [140369472239296] INFO perfrun.perfcollector <> - PERF_STAT : "     3.838845409;CPU10;2016;;UNC_M_CAS_COUNT.WR[UNIT5];10361615;100.00;;"
10433 [140369472239296] INFO perfrun.perfcollector <> - PERF_STAT : "     3.849213143;CPU0;906857;;UNC_M_CAS_COUNT.RD[UNIT0];10382500;100.00;;"
10433 [140369472239296] INFO perfrun.perfcollector <> - PERF_STAT : "     3.849213143;CPU10;7972;;UNC_M_CAS_COUNT.RD[UNIT0];10384314;100.00;;"
10433 [140369472239296] INFO perfrun.perfcollector <> - PERF_STAT : "     3.849213143;CPU0;900197;;UNC_M_CAS_COUNT.RD[UNIT1];10382739;100.00;;"
10433 [140369472239296] INFO perfrun.perfcollector <> - PERF_STAT : "     3.849213143;CPU10;8573;;UNC_M_CAS_COUNT.RD[UNIT1];10384853;100.00;;"
10434 [140369472239296] INFO perfrun.perfcollector <> - PERF_STAT : "     3.849213143;CPU0;897650;;UNC_M_CAS_COUNT.RD[UNIT4];10382943;100.00;;"
10434 [140369472239296] INFO perfrun.perfcollector <> - PERF_STAT : "     3.849213143;CPU10;8443;;UNC_M_CAS_COUNT.RD[UNIT4];10384546;100.00;;"
10434 [140369472239296] INFO perfrun.perfcollector <> - PERF_STAT : "     3.849213143;CPU0;889263;;UNC_M_CAS_COUNT.RD[UNIT5];10383307;100.00;;"
10434 [140369472239296] INFO perfrun.perfcollector <> - PERF_STAT : "     3.849213143;CPU10;8588;;UNC_M_CAS_COUNT.RD[UNIT5];10384485;100.00;;"
10434 [140369472239296] INFO perfrun.perfcollector <> - PERF_STAT : "     3.849213143;CPU0;27952;;UNC_M_CAS_COUNT.WR[UNIT0];10382861;100.00;;"
10434 [140369472239296] INFO perfrun.perfcollector <> - PERF_STAT : "     3.849213143;CPU10;1491;;UNC_M_CAS_COUNT.WR[UNIT0];10384399;100.00;;"
10434 [140369472239296] INFO perfrun.perfcollector <> - PERF_STAT : "     3.849213143;CPU0;28554;;UNC_M_CAS_COUNT.WR[UNIT1];10383092;100.00;;"
10434 [140369472239296] INFO perfrun.perfcollector <> - PERF_STAT : "     3.849213143;CPU10;2082;;UNC_M_CAS_COUNT.WR[UNIT1];10384294;100.00;;"
10434 [140369472239296] INFO perfrun.perfcollector <> - PERF_STAT : "     3.849213143;CPU0;27849;;UNC_M_CAS_COUNT.WR[UNIT4];10383224;100.00;;"
10434 [140369472239296] INFO perfrun.perfcollector <> - PERF_STAT : "     3.849213143;CPU10;1814;;UNC_M_CAS_COUNT.WR[UNIT4];10384018;100.00;;"
10434 [140369472239296] INFO perfrun.perfcollector <> - PERF_STAT : "     3.849213143;CPU0;28394;;UNC_M_CAS_COUNT.WR[UNIT5];10383185;100.00;;"
10434 [140369472239296] INFO perfrun.perfcollector <> - PERF_STAT : "     3.849213143;CPU10;2375;;UNC_M_CAS_COUNT.WR[UNIT5];10383873;100.00;;"
10444 [140369472239296] INFO perfrun.perfcollector <> - PERF_STAT : "     3.859588714;CPU0;847809;;UNC_M_CAS_COUNT.RD[UNIT0];10353741;100.00;;"
10444 [140369472239296] INFO perfrun.perfcollector <> - PERF_STAT : "     3.859588714;CPU10;10281;;UNC_M_CAS_COUNT.RD[UNIT0];10344791;100.00;;"
10444 [140369472239296] INFO perfrun.perfcollector <> - PERF_STAT : "     3.859588714;CPU0;852813;;UNC_M_CAS_COUNT.RD[UNIT1];10352963;100.00;;"
10444 [140369472239296] INFO perfrun.perfcollector <> - PERF_STAT : "     3.859588714;CPU10;10913;;UNC_M_CAS_COUNT.RD[UNIT1];10343967;100.00;;"
10444 [140369472239296] INFO perfrun.perfcollector <> - PERF_STAT : "     3.859588714;CPU0;859439;;UNC_M_CAS_COUNT.RD[UNIT4];10353066;100.00;;"
10444 [140369472239296] INFO perfrun.perfcollector <> - PERF_STAT : "     3.859588714;CPU10;10831;;UNC_M_CAS_COUNT.RD[UNIT4];10343696;100.00;;"
10444 [140369472239296] INFO perfrun.perfcollector <> - PERF_STAT : "     3.859588714;CPU0;857379;;UNC_M_CAS_COUNT.RD[UNIT5];10352793;100.00;;"
10444 [140369472239296] INFO perfrun.perfcollector <> - PERF_STAT : "     3.859588714;CPU10;10913;;UNC_M_CAS_COUNT.RD[UNIT5];10343640;100.00;;"
10444 [140369472239296] INFO perfrun.perfcollector <> - PERF_STAT : "     3.859588714;CPU0;24743;;UNC_M_CAS_COUNT.WR[UNIT0];10352590;100.00;;"
10444 [140369472239296] INFO perfrun.perfcollector <> - PERF_STAT : "     3.859588714;CPU10;1067;;UNC_M_CAS_COUNT.WR[UNIT0];10343486;100.00;;"
10444 [140369472239296] INFO perfrun.perfcollector <> - PERF_STAT : "     3.859588714;CPU0;25316;;UNC_M_CAS_COUNT.WR[UNIT1];10352325;100.00;;"
10444 [140369472239296] INFO perfrun.perfcollector <> - PERF_STAT : "     3.859588714;CPU10;1620;;UNC_M_CAS_COUNT.WR[UNIT1];10343236;100.00;;"
10444 [140369472239296] INFO perfrun.perfcollector <> - PERF_STAT : "     3.859588714;CPU0;24567;;UNC_M_CAS_COUNT.WR[UNIT4];10352221;100.00;;"
10444 [140369472239296] INFO perfrun.perfcollector <> - PERF_STAT : "     3.859588714;CPU10;1285;;UNC_M_CAS_COUNT.WR[UNIT4];10342962;100.00;;"
10444 [140369472239296] INFO perfrun.perfcollector <> - PERF_STAT : "     3.859588714;CPU0;25365;;UNC_M_CAS_COUNT.WR[UNIT5];10352287;100.00;;"
10444 [140369472239296] INFO perfrun.perfcollector <> - PERF_STAT : "     3.859588714;CPU10;1854;;UNC_M_CAS_COUNT.WR[UNIT5];10342854;100.00;;"
10454 [140369472239296] INFO perfrun.perfcollector <> - PERF_STAT : "     3.869927923;CPU0;967331;;UNC_M_CAS_COUNT.RD[UNIT0];10340618;100.00;;"
10454 [140369472239296] INFO perfrun.perfcollector <> - PERF_STAT : "     3.869927923;CPU10;9553;;UNC_M_CAS_COUNT.RD[UNIT0];10348255;100.00;;"
10454 [140369472239296] INFO perfrun.perfcollector <> - PERF_STAT : "     3.869927923;CPU0;961412;;UNC_M_CAS_COUNT.RD[UNIT1];10341110;100.00;;"
10454 [140369472239296] INFO perfrun.perfcollector <> - PERF_STAT : "     3.869927923;CPU10;10166;;UNC_M_CAS_COUNT.RD[UNIT1];10349201;100.00;;"
10454 [140369472239296] INFO perfrun.perfcollector <> - PERF_STAT : "     3.869927923;CPU0;960369;;UNC_M_CAS_COUNT.RD[UNIT4];10341276;100.00;;"
10454 [140369472239296] INFO perfrun.perfcollector <> - PERF_STAT : "     3.869927923;CPU10;10209;;UNC_M_CAS_COUNT.RD[UNIT4];10349864;100.00;;"
10454 [140369472239296] INFO perfrun.perfcollector <> - PERF_STAT : "     3.869927923;CPU0;953334;;UNC_M_CAS_COUNT.RD[UNIT5];10341283;100.00;;"
10454 [140369472239296] INFO perfrun.perfcollector <> - PERF_STAT : "     3.869927923;CPU10;10233;;UNC_M_CAS_COUNT.RD[UNIT5];10350016;100.00;;"
10454 [140369472239296] INFO perfrun.perfcollector <> - PERF_STAT : "     3.869927923;CPU0;24316;;UNC_M_CAS_COUNT.WR[UNIT0];10341189;100.00;;"
10454 [140369472239296] INFO perfrun.perfcollector <> - PERF_STAT : "     3.869927923;CPU10;1389;;UNC_M_CAS_COUNT.WR[UNIT0];10350464;100.00;;"
10454 [140369472239296] INFO perfrun.perfcollector <> - PERF_STAT : "     3.869927923;CPU0;24863;;UNC_M_CAS_COUNT.WR[UNIT1];10341620;100.00;;"
10454 [140369472239296] INFO perfrun.perfcollector <> - PERF_STAT : "     3.869927923;CPU10;1964;;UNC_M_CAS_COUNT.WR[UNIT1];10350780;100.00;;"
10454 [140369472239296] INFO perfrun.perfcollector <> - PERF_STAT : "     3.869927923;CPU0;24290;;UNC_M_CAS_COUNT.WR[UNIT4];10341469;100.00;;"
10454 [140369472239296] INFO perfrun.perfcollector <> - PERF_STAT : "     3.869927923;CPU10;1654;;UNC_M_CAS_COUNT.WR[UNIT4];10351509;100.00;;"
10454 [140369472239296] INFO perfrun.perfcollector <> - PERF_STAT : "     3.869927923;CPU0;24557;;UNC_M_CAS_COUNT.WR[UNIT5];10341199;100.00;;"
10454 [140369472239296] INFO perfrun.perfcollector <> - PERF_STAT : "     3.869927923;CPU10;2238;;UNC_M_CAS_COUNT.WR[UNIT5];10351873;100.00;;"
10464 [140369472239296] INFO perfrun.perfcollector <> - PERF_STAT : "     3.880290332;CPU0;981546;;UNC_M_CAS_COUNT.RD[UNIT0];10367043;100.00;;"
10465 [140369472239296] INFO perfrun.perfcollector <> - PERF_STAT : "     3.880290332;CPU10;7236;;UNC_M_CAS_COUNT.RD[UNIT0];10365577;100.00;;"
10465 [140369472239296] INFO perfrun.perfcollector <> - PERF_STAT : "     3.880290332;CPU0;982776;;UNC_M_CAS_COUNT.RD[UNIT1];10367110;100.00;;"
10465 [140369472239296] INFO perfrun.perfcollector <> - PERF_STAT : "     3.880290332;CPU10;7783;;UNC_M_CAS_COUNT.RD[UNIT1];10365328;100.00;;"
10465 [140369472239296] INFO perfrun.perfcollector <> - PERF_STAT : "     3.880290332;CPU0;986257;;UNC_M_CAS_COUNT.RD[UNIT4];10366665;100.00;;"
10465 [140369472239296] INFO perfrun.perfcollector <> - PERF_STAT : "     3.880290332;CPU10;7671;;UNC_M_CAS_COUNT.RD[UNIT4];10365051;100.00;;"
10465 [140369472239296] INFO perfrun.perfcollector <> - PERF_STAT : "     3.880290332;CPU0;979858;;UNC_M_CAS_COUNT.RD[UNIT5];10367259;100.00;;"
10465 [140369472239296] INFO perfrun.perfcollector <> - PERF_STAT : "     3.880290332;CPU10;7916;;UNC_M_CAS_COUNT.RD[UNIT5];10364948;100.00;;"
10465 [140369472239296] INFO perfrun.perfcollector <> - PERF_STAT : "     3.880290332;CPU0;26940;;UNC_M_CAS_COUNT.WR[UNIT0];10367383;100.00;;"
10465 [140369472239296] INFO perfrun.perfcollector <> - PERF_STAT : "     3.880290332;CPU10;1427;;UNC_M_CAS_COUNT.WR[UNIT0];10364736;100.00;;"
10465 [140369472239296] INFO perfrun.perfcollector <> - PERF_STAT : "     3.880290332;CPU0;27540;;UNC_M_CAS_COUNT.WR[UNIT1];10367152;100.00;;"
10465 [140369472239296] INFO perfrun.perfcollector <> - PERF_STAT : "     3.880290332;CPU10;2012;;UNC_M_CAS_COUNT.WR[UNIT1];10364829;100.00;;"
10465 [140369472239296] INFO perfrun.perfcollector <> - PERF_STAT : "     3.880290332;CPU0;26846;;UNC_M_CAS_COUNT.WR[UNIT4];10367263;100.00;;"
10465 [140369472239296] INFO perfrun.perfcollector <> - PERF_STAT : "     3.880290332;CPU10;1711;;UNC_M_CAS_COUNT.WR[UNIT4];10364490;100.00;;"
10465 [140369472239296] INFO perfrun.perfcollector <> - PERF_STAT : "     3.880290332;CPU0;27244;;UNC_M_CAS_COUNT.WR[UNIT5];10367270;100.00;;"
10465 [140369472239296] INFO perfrun.perfcollector <> - PERF_STAT : "     3.880290332;CPU10;2274;;UNC_M_CAS_COUNT.WR[UNIT5];10364791;100.00;;"
10475 [140369472239296] INFO perfrun.perfcollector <> - PERF_STAT : "     3.890636777;CPU0;971681;;UNC_M_CAS_COUNT.RD[UNIT0];10342643;100.00;;"
10475 [140369472239296] INFO perfrun.perfcollector <> - PERF_STAT : "     3.890636777;CPU10;18136;;UNC_M_CAS_COUNT.RD[UNIT0];10343430;100.00;;"
10475 [140369472239296] INFO perfrun.perfcollector <> - PERF_STAT : "     3.890636777;CPU0;972922;;UNC_M_CAS_COUNT.RD[UNIT1];10342378;100.00;;"
10475 [140369472239296] INFO perfrun.perfcollector <> - PERF_STAT : "     3.890636777;CPU10;18570;;UNC_M_CAS_COUNT.RD[UNIT1];10344084;100.00;;"
10475 [140369472239296] INFO perfrun.perfcollector <> - PERF_STAT : "     3.890636777;CPU0;975442;;UNC_M_CAS_COUNT.RD[UNIT4];10342662;100.00;;"
10475 [140369472239296] INFO perfrun.perfcollector <> - PERF_STAT : "     3.890636777;CPU10;18627;;UNC_M_CAS_COUNT.RD[UNIT4];10343971;100.00;;"
10475 [140369472239296] INFO perfrun.perfcollector <> - PERF_STAT : "     3.890636777;CPU0;970576;;UNC_M_CAS_COUNT.RD[UNIT5];10342344;100.00;;"
10475 [140369472239296] INFO perfrun.perfcollector <> - PERF_STAT : "     3.890636777;CPU10;18570;;UNC_M_CAS_COUNT.RD[UNIT5];10344583;100.00;;"
10475 [140369472239296] INFO perfrun.perfcollector <> - PERF_STAT : "     3.890636777;CPU0;32776;;UNC_M_CAS_COUNT.WR[UNIT0];10342328;100.00;;"
10475 [140369472239296] INFO perfrun.perfcollector <> - PERF_STAT : "     3.890636777;CPU10;1661;;UNC_M_CAS_COUNT.WR[UNIT0];10344838;100.00;;"
10475 [140369472239296] INFO perfrun.perfcollector <> - PERF_STAT : "     3.890636777;CPU0;33436;;UNC_M_CAS_COUNT.WR[UNIT1];10342439;100.00;;"
10475 [140369472239296] INFO perfrun.perfcollector <> - PERF_STAT : "     3.890636777;CPU10;2199;;UNC_M_CAS_COUNT.WR[UNIT1];10344747;100.00;;"
10475 [140369472239296] INFO perfrun.perfcollector <> - PERF_STAT : "     3.890636777;CPU0;32832;;UNC_M_CAS_COUNT.WR[UNIT4];10342603;100.00;;"
10475 [140369472239296] INFO perfrun.perfcollector <> - PERF_STAT : "     3.890636777;CPU10;1910;;UNC_M_CAS_COUNT.WR[UNIT4];10345161;100.00;;"
10475 [140369472239296] INFO perfrun.perfcollector <> - PERF_STAT : "     3.890636777;CPU0;33348;;UNC_M_CAS_COUNT.WR[UNIT5];10342644;100.00;;"
10475 [140369472239296] INFO perfrun.perfcollector <> - PERF_STAT : "     3.890636777;CPU10;2440;;UNC_M_CAS_COUNT.WR[UNIT5];10345053;100.00;;"
10485 [140369472239296] INFO perfrun.perfcollector <> - PERF_STAT : "     3.901002982;CPU0;965413;;UNC_M_CAS_COUNT.RD[UNIT0];10368817;100.00;;"
10485 [140369472239296] INFO perfrun.perfcollector <> - PERF_STAT : "     3.901002982;CPU10;7118;;UNC_M_CAS_COUNT.RD[UNIT0];10365938;100.00;;"
10485 [140369472239296] INFO perfrun.perfcollector <> - PERF_STAT : "     3.901002982;CPU0;959117;;UNC_M_CAS_COUNT.RD[UNIT1];10369179;100.00;;"
10485 [140369472239296] INFO perfrun.perfcollector <> - PERF_STAT : "     3.901002982;CPU10;7661;;UNC_M_CAS_COUNT.RD[UNIT1];10365401;100.00;;"
10485 [140369472239296] INFO perfrun.perfcollector <> - PERF_STAT : "     3.901002982;CPU0;959393;;UNC_M_CAS_COUNT.RD[UNIT4];10368688;100.00;;"
10485 [140369472239296] INFO perfrun.perfcollector <> - PERF_STAT : "     3.901002982;CPU10;7600;;UNC_M_CAS_COUNT.RD[UNIT4];10365410;100.00;;"
10485 [140369472239296] INFO perfrun.perfcollector <> - PERF_STAT : "     3.901002982;CPU0;949923;;UNC_M_CAS_COUNT.RD[UNIT5];10368388;100.00;;"
10485 [140369472239296] INFO perfrun.perfcollector <> - PERF_STAT : "     3.901002982;CPU10;7732;;UNC_M_CAS_COUNT.RD[UNIT5];10364642;100.00;;"
10485 [140369472239296] INFO perfrun.perfcollector <> - PERF_STAT : "     3.901002982;CPU0;30257;;UNC_M_CAS_COUNT.WR[UNIT0];10368678;100.00;;"
10485 [140369472239296] INFO perfrun.perfcollector <> - PERF_STAT : "     3.901002982;CPU10;6358;;UNC_M_CAS_COUNT.WR[UNIT0];10364301;100.00;;"
10485 [140369472239296] INFO perfrun.perfcollector <> - PERF_STAT : "     3.901002982;CPU0;30865;;UNC_M_CAS_COUNT.WR[UNIT1];10368692;100.00;;"
10485 [140369472239296] INFO perfrun.perfcollector <> - PERF_STAT : "     3.901002982;CPU10;7022;;UNC_M_CAS_COUNT.WR[UNIT1];10364301;100.00;;"
10485 [140369472239296] INFO perfrun.perfcollector <> - PERF_STAT : "     3.901002982;CPU0;30136;;UNC_M_CAS_COUNT.WR[UNIT4];10368475;100.00;;"
10486 [140369472239296] INFO perfrun.perfcollector <> - PERF_STAT : "     3.901002982;CPU10;6695;;UNC_M_CAS_COUNT.WR[UNIT4];10363934;100.00;;"
10486 [140369472239296] INFO perfrun.perfcollector <> - PERF_STAT : "     3.901002982;CPU0;30615;;UNC_M_CAS_COUNT.WR[UNIT5];10368392;100.00;;"
10486 [140369472239296] INFO perfrun.perfcollector <> - PERF_STAT : "     3.901002982;CPU10;7175;;UNC_M_CAS_COUNT.WR[UNIT5];10363655;100.00;;"
10496 [140369472239296] INFO perfrun.perfcollector <> - PERF_STAT : "     3.911359883;CPU0;887257;;UNC_M_CAS_COUNT.RD[UNIT0];10371802;100.00;;"
10496 [140369472239296] INFO perfrun.perfcollector <> - PERF_STAT : "     3.911359883;CPU10;10347;;UNC_M_CAS_COUNT.RD[UNIT0];10371903;100.00;;"
10496 [140369472239296] INFO perfrun.perfcollector <> - PERF_STAT : "     3.911359883;CPU0;893870;;UNC_M_CAS_COUNT.RD[UNIT1];10371476;100.00;;"
10496 [140369472239296] INFO perfrun.perfcollector <> - PERF_STAT : "     3.911359883;CPU10;10872;;UNC_M_CAS_COUNT.RD[UNIT1];10371424;100.00;;"
10496 [140369472239296] INFO perfrun.perfcollector <> - PERF_STAT : "     3.911359883;CPU0;898589;;UNC_M_CAS_COUNT.RD[UNIT4];10372120;100.00;;"
10496 [140369472239296] INFO perfrun.perfcollector <> - PERF_STAT : "     3.911359883;CPU10;10742;;UNC_M_CAS_COUNT.RD[UNIT4];10371212;100.00;;"
10496 [140369472239296] INFO perfrun.perfcollector <> - PERF_STAT : "     3.911359883;CPU0;896737;;UNC_M_CAS_COUNT.RD[UNIT5];10372217;100.00;;"
10496 [140369472239296] INFO perfrun.perfcollector <> - PERF_STAT : "     3.911359883;CPU10;10963;;UNC_M_CAS_COUNT.RD[UNIT5];10371024;100.00;;"
10496 [140369472239296] INFO perfrun.perfcollector <> - PERF_STAT : "     3.911359883;CPU0;27458;;UNC_M_CAS_COUNT.WR[UNIT0];10372149;100.00;;"
10496 [140369472239296] INFO perfrun.perfcollector <> - PERF_STAT : "     3.911359883;CPU10;1326;;UNC_M_CAS_COUNT.WR[UNIT0];10371223;100.00;;"
10496 [140369472239296] INFO perfrun.perfcollector <> - PERF_STAT : "     3.911359883;CPU0;28147;;UNC_M_CAS_COUNT.WR[UNIT1];10371739;100.00;;"
10496 [140369472239296] INFO perfrun.perfcollector <> - PERF_STAT : "     3.911359883;CPU10;1931;;UNC_M_CAS_COUNT.WR[UNIT1];10371224;100.00;;"
10496 [140369472239296] INFO perfrun.perfcollector <> - PERF_STAT : "     3.911359883;CPU0;27315;;UNC_M_CAS_COUNT.WR[UNIT4];10371785;100.00;;"
10496 [140369472239296] INFO perfrun.perfcollector <> - PERF_STAT : "     3.911359883;CPU10;1545;;UNC_M_CAS_COUNT.WR[UNIT4];10371037;100.00;;"
10496 [140369472239296] INFO perfrun.perfcollector <> - PERF_STAT : "     3.911359883;CPU0;28127;;UNC_M_CAS_COUNT.WR[UNIT5];10371966;100.00;;"
10496 [140369472239296] INFO perfrun.perfcollector <> - PERF_STAT : "     3.911359883;CPU10;2139;;UNC_M_CAS_COUNT.WR[UNIT5];10371300;100.00;;"
10506 [140369472239296] INFO perfrun.perfcollector <> - PERF_STAT : "     3.921721632;CPU0;857110;;UNC_M_CAS_COUNT.RD[UNIT0];10341704;100.00;;"
10506 [140369472239296] INFO perfrun.perfcollector <> - PERF_STAT : "     3.921721632;CPU10;10111;;UNC_M_CAS_COUNT.RD[UNIT0];10337475;100.00;;"
10506 [140369472239296] INFO perfrun.perfcollector <> - PERF_STAT : "     3.921721632;CPU0;849228;;UNC_M_CAS_COUNT.RD[UNIT1];10341358;100.00;;"
10506 [140369472239296] INFO perfrun.perfcollector <> - PERF_STAT : "     3.921721632;CPU10;10580;;UNC_M_CAS_COUNT.RD[UNIT1];10337244;100.00;;"
10506 [140369472239296] INFO perfrun.perfcollector <> - PERF_STAT : "     3.921721632;CPU0;847428;;UNC_M_CAS_COUNT.RD[UNIT4];10341336;100.00;;"
10506 [140369472239296] INFO perfrun.perfcollector <> - PERF_STAT : "     3.921721632;CPU10;10644;;UNC_M_CAS_COUNT.RD[UNIT4];10337189;100.00;;"
10506 [140369472239296] INFO perfrun.perfcollector <> - PERF_STAT : "     3.921721632;CPU0;838791;;UNC_M_CAS_COUNT.RD[UNIT5];10341151;100.00;;"
10506 [140369472239296] INFO perfrun.perfcollector <> - PERF_STAT : "     3.921721632;CPU10;10618;;UNC_M_CAS_COUNT.RD[UNIT5];10337249;100.00;;"
10506 [140369472239296] INFO perfrun.perfcollector <> - PERF_STAT : "     3.921721632;CPU0;24375;;UNC_M_CAS_COUNT.WR[UNIT0];10340921;100.00;;"
10506 [140369472239296] INFO perfrun.perfcollector <> - PERF_STAT : "     3.921721632;CPU10;1313;;UNC_M_CAS_COUNT.WR[UNIT0];10337102;100.00;;"
10506 [140369472239296] INFO perfrun.perfcollector <> - PERF_STAT : "     3.921721632;CPU0;24890;;UNC_M_CAS_COUNT.WR[UNIT1];10340952;100.00;;"
10506 [140369472239296] INFO perfrun.perfcollector <> - PERF_STAT : "     3.921721632;CPU10;1857;;UNC_M_CAS_COUNT.WR[UNIT1];10336829;100.00;;"
10506 [140369472239296] INFO perfrun.perfcollector <> - PERF_STAT : "     3.921721632;CPU0;24202;;UNC_M_CAS_COUNT.WR[UNIT4];10340989;100.00;;"
10506 [140369472239296] INFO perfrun.perfcollector <> - PERF_STAT : "     3.921721632;CPU10;1547;;UNC_M_CAS_COUNT.WR[UNIT4];10336773;100.00;;"
10506 [140369472239296] INFO perfrun.perfcollector <> - PERF_STAT : "     3.921721632;CPU0;24699;;UNC_M_CAS_COUNT.WR[UNIT5];10341060;100.00;;"
10506 [140369472239296] INFO perfrun.perfcollector <> - PERF_STAT : "     3.921721632;CPU10;2122;;UNC_M_CAS_COUNT.WR[UNIT5];10336263;100.00;;"
10516 [140369472239296] INFO perfrun.perfcollector <> - PERF_STAT : "     3.932062710;CPU0;941199;;UNC_M_CAS_COUNT.RD[UNIT0];10345228;100.00;;"
10516 [140369472239296] INFO perfrun.perfcollector <> - PERF_STAT : "     3.932062710;CPU10;8071;;UNC_M_CAS_COUNT.RD[UNIT0];10351963;100.00;;"
10516 [140369472239296] INFO perfrun.perfcollector <> - PERF_STAT : "     3.932062710;CPU0;945732;;UNC_M_CAS_COUNT.RD[UNIT1];10345765;100.00;;"
10516 [140369472239296] INFO perfrun.perfcollector <> - PERF_STAT : "     3.932062710;CPU10;8485;;UNC_M_CAS_COUNT.RD[UNIT1];10352577;100.00;;"
10516 [140369472239296] INFO perfrun.perfcollector <> - PERF_STAT : "     3.932062710;CPU0;950530;;UNC_M_CAS_COUNT.RD[UNIT4];10345500;100.00;;"
10516 [140369472239296] INFO perfrun.perfcollector <> - PERF_STAT : "     3.932062710;CPU10;8483;;UNC_M_CAS_COUNT.RD[UNIT4];10352868;100.00;;"
10516 [140369472239296] INFO perfrun.perfcollector <> - PERF_STAT : "     3.932062710;CPU0;947570;;UNC_M_CAS_COUNT.RD[UNIT5];10345936;100.00;;"
10516 [140369472239296] INFO perfrun.perfcollector <> - PERF_STAT : "     3.932062710;CPU10;8569;;UNC_M_CAS_COUNT.RD[UNIT5];10353431;100.00;;"
10516 [140369472239296] INFO perfrun.perfcollector <> - PERF_STAT : "     3.932062710;CPU0;27139;;UNC_M_CAS_COUNT.WR[UNIT0];10346320;100.00;;"
10516 [140369472239296] INFO perfrun.perfcollector <> - PERF_STAT : "     3.932062710;CPU10;1255;;UNC_M_CAS_COUNT.WR[UNIT0];10353483;100.00;;"
10517 [140369472239296] INFO perfrun.perfcollector <> - PERF_STAT : "     3.932062710;CPU0;27890;;UNC_M_CAS_COUNT.WR[UNIT1];10346354;100.00;;"
10517 [140369472239296] INFO perfrun.perfcollector <> - PERF_STAT : "     3.932062710;CPU10;1831;;UNC_M_CAS_COUNT.WR[UNIT1];10354102;100.00;;"
10517 [140369472239296] INFO perfrun.perfcollector <> - PERF_STAT : "     3.932062710;CPU0;27189;;UNC_M_CAS_COUNT.WR[UNIT4];10346207;100.00;;"
10517 [140369472239296] INFO perfrun.perfcollector <> - PERF_STAT : "     3.932062710;CPU10;1500;;UNC_M_CAS_COUNT.WR[UNIT4];10354536;100.00;;"
10517 [140369472239296] INFO perfrun.perfcollector <> - PERF_STAT : "     3.932062710;CPU0;27849;;UNC_M_CAS_COUNT.WR[UNIT5];10346296;100.00;;"
10517 [140369472239296] INFO perfrun.perfcollector <> - PERF_STAT : "     3.932062710;CPU10;2023;;UNC_M_CAS_COUNT.WR[UNIT5];10354994;100.00;;"
10527 [140369472239296] INFO perfrun.perfcollector <> - PERF_STAT : "     3.942447591;CPU0;685246;;UNC_M_CAS_COUNT.RD[UNIT0];10387280;100.00;;"
10527 [140369472239296] INFO perfrun.perfcollector <> - PERF_STAT : "     3.942447591;CPU10;10961;;UNC_M_CAS_COUNT.RD[UNIT0];10382415;100.00;;"
10527 [140369472239296] INFO perfrun.perfcollector <> - PERF_STAT : "     3.942447591;CPU0;679289;;UNC_M_CAS_COUNT.RD[UNIT1];10386715;100.00;;"
10527 [140369472239296] INFO perfrun.perfcollector <> - PERF_STAT : "     3.942447591;CPU10;11389;;UNC_M_CAS_COUNT.RD[UNIT1];10383899;100.00;;"
10527 [140369472239296] INFO perfrun.perfcollector <> - PERF_STAT : "     3.942447591;CPU0;676757;;UNC_M_CAS_COUNT.RD[UNIT4];10386363;100.00;;"
10527 [140369472239296] INFO perfrun.perfcollector <> - PERF_STAT : "     3.942447591;CPU10;11257;;UNC_M_CAS_COUNT.RD[UNIT4];10384767;100.00;;"
10527 [140369472239296] INFO perfrun.perfcollector <> - PERF_STAT : "     3.942447591;CPU0;670147;;UNC_M_CAS_COUNT.RD[UNIT5];10385765;100.00;;"
10527 [140369472239296] INFO perfrun.perfcollector <> - PERF_STAT : "     3.942447591;CPU10;11439;;UNC_M_CAS_COUNT.RD[UNIT5];10385334;100.00;;"
10527 [140369472239296] INFO perfrun.perfcollector <> - PERF_STAT : "     3.942447591;CPU0;23360;;UNC_M_CAS_COUNT.WR[UNIT0];10385376;100.00;;"
10527 [140369472239296] INFO perfrun.perfcollector <> - PERF_STAT : "     3.942447591;CPU10;1021;;UNC_M_CAS_COUNT.WR[UNIT0];10386469;100.00;;"
10527 [140369472239296] INFO perfrun.perfcollector <> - PERF_STAT : "     3.942447591;CPU0;23949;;UNC_M_CAS_COUNT.WR[UNIT1];10385576;100.00;;"
10527 [140369472239296] INFO perfrun.perfcollector <> - PERF_STAT : "     3.942447591;CPU10;1587;;UNC_M_CAS_COUNT.WR[UNIT1];10387142;100.00;;"
10527 [140369472239296] INFO perfrun.perfcollector <> - PERF_STAT : "     3.942447591;CPU0;23121;;UNC_M_CAS_COUNT.WR[UNIT4];10385412;100.00;;"
10527 [140369472239296] INFO perfrun.perfcollector <> - PERF_STAT : "     3.942447591;CPU10;1235;;UNC_M_CAS_COUNT.WR[UNIT4];10387776;100.00;;"
10527 [140369472239296] INFO perfrun.perfcollector <> - PERF_STAT : "     3.942447591;CPU0;23589;;UNC_M_CAS_COUNT.WR[UNIT5];10384902;100.00;;"
10527 [140369472239296] INFO perfrun.perfcollector <> - PERF_STAT : "     3.942447591;CPU10;1760;;UNC_M_CAS_COUNT.WR[UNIT5];10388718;100.00;;"
10537 [140369472239296] INFO perfrun.perfcollector <> - PERF_STAT : "     3.952821299;CPU0;74466;;UNC_M_CAS_COUNT.RD[UNIT0];10358222;100.00;;"
10537 [140369472239296] INFO perfrun.perfcollector <> - PERF_STAT : "     3.952821299;CPU10;1621;;UNC_M_CAS_COUNT.RD[UNIT0];10351226;100.00;;"
10537 [140369472239296] INFO perfrun.perfcollector <> - PERF_STAT : "     3.952821299;CPU0;74583;;UNC_M_CAS_COUNT.RD[UNIT1];10356531;100.00;;"
10537 [140369472239296] INFO perfrun.perfcollector <> - PERF_STAT : "     3.952821299;CPU10;1640;;UNC_M_CAS_COUNT.RD[UNIT1];10348964;100.00;;"
10537 [140369472239296] INFO perfrun.perfcollector <> - PERF_STAT : "     3.952821299;CPU0;74042;;UNC_M_CAS_COUNT.RD[UNIT4];10356178;100.00;;"
10537 [140369472239296] INFO perfrun.perfcollector <> - PERF_STAT : "     3.952821299;CPU10;1653;;UNC_M_CAS_COUNT.RD[UNIT4];10347884;100.00;;"
10537 [140369472239296] INFO perfrun.perfcollector <> - PERF_STAT : "     3.952821299;CPU0;74889;;UNC_M_CAS_COUNT.RD[UNIT5];10355915;100.00;;"
10537 [140369472239296] INFO perfrun.perfcollector <> - PERF_STAT : "     3.952821299;CPU10;1634;;UNC_M_CAS_COUNT.RD[UNIT5];10347193;100.00;;"
10537 [140369472239296] INFO perfrun.perfcollector <> - PERF_STAT : "     3.952821299;CPU0;12787;;UNC_M_CAS_COUNT.WR[UNIT0];10355517;100.00;;"
10537 [140369472239296] INFO perfrun.perfcollector <> - PERF_STAT : "     3.952821299;CPU10;107;;UNC_M_CAS_COUNT.WR[UNIT0];10346264;100.00;;"
10537 [140369472239296] INFO perfrun.perfcollector <> - PERF_STAT : "     3.952821299;CPU0;13518;;UNC_M_CAS_COUNT.WR[UNIT1];10354845;100.00;;"
10537 [140369472239296] INFO perfrun.perfcollector <> - PERF_STAT : "     3.952821299;CPU10;139;;UNC_M_CAS_COUNT.WR[UNIT1];10345941;100.00;;"
10537 [140369472239296] INFO perfrun.perfcollector <> - PERF_STAT : "     3.952821299;CPU0;12872;;UNC_M_CAS_COUNT.WR[UNIT4];10354773;100.00;;"
10537 [140369472239296] INFO perfrun.perfcollector <> - PERF_STAT : "     3.952821299;CPU10;105;;UNC_M_CAS_COUNT.WR[UNIT4];10345667;100.00;;"
10537 [140369472239296] INFO perfrun.perfcollector <> - PERF_STAT : "     3.952821299;CPU0;13426;;UNC_M_CAS_COUNT.WR[UNIT5];10354782;100.00;;"
10537 [140369472239296] INFO perfrun.perfcollector <> - PERF_STAT : "     3.952821299;CPU10;145;;UNC_M_CAS_COUNT.WR[UNIT5];10345209;100.00;;"
10547 [140369472239296] INFO perfrun.perfcollector <> - PERF_STAT : "     3.963178159;CPU0;54877;;UNC_M_CAS_COUNT.RD[UNIT0];10353498;100.00;;"
10547 [140369472239296] INFO perfrun.perfcollector <> - PERF_STAT : "     3.963178159;CPU10;735;;UNC_M_CAS_COUNT.RD[UNIT0];10346983;100.00;;"
10547 [140369472239296] INFO perfrun.perfcollector <> - PERF_STAT : "     3.963178159;CPU0;55681;;UNC_M_CAS_COUNT.RD[UNIT1];10352763;100.00;;"
10547 [140369472239296] INFO perfrun.perfcollector <> - PERF_STAT : "     3.963178159;CPU10;825;;UNC_M_CAS_COUNT.RD[UNIT1];10347143;100.00;;"
10547 [140369472239296] INFO perfrun.perfcollector <> - PERF_STAT : "     3.963178159;CPU0;54777;;UNC_M_CAS_COUNT.RD[UNIT4];10352111;100.00;;"
10547 [140369472239296] INFO perfrun.perfcollector <> - PERF_STAT : "     3.963178159;CPU10;845;;UNC_M_CAS_COUNT.RD[UNIT4];10347229;100.00;;"
10547 [140369472239296] INFO perfrun.perfcollector <> - PERF_STAT : "     3.963178159;CPU0;55235;;UNC_M_CAS_COUNT.RD[UNIT5];10351975;100.00;;"
10547 [140369472239296] INFO perfrun.perfcollector <> - PERF_STAT : "     3.963178159;CPU10;887;;UNC_M_CAS_COUNT.RD[UNIT5];10347449;100.00;;"
10547 [140369472239296] INFO perfrun.perfcollector <> - PERF_STAT : "     3.963178159;CPU0;22252;;UNC_M_CAS_COUNT.WR[UNIT0];10351905;100.00;;"
10547 [140369472239296] INFO perfrun.perfcollector <> - PERF_STAT : "     3.963178159;CPU10;110;;UNC_M_CAS_COUNT.WR[UNIT0];10347433;100.00;;"
10547 [140369472239296] INFO perfrun.perfcollector <> - PERF_STAT : "     3.963178159;CPU0;22422;;UNC_M_CAS_COUNT.WR[UNIT1];10351929;100.00;;"
10547 [140369472239296] INFO perfrun.perfcollector <> - PERF_STAT : "     3.963178159;CPU10;148;;UNC_M_CAS_COUNT.WR[UNIT1];10347340;100.00;;"
10547 [140369472239296] INFO perfrun.perfcollector <> - PERF_STAT : "     3.963178159;CPU0;22015;;UNC_M_CAS_COUNT.WR[UNIT4];10351827;100.00;;"
10547 [140369472239296] INFO perfrun.perfcollector <> - PERF_STAT : "     3.963178159;CPU10;125;;UNC_M_CAS_COUNT.WR[UNIT4];10347309;100.00;;"
10548 [140369472239296] INFO perfrun.perfcollector <> - PERF_STAT : "     3.963178159;CPU0;22746;;UNC_M_CAS_COUNT.WR[UNIT5];10351638;100.00;;"
10548 [140369472239296] INFO perfrun.perfcollector <> - PERF_STAT : "     3.963178159;CPU10;171;;UNC_M_CAS_COUNT.WR[UNIT5];10347383;100.00;;"
10558 [140369472239296] INFO perfrun.perfcollector <> - PERF_STAT : "     3.973521843;CPU0;47947;;UNC_M_CAS_COUNT.RD[UNIT0];10343329;100.00;;"
10558 [140369472239296] INFO perfrun.perfcollector <> - PERF_STAT : "     3.973521843;CPU10;276;;UNC_M_CAS_COUNT.RD[UNIT0];10339654;100.00;;"
10558 [140369472239296] INFO perfrun.perfcollector <> - PERF_STAT : "     3.973521843;CPU0;48594;;UNC_M_CAS_COUNT.RD[UNIT1];10342174;100.00;;"
10558 [140369472239296] INFO perfrun.perfcollector <> - PERF_STAT : "     3.973521843;CPU10;312;;UNC_M_CAS_COUNT.RD[UNIT1];10339633;100.00;;"
10558 [140369472239296] INFO perfrun.perfcollector <> - PERF_STAT : "     3.973521843;CPU0;48366;;UNC_M_CAS_COUNT.RD[UNIT4];10342104;100.00;;"
10558 [140369472239296] INFO perfrun.perfcollector <> - PERF_STAT : "     3.973521843;CPU10;300;;UNC_M_CAS_COUNT.RD[UNIT4];10339600;100.00;;"
10558 [140369472239296] INFO perfrun.perfcollector <> - PERF_STAT : "     3.973521843;CPU0;48598;;UNC_M_CAS_COUNT.RD[UNIT5];10341620;100.00;;"
10558 [140369472239296] INFO perfrun.perfcollector <> - PERF_STAT : "     3.973521843;CPU10;327;;UNC_M_CAS_COUNT.RD[UNIT5];10339394;100.00;;"
10558 [140369472239296] INFO perfrun.perfcollector <> - PERF_STAT : "     3.973521843;CPU0;19567;;UNC_M_CAS_COUNT.WR[UNIT0];10341399;100.00;;"
10558 [140369472239296] INFO perfrun.perfcollector <> - PERF_STAT : "     3.973521843;CPU10;133;;UNC_M_CAS_COUNT.WR[UNIT0];10339413;100.00;;"
10558 [140369472239296] INFO perfrun.perfcollector <> - PERF_STAT : "     3.973521843;CPU0;19928;;UNC_M_CAS_COUNT.WR[UNIT1];10341393;100.00;;"
10558 [140369472239296] INFO perfrun.perfcollector <> - PERF_STAT : "     3.973521843;CPU10;200;;UNC_M_CAS_COUNT.WR[UNIT1];10339406;100.00;;"
10558 [140369472239296] INFO perfrun.perfcollector <> - PERF_STAT : "     3.973521843;CPU0;19441;;UNC_M_CAS_COUNT.WR[UNIT4];10341279;100.00;;"
10558 [140369472239296] INFO perfrun.perfcollector <> - PERF_STAT : "     3.973521843;CPU10;206;;UNC_M_CAS_COUNT.WR[UNIT4];10339524;100.00;;"
10558 [140369472239296] INFO perfrun.perfcollector <> - PERF_STAT : "     3.973521843;CPU0;19993;;UNC_M_CAS_COUNT.WR[UNIT5];10341541;100.00;;"
10558 [140369472239296] INFO perfrun.perfcollector <> - PERF_STAT : "     3.973521843;CPU10;267;;UNC_M_CAS_COUNT.WR[UNIT5];10339490;100.00;;"
10568 [140369472239296] INFO perfrun.perfcollector <> - PERF_STAT : "     3.983874137;CPU0;44636;;UNC_M_CAS_COUNT.RD[UNIT0];10348843;100.00;;"
10568 [140369472239296] INFO perfrun.perfcollector <> - PERF_STAT : "     3.983874137;CPU10;388;;UNC_M_CAS_COUNT.RD[UNIT0];10338925;100.00;;"
10568 [140369472239296] INFO perfrun.perfcollector <> - PERF_STAT : "     3.983874137;CPU0;45127;;UNC_M_CAS_COUNT.RD[UNIT1];10348470;100.00;;"
10568 [140369472239296] INFO perfrun.perfcollector <> - PERF_STAT : "     3.983874137;CPU10;433;;UNC_M_CAS_COUNT.RD[UNIT1];10335891;100.00;;"
10568 [140369472239296] INFO perfrun.perfcollector <> - PERF_STAT : "     3.983874137;CPU0;44854;;UNC_M_CAS_COUNT.RD[UNIT4];10348395;100.00;;"
10568 [140369472239296] INFO perfrun.perfcollector <> - PERF_STAT : "     3.983874137;CPU10;394;;UNC_M_CAS_COUNT.RD[UNIT4];10333969;100.00;;"
10568 [140369472239296] INFO perfrun.perfcollector <> - PERF_STAT : "     3.983874137;CPU0;45078;;UNC_M_CAS_COUNT.RD[UNIT5];10348359;100.00;;"
10568 [140369472239296] INFO perfrun.perfcollector <> - PERF_STAT : "     3.983874137;CPU10;460;;UNC_M_CAS_COUNT.RD[UNIT5];10332022;100.00;;"
10568 [140369472239296] INFO perfrun.perfcollector <> - PERF_STAT : "     3.983874137;CPU0;18483;;UNC_M_CAS_COUNT.WR[UNIT0];10348022;100.00;;"
10568 [140369472239296] INFO perfrun.perfcollector <> - PERF_STAT : "     3.983874137;CPU10;105;;UNC_M_CAS_COUNT.WR[UNIT0];10330111;100.00;;"
10568 [140369472239296] INFO perfrun.perfcollector <> - PERF_STAT : "     3.983874137;CPU0;19219;;UNC_M_CAS_COUNT.WR[UNIT1];10347705;100.00;;"
10568 [140369472239296] INFO perfrun.perfcollector <> - PERF_STAT : "     3.983874137;CPU10;166;;UNC_M_CAS_COUNT.WR[UNIT1];10328250;100.00;;"
10568 [140369472239296] INFO perfrun.perfcollector <> - PERF_STAT : "     3.983874137;CPU0;18831;;UNC_M_CAS_COUNT.WR[UNIT4];10347556;100.00;;"
10568 [140369472239296] INFO perfrun.perfcollector <> - PERF_STAT : "     3.983874137;CPU10;162;;UNC_M_CAS_COUNT.WR[UNIT4];10326352;100.00;;"
10568 [140369472239296] INFO perfrun.perfcollector <> - PERF_STAT : "     3.983874137;CPU0;19337;;UNC_M_CAS_COUNT.WR[UNIT5];10347124;100.00;;"
10568 [140369472239296] INFO perfrun.perfcollector <> - PERF_STAT : "     3.983874137;CPU10;221;;UNC_M_CAS_COUNT.WR[UNIT5];10324540;100.00;;"
10578 [140369472239296] INFO perfrun.perfcollector <> - PERF_STAT : "     3.994133878;CPU0;43033;;UNC_M_CAS_COUNT.RD[UNIT0];10260480;100.00;;"
10578 [140369472239296] INFO perfrun.perfcollector <> - PERF_STAT : "     3.994133878;CPU10;7173;;UNC_M_CAS_COUNT.RD[UNIT0];10268742;100.00;;"
10578 [140369472239296] INFO perfrun.perfcollector <> - PERF_STAT : "     3.994133878;CPU0;42977;;UNC_M_CAS_COUNT.RD[UNIT1];10260383;100.00;;"
10578 [140369472239296] INFO perfrun.perfcollector <> - PERF_STAT : "     3.994133878;CPU10;7356;;UNC_M_CAS_COUNT.RD[UNIT1];10271794;100.00;;"
10578 [140369472239296] INFO perfrun.perfcollector <> - PERF_STAT : "     3.994133878;CPU0;42898;;UNC_M_CAS_COUNT.RD[UNIT4];10260416;100.00;;"
10578 [140369472239296] INFO perfrun.perfcollector <> - PERF_STAT : "     3.994133878;CPU10;7596;;UNC_M_CAS_COUNT.RD[UNIT4];10273742;100.00;;"
10578 [140369472239296] INFO perfrun.perfcollector <> - PERF_STAT : "     3.994133878;CPU0;43664;;UNC_M_CAS_COUNT.RD[UNIT5];10260344;100.00;;"
10578 [140369472239296] INFO perfrun.perfcollector <> - PERF_STAT : "     3.994133878;CPU10;7822;;UNC_M_CAS_COUNT.RD[UNIT5];10275712;100.00;;"
10578 [140369472239296] INFO perfrun.perfcollector <> - PERF_STAT : "     3.994133878;CPU0;19560;;UNC_M_CAS_COUNT.WR[UNIT0];10260316;100.00;;"
10578 [140369472239296] INFO perfrun.perfcollector <> - PERF_STAT : "     3.994133878;CPU10;57;;UNC_M_CAS_COUNT.WR[UNIT0];10277644;100.00;;"
10578 [140369472239296] INFO perfrun.perfcollector <> - PERF_STAT : "     3.994133878;CPU0;20280;;UNC_M_CAS_COUNT.WR[UNIT1];10260499;100.00;;"
10578 [140369472239296] INFO perfrun.perfcollector <> - PERF_STAT : "     3.994133878;CPU10;152;;UNC_M_CAS_COUNT.WR[UNIT1];10279632;100.00;;"
10578 [140369472239296] INFO perfrun.perfcollector <> - PERF_STAT : "     3.994133878;CPU0;19294;;UNC_M_CAS_COUNT.WR[UNIT4];10260586;100.00;;"
10578 [140369472239296] INFO perfrun.perfcollector <> - PERF_STAT : "     3.994133878;CPU10;82;;UNC_M_CAS_COUNT.WR[UNIT4];10281459;100.00;;"
10578 [140369472239296] INFO perfrun.perfcollector <> - PERF_STAT : "     3.994133878;CPU0;20183;;UNC_M_CAS_COUNT.WR[UNIT5];10260639;100.00;;"
10578 [140369472239296] INFO perfrun.perfcollector <> - PERF_STAT : "     3.994133878;CPU10;169;;UNC_M_CAS_COUNT.WR[UNIT5];10283351;100.00;;"
10589 [140369472239296] INFO perfrun.perfcollector <> - PERF_STAT : "     4.004429865;CPU0;120027;;UNC_M_CAS_COUNT.RD[UNIT0];10300577;100.00;;"
10599 [140369472239296] INFO perfrun.perfcollector <> - PERF_STAT : "     4.004429865;CPU10;123751;;UNC_M_CAS_COUNT.RD[UNIT0];10306761;100.00;;"
10599 [140369472239296] INFO perfrun.perfcollector <> - PERF_STAT : "     4.004429865;CPU0;117943;;UNC_M_CAS_COUNT.RD[UNIT1];10301868;100.00;;"
10599 [140369472239296] INFO perfrun.perfcollector <> - PERF_STAT : "     4.004429865;CPU10;149169;;UNC_M_CAS_COUNT.RD[UNIT1];10305673;100.00;;"
10599 [140369472239296] INFO perfrun.perfcollector <> - PERF_STAT : "     4.004429865;CPU0;115910;;UNC_M_CAS_COUNT.RD[UNIT4];10302261;100.00;;"
10599 [140369472239296] INFO perfrun.perfcollector <> - PERF_STAT : "     4.004429865;CPU10;119885;;UNC_M_CAS_COUNT.RD[UNIT4];10304680;100.00;;"
10599 [140369472239296] INFO perfrun.perfcollector <> - PERF_STAT : "     4.004429865;CPU0;114902;;UNC_M_CAS_COUNT.RD[UNIT5];10302662;100.00;;"
10599 [140369472239296] INFO perfrun.perfcollector <> - PERF_STAT : "     4.004429865;CPU10;140243;;UNC_M_CAS_COUNT.RD[UNIT5];10304116;100.00;;"
10599 [140369472239296] INFO perfrun.perfcollector <> - PERF_STAT : "     4.004429865;CPU0;47777;;UNC_M_CAS_COUNT.WR[UNIT0];10302958;100.00;;"
10599 [140369472239296] INFO perfrun.perfcollector <> - PERF_STAT : "     4.004429865;CPU10;16526;;UNC_M_CAS_COUNT.WR[UNIT0];10303577;100.00;;"
10599 [140369472239296] INFO perfrun.perfcollector <> - PERF_STAT : "     4.004429865;CPU0;47389;;UNC_M_CAS_COUNT.WR[UNIT1];10303283;100.00;;"
10599 [140369472239296] INFO perfrun.perfcollector <> - PERF_STAT : "     4.004429865;CPU10;18998;;UNC_M_CAS_COUNT.WR[UNIT1];10302624;100.00;;"
10599 [140369472239296] INFO perfrun.perfcollector <> - PERF_STAT : "     4.004429865;CPU0;47728;;UNC_M_CAS_COUNT.WR[UNIT4];10303617;100.00;;"
10599 [140369472239296] INFO perfrun.perfcollector <> - PERF_STAT : "     4.004429865;CPU10;17111;;UNC_M_CAS_COUNT.WR[UNIT4];10301785;100.00;;"
10599 [140369472239296] INFO perfrun.perfcollector <> - PERF_STAT : "     4.004429865;CPU0;47698;;UNC_M_CAS_COUNT.WR[UNIT5];10303994;100.00;;"
10599 [140369472239296] INFO perfrun.perfcollector <> - PERF_STAT : "     4.004429865;CPU10;19648;;UNC_M_CAS_COUNT.WR[UNIT5];10300592;100.00;;"
10599 [140369472239296] INFO perfrun.perfcollector <> - PERF_STAT : "     4.014721306;CPU0;12962;;UNC_M_CAS_COUNT.RD[UNIT0];10291166;100.00;;"
10599 [140369472239296] INFO perfrun.perfcollector <> - PERF_STAT : "     4.014721306;CPU10;9101;;UNC_M_CAS_COUNT.RD[UNIT0];10281563;100.00;;"
10599 [140369472239296] INFO perfrun.perfcollector <> - PERF_STAT : "     4.014721306;CPU0;12828;;UNC_M_CAS_COUNT.RD[UNIT1];10290051;100.00;;"
10599 [140369472239296] INFO perfrun.perfcollector <> - PERF_STAT : "     4.014721306;CPU10;10120;;UNC_M_CAS_COUNT.RD[UNIT1];10279581;100.00;;"
10599 [140369472239296] INFO perfrun.perfcollector <> - PERF_STAT : "     4.014721306;CPU0;11910;;UNC_M_CAS_COUNT.RD[UNIT4];10289670;100.00;;"
10599 [140369472239296] INFO perfrun.perfcollector <> - PERF_STAT : "     4.014721306;CPU10;8867;;UNC_M_CAS_COUNT.RD[UNIT4];10278554;100.00;;"
10599 [140369472239296] INFO perfrun.perfcollector <> - PERF_STAT : "     4.014721306;CPU0;12470;;UNC_M_CAS_COUNT.RD[UNIT5];10289245;100.00;;"
10599 [140369472239296] INFO perfrun.perfcollector <> - PERF_STAT : "     4.014721306;CPU10;11691;;UNC_M_CAS_COUNT.RD[UNIT5];10277122;100.00;;"
10599 [140369472239296] INFO perfrun.perfcollector <> - PERF_STAT : "     4.014721306;CPU0;5208;;UNC_M_CAS_COUNT.WR[UNIT0];10289182;100.00;;"
10599 [140369472239296] INFO perfrun.perfcollector <> - PERF_STAT : "     4.014721306;CPU10;2387;;UNC_M_CAS_COUNT.WR[UNIT0];10275675;100.00;;"
10599 [140369472239296] INFO perfrun.perfcollector <> - PERF_STAT : "     4.014721306;CPU0;5767;;UNC_M_CAS_COUNT.WR[UNIT1];10288813;100.00;;"
10599 [140369472239296] INFO perfrun.perfcollector <> - PERF_STAT : "     4.014721306;CPU10;2679;;UNC_M_CAS_COUNT.WR[UNIT1];10274615;100.00;;"
10599 [140369472239296] INFO perfrun.perfcollector <> - PERF_STAT : "     4.014721306;CPU0;5332;;UNC_M_CAS_COUNT.WR[UNIT4];10288487;100.00;;"
10599 [140369472239296] INFO perfrun.perfcollector <> - PERF_STAT : "     4.014721306;CPU10;2390;;UNC_M_CAS_COUNT.WR[UNIT4];10273535;100.00;;"
10599 [140369472239296] INFO perfrun.perfcollector <> - PERF_STAT : "     4.014721306;CPU0;5821;;UNC_M_CAS_COUNT.WR[UNIT5];10288139;100.00;;"
10599 [140369472239296] INFO perfrun.perfcollector <> - PERF_STAT : "     4.014721306;CPU10;2773;;UNC_M_CAS_COUNT.WR[UNIT5];10272782;100.00;;"
10601 [140369674134208] INFO perfrun.launcher <> - Launcher: the profiled application was terminated  with exit code = 0
10609 [140369472239296] INFO perfrun.perfcollector <> - PERF_STAT : "     4.024989593;CPU0;7369;;UNC_M_CAS_COUNT.RD[UNIT0];10303353;100.00;;"
10609 [140369472239296] INFO perfrun.perfcollector <> - PERF_STAT : "     4.024989593;CPU10;9547;;UNC_M_CAS_COUNT.RD[UNIT0];10343086;100.00;;"
10609 [140369472239296] INFO perfrun.perfcollector <> - PERF_STAT : "     4.024989593;CPU0;7543;;UNC_M_CAS_COUNT.RD[UNIT1];10306438;100.00;;"
10609 [140369472239296] INFO perfrun.perfcollector <> - PERF_STAT : "     4.024989593;CPU10;9703;;UNC_M_CAS_COUNT.RD[UNIT1];10346152;100.00;;"
10609 [140369472239296] INFO perfrun.perfcollector <> - PERF_STAT : "     4.024989593;CPU0;7369;;UNC_M_CAS_COUNT.RD[UNIT4];10308336;100.00;;"
10609 [140369472239296] INFO perfrun.perfcollector <> - PERF_STAT : "     4.024989593;CPU10;9581;;UNC_M_CAS_COUNT.RD[UNIT4];10348165;100.00;;"
10609 [140369472239296] INFO perfrun.perfcollector <> - PERF_STAT : "     4.024989593;CPU0;7481;;UNC_M_CAS_COUNT.RD[UNIT5];10310306;100.00;;"
10609 [140369472239296] INFO perfrun.perfcollector <> - PERF_STAT : "     4.024989593;CPU10;10129;;UNC_M_CAS_COUNT.RD[UNIT5];10350152;100.00;;"
10609 [140369472239296] INFO perfrun.perfcollector <> - PERF_STAT : "     4.024989593;CPU0;6095;;UNC_M_CAS_COUNT.WR[UNIT0];10312090;100.00;;"
10609 [140369472239296] INFO perfrun.perfcollector <> - PERF_STAT : "     4.024989593;CPU10;1907;;UNC_M_CAS_COUNT.WR[UNIT0];10352154;100.00;;"
10609 [140369472239296] INFO perfrun.perfcollector <> - PERF_STAT : "     4.024989593;CPU0;6345;;UNC_M_CAS_COUNT.WR[UNIT1];10314162;100.00;;"
10609 [140369472239296] INFO perfrun.perfcollector <> - PERF_STAT : "     4.024989593;CPU10;1948;;UNC_M_CAS_COUNT.WR[UNIT1];10354117;100.00;;"
10609 [140369472239296] INFO perfrun.perfcollector <> - PERF_STAT : "     4.024989593;CPU0;6192;;UNC_M_CAS_COUNT.WR[UNIT4];10316183;100.00;;"
10609 [140369472239296] INFO perfrun.perfcollector <> - PERF_STAT : "     4.024989593;CPU10;1871;;UNC_M_CAS_COUNT.WR[UNIT4];10356040;100.00;;"
10609 [140369472239296] INFO perfrun.perfcollector <> - PERF_STAT : "     4.024989593;CPU0;6471;;UNC_M_CAS_COUNT.WR[UNIT5];10318092;100.00;;"
10609 [140369472239296] INFO perfrun.perfcollector <> - PERF_STAT : "     4.024989593;CPU10;2054;;UNC_M_CAS_COUNT.WR[UNIT5];10358060;100.00;;"
10615 [140369517864640] INFO perfrun.itt <> - stop itt controller
10615 [140369517864640] INFO perfrun.itt <> - detach itt controller
10619 [140369472239296] INFO perfrun.perfcollector <> - PERF_STAT : "     4.035374028;CPU0;7892;;UNC_M_CAS_COUNT.RD[UNIT0];10342204;100.00;;"
10619 [140369472239296] INFO perfrun.perfcollector <> - PERF_STAT : "     4.035374028;CPU10;6024;;UNC_M_CAS_COUNT.RD[UNIT0];10313769;100.00;;"
10619 [140369472239296] INFO perfrun.perfcollector <> - PERF_STAT : "     4.035374028;CPU0;8442;;UNC_M_CAS_COUNT.RD[UNIT1];10338961;100.00;;"
10619 [140369472239296] INFO perfrun.perfcollector <> - PERF_STAT : "     4.035374028;CPU10;6046;;UNC_M_CAS_COUNT.RD[UNIT1];10310989;100.00;;"
10619 [140369472239296] INFO perfrun.perfcollector <> - PERF_STAT : "     4.035374028;CPU0;7908;;UNC_M_CAS_COUNT.RD[UNIT4];10337297;100.00;;"
10620 [140369472239296] INFO perfrun.perfcollector <> - PERF_STAT : "     4.035374028;CPU10;6095;;UNC_M_CAS_COUNT.RD[UNIT4];10309315;100.00;;"
10620 [140369472239296] INFO perfrun.perfcollector <> - PERF_STAT : "     4.035374028;CPU0;8616;;UNC_M_CAS_COUNT.RD[UNIT5];10335423;100.00;;"
10620 [140369472239296] INFO perfrun.perfcollector <> - PERF_STAT : "     4.035374028;CPU10;6174;;UNC_M_CAS_COUNT.RD[UNIT5];10307400;100.00;;"
10620 [140369472239296] INFO perfrun.perfcollector <> - PERF_STAT : "     4.035374028;CPU0;8172;;UNC_M_CAS_COUNT.WR[UNIT0];10333410;100.00;;"
10620 [140369472239296] INFO perfrun.perfcollector <> - PERF_STAT : "     4.035374028;CPU10;1630;;UNC_M_CAS_COUNT.WR[UNIT0];10305502;100.00;;"
10620 [140369472239296] INFO perfrun.perfcollector <> - PERF_STAT : "     4.035374028;CPU0;8709;;UNC_M_CAS_COUNT.WR[UNIT1];10331281;100.00;;"
10620 [140369472239296] INFO perfrun.perfcollector <> - PERF_STAT : "     4.035374028;CPU10;1738;;UNC_M_CAS_COUNT.WR[UNIT1];10303545;100.00;;"
10620 [140369472239296] INFO perfrun.perfcollector <> - PERF_STAT : "     4.035374028;CPU0;8260;;UNC_M_CAS_COUNT.WR[UNIT4];10329210;100.00;;"
10620 [140369472239296] INFO perfrun.perfcollector <> - PERF_STAT : "     4.035374028;CPU10;1698;;UNC_M_CAS_COUNT.WR[UNIT4];10301679;100.00;;"
10620 [140369472239296] INFO perfrun.perfcollector <> - PERF_STAT : "     4.035374028;CPU0;8843;;UNC_M_CAS_COUNT.WR[UNIT5];10327237;100.00;;"
10620 [140369472239296] INFO perfrun.perfcollector <> - PERF_STAT : "     4.035374028;CPU10;1796;;UNC_M_CAS_COUNT.WR[UNIT5];10299692;100.00;;"
10630 [140369472239296] INFO perfrun.perfcollector <> - PERF_STAT : "     4.045651875;CPU0;6359;;UNC_M_CAS_COUNT.RD[UNIT0];10302209;100.00;;"
10630 [140369472239296] INFO perfrun.perfcollector <> - PERF_STAT : "     4.045651875;CPU10;9294;;UNC_M_CAS_COUNT.RD[UNIT0];10300386;100.00;;"
10630 [140369472239296] INFO perfrun.perfcollector <> - PERF_STAT : "     4.045651875;CPU0;6827;;UNC_M_CAS_COUNT.RD[UNIT1];10302682;100.00;;"
10630 [140369472239296] INFO perfrun.perfcollector <> - PERF_STAT : "     4.045651875;CPU10;9371;;UNC_M_CAS_COUNT.RD[UNIT1];10304218;100.00;;"
10630 [140369472239296] INFO perfrun.perfcollector <> - PERF_STAT : "     4.045651875;CPU0;6321;;UNC_M_CAS_COUNT.RD[UNIT4];10302576;100.00;;"
10630 [140369472239296] INFO perfrun.perfcollector <> - PERF_STAT : "     4.045651875;CPU10;9466;;UNC_M_CAS_COUNT.RD[UNIT4];10306553;100.00;;"
10630 [140369472239296] INFO perfrun.perfcollector <> - PERF_STAT : "     4.045651875;CPU0;6849;;UNC_M_CAS_COUNT.RD[UNIT5];10302698;100.00;;"
10630 [140369472239296] INFO perfrun.perfcollector <> - PERF_STAT : "     4.045651875;CPU10;9478;;UNC_M_CAS_COUNT.RD[UNIT5];10309048;100.00;;"
10630 [140369472239296] INFO perfrun.perfcollector <> - PERF_STAT : "     4.045651875;CPU0;6015;;UNC_M_CAS_COUNT.WR[UNIT0];10302905;100.00;;"
10630 [140369472239296] INFO perfrun.perfcollector <> - PERF_STAT : "     4.045651875;CPU10;1905;;UNC_M_CAS_COUNT.WR[UNIT0];10311844;100.00;;"
10630 [140369472239296] INFO perfrun.perfcollector <> - PERF_STAT : "     4.045651875;CPU0;6418;;UNC_M_CAS_COUNT.WR[UNIT1];10303155;100.00;;"
10630 [140369472239296] INFO perfrun.perfcollector <> - PERF_STAT : "     4.045651875;CPU10;1952;;UNC_M_CAS_COUNT.WR[UNIT1];10314575;100.00;;"
10630 [140369472239296] INFO perfrun.perfcollector <> - PERF_STAT : "     4.045651875;CPU0;6030;;UNC_M_CAS_COUNT.WR[UNIT4];10303336;100.00;;"
10630 [140369472239296] INFO perfrun.perfcollector <> - PERF_STAT : "     4.045651875;CPU10;1945;;UNC_M_CAS_COUNT.WR[UNIT4];10317095;100.00;;"
10630 [140369472239296] INFO perfrun.perfcollector <> - PERF_STAT : "     4.045651875;CPU0;6406;;UNC_M_CAS_COUNT.WR[UNIT5];10303535;100.00;;"
10630 [140369472239296] INFO perfrun.perfcollector <> - PERF_STAT : "     4.045651875;CPU10;2107;;UNC_M_CAS_COUNT.WR[UNIT5];10319523;100.00;;"
10636 [140368188262080] INFO perfrun.perfcollector <> - Monitor: runCmd RC = true
10637 [140369517864640] INFO perfrun.perfcollector <> - Monitor: state = 3, error = 1
10639 [140369472239296] INFO perfrun.perfcollector <> - PERF_STAT : "     4.054591993;CPU0;9011;;UNC_M_CAS_COUNT.RD[UNIT0];8921836;100.00;;"
10639 [140369472239296] INFO perfrun.perfcollector <> - PERF_STAT : "     4.054591993;CPU10;7689;;UNC_M_CAS_COUNT.RD[UNIT0];8913708;100.00;;"
10639 [140369472239296] INFO perfrun.perfcollector <> - PERF_STAT : "     4.054591993;CPU0;9356;;UNC_M_CAS_COUNT.RD[UNIT1];8921991;100.00;;"
10639 [140369472239296] INFO perfrun.perfcollector <> - PERF_STAT : "     4.054591993;CPU10;8338;;UNC_M_CAS_COUNT.RD[UNIT1];8909921;100.00;;"
10639 [140369472239296] INFO perfrun.perfcollector <> - PERF_STAT : "     4.054591993;CPU0;5771;;UNC_M_CAS_COUNT.RD[UNIT4];8922074;100.00;;"
10639 [140369472239296] INFO perfrun.perfcollector <> - PERF_STAT : "     4.054591993;CPU10;7705;;UNC_M_CAS_COUNT.RD[UNIT4];8907530;100.00;;"
10639 [140369472239296] INFO perfrun.perfcollector <> - PERF_STAT : "     4.054591993;CPU0;6006;;UNC_M_CAS_COUNT.RD[UNIT5];8921976;100.00;;"
10639 [140369472239296] INFO perfrun.perfcollector <> - PERF_STAT : "     4.054591993;CPU10;8082;;UNC_M_CAS_COUNT.RD[UNIT5];8905184;100.00;;"
10639 [140369472239296] INFO perfrun.perfcollector <> - PERF_STAT : "     4.054591993;CPU0;3656;;UNC_M_CAS_COUNT.WR[UNIT0];8922056;100.00;;"
10639 [140369472239296] INFO perfrun.perfcollector <> - PERF_STAT : "     4.054591993;CPU10;1789;;UNC_M_CAS_COUNT.WR[UNIT0];8902479;100.00;;"
10639 [140369472239296] INFO perfrun.perfcollector <> - PERF_STAT : "     4.054591993;CPU0;4083;;UNC_M_CAS_COUNT.WR[UNIT1];8922057;100.00;;"
10639 [140369472239296] INFO perfrun.perfcollector <> - PERF_STAT : "     4.054591993;CPU10;2299;;UNC_M_CAS_COUNT.WR[UNIT1];8899941;100.00;;"
10639 [140369472239296] INFO perfrun.perfcollector <> - PERF_STAT : "     4.054591993;CPU0;3667;;UNC_M_CAS_COUNT.WR[UNIT4];8922110;100.00;;"
10639 [140369472239296] INFO perfrun.perfcollector <> - PERF_STAT : "     4.054591993;CPU10;1914;;UNC_M_CAS_COUNT.WR[UNIT4];8897539;100.00;;"
10639 [140369472239296] INFO perfrun.perfcollector <> - PERF_STAT : "     4.054591993;CPU0;4056;;UNC_M_CAS_COUNT.WR[UNIT5];8922274;100.00;;"
10639 [140369472239296] INFO perfrun.perfcollector <> - PERF_STAT : "     4.054591993;CPU10;2265;;UNC_M_CAS_COUNT.WR[UNIT5];8895238;100.00;;"
10642 [140368179869376] INFO perfrun.perfcollector <> - Monitor: runCmd RC = true
10642 [140369517864640] INFO perfrun.perfcollector <> - Monitor: state = 3, error = 1
10642 [140369517864640] INFO perfrun.sdk <> - De-allocating TMU: /tmp/amplxe-tmp-dhamorim/amplxe-res-1442629-16359279856238468/data.0/systemcollector-1442629-hype1.sc
10642 [140369517864640] INFO perfrun.system <> - closed the system trace file: /tmp/amplxe-tmp-dhamorim/amplxe-res-1442629-16359279856238468/data.0/systemcollector-1442629-hype1.sc
10642 [140369674134208] INFO perfrun.launcher <> - Launcher: all plugins were stopped.
10642 [140369674134208] INFO perfrun.launcher <> - DeadlineTimer is going to be destroyed
10642 [140369674134208] INFO perfrun.launcher <> - DeadlineTimer was destroyed
10642 [140369674134208] INFO perfrun.launcher <> - DirectoryMonitor object was destroyed
10642 [140369674134208] WARN perfrun.launcher <> - Stop command is ignored because it is received when collection is already stopped, at file: vcs/perfrun1/launcher/src/command_handler.cpp:212
12236 [140369674134208] INFO perfrun.launcher <> - Application exit code: 0
12236 [140369674134208] INFO perfrun.launcher <> - Exit code: 0
