13 [139786161881792] INFO perfrun.launcher <> - Launcher main begin
17 [139786161881792] INFO perfrun.launcher <> - MessageCatalogInit finished
17 [139786161881792] INFO perfrun.launcher <> - Launcher instance created
17 [139786161881792] INFO perfrun.launcher <> - argc = 7; cmdline = /home/intel/oneapi/vtune/2021.1.1/bin64/amplxe-runss --ui-output-format xml --ui-output-fd 5 --option-file /home/users/dhamorim/pagerank-openmp/results/hpc-performance_web-Stanford_64/config/runsa.options 
33 [139786161881792] INFO perfrun.launcher <> - plugin remoteplug has been added successfully
33 [139786161881792] INFO perfrun.launcher <> - plugin system has been added successfully
33 [139786161881792] INFO perfrun.launcher <> - plugin vdso has been added successfully
33 [139786161881792] INFO perfrun.launcher <> - plugin itt has been added successfully
33 [139786161881792] INFO perfrun.launcher <> - plugin ptracecollector has been added successfully
33 [139786161881792] INFO perfrun.launcher <> - plugin gpu has been added successfully
33 [139786161881792] INFO perfrun.launcher <> - plugin  has been added successfully
33 [139786161881792] INFO perfrun.launcher <> - plugin  has been added successfully
33 [139786161881792] INFO perfrun.launcher <> - plugin  has been added successfully
33 [139786161881792] INFO perfrun.launcher <> - plugin mrte has been added successfully
33 [139786161881792] INFO perfrun.launcher <> - plugin emon has been added successfully
34 [139786161881792] INFO perfrun.launcher <> - plugin cuscol has been added successfully
34 [139786161881792] INFO perfrun.launcher <> - plugin stdsrc has been added successfully
34 [139786161881792] INFO perfrun.launcher <> - plugin sep has been added successfully
34 [139786161881792] INFO perfrun.launcher <> - plugin vtsspp has been added successfully
34 [139786161881792] INFO perfrun.sdk <> - Reading value (-1) from file: /proc/sys/kernel/perf_event_paranoid
34 [139786161881792] INFO perfrun.perfcollector <> - checking access to: /home/intel/oneapi/vtune/2021.1.1/bin64/amplxe-perf-priv
38 [139786161881792] INFO perfrun.perfcollector <> - cpu: family = 6 model = 63
38 [139786161881792] INFO perfrun.perfcollector <> - dir found : /sys/bus/event_source/devices/software
38 [139786161881792] WARN perfrun.perfcollector <> - format subdir doesn't exist, at file: vcs/perfrun1/plugins/perfcollector/src/controller.cpp:725
38 [139786161881792] WARN perfrun.perfcollector <> - pmu hwInfo is not set, at file: vcs/perfrun1/plugins/perfcollector/src/controller.cpp:819
38 [139786161881792] INFO perfrun.perfcollector <> - pmu added : family : software , id : 0
38 [139786161881792] INFO perfrun.perfcollector <> - dir found : /sys/bus/event_source/devices/uncore_imc_5
38 [139786161881792] INFO perfrun.perfcollector <> - format: event config:0-7 mask:0-7
38 [139786161881792] INFO perfrun.perfcollector <> - format: edge config:18 mask:18
38 [139786161881792] INFO perfrun.perfcollector <> - format: inv config:23 mask:23
38 [139786161881792] INFO perfrun.perfcollector <> - format: umask config:8-15 mask:8-15
38 [139786161881792] INFO perfrun.perfcollector <> - format: thresh config:24-31 mask:24-31
38 [139786161881792] INFO perfrun.perfcollector <> - hwInfo : PERF_IMC_PMU_DETAILS
38 [139786161881792] INFO perfrun.perfcollector <> - pmu added : family : uncore_imc , id : 5
38 [139786161881792] INFO perfrun.perfcollector <> - dir found : /sys/bus/event_source/devices/uncore_sbox_2
38 [139786161881792] INFO perfrun.perfcollector <> - format: event config:0-7 mask:0-7
38 [139786161881792] INFO perfrun.perfcollector <> - format: edge config:18 mask:18
38 [139786161881792] INFO perfrun.perfcollector <> - format: inv config:23 mask:23
38 [139786161881792] INFO perfrun.perfcollector <> - format: umask config:8-15 mask:8-15
38 [139786161881792] INFO perfrun.perfcollector <> - format: tid_en config:19 mask:19
38 [139786161881792] INFO perfrun.perfcollector <> - format: thresh config:24-31 mask:24-31
38 [139786161881792] WARN perfrun.perfcollector <> - pmu hwInfo is not set, at file: vcs/perfrun1/plugins/perfcollector/src/controller.cpp:819
38 [139786161881792] INFO perfrun.perfcollector <> - pmu added : family : uncore_sbox , id : 2
38 [139786161881792] INFO perfrun.perfcollector <> - dir found : /sys/bus/event_source/devices/uncore_cbox_8
38 [139786161881792] INFO perfrun.perfcollector <> - format: event config:0-7 mask:0-7
38 [139786161881792] INFO perfrun.perfcollector <> - format: filter_link config1:6-8 mask:6-8
38 [139786161881792] INFO perfrun.perfcollector <> - format: filter_c6 config1:61 mask:61
38 [139786161881792] INFO perfrun.perfcollector <> - format: edge config:18 mask:18
38 [139786161881792] INFO perfrun.perfcollector <> - format: filter_isoc config1:63 mask:63
38 [139786161881792] INFO perfrun.perfcollector <> - format: filter_tid config1:0-5 mask:0-5
38 [139786161881792] INFO perfrun.perfcollector <> - format: filter_nid config1:32-47 mask:32-47
38 [139786161881792] INFO perfrun.perfcollector <> - format: filter_nc config1:62 mask:62
38 [139786161881792] INFO perfrun.perfcollector <> - format: umask config:8-15 mask:8-15
38 [139786161881792] INFO perfrun.perfcollector <> - format: tid_en config:19 mask:19
39 [139786161881792] INFO perfrun.perfcollector <> - format: thresh config:24-31 mask:24-31
39 [139786161881792] INFO perfrun.perfcollector <> - format: filter_state config1:17-23 mask:17-23
39 [139786161881792] INFO perfrun.perfcollector <> - format: filter_opc config1:52-60 mask:52-60
39 [139786161881792] WARN perfrun.perfcollector <> - pmu hwInfo is not set, at file: vcs/perfrun1/plugins/perfcollector/src/controller.cpp:819
39 [139786161881792] INFO perfrun.perfcollector <> - pmu added : family : uncore_cbox , id : 8
39 [139786161881792] INFO perfrun.perfcollector <> - dir found : /sys/bus/event_source/devices/uncore_r2pcie
39 [139786161881792] INFO perfrun.perfcollector <> - format: event config:0-7 mask:0-7
39 [139786161881792] INFO perfrun.perfcollector <> - format: edge config:18 mask:18
39 [139786161881792] INFO perfrun.perfcollector <> - format: inv config:23 mask:23
39 [139786161881792] INFO perfrun.perfcollector <> - format: umask config:8-15 mask:8-15
39 [139786161881792] INFO perfrun.perfcollector <> - format: thresh config:24-31 mask:24-31
39 [139786161881792] WARN perfrun.perfcollector <> - pmu hwInfo is not set, at file: vcs/perfrun1/plugins/perfcollector/src/controller.cpp:819
39 [139786161881792] INFO perfrun.perfcollector <> - pmu added : family : uncore_r2pcie , id : 0
39 [139786161881792] INFO perfrun.perfcollector <> - dir found : /sys/bus/event_source/devices/uncore_sbox_0
39 [139786161881792] INFO perfrun.perfcollector <> - format: event config:0-7 mask:0-7
39 [139786161881792] INFO perfrun.perfcollector <> - format: edge config:18 mask:18
39 [139786161881792] INFO perfrun.perfcollector <> - format: inv config:23 mask:23
39 [139786161881792] INFO perfrun.perfcollector <> - format: umask config:8-15 mask:8-15
39 [139786161881792] INFO perfrun.perfcollector <> - format: tid_en config:19 mask:19
39 [139786161881792] INFO perfrun.perfcollector <> - format: thresh config:24-31 mask:24-31
39 [139786161881792] WARN perfrun.perfcollector <> - pmu hwInfo is not set, at file: vcs/perfrun1/plugins/perfcollector/src/controller.cpp:819
39 [139786161881792] INFO perfrun.perfcollector <> - pmu added : family : uncore_sbox , id : 0
39 [139786161881792] INFO perfrun.perfcollector <> - dir found : /sys/bus/event_source/devices/uncore_cbox_6
39 [139786161881792] INFO perfrun.perfcollector <> - format: event config:0-7 mask:0-7
39 [139786161881792] INFO perfrun.perfcollector <> - format: filter_link config1:6-8 mask:6-8
39 [139786161881792] INFO perfrun.perfcollector <> - format: filter_c6 config1:61 mask:61
39 [139786161881792] INFO perfrun.perfcollector <> - format: edge config:18 mask:18
39 [139786161881792] INFO perfrun.perfcollector <> - format: filter_isoc config1:63 mask:63
39 [139786161881792] INFO perfrun.perfcollector <> - format: filter_tid config1:0-5 mask:0-5
39 [139786161881792] INFO perfrun.perfcollector <> - format: filter_nid config1:32-47 mask:32-47
39 [139786161881792] INFO perfrun.perfcollector <> - format: filter_nc config1:62 mask:62
39 [139786161881792] INFO perfrun.perfcollector <> - format: umask config:8-15 mask:8-15
39 [139786161881792] INFO perfrun.perfcollector <> - format: tid_en config:19 mask:19
39 [139786161881792] INFO perfrun.perfcollector <> - format: thresh config:24-31 mask:24-31
39 [139786161881792] INFO perfrun.perfcollector <> - format: filter_state config1:17-23 mask:17-23
39 [139786161881792] INFO perfrun.perfcollector <> - format: filter_opc config1:52-60 mask:52-60
39 [139786161881792] WARN perfrun.perfcollector <> - pmu hwInfo is not set, at file: vcs/perfrun1/plugins/perfcollector/src/controller.cpp:819
39 [139786161881792] INFO perfrun.perfcollector <> - pmu added : family : uncore_cbox , id : 6
39 [139786161881792] INFO perfrun.perfcollector <> - dir found : /sys/bus/event_source/devices/uncore_imc_1
40 [139786161881792] INFO perfrun.perfcollector <> - format: event config:0-7 mask:0-7
40 [139786161881792] INFO perfrun.perfcollector <> - format: edge config:18 mask:18
40 [139786161881792] INFO perfrun.perfcollector <> - format: inv config:23 mask:23
40 [139786161881792] INFO perfrun.perfcollector <> - format: umask config:8-15 mask:8-15
40 [139786161881792] INFO perfrun.perfcollector <> - format: thresh config:24-31 mask:24-31
40 [139786161881792] INFO perfrun.perfcollector <> - hwInfo : PERF_IMC_PMU_DETAILS
40 [139786161881792] INFO perfrun.perfcollector <> - pmu added : family : uncore_imc , id : 1
40 [139786161881792] INFO perfrun.perfcollector <> - dir found : /sys/bus/event_source/devices/power
40 [139786161881792] INFO perfrun.perfcollector <> - format: event config:0-7 mask:0-7
40 [139786161881792] WARN perfrun.perfcollector <> - pmu hwInfo is not set, at file: vcs/perfrun1/plugins/perfcollector/src/controller.cpp:819
40 [139786161881792] INFO perfrun.perfcollector <> - pmu added : family : power , id : 0
40 [139786161881792] INFO perfrun.perfcollector <> - dir found : /sys/bus/event_source/devices/uncore_cbox_4
40 [139786161881792] INFO perfrun.perfcollector <> - format: event config:0-7 mask:0-7
40 [139786161881792] INFO perfrun.perfcollector <> - format: filter_link config1:6-8 mask:6-8
40 [139786161881792] INFO perfrun.perfcollector <> - format: filter_c6 config1:61 mask:61
40 [139786161881792] INFO perfrun.perfcollector <> - format: edge config:18 mask:18
40 [139786161881792] INFO perfrun.perfcollector <> - format: filter_isoc config1:63 mask:63
40 [139786161881792] INFO perfrun.perfcollector <> - format: filter_tid config1:0-5 mask:0-5
40 [139786161881792] INFO perfrun.perfcollector <> - format: filter_nid config1:32-47 mask:32-47
40 [139786161881792] INFO perfrun.perfcollector <> - format: filter_nc config1:62 mask:62
40 [139786161881792] INFO perfrun.perfcollector <> - format: umask config:8-15 mask:8-15
40 [139786161881792] INFO perfrun.perfcollector <> - format: tid_en config:19 mask:19
40 [139786161881792] INFO perfrun.perfcollector <> - format: thresh config:24-31 mask:24-31
40 [139786161881792] INFO perfrun.perfcollector <> - format: filter_state config1:17-23 mask:17-23
40 [139786161881792] INFO perfrun.perfcollector <> - format: filter_opc config1:52-60 mask:52-60
40 [139786161881792] WARN perfrun.perfcollector <> - pmu hwInfo is not set, at file: vcs/perfrun1/plugins/perfcollector/src/controller.cpp:819
40 [139786161881792] INFO perfrun.perfcollector <> - pmu added : family : uncore_cbox , id : 4
40 [139786161881792] INFO perfrun.perfcollector <> - dir found : /sys/bus/event_source/devices/uprobe
40 [139786161881792] INFO perfrun.perfcollector <> - format: ref_ctr_offset config:32-63 mask:32-63
40 [139786161881792] INFO perfrun.perfcollector <> - format: retprobe config:0 mask:0
40 [139786161881792] WARN perfrun.perfcollector <> - pmu hwInfo is not set, at file: vcs/perfrun1/plugins/perfcollector/src/controller.cpp:819
40 [139786161881792] INFO perfrun.perfcollector <> - pmu added : family : uprobe , id : 0
40 [139786161881792] INFO perfrun.perfcollector <> - dir found : /sys/bus/event_source/devices/cpu
40 [139786161881792] INFO perfrun.perfcollector <> - format: event config:0-7 mask:0-7
40 [139786161881792] INFO perfrun.perfcollector <> - format: pc config:19 mask:19
40 [139786161881792] INFO perfrun.perfcollector <> - format: edge config:18 mask:18
40 [139786161881792] INFO perfrun.perfcollector <> - format: any config:21 mask:21
40 [139786161881792] INFO perfrun.perfcollector <> - format: offcore_rsp config1:0-63 mask:0-63
40 [139786161881792] INFO perfrun.perfcollector <> - format: ldlat config1:0-15 mask:0-15
40 [139786161881792] INFO perfrun.perfcollector <> - format: inv config:23 mask:23
40 [139786161881792] INFO perfrun.perfcollector <> - format: umask config:8-15 mask:8-15
40 [139786161881792] INFO perfrun.perfcollector <> - format: cmask config:24-31 mask:24-31
41 [139786161881792] INFO perfrun.perfcollector <> - hwInfo : PERF_CPU_PMU_DETAILS
41 [139786161881792] INFO perfrun.perfcollector <> - pmu added : family : cpu , id : 0
41 [139786161881792] INFO perfrun.perfcollector <> - dir found : /sys/bus/event_source/devices/uncore_r3qpi_0
41 [139786161881792] INFO perfrun.perfcollector <> - format: event config:0-7 mask:0-7
41 [139786161881792] INFO perfrun.perfcollector <> - format: edge config:18 mask:18
41 [139786161881792] INFO perfrun.perfcollector <> - format: inv config:23 mask:23
41 [139786161881792] INFO perfrun.perfcollector <> - format: umask config:8-15 mask:8-15
41 [139786161881792] INFO perfrun.perfcollector <> - format: thresh config:24-31 mask:24-31
41 [139786161881792] WARN perfrun.perfcollector <> - pmu hwInfo is not set, at file: vcs/perfrun1/plugins/perfcollector/src/controller.cpp:819
41 [139786161881792] INFO perfrun.perfcollector <> - pmu added : family : uncore_r3qpi , id : 0
41 [139786161881792] INFO perfrun.perfcollector <> - dir found : /sys/bus/event_source/devices/cstate_core
41 [139786161881792] INFO perfrun.perfcollector <> - format: event config:0-63 mask:0-63
41 [139786161881792] WARN perfrun.perfcollector <> - pmu hwInfo is not set, at file: vcs/perfrun1/plugins/perfcollector/src/controller.cpp:819
41 [139786161881792] INFO perfrun.perfcollector <> - pmu added : family : cstate_core , id : 0
41 [139786161881792] INFO perfrun.perfcollector <> - dir found : /sys/bus/event_source/devices/uncore_cbox_2
41 [139786161881792] INFO perfrun.perfcollector <> - format: event config:0-7 mask:0-7
41 [139786161881792] INFO perfrun.perfcollector <> - format: filter_link config1:6-8 mask:6-8
41 [139786161881792] INFO perfrun.perfcollector <> - format: filter_c6 config1:61 mask:61
41 [139786161881792] INFO perfrun.perfcollector <> - format: edge config:18 mask:18
41 [139786161881792] INFO perfrun.perfcollector <> - format: filter_isoc config1:63 mask:63
41 [139786161881792] INFO perfrun.perfcollector <> - format: filter_tid config1:0-5 mask:0-5
41 [139786161881792] INFO perfrun.perfcollector <> - format: filter_nid config1:32-47 mask:32-47
41 [139786161881792] INFO perfrun.perfcollector <> - format: filter_nc config1:62 mask:62
41 [139786161881792] INFO perfrun.perfcollector <> - format: umask config:8-15 mask:8-15
41 [139786161881792] INFO perfrun.perfcollector <> - format: tid_en config:19 mask:19
41 [139786161881792] INFO perfrun.perfcollector <> - format: thresh config:24-31 mask:24-31
41 [139786161881792] INFO perfrun.perfcollector <> - format: filter_state config1:17-23 mask:17-23
41 [139786161881792] INFO perfrun.perfcollector <> - format: filter_opc config1:52-60 mask:52-60
41 [139786161881792] WARN perfrun.perfcollector <> - pmu hwInfo is not set, at file: vcs/perfrun1/plugins/perfcollector/src/controller.cpp:819
41 [139786161881792] INFO perfrun.perfcollector <> - pmu added : family : uncore_cbox , id : 2
41 [139786161881792] INFO perfrun.perfcollector <> - dir found : /sys/bus/event_source/devices/breakpoint
41 [139786161881792] WARN perfrun.perfcollector <> - format subdir doesn't exist, at file: vcs/perfrun1/plugins/perfcollector/src/controller.cpp:725
41 [139786161881792] WARN perfrun.perfcollector <> - pmu hwInfo is not set, at file: vcs/perfrun1/plugins/perfcollector/src/controller.cpp:819
41 [139786161881792] INFO perfrun.perfcollector <> - pmu added : family : breakpoint , id : 0
41 [139786161881792] INFO perfrun.perfcollector <> - dir found : /sys/bus/event_source/devices/uncore_ha_0
41 [139786161881792] INFO perfrun.perfcollector <> - format: event config:0-7 mask:0-7
41 [139786161881792] INFO perfrun.perfcollector <> - format: edge config:18 mask:18
41 [139786161881792] INFO perfrun.perfcollector <> - format: inv config:23 mask:23
41 [139786161881792] INFO perfrun.perfcollector <> - format: umask config:8-15 mask:8-15
41 [139786161881792] INFO perfrun.perfcollector <> - format: thresh config:24-31 mask:24-31
41 [139786161881792] WARN perfrun.perfcollector <> - pmu hwInfo is not set, at file: vcs/perfrun1/plugins/perfcollector/src/controller.cpp:819
41 [139786161881792] INFO perfrun.perfcollector <> - pmu added : family : uncore_ha , id : 0
41 [139786161881792] INFO perfrun.perfcollector <> - dir found : /sys/bus/event_source/devices/uncore_cbox_0
42 [139786161881792] INFO perfrun.perfcollector <> - format: event config:0-7 mask:0-7
42 [139786161881792] INFO perfrun.perfcollector <> - format: filter_link config1:6-8 mask:6-8
42 [139786161881792] INFO perfrun.perfcollector <> - format: filter_c6 config1:61 mask:61
42 [139786161881792] INFO perfrun.perfcollector <> - format: edge config:18 mask:18
42 [139786161881792] INFO perfrun.perfcollector <> - format: filter_isoc config1:63 mask:63
42 [139786161881792] INFO perfrun.perfcollector <> - format: filter_tid config1:0-5 mask:0-5
42 [139786161881792] INFO perfrun.perfcollector <> - format: filter_nid config1:32-47 mask:32-47
42 [139786161881792] INFO perfrun.perfcollector <> - format: filter_nc config1:62 mask:62
42 [139786161881792] INFO perfrun.perfcollector <> - format: umask config:8-15 mask:8-15
42 [139786161881792] INFO perfrun.perfcollector <> - format: tid_en config:19 mask:19
42 [139786161881792] INFO perfrun.perfcollector <> - format: thresh config:24-31 mask:24-31
42 [139786161881792] INFO perfrun.perfcollector <> - format: filter_state config1:17-23 mask:17-23
42 [139786161881792] INFO perfrun.perfcollector <> - format: filter_opc config1:52-60 mask:52-60
42 [139786161881792] WARN perfrun.perfcollector <> - pmu hwInfo is not set, at file: vcs/perfrun1/plugins/perfcollector/src/controller.cpp:819
42 [139786161881792] INFO perfrun.perfcollector <> - pmu added : family : uncore_cbox , id : 0
42 [139786161881792] INFO perfrun.perfcollector <> - dir found : /sys/bus/event_source/devices/tracepoint
42 [139786161881792] WARN perfrun.perfcollector <> - format subdir doesn't exist, at file: vcs/perfrun1/plugins/perfcollector/src/controller.cpp:725
42 [139786161881792] WARN perfrun.perfcollector <> - pmu hwInfo is not set, at file: vcs/perfrun1/plugins/perfcollector/src/controller.cpp:819
42 [139786161881792] INFO perfrun.perfcollector <> - pmu added : family : tracepoint , id : 0
42 [139786161881792] INFO perfrun.perfcollector <> - dir found : /sys/bus/event_source/devices/uncore_sbox_3
42 [139786161881792] INFO perfrun.perfcollector <> - format: event config:0-7 mask:0-7
42 [139786161881792] INFO perfrun.perfcollector <> - format: edge config:18 mask:18
42 [139786161881792] INFO perfrun.perfcollector <> - format: inv config:23 mask:23
42 [139786161881792] INFO perfrun.perfcollector <> - format: umask config:8-15 mask:8-15
42 [139786161881792] INFO perfrun.perfcollector <> - format: tid_en config:19 mask:19
42 [139786161881792] INFO perfrun.perfcollector <> - format: thresh config:24-31 mask:24-31
42 [139786161881792] WARN perfrun.perfcollector <> - pmu hwInfo is not set, at file: vcs/perfrun1/plugins/perfcollector/src/controller.cpp:819
42 [139786161881792] INFO perfrun.perfcollector <> - pmu added : family : uncore_sbox , id : 3
42 [139786161881792] INFO perfrun.perfcollector <> - dir found : /sys/bus/event_source/devices/uncore_cbox_9
42 [139786161881792] INFO perfrun.perfcollector <> - format: event config:0-7 mask:0-7
42 [139786161881792] INFO perfrun.perfcollector <> - format: filter_link config1:6-8 mask:6-8
42 [139786161881792] INFO perfrun.perfcollector <> - format: filter_c6 config1:61 mask:61
42 [139786161881792] INFO perfrun.perfcollector <> - format: edge config:18 mask:18
42 [139786161881792] INFO perfrun.perfcollector <> - format: filter_isoc config1:63 mask:63
42 [139786161881792] INFO perfrun.perfcollector <> - format: filter_tid config1:0-5 mask:0-5
42 [139786161881792] INFO perfrun.perfcollector <> - format: filter_nid config1:32-47 mask:32-47
42 [139786161881792] INFO perfrun.perfcollector <> - format: filter_nc config1:62 mask:62
42 [139786161881792] INFO perfrun.perfcollector <> - format: umask config:8-15 mask:8-15
42 [139786161881792] INFO perfrun.perfcollector <> - format: tid_en config:19 mask:19
42 [139786161881792] INFO perfrun.perfcollector <> - format: thresh config:24-31 mask:24-31
42 [139786161881792] INFO perfrun.perfcollector <> - format: filter_state config1:17-23 mask:17-23
43 [139786161881792] INFO perfrun.perfcollector <> - format: filter_opc config1:52-60 mask:52-60
43 [139786161881792] WARN perfrun.perfcollector <> - pmu hwInfo is not set, at file: vcs/perfrun1/plugins/perfcollector/src/controller.cpp:819
43 [139786161881792] INFO perfrun.perfcollector <> - pmu added : family : uncore_cbox , id : 9
43 [139786161881792] INFO perfrun.perfcollector <> - dir found : /sys/bus/event_source/devices/cstate_pkg
43 [139786161881792] INFO perfrun.perfcollector <> - format: event config:0-63 mask:0-63
43 [139786161881792] WARN perfrun.perfcollector <> - pmu hwInfo is not set, at file: vcs/perfrun1/plugins/perfcollector/src/controller.cpp:819
43 [139786161881792] INFO perfrun.perfcollector <> - pmu added : family : cstate_pkg , id : 0
43 [139786161881792] INFO perfrun.perfcollector <> - dir found : /sys/bus/event_source/devices/uncore_imc_4
43 [139786161881792] INFO perfrun.perfcollector <> - format: event config:0-7 mask:0-7
43 [139786161881792] INFO perfrun.perfcollector <> - format: edge config:18 mask:18
43 [139786161881792] INFO perfrun.perfcollector <> - format: inv config:23 mask:23
43 [139786161881792] INFO perfrun.perfcollector <> - format: umask config:8-15 mask:8-15
43 [139786161881792] INFO perfrun.perfcollector <> - format: thresh config:24-31 mask:24-31
43 [139786161881792] INFO perfrun.perfcollector <> - hwInfo : PERF_IMC_PMU_DETAILS
43 [139786161881792] INFO perfrun.perfcollector <> - pmu added : family : uncore_imc , id : 4
43 [139786161881792] INFO perfrun.perfcollector <> - dir found : /sys/bus/event_source/devices/uncore_ubox
43 [139786161881792] INFO perfrun.perfcollector <> - format: event config:0-7 mask:0-7
43 [139786161881792] INFO perfrun.perfcollector <> - format: edge config:18 mask:18
43 [139786161881792] INFO perfrun.perfcollector <> - format: filter_tid config1:0 mask:0
43 [139786161881792] INFO perfrun.perfcollector <> - format: inv config:23 mask:23
43 [139786161881792] INFO perfrun.perfcollector <> - format: umask config:8-15 mask:8-15
43 [139786161881792] INFO perfrun.perfcollector <> - format: thresh config:24-28 mask:24-28
43 [139786161881792] INFO perfrun.perfcollector <> - format: filter_cid config1:5 mask:5
43 [139786161881792] WARN perfrun.perfcollector <> - pmu hwInfo is not set, at file: vcs/perfrun1/plugins/perfcollector/src/controller.cpp:819
43 [139786161881792] INFO perfrun.perfcollector <> - pmu added : family : uncore_ubox , id : 0
43 [139786161881792] INFO perfrun.perfcollector <> - dir found : /sys/bus/event_source/devices/uncore_sbox_1
43 [139786161881792] INFO perfrun.perfcollector <> - format: event config:0-7 mask:0-7
43 [139786161881792] INFO perfrun.perfcollector <> - format: edge config:18 mask:18
43 [139786161881792] INFO perfrun.perfcollector <> - format: inv config:23 mask:23
43 [139786161881792] INFO perfrun.perfcollector <> - format: umask config:8-15 mask:8-15
43 [139786161881792] INFO perfrun.perfcollector <> - format: tid_en config:19 mask:19
43 [139786161881792] INFO perfrun.perfcollector <> - format: thresh config:24-31 mask:24-31
43 [139786161881792] WARN perfrun.perfcollector <> - pmu hwInfo is not set, at file: vcs/perfrun1/plugins/perfcollector/src/controller.cpp:819
43 [139786161881792] INFO perfrun.perfcollector <> - pmu added : family : uncore_sbox , id : 1
43 [139786161881792] INFO perfrun.perfcollector <> - dir found : /sys/bus/event_source/devices/uncore_cbox_7
43 [139786161881792] INFO perfrun.perfcollector <> - format: event config:0-7 mask:0-7
43 [139786161881792] INFO perfrun.perfcollector <> - format: filter_link config1:6-8 mask:6-8
43 [139786161881792] INFO perfrun.perfcollector <> - format: filter_c6 config1:61 mask:61
43 [139786161881792] INFO perfrun.perfcollector <> - format: edge config:18 mask:18
43 [139786161881792] INFO perfrun.perfcollector <> - format: filter_isoc config1:63 mask:63
43 [139786161881792] INFO perfrun.perfcollector <> - format: filter_tid config1:0-5 mask:0-5
44 [139786161881792] INFO perfrun.perfcollector <> - format: filter_nid config1:32-47 mask:32-47
44 [139786161881792] INFO perfrun.perfcollector <> - format: filter_nc config1:62 mask:62
44 [139786161881792] INFO perfrun.perfcollector <> - format: umask config:8-15 mask:8-15
44 [139786161881792] INFO perfrun.perfcollector <> - format: tid_en config:19 mask:19
44 [139786161881792] INFO perfrun.perfcollector <> - format: thresh config:24-31 mask:24-31
44 [139786161881792] INFO perfrun.perfcollector <> - format: filter_state config1:17-23 mask:17-23
44 [139786161881792] INFO perfrun.perfcollector <> - format: filter_opc config1:52-60 mask:52-60
44 [139786161881792] WARN perfrun.perfcollector <> - pmu hwInfo is not set, at file: vcs/perfrun1/plugins/perfcollector/src/controller.cpp:819
44 [139786161881792] INFO perfrun.perfcollector <> - pmu added : family : uncore_cbox , id : 7
44 [139786161881792] INFO perfrun.perfcollector <> - dir found : /sys/bus/event_source/devices/kprobe
44 [139786161881792] INFO perfrun.perfcollector <> - format: retprobe config:0 mask:0
44 [139786161881792] WARN perfrun.perfcollector <> - pmu hwInfo is not set, at file: vcs/perfrun1/plugins/perfcollector/src/controller.cpp:819
44 [139786161881792] INFO perfrun.perfcollector <> - pmu added : family : kprobe , id : 0
44 [139786161881792] INFO perfrun.perfcollector <> - dir found : /sys/bus/event_source/devices/uncore_cbox_5
44 [139786161881792] INFO perfrun.perfcollector <> - format: event config:0-7 mask:0-7
44 [139786161881792] INFO perfrun.perfcollector <> - format: filter_link config1:6-8 mask:6-8
44 [139786161881792] INFO perfrun.perfcollector <> - format: filter_c6 config1:61 mask:61
44 [139786161881792] INFO perfrun.perfcollector <> - format: edge config:18 mask:18
44 [139786161881792] INFO perfrun.perfcollector <> - format: filter_isoc config1:63 mask:63
44 [139786161881792] INFO perfrun.perfcollector <> - format: filter_tid config1:0-5 mask:0-5
44 [139786161881792] INFO perfrun.perfcollector <> - format: filter_nid config1:32-47 mask:32-47
44 [139786161881792] INFO perfrun.perfcollector <> - format: filter_nc config1:62 mask:62
44 [139786161881792] INFO perfrun.perfcollector <> - format: umask config:8-15 mask:8-15
44 [139786161881792] INFO perfrun.perfcollector <> - format: tid_en config:19 mask:19
44 [139786161881792] INFO perfrun.perfcollector <> - format: thresh config:24-31 mask:24-31
44 [139786161881792] INFO perfrun.perfcollector <> - format: filter_state config1:17-23 mask:17-23
44 [139786161881792] INFO perfrun.perfcollector <> - format: filter_opc config1:52-60 mask:52-60
44 [139786161881792] WARN perfrun.perfcollector <> - pmu hwInfo is not set, at file: vcs/perfrun1/plugins/perfcollector/src/controller.cpp:819
44 [139786161881792] INFO perfrun.perfcollector <> - pmu added : family : uncore_cbox , id : 5
44 [139786161881792] INFO perfrun.perfcollector <> - dir found : /sys/bus/event_source/devices/uncore_imc_0
44 [139786161881792] INFO perfrun.perfcollector <> - format: event config:0-7 mask:0-7
44 [139786161881792] INFO perfrun.perfcollector <> - format: edge config:18 mask:18
44 [139786161881792] INFO perfrun.perfcollector <> - format: inv config:23 mask:23
44 [139786161881792] INFO perfrun.perfcollector <> - format: umask config:8-15 mask:8-15
44 [139786161881792] INFO perfrun.perfcollector <> - format: thresh config:24-31 mask:24-31
44 [139786161881792] INFO perfrun.perfcollector <> - hwInfo : PERF_IMC_PMU_DETAILS
44 [139786161881792] INFO perfrun.perfcollector <> - pmu added : family : uncore_imc , id : 0
44 [139786161881792] INFO perfrun.perfcollector <> - dir found : /sys/bus/event_source/devices/uncore_pcu
44 [139786161881792] INFO perfrun.perfcollector <> - format: filter_band2 config1:16-23 mask:16-23
44 [139786161881792] INFO perfrun.perfcollector <> - format: event config:0-7 mask:0-7
44 [139786161881792] INFO perfrun.perfcollector <> - format: filter_band0 config1:0-7 mask:0-7
45 [139786161881792] INFO perfrun.perfcollector <> - format: edge config:18 mask:18
45 [139786161881792] INFO perfrun.perfcollector <> - format: occ_invert config:30 mask:30
45 [139786161881792] INFO perfrun.perfcollector <> - format: occ_edge config:14-51 mask:14-51
45 [139786161881792] INFO perfrun.perfcollector <> - format: filter_band3 config1:24-31 mask:24-31
45 [139786161881792] INFO perfrun.perfcollector <> - format: filter_band1 config1:8-15 mask:8-15
45 [139786161881792] INFO perfrun.perfcollector <> - format: inv config:23 mask:23
45 [139786161881792] INFO perfrun.perfcollector <> - format: thresh config:24-28 mask:24-28
45 [139786161881792] INFO perfrun.perfcollector <> - format: occ_sel config:14-15 mask:14-15
45 [139786161881792] WARN perfrun.perfcollector <> - pmu hwInfo is not set, at file: vcs/perfrun1/plugins/perfcollector/src/controller.cpp:819
45 [139786161881792] INFO perfrun.perfcollector <> - pmu added : family : uncore_pcu , id : 0
45 [139786161881792] INFO perfrun.perfcollector <> - dir found : /sys/bus/event_source/devices/uncore_r3qpi_1
45 [139786161881792] INFO perfrun.perfcollector <> - format: event config:0-7 mask:0-7
45 [139786161881792] INFO perfrun.perfcollector <> - format: edge config:18 mask:18
45 [139786161881792] INFO perfrun.perfcollector <> - format: inv config:23 mask:23
45 [139786161881792] INFO perfrun.perfcollector <> - format: umask config:8-15 mask:8-15
45 [139786161881792] INFO perfrun.perfcollector <> - format: thresh config:24-31 mask:24-31
45 [139786161881792] WARN perfrun.perfcollector <> - pmu hwInfo is not set, at file: vcs/perfrun1/plugins/perfcollector/src/controller.cpp:819
45 [139786161881792] INFO perfrun.perfcollector <> - pmu added : family : uncore_r3qpi , id : 1
45 [139786161881792] INFO perfrun.perfcollector <> - dir found : /sys/bus/event_source/devices/msr
45 [139786161881792] INFO perfrun.perfcollector <> - format: event config:0-63 mask:0-63
45 [139786161881792] WARN perfrun.perfcollector <> - pmu hwInfo is not set, at file: vcs/perfrun1/plugins/perfcollector/src/controller.cpp:819
45 [139786161881792] INFO perfrun.perfcollector <> - pmu added : family : msr , id : 0
45 [139786161881792] INFO perfrun.perfcollector <> - dir found : /sys/bus/event_source/devices/uncore_cbox_3
45 [139786161881792] INFO perfrun.perfcollector <> - format: event config:0-7 mask:0-7
45 [139786161881792] INFO perfrun.perfcollector <> - format: filter_link config1:6-8 mask:6-8
45 [139786161881792] INFO perfrun.perfcollector <> - format: filter_c6 config1:61 mask:61
45 [139786161881792] INFO perfrun.perfcollector <> - format: edge config:18 mask:18
45 [139786161881792] INFO perfrun.perfcollector <> - format: filter_isoc config1:63 mask:63
45 [139786161881792] INFO perfrun.perfcollector <> - format: filter_tid config1:0-5 mask:0-5
45 [139786161881792] INFO perfrun.perfcollector <> - format: filter_nid config1:32-47 mask:32-47
45 [139786161881792] INFO perfrun.perfcollector <> - format: filter_nc config1:62 mask:62
45 [139786161881792] INFO perfrun.perfcollector <> - format: umask config:8-15 mask:8-15
45 [139786161881792] INFO perfrun.perfcollector <> - format: tid_en config:19 mask:19
45 [139786161881792] INFO perfrun.perfcollector <> - format: thresh config:24-31 mask:24-31
45 [139786161881792] INFO perfrun.perfcollector <> - format: filter_state config1:17-23 mask:17-23
45 [139786161881792] INFO perfrun.perfcollector <> - format: filter_opc config1:52-60 mask:52-60
45 [139786161881792] WARN perfrun.perfcollector <> - pmu hwInfo is not set, at file: vcs/perfrun1/plugins/perfcollector/src/controller.cpp:819
45 [139786161881792] INFO perfrun.perfcollector <> - pmu added : family : uncore_cbox , id : 3
45 [139786161881792] INFO perfrun.perfcollector <> - dir found : /sys/bus/event_source/devices/uncore_ha_1
46 [139786161881792] INFO perfrun.perfcollector <> - format: event config:0-7 mask:0-7
46 [139786161881792] INFO perfrun.perfcollector <> - format: edge config:18 mask:18
46 [139786161881792] INFO perfrun.perfcollector <> - format: inv config:23 mask:23
46 [139786161881792] INFO perfrun.perfcollector <> - format: umask config:8-15 mask:8-15
46 [139786161881792] INFO perfrun.perfcollector <> - format: thresh config:24-31 mask:24-31
46 [139786161881792] WARN perfrun.perfcollector <> - pmu hwInfo is not set, at file: vcs/perfrun1/plugins/perfcollector/src/controller.cpp:819
46 [139786161881792] INFO perfrun.perfcollector <> - pmu added : family : uncore_ha , id : 1
46 [139786161881792] INFO perfrun.perfcollector <> - dir found : /sys/bus/event_source/devices/uncore_cbox_1
46 [139786161881792] INFO perfrun.perfcollector <> - format: event config:0-7 mask:0-7
46 [139786161881792] INFO perfrun.perfcollector <> - format: filter_link config1:6-8 mask:6-8
46 [139786161881792] INFO perfrun.perfcollector <> - format: filter_c6 config1:61 mask:61
46 [139786161881792] INFO perfrun.perfcollector <> - format: edge config:18 mask:18
46 [139786161881792] INFO perfrun.perfcollector <> - format: filter_isoc config1:63 mask:63
46 [139786161881792] INFO perfrun.perfcollector <> - format: filter_tid config1:0-5 mask:0-5
46 [139786161881792] INFO perfrun.perfcollector <> - format: filter_nid config1:32-47 mask:32-47
46 [139786161881792] INFO perfrun.perfcollector <> - format: filter_nc config1:62 mask:62
46 [139786161881792] INFO perfrun.perfcollector <> - format: umask config:8-15 mask:8-15
46 [139786161881792] INFO perfrun.perfcollector <> - format: tid_en config:19 mask:19
46 [139786161881792] INFO perfrun.perfcollector <> - format: thresh config:24-31 mask:24-31
46 [139786161881792] INFO perfrun.perfcollector <> - format: filter_state config1:17-23 mask:17-23
46 [139786161881792] INFO perfrun.perfcollector <> - format: filter_opc config1:52-60 mask:52-60
46 [139786161881792] WARN perfrun.perfcollector <> - pmu hwInfo is not set, at file: vcs/perfrun1/plugins/perfcollector/src/controller.cpp:819
46 [139786161881792] INFO perfrun.perfcollector <> - pmu added : family : uncore_cbox , id : 1
46 [139786161881792] INFO perfrun.launcher <> - plugin perf has been added successfully
46 [139786161881792] INFO perfrun.launcher <> - plugin aoclprofile has been added successfully
46 [139786161881792] INFO perfrun.launcher <> - plugin tpss has been added successfully
46 [139786161881792] INFO perfrun.launcher <> - plugin exprof has been added successfully
46 [139786161881792] INFO perfrun.launcher <> - plugin media has been added successfully
46 [139786161881792] INFO perfrun.launcher <> - plugin ice has been added successfully
46 [139786161881792] INFO perfrun.launcher <> - plugin  has been added successfully
46 [139786161881792] INFO perfrun.launcher <> - plugin  has been added successfully
46 [139786161881792] INFO perfrun.launcher <> - plugin parallelfs has been added successfully
46 [139786161881792] INFO perfrun.launcher <> - plugin power has been added successfully
46 [139786161881792] INFO perfrun.launcher <> - plugin hwloc has been added successfully
46 [139786161881792] INFO perfrun.launcher <> - plugin ipmwatch has been added successfully
46 [139786161881792] INFO perfrun.launcher <> - plugin os_counters has been added successfully
47 [139786161881792] INFO perfrun.launcher <> - the option was added --interval: Specify an interval of data collection (for example, sampling) in milliseconds.
47 [139786161881792] INFO perfrun.launcher <> - the option was added --follow-child: Profile process with or without children.
47 [139786161881792] INFO perfrun.launcher <> - the option was added --gelding: BADMSG: perfrun1.launcher.plugin_manager::gelding
47 [139786161881792] INFO perfrun.launcher <> - the option was added --time-source: Specify time source for measurement. Possible values: sys - wall clock time; tsc - time stamp counter; ext - time from an external source; auto - auto select accurate time source.
47 [139786161881792] INFO perfrun.launcher <> - the option was added --stack: Enable or disable collection of stacks.
47 [139786161881792] INFO perfrun.launcher <> - the option was added --stack-stitching: Enable or disable the stack stitching algorithm for Intel TBB-based applications.
47 [139786161881792] INFO perfrun.launcher <> - the option was added --type: Specify type of data to be collected. For example, --type cpu:counters,waiting:nostack,io.
47 [139786161881792] INFO perfrun.launcher <> - the option was added --mrte-mode: Specify Java/.NET/other managed runtime collection mode. Possible values: native - collect information only for native code; managed - collect information only for managed code; mixed - collect information for both managed and native code; auto - choose the mode based on binary type.
47 [139786161881792] INFO perfrun.launcher <> - the option was added --mrte-mode-list: List supported Java/.NET/other managed runtime collection modes.
47 [139786161881792] INFO perfrun.launcher <> - the option was added --mrte-type: Specify which managed runtimes to collect. Possible values: java - collect information for Java; dotnet - collect information for .NET; python - collect information for CPython. You can specify several values separated by comma.
47 [139786161881792] INFO perfrun.launcher <> - the option was added --mrte-type-list: List supported Java/.NET/other managed runtime types.
47 [139786161881792] INFO perfrun.launcher <> - the option was added --trace-strategy: Specify how to profile a process tree. <string> can be "<process>:trace:notrace" - profile the process but do not profile its children. Shorthand parameters: t - trace, nt - notrace. For example, "vtunedemo.exe:t:t".
47 [139786161881792] INFO perfrun.launcher <> - the option was added --collector: BADMSG: perfrun1.launcher.plugin_manager::collector
47 [139786161881792] INFO perfrun.launcher <> - the option was added --system-wide: Enable system-wide profiling. This mode may require additional permissions.
47 [139786161881792] INFO perfrun.launcher <> - the option was added --kvm-guest: Enable KVM guest OS profiling.
47 [139786161881792] INFO perfrun.launcher <> - the option was added --kvm-guest-kallsyms: Specify a local path to the /proc/kallsyms file copied from the guest OS for proper symbol resolution.
47 [139786161881792] INFO perfrun.launcher <> - the option was added --kvm-guest-modules: Specify a local path to the /proc/modules file copied from the guest OS for proper symbol resolution.
47 [139786161881792] INFO perfrun.launcher <> - the option was added --bandwidth-limits: Measure bandwidth limits
47 [139786161881792] INFO perfrun.launcher <> - the option was added --acrn-map-info: Collect map info for ACRN
47 [139786161881792] INFO perfrun.launcher <> - the option was added --bandwidth-strategy: Bandwidth limits determination specific properties (example: --bandwidth-strategy array-size=0,duration=500).
47 [139786161881792] INFO perfrun.launcher <> - the option was added --bandwidth-config: List of benchmarks to run.
47 [139786161881792] INFO perfrun.launcher <> - the option was added --target-gpu: target-gpu
47 [139786161881792] INFO perfrun.launcher <> - the option was added --dump-vdso: Dump [vdso] to result directory
47 [139786161881792] INFO perfrun.launcher <> - the option was added --system-collector-config: Specify subcollectors. Possible values: all, container, device-info, none. Specify subcollectors. Possible values: all, vdso.
48 [139786161881792] INFO perfrun.launcher <> - the option was added --itt-config: Specify a sub-set of ITT API to collect.
48 [139786161881792] INFO perfrun.launcher <> - the option was added --itt-debug: Set pseudo-breakpoint at ITT API collector's start to enable the debugger to attach early.
48 [139786161881792] INFO perfrun.launcher <> - the option was added --ptrace: Ptrace collector.
48 [139786161881792] INFO perfrun.launcher <> - the option was added --target-pid: BADMSG: perfrun1.ptracecollector::target-pid
48 [139786161881792] INFO perfrun.launcher <> - the option was added --ptrace-server-pid: BADMSG: perfrun1.ptracecollector::ptrace-server-pid
48 [139786161881792] INFO perfrun.launcher <> - the option was added --ptrace-trace: BADMSG: perfrun1.ptracecollector::ptrace-trace
48 [139786161881792] INFO perfrun.launcher <> - the option was added --ptrace-time-source: BADMSG: perfrun1.ptracecollector::ptrace-time-source
48 [139786161881792] INFO perfrun.launcher <> - the option was added --ptrace-start-type: BADMSG: perfrun1.ptracecollector::ptrace-start-type
48 [139786161881792] INFO perfrun.launcher <> - the option was added --gpu-config: Specify types of GPU data to be collected. Possible values: preset1, preset2.
48 [139786161881792] INFO perfrun.launcher <> - the option was added --gpu-debug: Enable self-testing of the GPGPU profiling collector.
48 [139786161881792] INFO perfrun.launcher <> - the option was added --gpu-counting: Collect GPU data in the counting mode.
48 [139786161881792] INFO perfrun.launcher <> - the option was added --emon-preset: Specify a preset for EMON collector. For available presets, run: emon -preset-list.
48 [139786161881792] INFO perfrun.launcher <> - the option was added --emon-csv-trace-format: Use CSV format for EMON trace file.
48 [139786161881792] INFO perfrun.launcher <> - the option was added --emon-machine-readable-ver: Write machine readable EMON version file.
48 [139786161881792] INFO perfrun.launcher <> - the option was added --custom-collector: Allows to provide arbitrary command line to be run on collection steps.
48 [139786161881792] INFO perfrun.launcher <> - the option was added --stdsrc-config: Specify Standard Sources category tag(s).
48 [139786161881792] INFO perfrun.launcher <> - the option was added --ftrace-config-list: List Linux Ftrace category tag(s).
48 [139786161881792] INFO perfrun.launcher <> - the option was added --ftrace-config: Specify Linux Ftrace category tag(s).
48 [139786161881792] INFO perfrun.launcher <> - the option was added --ftrace-function-groups: Enable tracing of specific groups of functions.
48 [139786161881792] INFO perfrun.launcher <> - the option was added --event-info: BADMSG: perfrun1.stdsrc::event-info
48 [139786161881792] INFO perfrun.launcher <> - the option was added --cpu-list: List supported CPUs.
48 [139786161881792] INFO perfrun.launcher <> - the option was added --target-list: List available targets for performing sampling collection.
48 [139786161881792] INFO perfrun.launcher <> - the option was added --event-value-list: Display event information.
48 [139786161881792] INFO perfrun.launcher <> - the option was added --platform-value-list: Display details of supported platforms.
48 [139786161881792] INFO perfrun.launcher <> - the option was added --uncore-event-list: List uncore events for which a sampling data collection can be performed on this platform.
48 [139786161881792] INFO perfrun.launcher <> - the option was added --modifier-list: Specify the event name <string> for which the modifiers list is requested.
48 [139786161881792] INFO perfrun.launcher <> - the option was added --pmu-list: List supported PMUs.
48 [139786161881792] INFO perfrun.launcher <> - the option was added --os-mode-only: Enable sampling data collection for OS-mode processes only.
48 [139786161881792] INFO perfrun.launcher <> - the option was added --user-mode-only: Enable sampling data collection for user-mode processes only.
48 [139786161881792] INFO perfrun.launcher <> - the option was added --event-config: Perform data collection for the events with <string> configured using the format <event name1>":modifier1=val:modifier2=val/constraint1={:modifier3=val:modifier4=val}...,"<event name2>":... Specify the events(s) to monitor and embed the event names within double quotes("). [:modifier=val] specifies individual event modifiers along with the respective values for a given platform. Note that the modifiers can be generic to an event as well as specific to a constraint (or an event qualifier). The constraint specific special modifiers appear after [/constraint=]. The modifiers can be in decimal or hexadecimal format. Only specific modifiers accept the value as a string. Each event specification is delimited by a comma (,). For a list of supported modifiers and constraints, refer to the documentation.
48 [139786161881792] INFO perfrun.launcher <> - the option was added --chipset-event-config: Perform data collection for the chipset events with <string> configured using the format "<event name1>"...,"<event name2>":... Specify the events(s) to monitor and embed the event names within double quotes(").
48 [139786161881792] INFO perfrun.launcher <> - the option was added --uncore-event-config: Perform uncore data collection in ebc count mode for the events with <string> configured using the format "<event name1>"...,"<event name2>":... Specify the events(s) to monitor and embed the event names within double quotes(").
48 [139786161881792] INFO perfrun.launcher <> - the option was added --count-emon: Enable counting mode and output the data in EMON format.
49 [139786161881792] INFO perfrun.launcher <> - the option was added --event-based-counts: Enable event-based counting mode. During sampling data collection, event counts data is collected for the list of events specified in -event-config option.
49 [139786161881792] INFO perfrun.launcher <> - the option was added --event-mux-tfactor: Specify the event multiplexing tfactor as <integer> to set the length of the interval between interrupts. The larger the tfactor value, the larger the period between interrupts. Currently this option is only available on Intel platforms codenamed Knights Corner.
49 [139786161881792] INFO perfrun.launcher <> - the option was added --full-pebs-capture: Capture full pebs information.
49 [139786161881792] INFO perfrun.launcher <> - the option was added --last-branch-records: Capture Last Branch Records information.
49 [139786161881792] INFO perfrun.launcher <> - the option was added --pmu-type: Specify the targeted PMU name as <string>.
49 [139786161881792] INFO perfrun.launcher <> - the option was added --platform-type: Specify the targeted platform number as <number>.
49 [139786161881792] INFO perfrun.launcher <> - the option was added --p-state-trigger: Specify the name of the trigger event for P-state data as <string>. The default trigger is CPU_CLK_UNHALTED.REF_TSC.
49 [139786161881792] INFO perfrun.launcher <> - the option was added --rdt-auto-rmid: Enable automatic Core pinning on RMIDs for RDT monitoring capabilities.
49 [139786161881792] INFO perfrun.launcher <> - the option was added --bts-count: Specify the <integer> number of BTS records collected after each sample or context switch (VTSS++ only).
49 [139786161881792] INFO perfrun.launcher <> - the option was added --cpu-mask: Specify which CPU(s) <string> to collect data on. For example, specify "2-8,10,12-14" to sample only CPUs 2 through 8, 10, and 12 through 14.
49 [139786161881792] INFO perfrun.launcher <> - the option was added --event-mux-alg: Specify the event multiplexing algorithm. Possible values: sequence, timer, trigger.
49 [139786161881792] INFO perfrun.launcher <> - the option was added --event-mux-timeslice: Specify the event multiplexing time slice value as <integer>. The time slice specifies the duration between cycles for each event multiplexing group. The default value is 50 milliseconds. This option is valid only for timer-based event multiplexing. Specify the event multiplexing time slice value as <integer>. The time slice specifies the duration between cycles for each event multiplexing group. The default value is 1 millisecond. This option is valid only for timer-based event multiplexing.
49 [139786161881792] INFO perfrun.launcher <> - the option was added --event-mux-factor: Specify the event multiplexing factor as <integer>. It controls the switching of event multiplexing groups. The default factor is 50. This option is valid only for trigger-based event multiplexing. Specify the event multiplexing factor as <integer>. It controls the switching of event multiplexing groups. The default factor is 1. This option is valid only for trigger-based event multiplexing.
49 [139786161881792] INFO perfrun.launcher <> - the option was added --event-mux-trigger: Specify the name of the trigger event for event multiplexing as <string>. This option is valid only for trigger-based event multiplexing. The default trigger is CPU_CLK_UNHALTED.CORE (or CPU_CLK_UNHALTED.THREAD). BADMSG: perfrun1.vtsspp::event-mux-trigger
49 [139786161881792] INFO perfrun.launcher <> - the option was added --pt-mode: BADMSG: perfrun1.vtsspp::pt-mode
49 [139786161881792] INFO perfrun.launcher <> - the option was added --sample-after-multiplier: Specify the sample after multiplier as <double>. This multiplier modifies the sample after value for all the events specified in -event-config option. The values can range from 0.1 to 100.0. SAV multiplier value
49 [139786161881792] INFO perfrun.launcher <> - the option was added --uncore-sampling-interval: Specify the uncore sampling interval as <integer>. This value set the uncore sampling interval for all the uncore events specified in -event-config option.
49 [139786161881792] INFO perfrun.launcher <> - the option was added --count: Enable counting mode. Enable counting mode
49 [139786161881792] INFO perfrun.launcher <> - the option was added --trace-mpi: Configure collector to trace MPI code.
49 [139786161881792] INFO perfrun.launcher <> - the option was added --aggregated-counting: Enable aggregated counting mode. Enable aggregated-counting mode
49 [139786161881792] INFO perfrun.launcher <> - the option was added --perf-per-cpu: System-wide collection from all CPUs
49 [139786161881792] INFO perfrun.launcher <> - the option was added --raw-perf-config: Specify a verified configuration for the Perf collector in the format: <describer>,<content>. For example: map-events-file,<path_to_map_events_file>.
49 [139786161881792] INFO perfrun.launcher <> - the option was added --sys-config: BADMSG: perfrun1.vtsspp::sys-config Specify types of system data to be collected. Supported value: cswitch - collect context switch information.
49 [139786161881792] INFO perfrun.launcher <> - the option was added --perf-event-config: Specify events for Perf collector in Perf format. For example: perf-event-config=cpu-clock.
49 [139786161881792] INFO perfrun.launcher <> - the option was added --perf-aio: Number of control blocks in asynchronous trace writing mode.
49 [139786161881792] INFO perfrun.launcher <> - the option was added --perf-compression: Specify compression of Perf collector output data. Possible levels: 0 - without compression, 1..3 - best speed, 4..22 - best compression that incurs big overhead.
49 [139786161881792] INFO perfrun.launcher <> - the option was added --perf-mmap-flush: Minimum data size read from the kernel mapped region.
49 [139786161881792] INFO perfrun.launcher <> - the option was added --perf-affinity: Adjust an affinity mask of the Perf thread to a node with an allocated memory trace buffer.
49 [139786161881792] INFO perfrun.launcher <> - the option was added --perf-threads: Setup threading mode for trace writing.
50 [139786161881792] INFO perfrun.launcher <> - the option was added --generate-platform-cmd: Get perf command line for an arbitrary target.
50 [139786161881792] INFO perfrun.launcher <> - the option was added --aocl-profile: Enable profiling and data collection through AOCL profiling tool.
50 [139786161881792] INFO perfrun.launcher <> - the option was added --aocl-source-file: Path to .source file. Find this in the compilation output directory of the FPGA application. Use this option to help attribute performance statistics to the source lines. If unspecified, AOCL profiler will attempt to locate the file in the current directory.
50 [139786161881792] INFO perfrun.launcher <> - the option was added --aocl-binary-aocx-file: Path to .aocx file (OpenCL flow) or host binary (DPC++ flow). If you do not provide this path: 1) For OpenCL flow, AOCL Profiler attempts to locate the file in the working directory. 2) For DPC++ flow, the collector assumes that host binary is used as an application to launch.
50 [139786161881792] INFO perfrun.launcher <> - the option was added --aocl-period: Specifies the number of cycles between readbacks from the device. The default value is 0 and indicates that the profiler should read back data as often as possible.
50 [139786161881792] INFO perfrun.launcher <> - the option was added --aocl-no-temporal: Disables readback during execution and only reads back non-autorun kernels once they finish executing.
50 [139786161881792] INFO perfrun.launcher <> - the option was added --aocl-no-mem-transfers: Disables the recording of memory transfer information.
50 [139786161881792] INFO perfrun.launcher <> - the option was added --stackwalk: Specify stack unwinding method. Possible values: online - unwind stacks during collection; offline - unwind stacks after collection is finished. Specify stack unwinding method. Possible value: lbr - unwind stacks during collection. Specify stack unwinding method. Possible values: online - unwind stacks during collection; offline - unwind stacks after collection is finished; lbr - enable LBR-based call stack collection. Specify stack unwinding method. Possible values: online - unwind stacks during collection; offline - unwind stacks after collection is finished. Specify stack unwinding method. Possible values: online - unwind stacks during collection; offline - unwind stacks after collection is finished.
50 [139786161881792] INFO perfrun.launcher <> - the option was added --filter-include: Filter data during collection. Possible values: contended=<on|off> - filter out uncontended events; contended_nostack=<time> - filter out stacks for contended events that take less than <time> microseconds; wait=<time> - ignore transitions and blocks with wait time less than <time> microseconds; wait_nostack=<time> - filter out stacks for waits that take less than <time> microseconds.
50 [139786161881792] INFO perfrun.launcher <> - the option was added --debug-pin: Debug PIN tool and runtime.
50 [139786161881792] INFO perfrun.launcher <> - the option was added --debug-exception: Disallow the application to set own abnormal termination handler.
50 [139786161881792] INFO perfrun.launcher <> - the option was added --trace-type: Specify the trace file granularity. Possible values: per-thread - per-thread trace file generation; per-process - per-process trace file generation.
50 [139786161881792] INFO perfrun.launcher <> - the option was added --instrumentation-type: Specify type of instrumentation.
50 [139786161881792] INFO perfrun.launcher <> - the option was added --altstack: Enable or disable usage of altstacks for profiling signal handlers.
50 [139786161881792] INFO perfrun.launcher <> - the option was added --profiling-signal: BADMSG: perfrun1.ptracecollector::profiling-signal Alternate profiling signal.
50 [139786161881792] INFO perfrun.launcher <> - the option was added --memory-strategy: Specify a minimal memory object size to be traced and a hash table size for faster objects search; for example: --memory-strategy obj-size-min=1024,hash-table-size=4096.
50 [139786161881792] INFO perfrun.launcher <> - the option was added --gpu-profiling-type: Specify a type of deep GPU profiling: none, bblatency, memlatency, instcount.
50 [139786161881792] INFO perfrun.launcher <> - the option was added --opencl-trace-mode: Specify OpenCL kernel tracing modes: 'default' to trace OpenCL kernels for Intel Graphics Driver only; 'epoch' for any non-Intel graphics, where OpenCL kernels will be traced and OpenCL profiling API timestamps will be interpreted as Unux Epoch time in nanoseconds; 'completion' to trace OpenCL kernels for any Graphics Driver and bind OpenCL profiling API timestamps to the timestamp of OpenCL completion callback.
50 [139786161881792] INFO perfrun.launcher <> - the option was added --gpu-kernels-to-profile: Specify a comma-separated list of GPU kernel names and invocations to be profiled in the following format: kernel_name[#start_idx#step#stop_idx], where kernel_name is the name of GPU kernel; start_idx is the number of the first invocation; and stop_idx is the number of the last invocation to be profiled.
50 [139786161881792] INFO perfrun.launcher <> - the option was added --exprof-com-list: List available COM ports.
50 [139786161881792] INFO perfrun.launcher <> - the option was added --exprof-dvc-list: List available DvC IDs.
50 [139786161881792] INFO perfrun.launcher <> - the option was added --exprof-trace-channel: BADMSG: perfrun1.exprof::exprof-trace-channel
50 [139786161881792] INFO perfrun.launcher <> - the option was added --exprof-event-config: Specify ExactProfiling Event Classes.
50 [139786161881792] INFO perfrun.launcher <> - the option was added --ice-pmons-list: BADMSG: perfrun1.ice::ice-pmons-list
50 [139786161881792] INFO perfrun.launcher <> - the option was added --ice-pmons-config: BADMSG: perfrun1.ice::ice-pmons-config
50 [139786161881792] INFO perfrun.launcher <> - the option was added --ice-sw-trace: Collect software traces of the Intel Neural Network Processor (NNP-I) and analyze software context of inference progress.
51 [139786161881792] INFO perfrun.launcher <> - the option was added --ice-sample-after-value: BADMSG: perfrun1.ice::ice-sample-after-value
51 [139786161881792] INFO perfrun.launcher <> - the option was added --ice-frequency: BADMSG: perfrun1.ice::ice-frequency
51 [139786161881792] INFO perfrun.launcher <> - the option was added --parallel-fs-config: Specify parallel fs counters to collect.
51 [139786161881792] INFO perfrun.launcher <> - the option was added --pwr-config: BADMSG: perfrun1.vtsspp::pwr-config Specify power metrics configuration.
51 [139786161881792] INFO perfrun.launcher <> - the option was added --pwr-sampling-interval: Specify Intel SoC Watch sampling interval.
51 [139786161881792] INFO perfrun.launcher <> - the option was added --collect-topology: Collect topology info with hwloc.
51 [139786161881792] INFO perfrun.launcher <> - the option was added --persistent-mem-metrics: Collect Persistent Memory performance counters.
51 [139786161881792] INFO perfrun.launcher <> - the option was added --os-counters: Collect OS counters
53 [139786161881792] INFO perfrun.launcher <> - create msngr2::ICliToolContext
54 [139786161881792] INFO perfrun.launcher <> - create file finder object
54 [139786161881792] INFO perfrun.launcher <> - create a result directory: pattern = /home/users/dhamorim/pagerank-openmp/results/hpc-performance_web-Stanford_64 pid = 4294967295
59 [139786161881792] INFO perfrun.sdk <> - checked that the directory /home/users/dhamorim/pagerank-openmp/results/hpc-performance_web-Stanford_64 is a local directory
59 [139786161881792] INFO perfrun.sdk <> - the directory /home/users/dhamorim/pagerank-openmp/results/hpc-performance_web-Stanford_64 is located on a share or its FS ID is unknown 26985
59 [139786161881792] INFO perfrun.sdk <> - checked that the directory /tmp/amplxe-tmp-dhamorim is a local directory
59 [139786161881792] INFO perfrun.sdk <> - the directory /tmp/amplxe-tmp-dhamorim is a local directory with FS type ID 61267
60 [139786161881792] INFO perfrun.launcher <> - Create a local result directory /tmp/amplxe-tmp-dhamorim/amplxe-res-1446299-16360406206172522 due to the user result path /home/users/dhamorim/pagerank-openmp/results/hpc-performance_web-Stanford_64 is located on a share
60 [139786161881792] INFO perfrun.launcher <> - create data directory = /tmp/amplxe-tmp-dhamorim/amplxe-res-1446299-16360406206172522/data.0
61 [139786161881792] INFO perfrun.launcher <> - create data directory = /home/users/dhamorim/pagerank-openmp/results/hpc-performance_web-Stanford_64/data.0
88 [139786161881792] INFO perfrun.launcher <> - Creating the master collection flag
116 [139786161881792] INFO perfrun.launcher <> - Done creating the master collection flag
120 [139786006292160] INFO perfrun.launcher <> - plugin [remoteplug] was disabled because it doesn't support the given collection type.
120 [139786006292160] INFO perfrun.system <> - online nodes : 0-1
120 [139786006292160] INFO perfrun.system <> - nodes with cpus : 0-1
120 [139786006292160] INFO perfrun.system <> - nodes with memory : 0-1
125 [139786006292160] INFO perfrun.sdk <> - Allocating TMU :/tmp/amplxe-tmp-dhamorim/amplxe-res-1446299-16360406206172522/data.0/systemcollector-1446299-hype1.sc
125 [139786006292160] INFO perfrun.launcher <> - plugin [ptracecollector] was disabled because it doesn't support the given collection type.
125 [139786006292160] INFO perfrun.launcher <> - plugin [gpu] was disabled because it doesn't support the given collection type.
125 [139786006292160] INFO perfrun.launcher <> - plugin [] was disabled because it doesn't support the given collection type.
125 [139786006292160] INFO perfrun.launcher <> - plugin [] was disabled because it doesn't support the given collection type.
125 [139786006292160] INFO perfrun.launcher <> - plugin [] was disabled because it doesn't support the given collection type.
125 [139786006292160] INFO perfrun.mrte <> - system-wide mode is 0
125 [139786006292160] INFO perfrun.mrte <> - Getting  mrte profiling environment ...
155 [139786006292160] INFO perfrun.mrte <> - INTEL_MRTE_DATA_DIR=/tmp/amplxe-tmp-dhamorim/amplxe-res-1446299-16360406206172522/data.0
155 [139786006292160] INFO perfrun.mrte <> - INTEL_MRTE_HOST_NAME=hype1
155 [139786006292160] INFO perfrun.mrte <> - JAVA_TOOL_OPTIONS=-agentlib:amplxe_samplingmrte_javaprof_1.0 -Dsun.boot.library.path=/home/intel/oneapi/vtune/2021.1.1/lib32/runtime:/home/intel/oneapi/vtune/2021.1.1/lib64/runtime
155 [139786006292160] INFO perfrun.mrte <> - CORECLR_ENABLE_PROFILING=1
155 [139786006292160] INFO perfrun.mrte <> - CORECLR_PROFILER={AA5E4821-E3B1-479c-B7FF-5AD047D22CED}
155 [139786006292160] INFO perfrun.mrte <> - CORECLR_PROFILER_PATH=/home/intel/oneapi/vtune/2021.1.1/lib64/libamplxe_samplingmrte_clrprof_1.0.so
155 [139786006292160] INFO perfrun.mrte <> - INTEL_MRTE_PROFILER_MODE=mixed
155 [139786006292160] INFO perfrun.mrte <> - Data directory: /tmp/amplxe-tmp-dhamorim/amplxe-res-1446299-16360406206172522/data.0
155 [139786006292160] INFO perfrun.mrte <> - Mrte plugin is initialized
155 [139786006292160] INFO perfrun.launcher <> - plugin [emon] was disabled because it doesn't support the given collection type.
155 [139786006292160] INFO perfrun.launcher <> - plugin [cuscol] was disabled because it doesn't support the given collection type.
155 [139786006292160] INFO perfrun.launcher <> - plugin [stdsrc] was disabled because it doesn't support the given collection type.
155 [139786006292160] INFO perfrun.launcher <> - plugin [sep] was disabled because it doesn't support the given collection type.
155 [139786006292160] INFO perfrun.launcher <> - plugin [vtsspp] was disabled because it doesn't support the given collection type.
155 [139786006292160] INFO perfrun.perfcollector <> - AIO blocks = 0
155 [139786006292160] INFO perfrun.perfcollector <> - compression level = 1
155 [139786006292160] INFO perfrun.perfcollector <> - Perf threads mode = CPU
155 [139786006292160] INFO perfrun.perfcollector <> - No MPI detected-1
155 [139786006292160] WARN perfrun.launcher <> - Messenger::say: To profile kernel modules during the session, make sure they are available in the /lib/modules/kernel_version/ location.
155 [139786006292160] INFO perfrun.sdk <> - runCmd: "/home/intel/oneapi/vtune/2021.1.1/bin64/sep" -dry-run -sam 5 -ec "CPU_CLK_UNHALTED.THREAD:sa=2300000,CPU_CLK_UNHALTED.REF_TSC:sample:sa=2300000,INST_RETIRED.ANY:sample:sa=2300000,CPU_CLK_UNHALTED.REF_XCLK:sa=100003,CPU_CLK_UNHALTED.ONE_THREAD_ACTIVE:sa=100003,CYCLE_ACTIVITY.CYCLES_NO_EXECUTE:sa=2000003,CYCLE_ACTIVITY.STALLS_L1D_PENDING:sa=2000003,CYCLE_ACTIVITY.STALLS_LDM_PENDING:sa=2000003,CYCLE_ACTIVITY.STALLS_L2_PENDING:sa=2000003,IDQ_UOPS_NOT_DELIVERED.CORE:sa=2000003,INT_MISC.RECOVERY_CYCLES:sa=2000003,MEM_LOAD_UOPS_RETIRED.L3_HIT_PS:sa=50003,MEM_LOAD_UOPS_RETIRED.L3_MISS_PS:sa=50003,OFFCORE_REQUESTS_OUTSTANDING.CYCLES_WITH_DATA_RD:sa=2000003,OFFCORE_REQUESTS_OUTSTANDING.ALL_DATA_RD:cmask=6:sa=2000003,RESOURCE_STALLS.SB:sa=2000003,RS_EVENTS.EMPTY_CYCLES:sa=2000003,UOPS_EXECUTED.CORE:cmask=1:sa=2000003,UOPS_EXECUTED.CORE:cmask=2:sa=2000003,UOPS_EXECUTED.CORE:cmask=3:sa=2000003,UOPS_ISSUED.ANY:sa=2000003,UOPS_RETIRED.RETIRE_SLOTS:sa=2000003,IDQ_UOPS_NOT_DELIVERED.CYCLES_0_UOPS_DELIV.CORE:sa=2000003,MEM_UOPS_RETIRED.ALL_LOADS_PS:sa=100003,MEM_UOPS_RETIRED.ALL_STORES_PS:sa=100003,MEM_LOAD_UOPS_L3_MISS_RETIRED.LOCAL_DRAM_PS:sa=100003,MEM_LOAD_UOPS_L3_MISS_RETIRED.REMOTE_DRAM_PS:sa=100003,MEM_LOAD_UOPS_L3_MISS_RETIRED.REMOTE_HITM_PS:sa=100003,MEM_LOAD_UOPS_L3_MISS_RETIRED.REMOTE_FWD_PS:sa=100003,UNC_M_CAS_COUNT.RD,UNC_M_CAS_COUNT.WR" -experimental
271 [139786006292160] INFO perfrun.perfcollector <> - SepDryRun RC = true
272 [139786006292160] INFO perfrun.perfcollector <> - DRY_RUN : "PMU type: Core (core)"
276 [139786006292160] INFO perfrun.perfcollector <> - pmu type : cpu
276 [139786006292160] INFO perfrun.perfcollector <> - DRY_RUN : "Group 0:"
276 [139786006292160] INFO perfrun.perfcollector <> - id : 0
276 [139786006292160] INFO perfrun.perfcollector <> - DRY_RUN : "INST_RETIRED.ANY: event id 2"
276 [139786006292160] INFO perfrun.perfcollector <> - eventName : INST_RETIRED.ANY , eventId : 2
276 [139786006292160] INFO perfrun.perfcollector <> - DRY_RUN : "CPU_CLK_UNHALTED.THREAD: event id 0"
276 [139786006292160] INFO perfrun.perfcollector <> - eventName : CPU_CLK_UNHALTED.THREAD , eventId : 0
276 [139786006292160] INFO perfrun.perfcollector <> - DRY_RUN : "CPU_CLK_UNHALTED.REF_TSC: event id 1"
276 [139786006292160] INFO perfrun.perfcollector <> - eventName : CPU_CLK_UNHALTED.REF_TSC , eventId : 1
276 [139786006292160] INFO perfrun.perfcollector <> - DRY_RUN : "CPU_CLK_UNHALTED.REF_XCLK: event id 4"
276 [139786006292160] INFO perfrun.perfcollector <> - eventName : CPU_CLK_UNHALTED.REF_XCLK , eventId : 4
276 [139786006292160] INFO perfrun.perfcollector <> - DRY_RUN : "CPU_CLK_UNHALTED.ONE_THREAD_ACTIVE: event id 5"
276 [139786006292160] INFO perfrun.perfcollector <> - eventName : CPU_CLK_UNHALTED.ONE_THREAD_ACTIVE , eventId : 5
276 [139786006292160] INFO perfrun.perfcollector <> - DRY_RUN : "CYCLE_ACTIVITY.STALLS_L1D_PENDING: event id 3"
276 [139786006292160] INFO perfrun.perfcollector <> - eventName : CYCLE_ACTIVITY.STALLS_L1D_PENDING , eventId : 3
276 [139786006292160] INFO perfrun.perfcollector <> - DRY_RUN : "CYCLE_ACTIVITY.CYCLES_NO_EXECUTE: event id 6"
276 [139786006292160] INFO perfrun.perfcollector <> - eventName : CYCLE_ACTIVITY.CYCLES_NO_EXECUTE , eventId : 6
276 [139786006292160] INFO perfrun.perfcollector <> - DRY_RUN : "CCCR"
276 [139786006292160] INFO perfrun.perfcollector <> - DRY_RUN : "reg_type       = 1	event_id       = g	reg_id         = 38f	reg_value      = 70000000f"
276 [139786006292160] INFO perfrun.perfcollector <> - eventId : g , ignored
276 [139786006292160] INFO perfrun.perfcollector <> - DRY_RUN : "reg_type       = 1	event_id       = g	reg_id         = 390	reg_value      = 70000000f"
276 [139786006292160] INFO perfrun.perfcollector <> - eventId : g , ignored
276 [139786006292160] INFO perfrun.perfcollector <> - DRY_RUN : "reg_type       = 1	event_id       = g	reg_id         = 3f1	reg_value      = 0"
276 [139786006292160] INFO perfrun.perfcollector <> - eventId : g , ignored
276 [139786006292160] INFO perfrun.perfcollector <> - DRY_RUN : "reg_type       = 1	event_id       = g	reg_id         = 1d9	reg_value      = 1800"
276 [139786006292160] INFO perfrun.perfcollector <> - eventId : g , ignored
276 [139786006292160] INFO perfrun.perfcollector <> - DRY_RUN : "reg_type       = 1	event_id       = g	reg_id         = 38d	reg_value      = bbb"
276 [139786006292160] INFO perfrun.perfcollector <> - eventId : g , ignored
276 [139786006292160] INFO perfrun.perfcollector <> - DRY_RUN : "reg_type       = 1	event_id       = 4	reg_id         = 186	reg_value      = 53013c"
276 [139786006292160] INFO perfrun.perfcollector <> - eventId : 4 , cccrAddr : 186 , cccrVal : 53013c
276 [139786006292160] INFO perfrun.perfcollector <> - DRY_RUN : "reg_type       = 1	event_id       = 5	reg_id         = 187	reg_value      = 53023c"
276 [139786006292160] INFO perfrun.perfcollector <> - eventId : 5 , cccrAddr : 187 , cccrVal : 53023c
276 [139786006292160] INFO perfrun.perfcollector <> - DRY_RUN : "reg_type       = 1	event_id       = 3	reg_id         = 188	reg_value      = c530ca3"
276 [139786006292160] INFO perfrun.perfcollector <> - eventId : 3 , cccrAddr : 188 , cccrVal : c530ca3
276 [139786006292160] INFO perfrun.perfcollector <> - DRY_RUN : "reg_type       = 1	event_id       = 6	reg_id         = 189	reg_value      = 45304a3"
276 [139786006292160] INFO perfrun.perfcollector <> - eventId : 6 , cccrAddr : 189 , cccrVal : 45304a3
276 [139786006292160] INFO perfrun.perfcollector <> - DRY_RUN : "ESCR"
276 [139786006292160] INFO perfrun.perfcollector <> - DRY_RUN : "reg_type       = 2	event_id       = g	reg_id         = 1c8	reg_value      = 0"
276 [139786006292160] INFO perfrun.perfcollector <> - eventId : g , ignored
276 [139786006292160] INFO perfrun.perfcollector <> - DRY_RUN : "DATA"
276 [139786006292160] INFO perfrun.perfcollector <> - DRY_RUN : "reg_type       = 4	event_id       = 2	reg_id         = 309	reg_value      = ffffff508620"
276 [139786006292160] INFO perfrun.perfcollector <> - eventId : 2 , dataAddr : 309 , dataVal : ffffff508620
276 [139786006292160] INFO perfrun.perfcollector <> - DRY_RUN : "reg_type       = 4	event_id       = 0	reg_id         = 30a	reg_value      = ffffff508620"
276 [139786006292160] INFO perfrun.perfcollector <> - eventId : 0 , dataAddr : 30a , dataVal : ffffff508620
276 [139786006292160] INFO perfrun.perfcollector <> - DRY_RUN : "reg_type       = 4	event_id       = 1	reg_id         = 30b	reg_value      = ffffff508620"
276 [139786006292160] INFO perfrun.perfcollector <> - eventId : 1 , dataAddr : 30b , dataVal : ffffff508620
276 [139786006292160] INFO perfrun.perfcollector <> - DRY_RUN : "reg_type       = 4	event_id       = 4	reg_id         = c1	reg_value      = fffffff85ed1"
276 [139786006292160] INFO perfrun.perfcollector <> - eventId : 4 , dataAddr : c1 , dataVal : fffffff85ed1
276 [139786006292160] INFO perfrun.perfcollector <> - DRY_RUN : "reg_type       = 4	event_id       = 5	reg_id         = c2	reg_value      = fffffff85ed1"
276 [139786006292160] INFO perfrun.perfcollector <> - eventId : 5 , dataAddr : c2 , dataVal : fffffff85ed1
276 [139786006292160] INFO perfrun.perfcollector <> - DRY_RUN : "reg_type       = 4	event_id       = 3	reg_id         = c3	reg_value      = ffffff676971"
276 [139786006292160] INFO perfrun.perfcollector <> - eventId : 3 , dataAddr : c3 , dataVal : ffffff676971
276 [139786006292160] INFO perfrun.perfcollector <> - DRY_RUN : "reg_type       = 4	event_id       = 6	reg_id         = c4	reg_value      = ffffff676971"
276 [139786006292160] INFO perfrun.perfcollector <> - eventId : 6 , dataAddr : c4 , dataVal : ffffff676971
276 [139786006292160] INFO perfrun.perfcollector <> - DRY_RUN : "Group 1:"
276 [139786006292160] INFO perfrun.perfcollector <> - id : 1
276 [139786006292160] INFO perfrun.perfcollector <> - DRY_RUN : "INST_RETIRED.ANY: event id 2"
276 [139786006292160] INFO perfrun.perfcollector <> - eventName : INST_RETIRED.ANY , eventId : 2
276 [139786006292160] INFO perfrun.perfcollector <> - DRY_RUN : "CPU_CLK_UNHALTED.THREAD: event id 0"
276 [139786006292160] INFO perfrun.perfcollector <> - eventName : CPU_CLK_UNHALTED.THREAD , eventId : 0
276 [139786006292160] INFO perfrun.perfcollector <> - DRY_RUN : "CPU_CLK_UNHALTED.REF_TSC: event id 1"
276 [139786006292160] INFO perfrun.perfcollector <> - eventName : CPU_CLK_UNHALTED.REF_TSC , eventId : 1
276 [139786006292160] INFO perfrun.perfcollector <> - DRY_RUN : "CYCLE_ACTIVITY.STALLS_LDM_PENDING: event id 7"
276 [139786006292160] INFO perfrun.perfcollector <> - eventName : CYCLE_ACTIVITY.STALLS_LDM_PENDING , eventId : 7
276 [139786006292160] INFO perfrun.perfcollector <> - DRY_RUN : "CYCLE_ACTIVITY.STALLS_L2_PENDING: event id 8"
276 [139786006292160] INFO perfrun.perfcollector <> - eventName : CYCLE_ACTIVITY.STALLS_L2_PENDING , eventId : 8
276 [139786006292160] INFO perfrun.perfcollector <> - DRY_RUN : "IDQ_UOPS_NOT_DELIVERED.CORE: event id 9"
276 [139786006292160] INFO perfrun.perfcollector <> - eventName : IDQ_UOPS_NOT_DELIVERED.CORE , eventId : 9
276 [139786006292160] INFO perfrun.perfcollector <> - DRY_RUN : "INT_MISC.RECOVERY_CYCLES: event id 10"
276 [139786006292160] INFO perfrun.perfcollector <> - eventName : INT_MISC.RECOVERY_CYCLES , eventId : 10
276 [139786006292160] INFO perfrun.perfcollector <> - DRY_RUN : "CCCR"
276 [139786006292160] INFO perfrun.perfcollector <> - DRY_RUN : "reg_type       = 1	event_id       = g	reg_id         = 38f	reg_value      = 70000000f"
276 [139786006292160] INFO perfrun.perfcollector <> - eventId : g , ignored
276 [139786006292160] INFO perfrun.perfcollector <> - DRY_RUN : "reg_type       = 1	event_id       = g	reg_id         = 390	reg_value      = 70000000f"
276 [139786006292160] INFO perfrun.perfcollector <> - eventId : g , ignored
276 [139786006292160] INFO perfrun.perfcollector <> - DRY_RUN : "reg_type       = 1	event_id       = g	reg_id         = 3f1	reg_value      = 0"
276 [139786006292160] INFO perfrun.perfcollector <> - eventId : g , ignored
276 [139786006292160] INFO perfrun.perfcollector <> - DRY_RUN : "reg_type       = 1	event_id       = g	reg_id         = 1d9	reg_value      = 1800"
276 [139786006292160] INFO perfrun.perfcollector <> - eventId : g , ignored
276 [139786006292160] INFO perfrun.perfcollector <> - DRY_RUN : "reg_type       = 1	event_id       = g	reg_id         = 38d	reg_value      = bbb"
276 [139786006292160] INFO perfrun.perfcollector <> - eventId : g , ignored
276 [139786006292160] INFO perfrun.perfcollector <> - DRY_RUN : "reg_type       = 1	event_id       = 7	reg_id         = 186	reg_value      = 65306a3"
276 [139786006292160] INFO perfrun.perfcollector <> - eventId : 7 , cccrAddr : 186 , cccrVal : 65306a3
276 [139786006292160] INFO perfrun.perfcollector <> - DRY_RUN : "reg_type       = 1	event_id       = 8	reg_id         = 187	reg_value      = 55305a3"
276 [139786006292160] INFO perfrun.perfcollector <> - eventId : 8 , cccrAddr : 187 , cccrVal : 55305a3
276 [139786006292160] INFO perfrun.perfcollector <> - DRY_RUN : "reg_type       = 1	event_id       = 9	reg_id         = 188	reg_value      = 53019c"
276 [139786006292160] INFO perfrun.perfcollector <> - eventId : 9 , cccrAddr : 188 , cccrVal : 53019c
276 [139786006292160] INFO perfrun.perfcollector <> - DRY_RUN : "reg_type       = 1	event_id       = 10	reg_id         = 189	reg_value      = 153030d"
276 [139786006292160] INFO perfrun.perfcollector <> - eventId : 10 , cccrAddr : 189 , cccrVal : 153030d
276 [139786006292160] INFO perfrun.perfcollector <> - DRY_RUN : "ESCR"
276 [139786006292160] INFO perfrun.perfcollector <> - DRY_RUN : "reg_type       = 2	event_id       = g	reg_id         = 1c8	reg_value      = 0"
276 [139786006292160] INFO perfrun.perfcollector <> - eventId : g , ignored
276 [139786006292160] INFO perfrun.perfcollector <> - DRY_RUN : "DATA"
276 [139786006292160] INFO perfrun.perfcollector <> - DRY_RUN : "reg_type       = 4	event_id       = 2	reg_id         = 309	reg_value      = ffffff508620"
276 [139786006292160] INFO perfrun.perfcollector <> - eventId : 2 , dataAddr : 309 , dataVal : ffffff508620
276 [139786006292160] INFO perfrun.perfcollector <> - DRY_RUN : "reg_type       = 4	event_id       = 0	reg_id         = 30a	reg_value      = ffffff508620"
276 [139786006292160] INFO perfrun.perfcollector <> - eventId : 0 , dataAddr : 30a , dataVal : ffffff508620
276 [139786006292160] INFO perfrun.perfcollector <> - DRY_RUN : "reg_type       = 4	event_id       = 1	reg_id         = 30b	reg_value      = ffffff508620"
276 [139786006292160] INFO perfrun.perfcollector <> - eventId : 1 , dataAddr : 30b , dataVal : ffffff508620
276 [139786006292160] INFO perfrun.perfcollector <> - DRY_RUN : "reg_type       = 4	event_id       = 7	reg_id         = c1	reg_value      = ffffff676971"
276 [139786006292160] INFO perfrun.perfcollector <> - eventId : 7 , dataAddr : c1 , dataVal : ffffff676971
276 [139786006292160] INFO perfrun.perfcollector <> - DRY_RUN : "reg_type       = 4	event_id       = 8	reg_id         = c2	reg_value      = ffffff676971"
276 [139786006292160] INFO perfrun.perfcollector <> - eventId : 8 , dataAddr : c2 , dataVal : ffffff676971
276 [139786006292160] INFO perfrun.perfcollector <> - DRY_RUN : "reg_type       = 4	event_id       = 9	reg_id         = c3	reg_value      = ffffff676971"
276 [139786006292160] INFO perfrun.perfcollector <> - eventId : 9 , dataAddr : c3 , dataVal : ffffff676971
276 [139786006292160] INFO perfrun.perfcollector <> - DRY_RUN : "reg_type       = 4	event_id       = 10	reg_id         = c4	reg_value      = ffffff676971"
276 [139786006292160] INFO perfrun.perfcollector <> - eventId : 10 , dataAddr : c4 , dataVal : ffffff676971
276 [139786006292160] INFO perfrun.perfcollector <> - DRY_RUN : "Group 2:"
276 [139786006292160] INFO perfrun.perfcollector <> - id : 2
276 [139786006292160] INFO perfrun.perfcollector <> - DRY_RUN : "INST_RETIRED.ANY: event id 2"
276 [139786006292160] INFO perfrun.perfcollector <> - eventName : INST_RETIRED.ANY , eventId : 2
276 [139786006292160] INFO perfrun.perfcollector <> - DRY_RUN : "CPU_CLK_UNHALTED.THREAD: event id 0"
276 [139786006292160] INFO perfrun.perfcollector <> - eventName : CPU_CLK_UNHALTED.THREAD , eventId : 0
276 [139786006292160] INFO perfrun.perfcollector <> - DRY_RUN : "CPU_CLK_UNHALTED.REF_TSC: event id 1"
276 [139786006292160] INFO perfrun.perfcollector <> - eventName : CPU_CLK_UNHALTED.REF_TSC , eventId : 1
276 [139786006292160] INFO perfrun.perfcollector <> - DRY_RUN : "MEM_LOAD_UOPS_RETIRED.L3_HIT_PS: event id 11"
276 [139786006292160] INFO perfrun.perfcollector <> - eventName : MEM_LOAD_UOPS_RETIRED.L3_HIT_PS , eventId : 11
276 [139786006292160] INFO perfrun.perfcollector <> - DRY_RUN : "MEM_LOAD_UOPS_RETIRED.L3_MISS_PS: event id 12"
276 [139786006292160] INFO perfrun.perfcollector <> - eventName : MEM_LOAD_UOPS_RETIRED.L3_MISS_PS , eventId : 12
276 [139786006292160] INFO perfrun.perfcollector <> - DRY_RUN : "OFFCORE_REQUESTS_OUTSTANDING.CYCLES_WITH_DATA_RD: event id 13"
276 [139786006292160] INFO perfrun.perfcollector <> - eventName : OFFCORE_REQUESTS_OUTSTANDING.CYCLES_WITH_DATA_RD , eventId : 13
276 [139786006292160] INFO perfrun.perfcollector <> - DRY_RUN : "OFFCORE_REQUESTS_OUTSTANDING.ALL_DATA_RD:cmask=6: event id 14"
276 [139786006292160] INFO perfrun.perfcollector <> - eventName : OFFCORE_REQUESTS_OUTSTANDING.ALL_DATA_RD:cmask=6 , eventId : 14
276 [139786006292160] INFO perfrun.perfcollector <> - DRY_RUN : "CCCR"
276 [139786006292160] INFO perfrun.perfcollector <> - DRY_RUN : "reg_type       = 1	event_id       = g	reg_id         = 38f	reg_value      = 70000000f"
276 [139786006292160] INFO perfrun.perfcollector <> - eventId : g , ignored
276 [139786006292160] INFO perfrun.perfcollector <> - DRY_RUN : "reg_type       = 1	event_id       = g	reg_id         = 390	reg_value      = 70000000f"
276 [139786006292160] INFO perfrun.perfcollector <> - eventId : g , ignored
276 [139786006292160] INFO perfrun.perfcollector <> - DRY_RUN : "reg_type       = 1	event_id       = g	reg_id         = 3f1	reg_value      = 300000003"
276 [139786006292160] INFO perfrun.perfcollector <> - eventId : g , ignored
276 [139786006292160] INFO perfrun.perfcollector <> - DRY_RUN : "reg_type       = 1	event_id       = g	reg_id         = 1d9	reg_value      = 1800"
276 [139786006292160] INFO perfrun.perfcollector <> - eventId : g , ignored
276 [139786006292160] INFO perfrun.perfcollector <> - DRY_RUN : "reg_type       = 1	event_id       = g	reg_id         = 38d	reg_value      = bbb"
276 [139786006292160] INFO perfrun.perfcollector <> - eventId : g , ignored
276 [139786006292160] INFO perfrun.perfcollector <> - DRY_RUN : "reg_type       = 1	event_id       = 11	reg_id         = 186	reg_value      = 4304d1"
276 [139786006292160] INFO perfrun.perfcollector <> - eventId : 11 , cccrAddr : 186 , cccrVal : 4304d1
276 [139786006292160] INFO perfrun.perfcollector <> - DRY_RUN : "reg_type       = 1	event_id       = 12	reg_id         = 187	reg_value      = 4320d1"
276 [139786006292160] INFO perfrun.perfcollector <> - eventId : 12 , cccrAddr : 187 , cccrVal : 4320d1
276 [139786006292160] INFO perfrun.perfcollector <> - DRY_RUN : "reg_type       = 1	event_id       = 13	reg_id         = 188	reg_value      = 1530860"
276 [139786006292160] INFO perfrun.perfcollector <> - eventId : 13 , cccrAddr : 188 , cccrVal : 1530860
276 [139786006292160] INFO perfrun.perfcollector <> - DRY_RUN : "reg_type       = 1	event_id       = 14	reg_id         = 189	reg_value      = 6530860"
276 [139786006292160] INFO perfrun.perfcollector <> - eventId : 14 , cccrAddr : 189 , cccrVal : 6530860
276 [139786006292160] INFO perfrun.perfcollector <> - DRY_RUN : "ESCR"
276 [139786006292160] INFO perfrun.perfcollector <> - DRY_RUN : "reg_type       = 2	event_id       = g	reg_id         = 1c8	reg_value      = 0"
276 [139786006292160] INFO perfrun.perfcollector <> - eventId : g , ignored
276 [139786006292160] INFO perfrun.perfcollector <> - DRY_RUN : "DATA"
276 [139786006292160] INFO perfrun.perfcollector <> - DRY_RUN : "reg_type       = 4	event_id       = 2	reg_id         = 309	reg_value      = ffffff508620"
276 [139786006292160] INFO perfrun.perfcollector <> - eventId : 2 , dataAddr : 309 , dataVal : ffffff508620
276 [139786006292160] INFO perfrun.perfcollector <> - DRY_RUN : "reg_type       = 4	event_id       = 0	reg_id         = 30a	reg_value      = ffffff508620"
276 [139786006292160] INFO perfrun.perfcollector <> - eventId : 0 , dataAddr : 30a , dataVal : ffffff508620
276 [139786006292160] INFO perfrun.perfcollector <> - DRY_RUN : "reg_type       = 4	event_id       = 1	reg_id         = 30b	reg_value      = ffffff508620"
276 [139786006292160] INFO perfrun.perfcollector <> - eventId : 1 , dataAddr : 30b , dataVal : ffffff508620
276 [139786006292160] INFO perfrun.perfcollector <> - DRY_RUN : "reg_type       = 4	event_id       = 11	reg_id         = c1	reg_value      = fffffffc2f61"
276 [139786006292160] INFO perfrun.perfcollector <> - eventId : 11 , dataAddr : c1 , dataVal : fffffffc2f61
276 [139786006292160] INFO perfrun.perfcollector <> - DRY_RUN : "reg_type       = 4	event_id       = 12	reg_id         = c2	reg_value      = fffffffc2f61"
276 [139786006292160] INFO perfrun.perfcollector <> - eventId : 12 , dataAddr : c2 , dataVal : fffffffc2f61
276 [139786006292160] INFO perfrun.perfcollector <> - DRY_RUN : "reg_type       = 4	event_id       = 13	reg_id         = c3	reg_value      = ffffff676971"
276 [139786006292160] INFO perfrun.perfcollector <> - eventId : 13 , dataAddr : c3 , dataVal : ffffff676971
276 [139786006292160] INFO perfrun.perfcollector <> - DRY_RUN : "reg_type       = 4	event_id       = 14	reg_id         = c4	reg_value      = ffffff676971"
276 [139786006292160] INFO perfrun.perfcollector <> - eventId : 14 , dataAddr : c4 , dataVal : ffffff676971
276 [139786006292160] INFO perfrun.perfcollector <> - DRY_RUN : "Group 3:"
276 [139786006292160] INFO perfrun.perfcollector <> - id : 3
276 [139786006292160] INFO perfrun.perfcollector <> - DRY_RUN : "INST_RETIRED.ANY: event id 2"
276 [139786006292160] INFO perfrun.perfcollector <> - eventName : INST_RETIRED.ANY , eventId : 2
276 [139786006292160] INFO perfrun.perfcollector <> - DRY_RUN : "CPU_CLK_UNHALTED.THREAD: event id 0"
277 [139786006292160] INFO perfrun.perfcollector <> - eventName : CPU_CLK_UNHALTED.THREAD , eventId : 0
277 [139786006292160] INFO perfrun.perfcollector <> - DRY_RUN : "CPU_CLK_UNHALTED.REF_TSC: event id 1"
277 [139786006292160] INFO perfrun.perfcollector <> - eventName : CPU_CLK_UNHALTED.REF_TSC , eventId : 1
277 [139786006292160] INFO perfrun.perfcollector <> - DRY_RUN : "RESOURCE_STALLS.SB: event id 15"
277 [139786006292160] INFO perfrun.perfcollector <> - eventName : RESOURCE_STALLS.SB , eventId : 15
277 [139786006292160] INFO perfrun.perfcollector <> - DRY_RUN : "RS_EVENTS.EMPTY_CYCLES: event id 16"
277 [139786006292160] INFO perfrun.perfcollector <> - eventName : RS_EVENTS.EMPTY_CYCLES , eventId : 16
277 [139786006292160] INFO perfrun.perfcollector <> - DRY_RUN : "UOPS_EXECUTED.CORE:cmask=1: event id 17"
277 [139786006292160] INFO perfrun.perfcollector <> - eventName : UOPS_EXECUTED.CORE:cmask=1 , eventId : 17
277 [139786006292160] INFO perfrun.perfcollector <> - DRY_RUN : "UOPS_EXECUTED.CORE:cmask=2: event id 18"
277 [139786006292160] INFO perfrun.perfcollector <> - eventName : UOPS_EXECUTED.CORE:cmask=2 , eventId : 18
277 [139786006292160] INFO perfrun.perfcollector <> - DRY_RUN : "CCCR"
277 [139786006292160] INFO perfrun.perfcollector <> - DRY_RUN : "reg_type       = 1	event_id       = g	reg_id         = 38f	reg_value      = 70000000f"
277 [139786006292160] INFO perfrun.perfcollector <> - eventId : g , ignored
277 [139786006292160] INFO perfrun.perfcollector <> - DRY_RUN : "reg_type       = 1	event_id       = g	reg_id         = 390	reg_value      = 70000000f"
277 [139786006292160] INFO perfrun.perfcollector <> - eventId : g , ignored
277 [139786006292160] INFO perfrun.perfcollector <> - DRY_RUN : "reg_type       = 1	event_id       = g	reg_id         = 3f1	reg_value      = 0"
277 [139786006292160] INFO perfrun.perfcollector <> - eventId : g , ignored
277 [139786006292160] INFO perfrun.perfcollector <> - DRY_RUN : "reg_type       = 1	event_id       = g	reg_id         = 1d9	reg_value      = 1800"
277 [139786006292160] INFO perfrun.perfcollector <> - eventId : g , ignored
277 [139786006292160] INFO perfrun.perfcollector <> - DRY_RUN : "reg_type       = 1	event_id       = g	reg_id         = 38d	reg_value      = bbb"
277 [139786006292160] INFO perfrun.perfcollector <> - eventId : g , ignored
277 [139786006292160] INFO perfrun.perfcollector <> - DRY_RUN : "reg_type       = 1	event_id       = 15	reg_id         = 186	reg_value      = 5308a2"
277 [139786006292160] INFO perfrun.perfcollector <> - eventId : 15 , cccrAddr : 186 , cccrVal : 5308a2
277 [139786006292160] INFO perfrun.perfcollector <> - DRY_RUN : "reg_type       = 1	event_id       = 16	reg_id         = 187	reg_value      = 53015e"
277 [139786006292160] INFO perfrun.perfcollector <> - eventId : 16 , cccrAddr : 187 , cccrVal : 53015e
277 [139786006292160] INFO perfrun.perfcollector <> - DRY_RUN : "reg_type       = 1	event_id       = 17	reg_id         = 188	reg_value      = 15302b1"
277 [139786006292160] INFO perfrun.perfcollector <> - eventId : 17 , cccrAddr : 188 , cccrVal : 15302b1
277 [139786006292160] INFO perfrun.perfcollector <> - DRY_RUN : "reg_type       = 1	event_id       = 18	reg_id         = 189	reg_value      = 25302b1"
277 [139786006292160] INFO perfrun.perfcollector <> - eventId : 18 , cccrAddr : 189 , cccrVal : 25302b1
277 [139786006292160] INFO perfrun.perfcollector <> - DRY_RUN : "ESCR"
277 [139786006292160] INFO perfrun.perfcollector <> - DRY_RUN : "reg_type       = 2	event_id       = g	reg_id         = 1c8	reg_value      = 0"
277 [139786006292160] INFO perfrun.perfcollector <> - eventId : g , ignored
277 [139786006292160] INFO perfrun.perfcollector <> - DRY_RUN : "DATA"
277 [139786006292160] INFO perfrun.perfcollector <> - DRY_RUN : "reg_type       = 4	event_id       = 2	reg_id         = 309	reg_value      = ffffff508620"
277 [139786006292160] INFO perfrun.perfcollector <> - eventId : 2 , dataAddr : 309 , dataVal : ffffff508620
277 [139786006292160] INFO perfrun.perfcollector <> - DRY_RUN : "reg_type       = 4	event_id       = 0	reg_id         = 30a	reg_value      = ffffff508620"
277 [139786006292160] INFO perfrun.perfcollector <> - eventId : 0 , dataAddr : 30a , dataVal : ffffff508620
277 [139786006292160] INFO perfrun.perfcollector <> - DRY_RUN : "reg_type       = 4	event_id       = 1	reg_id         = 30b	reg_value      = ffffff508620"
277 [139786006292160] INFO perfrun.perfcollector <> - eventId : 1 , dataAddr : 30b , dataVal : ffffff508620
277 [139786006292160] INFO perfrun.perfcollector <> - DRY_RUN : "reg_type       = 4	event_id       = 15	reg_id         = c1	reg_value      = ffffff676971"
277 [139786006292160] INFO perfrun.perfcollector <> - eventId : 15 , dataAddr : c1 , dataVal : ffffff676971
277 [139786006292160] INFO perfrun.perfcollector <> - DRY_RUN : "reg_type       = 4	event_id       = 16	reg_id         = c2	reg_value      = ffffff676971"
277 [139786006292160] INFO perfrun.perfcollector <> - eventId : 16 , dataAddr : c2 , dataVal : ffffff676971
277 [139786006292160] INFO perfrun.perfcollector <> - DRY_RUN : "reg_type       = 4	event_id       = 17	reg_id         = c3	reg_value      = ffffff676971"
277 [139786006292160] INFO perfrun.perfcollector <> - eventId : 17 , dataAddr : c3 , dataVal : ffffff676971
277 [139786006292160] INFO perfrun.perfcollector <> - DRY_RUN : "reg_type       = 4	event_id       = 18	reg_id         = c4	reg_value      = ffffff676971"
277 [139786006292160] INFO perfrun.perfcollector <> - eventId : 18 , dataAddr : c4 , dataVal : ffffff676971
277 [139786006292160] INFO perfrun.perfcollector <> - DRY_RUN : "Group 4:"
277 [139786006292160] INFO perfrun.perfcollector <> - id : 4
277 [139786006292160] INFO perfrun.perfcollector <> - DRY_RUN : "INST_RETIRED.ANY: event id 2"
277 [139786006292160] INFO perfrun.perfcollector <> - eventName : INST_RETIRED.ANY , eventId : 2
277 [139786006292160] INFO perfrun.perfcollector <> - DRY_RUN : "CPU_CLK_UNHALTED.THREAD: event id 0"
277 [139786006292160] INFO perfrun.perfcollector <> - eventName : CPU_CLK_UNHALTED.THREAD , eventId : 0
277 [139786006292160] INFO perfrun.perfcollector <> - DRY_RUN : "CPU_CLK_UNHALTED.REF_TSC: event id 1"
277 [139786006292160] INFO perfrun.perfcollector <> - eventName : CPU_CLK_UNHALTED.REF_TSC , eventId : 1
277 [139786006292160] INFO perfrun.perfcollector <> - DRY_RUN : "UOPS_EXECUTED.CORE:cmask=3: event id 19"
277 [139786006292160] INFO perfrun.perfcollector <> - eventName : UOPS_EXECUTED.CORE:cmask=3 , eventId : 19
277 [139786006292160] INFO perfrun.perfcollector <> - DRY_RUN : "UOPS_ISSUED.ANY: event id 20"
277 [139786006292160] INFO perfrun.perfcollector <> - eventName : UOPS_ISSUED.ANY , eventId : 20
277 [139786006292160] INFO perfrun.perfcollector <> - DRY_RUN : "UOPS_RETIRED.RETIRE_SLOTS: event id 21"
277 [139786006292160] INFO perfrun.perfcollector <> - eventName : UOPS_RETIRED.RETIRE_SLOTS , eventId : 21
277 [139786006292160] INFO perfrun.perfcollector <> - DRY_RUN : "IDQ_UOPS_NOT_DELIVERED.CYCLES_0_UOPS_DELIV.CORE: event id 22"
277 [139786006292160] INFO perfrun.perfcollector <> - eventName : IDQ_UOPS_NOT_DELIVERED.CYCLES_0_UOPS_DELIV.CORE , eventId : 22
277 [139786006292160] INFO perfrun.perfcollector <> - DRY_RUN : "CCCR"
277 [139786006292160] INFO perfrun.perfcollector <> - DRY_RUN : "reg_type       = 1	event_id       = g	reg_id         = 38f	reg_value      = 70000000f"
277 [139786006292160] INFO perfrun.perfcollector <> - eventId : g , ignored
277 [139786006292160] INFO perfrun.perfcollector <> - DRY_RUN : "reg_type       = 1	event_id       = g	reg_id         = 390	reg_value      = 70000000f"
277 [139786006292160] INFO perfrun.perfcollector <> - eventId : g , ignored
277 [139786006292160] INFO perfrun.perfcollector <> - DRY_RUN : "reg_type       = 1	event_id       = g	reg_id         = 3f1	reg_value      = 0"
277 [139786006292160] INFO perfrun.perfcollector <> - eventId : g , ignored
277 [139786006292160] INFO perfrun.perfcollector <> - DRY_RUN : "reg_type       = 1	event_id       = g	reg_id         = 1d9	reg_value      = 1800"
277 [139786006292160] INFO perfrun.perfcollector <> - eventId : g , ignored
277 [139786006292160] INFO perfrun.perfcollector <> - DRY_RUN : "reg_type       = 1	event_id       = g	reg_id         = 38d	reg_value      = bbb"
277 [139786006292160] INFO perfrun.perfcollector <> - eventId : g , ignored
277 [139786006292160] INFO perfrun.perfcollector <> - DRY_RUN : "reg_type       = 1	event_id       = 19	reg_id         = 186	reg_value      = 35302b1"
277 [139786006292160] INFO perfrun.perfcollector <> - eventId : 19 , cccrAddr : 186 , cccrVal : 35302b1
277 [139786006292160] INFO perfrun.perfcollector <> - DRY_RUN : "reg_type       = 1	event_id       = 20	reg_id         = 187	reg_value      = 53010e"
277 [139786006292160] INFO perfrun.perfcollector <> - eventId : 20 , cccrAddr : 187 , cccrVal : 53010e
277 [139786006292160] INFO perfrun.perfcollector <> - DRY_RUN : "reg_type       = 1	event_id       = 21	reg_id         = 188	reg_value      = 5302c2"
277 [139786006292160] INFO perfrun.perfcollector <> - eventId : 21 , cccrAddr : 188 , cccrVal : 5302c2
277 [139786006292160] INFO perfrun.perfcollector <> - DRY_RUN : "reg_type       = 1	event_id       = 22	reg_id         = 189	reg_value      = 453019c"
277 [139786006292160] INFO perfrun.perfcollector <> - eventId : 22 , cccrAddr : 189 , cccrVal : 453019c
277 [139786006292160] INFO perfrun.perfcollector <> - DRY_RUN : "ESCR"
277 [139786006292160] INFO perfrun.perfcollector <> - DRY_RUN : "reg_type       = 2	event_id       = g	reg_id         = 1c8	reg_value      = 0"
277 [139786006292160] INFO perfrun.perfcollector <> - eventId : g , ignored
277 [139786006292160] INFO perfrun.perfcollector <> - DRY_RUN : "DATA"
277 [139786006292160] INFO perfrun.perfcollector <> - DRY_RUN : "reg_type       = 4	event_id       = 2	reg_id         = 309	reg_value      = ffffff508620"
277 [139786006292160] INFO perfrun.perfcollector <> - eventId : 2 , dataAddr : 309 , dataVal : ffffff508620
277 [139786006292160] INFO perfrun.perfcollector <> - DRY_RUN : "reg_type       = 4	event_id       = 0	reg_id         = 30a	reg_value      = ffffff508620"
277 [139786006292160] INFO perfrun.perfcollector <> - eventId : 0 , dataAddr : 30a , dataVal : ffffff508620
277 [139786006292160] INFO perfrun.perfcollector <> - DRY_RUN : "reg_type       = 4	event_id       = 1	reg_id         = 30b	reg_value      = ffffff508620"
277 [139786006292160] INFO perfrun.perfcollector <> - eventId : 1 , dataAddr : 30b , dataVal : ffffff508620
277 [139786006292160] INFO perfrun.perfcollector <> - DRY_RUN : "reg_type       = 4	event_id       = 19	reg_id         = c1	reg_value      = ffffff676971"
277 [139786006292160] INFO perfrun.perfcollector <> - eventId : 19 , dataAddr : c1 , dataVal : ffffff676971
277 [139786006292160] INFO perfrun.perfcollector <> - DRY_RUN : "reg_type       = 4	event_id       = 20	reg_id         = c2	reg_value      = ffffff676971"
277 [139786006292160] INFO perfrun.perfcollector <> - eventId : 20 , dataAddr : c2 , dataVal : ffffff676971
277 [139786006292160] INFO perfrun.perfcollector <> - DRY_RUN : "reg_type       = 4	event_id       = 21	reg_id         = c3	reg_value      = ffffff676971"
277 [139786006292160] INFO perfrun.perfcollector <> - eventId : 21 , dataAddr : c3 , dataVal : ffffff676971
277 [139786006292160] INFO perfrun.perfcollector <> - DRY_RUN : "reg_type       = 4	event_id       = 22	reg_id         = c4	reg_value      = ffffff676971"
277 [139786006292160] INFO perfrun.perfcollector <> - eventId : 22 , dataAddr : c4 , dataVal : ffffff676971
277 [139786006292160] INFO perfrun.perfcollector <> - DRY_RUN : "Group 5:"
277 [139786006292160] INFO perfrun.perfcollector <> - id : 5
277 [139786006292160] INFO perfrun.perfcollector <> - DRY_RUN : "INST_RETIRED.ANY: event id 2"
277 [139786006292160] INFO perfrun.perfcollector <> - eventName : INST_RETIRED.ANY , eventId : 2
277 [139786006292160] INFO perfrun.perfcollector <> - DRY_RUN : "CPU_CLK_UNHALTED.THREAD: event id 0"
277 [139786006292160] INFO perfrun.perfcollector <> - eventName : CPU_CLK_UNHALTED.THREAD , eventId : 0
277 [139786006292160] INFO perfrun.perfcollector <> - DRY_RUN : "CPU_CLK_UNHALTED.REF_TSC: event id 1"
277 [139786006292160] INFO perfrun.perfcollector <> - eventName : CPU_CLK_UNHALTED.REF_TSC , eventId : 1
277 [139786006292160] INFO perfrun.perfcollector <> - DRY_RUN : "MEM_UOPS_RETIRED.ALL_LOADS_PS: event id 23"
277 [139786006292160] INFO perfrun.perfcollector <> - eventName : MEM_UOPS_RETIRED.ALL_LOADS_PS , eventId : 23
277 [139786006292160] INFO perfrun.perfcollector <> - DRY_RUN : "MEM_UOPS_RETIRED.ALL_STORES_PS: event id 24"
277 [139786006292160] INFO perfrun.perfcollector <> - eventName : MEM_UOPS_RETIRED.ALL_STORES_PS , eventId : 24
277 [139786006292160] INFO perfrun.perfcollector <> - DRY_RUN : "MEM_LOAD_UOPS_L3_MISS_RETIRED.LOCAL_DRAM_PS: event id 25"
277 [139786006292160] INFO perfrun.perfcollector <> - eventName : MEM_LOAD_UOPS_L3_MISS_RETIRED.LOCAL_DRAM_PS , eventId : 25
277 [139786006292160] INFO perfrun.perfcollector <> - DRY_RUN : "MEM_LOAD_UOPS_L3_MISS_RETIRED.REMOTE_DRAM_PS: event id 26"
277 [139786006292160] INFO perfrun.perfcollector <> - eventName : MEM_LOAD_UOPS_L3_MISS_RETIRED.REMOTE_DRAM_PS , eventId : 26
277 [139786006292160] INFO perfrun.perfcollector <> - DRY_RUN : "CCCR"
277 [139786006292160] INFO perfrun.perfcollector <> - DRY_RUN : "reg_type       = 1	event_id       = g	reg_id         = 38f	reg_value      = 70000000f"
277 [139786006292160] INFO perfrun.perfcollector <> - eventId : g , ignored
277 [139786006292160] INFO perfrun.perfcollector <> - DRY_RUN : "reg_type       = 1	event_id       = g	reg_id         = 390	reg_value      = 70000000f"
277 [139786006292160] INFO perfrun.perfcollector <> - eventId : g , ignored
277 [139786006292160] INFO perfrun.perfcollector <> - DRY_RUN : "reg_type       = 1	event_id       = g	reg_id         = 3f1	reg_value      = f0000000f"
277 [139786006292160] INFO perfrun.perfcollector <> - eventId : g , ignored
277 [139786006292160] INFO perfrun.perfcollector <> - DRY_RUN : "reg_type       = 1	event_id       = g	reg_id         = 1d9	reg_value      = 1800"
277 [139786006292160] INFO perfrun.perfcollector <> - eventId : g , ignored
277 [139786006292160] INFO perfrun.perfcollector <> - DRY_RUN : "reg_type       = 1	event_id       = g	reg_id         = 38d	reg_value      = bbb"
277 [139786006292160] INFO perfrun.perfcollector <> - eventId : g , ignored
277 [139786006292160] INFO perfrun.perfcollector <> - DRY_RUN : "reg_type       = 1	event_id       = 23	reg_id         = 186	reg_value      = 4381d0"
277 [139786006292160] INFO perfrun.perfcollector <> - eventId : 23 , cccrAddr : 186 , cccrVal : 4381d0
277 [139786006292160] INFO perfrun.perfcollector <> - DRY_RUN : "reg_type       = 1	event_id       = 24	reg_id         = 187	reg_value      = 4382d0"
277 [139786006292160] INFO perfrun.perfcollector <> - eventId : 24 , cccrAddr : 187 , cccrVal : 4382d0
277 [139786006292160] INFO perfrun.perfcollector <> - DRY_RUN : "reg_type       = 1	event_id       = 25	reg_id         = 188	reg_value      = 4301d3"
277 [139786006292160] INFO perfrun.perfcollector <> - eventId : 25 , cccrAddr : 188 , cccrVal : 4301d3
277 [139786006292160] INFO perfrun.perfcollector <> - DRY_RUN : "reg_type       = 1	event_id       = 26	reg_id         = 189	reg_value      = 4304d3"
277 [139786006292160] INFO perfrun.perfcollector <> - eventId : 26 , cccrAddr : 189 , cccrVal : 4304d3
277 [139786006292160] INFO perfrun.perfcollector <> - DRY_RUN : "ESCR"
277 [139786006292160] INFO perfrun.perfcollector <> - DRY_RUN : "reg_type       = 2	event_id       = g	reg_id         = 1c8	reg_value      = 0"
277 [139786006292160] INFO perfrun.perfcollector <> - eventId : g , ignored
277 [139786006292160] INFO perfrun.perfcollector <> - DRY_RUN : "DATA"
277 [139786006292160] INFO perfrun.perfcollector <> - DRY_RUN : "reg_type       = 4	event_id       = 2	reg_id         = 309	reg_value      = ffffff508620"
277 [139786006292160] INFO perfrun.perfcollector <> - eventId : 2 , dataAddr : 309 , dataVal : ffffff508620
277 [139786006292160] INFO perfrun.perfcollector <> - DRY_RUN : "reg_type       = 4	event_id       = 0	reg_id         = 30a	reg_value      = ffffff508620"
277 [139786006292160] INFO perfrun.perfcollector <> - eventId : 0 , dataAddr : 30a , dataVal : ffffff508620
277 [139786006292160] INFO perfrun.perfcollector <> - DRY_RUN : "reg_type       = 4	event_id       = 1	reg_id         = 30b	reg_value      = ffffff508620"
277 [139786006292160] INFO perfrun.perfcollector <> - eventId : 1 , dataAddr : 30b , dataVal : ffffff508620
277 [139786006292160] INFO perfrun.perfcollector <> - DRY_RUN : "reg_type       = 4	event_id       = 23	reg_id         = c1	reg_value      = fffffff85ed1"
277 [139786006292160] INFO perfrun.perfcollector <> - eventId : 23 , dataAddr : c1 , dataVal : fffffff85ed1
277 [139786006292160] INFO perfrun.perfcollector <> - DRY_RUN : "reg_type       = 4	event_id       = 24	reg_id         = c2	reg_value      = fffffff85ed1"
277 [139786006292160] INFO perfrun.perfcollector <> - eventId : 24 , dataAddr : c2 , dataVal : fffffff85ed1
277 [139786006292160] INFO perfrun.perfcollector <> - DRY_RUN : "reg_type       = 4	event_id       = 25	reg_id         = c3	reg_value      = fffffff85ed1"
277 [139786006292160] INFO perfrun.perfcollector <> - eventId : 25 , dataAddr : c3 , dataVal : fffffff85ed1
277 [139786006292160] INFO perfrun.perfcollector <> - DRY_RUN : "reg_type       = 4	event_id       = 26	reg_id         = c4	reg_value      = fffffff85ed1"
277 [139786006292160] INFO perfrun.perfcollector <> - eventId : 26 , dataAddr : c4 , dataVal : fffffff85ed1
277 [139786006292160] INFO perfrun.perfcollector <> - DRY_RUN : "Group 6:"
277 [139786006292160] INFO perfrun.perfcollector <> - id : 6
277 [139786006292160] INFO perfrun.perfcollector <> - DRY_RUN : "INST_RETIRED.ANY: event id 2"
277 [139786006292160] INFO perfrun.perfcollector <> - eventName : INST_RETIRED.ANY , eventId : 2
277 [139786006292160] INFO perfrun.perfcollector <> - DRY_RUN : "CPU_CLK_UNHALTED.THREAD: event id 0"
277 [139786006292160] INFO perfrun.perfcollector <> - eventName : CPU_CLK_UNHALTED.THREAD , eventId : 0
277 [139786006292160] INFO perfrun.perfcollector <> - DRY_RUN : "CPU_CLK_UNHALTED.REF_TSC: event id 1"
277 [139786006292160] INFO perfrun.perfcollector <> - eventName : CPU_CLK_UNHALTED.REF_TSC , eventId : 1
277 [139786006292160] INFO perfrun.perfcollector <> - DRY_RUN : "MEM_LOAD_UOPS_L3_MISS_RETIRED.REMOTE_HITM_PS: event id 27"
277 [139786006292160] INFO perfrun.perfcollector <> - eventName : MEM_LOAD_UOPS_L3_MISS_RETIRED.REMOTE_HITM_PS , eventId : 27
277 [139786006292160] INFO perfrun.perfcollector <> - DRY_RUN : "MEM_LOAD_UOPS_L3_MISS_RETIRED.REMOTE_FWD_PS: event id 28"
277 [139786006292160] INFO perfrun.perfcollector <> - eventName : MEM_LOAD_UOPS_L3_MISS_RETIRED.REMOTE_FWD_PS , eventId : 28
277 [139786006292160] INFO perfrun.perfcollector <> - DRY_RUN : "CCCR"
277 [139786006292160] INFO perfrun.perfcollector <> - DRY_RUN : "reg_type       = 1	event_id       = g	reg_id         = 38f	reg_value      = 700000003"
277 [139786006292160] INFO perfrun.perfcollector <> - eventId : g , ignored
277 [139786006292160] INFO perfrun.perfcollector <> - DRY_RUN : "reg_type       = 1	event_id       = g	reg_id         = 390	reg_value      = 700000003"
277 [139786006292160] INFO perfrun.perfcollector <> - eventId : g , ignored
277 [139786006292160] INFO perfrun.perfcollector <> - DRY_RUN : "reg_type       = 1	event_id       = g	reg_id         = 3f1	reg_value      = 300000003"
277 [139786006292160] INFO perfrun.perfcollector <> - eventId : g , ignored
277 [139786006292160] INFO perfrun.perfcollector <> - DRY_RUN : "reg_type       = 1	event_id       = g	reg_id         = 1d9	reg_value      = 1800"
277 [139786006292160] INFO perfrun.perfcollector <> - eventId : g , ignored
277 [139786006292160] INFO perfrun.perfcollector <> - DRY_RUN : "reg_type       = 1	event_id       = g	reg_id         = 38d	reg_value      = bbb"
277 [139786006292160] INFO perfrun.perfcollector <> - eventId : g , ignored
277 [139786006292160] INFO perfrun.perfcollector <> - DRY_RUN : "reg_type       = 1	event_id       = 27	reg_id         = 186	reg_value      = 4310d3"
277 [139786006292160] INFO perfrun.perfcollector <> - eventId : 27 , cccrAddr : 186 , cccrVal : 4310d3
277 [139786006292160] INFO perfrun.perfcollector <> - DRY_RUN : "reg_type       = 1	event_id       = 28	reg_id         = 187	reg_value      = 4320d3"
277 [139786006292160] INFO perfrun.perfcollector <> - eventId : 28 , cccrAddr : 187 , cccrVal : 4320d3
277 [139786006292160] INFO perfrun.perfcollector <> - DRY_RUN : "ESCR"
277 [139786006292160] INFO perfrun.perfcollector <> - DRY_RUN : "reg_type       = 2	event_id       = g	reg_id         = 1c8	reg_value      = 0"
277 [139786006292160] INFO perfrun.perfcollector <> - eventId : g , ignored
277 [139786006292160] INFO perfrun.perfcollector <> - DRY_RUN : "DATA"
277 [139786006292160] INFO perfrun.perfcollector <> - DRY_RUN : "reg_type       = 4	event_id       = 2	reg_id         = 309	reg_value      = ffffff508620"
277 [139786006292160] INFO perfrun.perfcollector <> - eventId : 2 , dataAddr : 309 , dataVal : ffffff508620
277 [139786006292160] INFO perfrun.perfcollector <> - DRY_RUN : "reg_type       = 4	event_id       = 0	reg_id         = 30a	reg_value      = ffffff508620"
277 [139786006292160] INFO perfrun.perfcollector <> - eventId : 0 , dataAddr : 30a , dataVal : ffffff508620
277 [139786006292160] INFO perfrun.perfcollector <> - DRY_RUN : "reg_type       = 4	event_id       = 1	reg_id         = 30b	reg_value      = ffffff508620"
277 [139786006292160] INFO perfrun.perfcollector <> - eventId : 1 , dataAddr : 30b , dataVal : ffffff508620
277 [139786006292160] INFO perfrun.perfcollector <> - DRY_RUN : "reg_type       = 4	event_id       = 27	reg_id         = c1	reg_value      = fffffff85ed1"
277 [139786006292160] INFO perfrun.perfcollector <> - eventId : 27 , dataAddr : c1 , dataVal : fffffff85ed1
277 [139786006292160] INFO perfrun.perfcollector <> - DRY_RUN : "reg_type       = 4	event_id       = 28	reg_id         = c2	reg_value      = fffffff85ed1"
277 [139786006292160] INFO perfrun.perfcollector <> - eventId : 28 , dataAddr : c2 , dataVal : fffffff85ed1
277 [139786006292160] INFO perfrun.perfcollector <> - DRY_RUN : "PMU type: Uncore (imc)"
285 [139786006292160] INFO perfrun.perfcollector <> - pmu type : uncore_imc
285 [139786006292160] INFO perfrun.perfcollector <> - DRY_RUN : "Number of units: 8"
285 [139786006292160] INFO perfrun.perfcollector <> - id : 8
285 [139786006292160] INFO perfrun.perfcollector <> - DRY_RUN : "Group 0:"
285 [139786006292160] INFO perfrun.perfcollector <> - id : 0
285 [139786006292160] INFO perfrun.perfcollector <> - DRY_RUN : "UNC_M_CAS_COUNT.RD: event id 29"
285 [139786006292160] INFO perfrun.perfcollector <> - eventName : UNC_M_CAS_COUNT.RD , eventId : 29
285 [139786006292160] INFO perfrun.perfcollector <> - DRY_RUN : "UNC_M_CAS_COUNT.WR: event id 30"
285 [139786006292160] INFO perfrun.perfcollector <> - eventName : UNC_M_CAS_COUNT.WR , eventId : 30
285 [139786006292160] INFO perfrun.perfcollector <> - DRY_RUN : "CCCR"
285 [139786006292160] INFO perfrun.perfcollector <> - DRY_RUN : "idx = 0	reg_type       = 1	event_id = 30	reg_id         = 700	reg_value      = 80000000	bar_index      = 0"
285 [139786006292160] INFO perfrun.perfcollector <> - eventId : 30 , cccrAddr : 700 , cccrVal : 80000000
285 [139786006292160] INFO perfrun.perfcollector <> - DRY_RUN : "idx = 2	reg_type       = 5	event_id = 29	reg_id         = d8	reg_value      = 400304	bar_index      = 0"
285 [139786006292160] INFO perfrun.perfcollector <> - eventId : 29 , cccrAddr : d8 , cccrVal : 400304
285 [139786006292160] INFO perfrun.perfcollector <> - DRY_RUN : "idx = 3	reg_type       = 5	event_id = 30	reg_id         = dc	reg_value      = 400c04	bar_index      = 0"
285 [139786006292160] INFO perfrun.perfcollector <> - eventId : 30 , cccrAddr : dc , cccrVal : 400c04
285 [139786006292160] INFO perfrun.perfcollector <> - DRY_RUN : "idx = 6	reg_type       = 2	event_id = g	reg_id         = f4	reg_value      = 0	bar_index      = 0"
285 [139786006292160] INFO perfrun.perfcollector <> - eventId : g , ignored
285 [139786006292160] INFO perfrun.perfcollector <> - DRY_RUN : "idx = 8	reg_type       = 5	event_id = 29	reg_id         = d8	reg_value      = 400304	bar_index      = 0"
285 [139786006292160] INFO perfrun.perfcollector <> - eventId : 29 , cccrAddr : d8 , cccrVal : 400304
285 [139786006292160] INFO perfrun.perfcollector <> - DRY_RUN : "idx = 9	reg_type       = 5	event_id = 30	reg_id         = dc	reg_value      = 400c04	bar_index      = 0"
285 [139786006292160] INFO perfrun.perfcollector <> - eventId : 30 , cccrAddr : dc , cccrVal : 400c04
285 [139786006292160] INFO perfrun.perfcollector <> - DRY_RUN : "idx = 12	reg_type       = 2	event_id = g	reg_id         = f4	reg_value      = 0	bar_index      = 0"
285 [139786006292160] INFO perfrun.perfcollector <> - eventId : g , ignored
285 [139786006292160] INFO perfrun.perfcollector <> - DRY_RUN : "idx = 14	reg_type       = 5	event_id = 29	reg_id         = d8	reg_value      = 400304	bar_index      = 0"
285 [139786006292160] INFO perfrun.perfcollector <> - eventId : 29 , cccrAddr : d8 , cccrVal : 400304
285 [139786006292160] INFO perfrun.perfcollector <> - DRY_RUN : "idx = 15	reg_type       = 5	event_id = 30	reg_id         = dc	reg_value      = 400c04	bar_index      = 0"
285 [139786006292160] INFO perfrun.perfcollector <> - eventId : 30 , cccrAddr : dc , cccrVal : 400c04
285 [139786006292160] INFO perfrun.perfcollector <> - DRY_RUN : "idx = 18	reg_type       = 2	event_id = g	reg_id         = f4	reg_value      = 0	bar_index      = 0"
285 [139786006292160] INFO perfrun.perfcollector <> - eventId : g , ignored
285 [139786006292160] INFO perfrun.perfcollector <> - DRY_RUN : "idx = 20	reg_type       = 5	event_id = 29	reg_id         = d8	reg_value      = 400304	bar_index      = 0"
285 [139786006292160] INFO perfrun.perfcollector <> - eventId : 29 , cccrAddr : d8 , cccrVal : 400304
285 [139786006292160] INFO perfrun.perfcollector <> - DRY_RUN : "idx = 21	reg_type       = 5	event_id = 30	reg_id         = dc	reg_value      = 400c04	bar_index      = 0"
285 [139786006292160] INFO perfrun.perfcollector <> - eventId : 30 , cccrAddr : dc , cccrVal : 400c04
285 [139786006292160] INFO perfrun.perfcollector <> - DRY_RUN : "idx = 24	reg_type       = 2	event_id = g	reg_id         = f4	reg_value      = 0	bar_index      = 0"
285 [139786006292160] INFO perfrun.perfcollector <> - eventId : g , ignored
285 [139786006292160] INFO perfrun.perfcollector <> - DRY_RUN : "idx = 26	reg_type       = 5	event_id = 29	reg_id         = d8	reg_value      = 400304	bar_index      = 0"
285 [139786006292160] INFO perfrun.perfcollector <> - eventId : 29 , cccrAddr : d8 , cccrVal : 400304
285 [139786006292160] INFO perfrun.perfcollector <> - DRY_RUN : "idx = 27	reg_type       = 5	event_id = 30	reg_id         = dc	reg_value      = 400c04	bar_index      = 0"
285 [139786006292160] INFO perfrun.perfcollector <> - eventId : 30 , cccrAddr : dc , cccrVal : 400c04
285 [139786006292160] INFO perfrun.perfcollector <> - DRY_RUN : "idx = 30	reg_type       = 2	event_id = g	reg_id         = f4	reg_value      = 0	bar_index      = 0"
285 [139786006292160] INFO perfrun.perfcollector <> - eventId : g , ignored
285 [139786006292160] INFO perfrun.perfcollector <> - DRY_RUN : "idx = 32	reg_type       = 5	event_id = 29	reg_id         = d8	reg_value      = 400304	bar_index      = 0"
285 [139786006292160] INFO perfrun.perfcollector <> - eventId : 29 , cccrAddr : d8 , cccrVal : 400304
285 [139786006292160] INFO perfrun.perfcollector <> - DRY_RUN : "idx = 33	reg_type       = 5	event_id = 30	reg_id         = dc	reg_value      = 400c04	bar_index      = 0"
285 [139786006292160] INFO perfrun.perfcollector <> - eventId : 30 , cccrAddr : dc , cccrVal : 400c04
285 [139786006292160] INFO perfrun.perfcollector <> - DRY_RUN : "idx = 36	reg_type       = 2	event_id = g	reg_id         = f4	reg_value      = 0	bar_index      = 0"
285 [139786006292160] INFO perfrun.perfcollector <> - eventId : g , ignored
285 [139786006292160] INFO perfrun.perfcollector <> - DRY_RUN : "idx = 38	reg_type       = 5	event_id = 29	reg_id         = d8	reg_value      = 400304	bar_index      = 0"
285 [139786006292160] INFO perfrun.perfcollector <> - eventId : 29 , cccrAddr : d8 , cccrVal : 400304
285 [139786006292160] INFO perfrun.perfcollector <> - DRY_RUN : "idx = 39	reg_type       = 5	event_id = 30	reg_id         = dc	reg_value      = 400c04	bar_index      = 0"
285 [139786006292160] INFO perfrun.perfcollector <> - eventId : 30 , cccrAddr : dc , cccrVal : 400c04
285 [139786006292160] INFO perfrun.perfcollector <> - DRY_RUN : "idx = 42	reg_type       = 2	event_id = g	reg_id         = f4	reg_value      = 0	bar_index      = 0"
285 [139786006292160] INFO perfrun.perfcollector <> - eventId : g , ignored
285 [139786006292160] INFO perfrun.perfcollector <> - DRY_RUN : "idx = 44	reg_type       = 5	event_id = 29	reg_id         = d8	reg_value      = 400304	bar_index      = 0"
285 [139786006292160] INFO perfrun.perfcollector <> - eventId : 29 , cccrAddr : d8 , cccrVal : 400304
285 [139786006292160] INFO perfrun.perfcollector <> - DRY_RUN : "idx = 45	reg_type       = 5	event_id = 30	reg_id         = dc	reg_value      = 400c04	bar_index      = 0"
285 [139786006292160] INFO perfrun.perfcollector <> - eventId : 30 , cccrAddr : dc , cccrVal : 400c04
285 [139786006292160] INFO perfrun.perfcollector <> - DRY_RUN : "idx = 48	reg_type       = 2	event_id = g	reg_id         = f4	reg_value      = 0	bar_index      = 0"
285 [139786006292160] INFO perfrun.perfcollector <> - eventId : g , ignored
285 [139786006292160] INFO perfrun.perfcollector <> - DRY_RUN : "ESCR"
285 [139786006292160] INFO perfrun.perfcollector <> - DRY_RUN : "DATA"
285 [139786006292160] INFO perfrun.perfcollector <> - DRY_RUN : "idx = 50	reg_type       = 4	event_id       = 29	reg_id         = a0	reg_value      = 0	pci reg_id  offset    = 0xa0	pci reg id  data_size = 0	bar_index      = 0"
285 [139786006292160] INFO perfrun.perfcollector <> - eventId : 29 , dataAddr : a0 , dataVal : 0
285 [139786006292160] INFO perfrun.perfcollector <> - DRY_RUN : "idx = 51	reg_type       = 4	event_id       = 30	reg_id         = a8	reg_value      = 0	pci reg_id  offset    = 0xa8	pci reg id  data_size = 0	bar_index      = 0"
285 [139786006292160] INFO perfrun.perfcollector <> - eventId : 30 , dataAddr : a8 , dataVal : 0
285 [139786006292160] INFO perfrun.perfcollector <> - DRY_RUN : "idx = 55	reg_type       = 4	event_id       = 29	reg_id         = a0	reg_value      = 0	pci reg_id  offset    = 0xa0	pci reg id  data_size = 0	bar_index      = 0"
285 [139786006292160] INFO perfrun.perfcollector <> - eventId : 29 , dataAddr : a0 , dataVal : 0
285 [139786006292160] INFO perfrun.perfcollector <> - DRY_RUN : "idx = 56	reg_type       = 4	event_id       = 30	reg_id         = a8	reg_value      = 0	pci reg_id  offset    = 0xa8	pci reg id  data_size = 0	bar_index      = 0"
285 [139786006292160] INFO perfrun.perfcollector <> - eventId : 30 , dataAddr : a8 , dataVal : 0
285 [139786006292160] INFO perfrun.perfcollector <> - DRY_RUN : "idx = 60	reg_type       = 4	event_id       = 29	reg_id         = a0	reg_value      = 0	pci reg_id  offset    = 0xa0	pci reg id  data_size = 0	bar_index      = 0"
285 [139786006292160] INFO perfrun.perfcollector <> - eventId : 29 , dataAddr : a0 , dataVal : 0
285 [139786006292160] INFO perfrun.perfcollector <> - DRY_RUN : "idx = 61	reg_type       = 4	event_id       = 30	reg_id         = a8	reg_value      = 0	pci reg_id  offset    = 0xa8	pci reg id  data_size = 0	bar_index      = 0"
285 [139786006292160] INFO perfrun.perfcollector <> - eventId : 30 , dataAddr : a8 , dataVal : 0
285 [139786006292160] INFO perfrun.perfcollector <> - DRY_RUN : "idx = 65	reg_type       = 4	event_id       = 29	reg_id         = a0	reg_value      = 0	pci reg_id  offset    = 0xa0	pci reg id  data_size = 0	bar_index      = 0"
285 [139786006292160] INFO perfrun.perfcollector <> - eventId : 29 , dataAddr : a0 , dataVal : 0
285 [139786006292160] INFO perfrun.perfcollector <> - DRY_RUN : "idx = 66	reg_type       = 4	event_id       = 30	reg_id         = a8	reg_value      = 0	pci reg_id  offset    = 0xa8	pci reg id  data_size = 0	bar_index      = 0"
285 [139786006292160] INFO perfrun.perfcollector <> - eventId : 30 , dataAddr : a8 , dataVal : 0
285 [139786006292160] INFO perfrun.perfcollector <> - DRY_RUN : "idx = 70	reg_type       = 4	event_id       = 29	reg_id         = a0	reg_value      = 0	pci reg_id  offset    = 0xa0	pci reg id  data_size = 0	bar_index      = 0"
285 [139786006292160] INFO perfrun.perfcollector <> - eventId : 29 , dataAddr : a0 , dataVal : 0
285 [139786006292160] INFO perfrun.perfcollector <> - DRY_RUN : "idx = 71	reg_type       = 4	event_id       = 30	reg_id         = a8	reg_value      = 0	pci reg_id  offset    = 0xa8	pci reg id  data_size = 0	bar_index      = 0"
285 [139786006292160] INFO perfrun.perfcollector <> - eventId : 30 , dataAddr : a8 , dataVal : 0
285 [139786006292160] INFO perfrun.perfcollector <> - DRY_RUN : "idx = 75	reg_type       = 4	event_id       = 29	reg_id         = a0	reg_value      = 0	pci reg_id  offset    = 0xa0	pci reg id  data_size = 0	bar_index      = 0"
285 [139786006292160] INFO perfrun.perfcollector <> - eventId : 29 , dataAddr : a0 , dataVal : 0
285 [139786006292160] INFO perfrun.perfcollector <> - DRY_RUN : "idx = 76	reg_type       = 4	event_id       = 30	reg_id         = a8	reg_value      = 0	pci reg_id  offset    = 0xa8	pci reg id  data_size = 0	bar_index      = 0"
285 [139786006292160] INFO perfrun.perfcollector <> - eventId : 30 , dataAddr : a8 , dataVal : 0
285 [139786006292160] INFO perfrun.perfcollector <> - DRY_RUN : "idx = 80	reg_type       = 4	event_id       = 29	reg_id         = a0	reg_value      = 0	pci reg_id  offset    = 0xa0	pci reg id  data_size = 0	bar_index      = 0"
285 [139786006292160] INFO perfrun.perfcollector <> - eventId : 29 , dataAddr : a0 , dataVal : 0
285 [139786006292160] INFO perfrun.perfcollector <> - DRY_RUN : "idx = 81	reg_type       = 4	event_id       = 30	reg_id         = a8	reg_value      = 0	pci reg_id  offset    = 0xa8	pci reg id  data_size = 0	bar_index      = 0"
285 [139786006292160] INFO perfrun.perfcollector <> - eventId : 30 , dataAddr : a8 , dataVal : 0
285 [139786006292160] INFO perfrun.perfcollector <> - DRY_RUN : "idx = 85	reg_type       = 4	event_id       = 29	reg_id         = a0	reg_value      = 0	pci reg_id  offset    = 0xa0	pci reg id  data_size = 0	bar_index      = 0"
285 [139786006292160] INFO perfrun.perfcollector <> - eventId : 29 , dataAddr : a0 , dataVal : 0
285 [139786006292160] INFO perfrun.perfcollector <> - DRY_RUN : "idx = 86	reg_type       = 4	event_id       = 30	reg_id         = a8	reg_value      = 0	pci reg_id  offset    = 0xa8	pci reg id  data_size = 0	bar_index      = 0"
285 [139786006292160] INFO perfrun.perfcollector <> - eventId : 30 , dataAddr : a8 , dataVal : 0
285 [139786006292160] INFO perfrun.perfcollector <> - pmu config : cpu , m_cccrAddr : ffffffff , m_cccrVal : 0 , m_escrAddr : ffffffff , m_escrVal : 0 , m_dataAddr : 30a , m_dataVal : ffffffffff508620
285 [139786006292160] INFO perfrun.perfcollector <> - config : event : 3c
285 [139786006292160] INFO perfrun.perfcollector <> - config : pc : 0
285 [139786006292160] INFO perfrun.perfcollector <> - config : edge : 0
285 [139786006292160] INFO perfrun.perfcollector <> - config : any : 0
285 [139786006292160] INFO perfrun.perfcollector <> - config1 : offcore_rsp : 0
285 [139786006292160] INFO perfrun.perfcollector <> - config1 : ldlat : 0
285 [139786006292160] INFO perfrun.perfcollector <> - config : inv : 0
285 [139786006292160] INFO perfrun.perfcollector <> - config : umask : 0
285 [139786006292160] INFO perfrun.perfcollector <> - config : cmask : 0
285 [139786006292160] INFO perfrun.perfcollector <> - format : cpu/period=0xaf79e0,event=0x3c,name='CPU_CLK_UNHALTED.THREAD'/D
285 [139786006292160] INFO perfrun.perfcollector <> - pmu config : cpu , m_cccrAddr : ffffffff , m_cccrVal : 0 , m_escrAddr : ffffffff , m_escrVal : 0 , m_dataAddr : 30b , m_dataVal : ffffffffff508620
285 [139786006292160] INFO perfrun.perfcollector <> - config : event : 0
285 [139786006292160] INFO perfrun.perfcollector <> - config : pc : 0
285 [139786006292160] INFO perfrun.perfcollector <> - config : edge : 0
285 [139786006292160] INFO perfrun.perfcollector <> - config : any : 0
285 [139786006292160] INFO perfrun.perfcollector <> - config1 : offcore_rsp : 0
285 [139786006292160] INFO perfrun.perfcollector <> - config1 : ldlat : 0
285 [139786006292160] INFO perfrun.perfcollector <> - config : inv : 0
285 [139786006292160] INFO perfrun.perfcollector <> - config : umask : 3
285 [139786006292160] INFO perfrun.perfcollector <> - config : cmask : 0
285 [139786006292160] INFO perfrun.perfcollector <> - format : cpu/period=0xaf79e0,umask=0x3,name='CPU_CLK_UNHALTED.REF_TSC'/D
285 [139786006292160] INFO perfrun.perfcollector <> - pmu config : cpu , m_cccrAddr : ffffffff , m_cccrVal : 0 , m_escrAddr : ffffffff , m_escrVal : 0 , m_dataAddr : 309 , m_dataVal : ffffffffff508620
285 [139786006292160] INFO perfrun.perfcollector <> - config : event : c0
285 [139786006292160] INFO perfrun.perfcollector <> - config : pc : 0
285 [139786006292160] INFO perfrun.perfcollector <> - config : edge : 0
285 [139786006292160] INFO perfrun.perfcollector <> - config : any : 0
285 [139786006292160] INFO perfrun.perfcollector <> - config1 : offcore_rsp : 0
285 [139786006292160] INFO perfrun.perfcollector <> - config1 : ldlat : 0
285 [139786006292160] INFO perfrun.perfcollector <> - config : inv : 0
285 [139786006292160] INFO perfrun.perfcollector <> - config : umask : 0
285 [139786006292160] INFO perfrun.perfcollector <> - config : cmask : 0
285 [139786006292160] INFO perfrun.perfcollector <> - format : cpu/period=0xaf79e0,event=0xc0,name='INST_RETIRED.ANY'/D
285 [139786006292160] INFO perfrun.perfcollector <> - pmu config : cpu , m_cccrAddr : 188 , m_cccrVal : c530ca3 , m_escrAddr : ffffffff , m_escrVal : 0 , m_dataAddr : c3 , m_dataVal : ffffffffff676971
285 [139786006292160] INFO perfrun.perfcollector <> - config : event : a3
285 [139786006292160] INFO perfrun.perfcollector <> - config : pc : 0
285 [139786006292160] INFO perfrun.perfcollector <> - config : edge : 0
285 [139786006292160] INFO perfrun.perfcollector <> - config : any : 0
285 [139786006292160] INFO perfrun.perfcollector <> - config1 : offcore_rsp : 0
285 [139786006292160] INFO perfrun.perfcollector <> - config1 : ldlat : 0
285 [139786006292160] INFO perfrun.perfcollector <> - config : inv : 0
285 [139786006292160] INFO perfrun.perfcollector <> - config : umask : c
285 [139786006292160] INFO perfrun.perfcollector <> - config : cmask : c
285 [139786006292160] INFO perfrun.perfcollector <> - format : cpu/period=0x98968f,event=0xa3,umask=0xc,cmask=0xc,name='CYCLE_ACTIVITY.STALLS_L1D_PENDING'/
285 [139786006292160] INFO perfrun.perfcollector <> - pmu config : cpu , m_cccrAddr : 186 , m_cccrVal : 53013c , m_escrAddr : ffffffff , m_escrVal : 0 , m_dataAddr : c1 , m_dataVal : fffffffffff85ed1
285 [139786006292160] INFO perfrun.perfcollector <> - config : event : 3c
285 [139786006292160] INFO perfrun.perfcollector <> - config : pc : 0
285 [139786006292160] INFO perfrun.perfcollector <> - config : edge : 0
285 [139786006292160] INFO perfrun.perfcollector <> - config : any : 0
285 [139786006292160] INFO perfrun.perfcollector <> - config1 : offcore_rsp : 0
285 [139786006292160] INFO perfrun.perfcollector <> - config1 : ldlat : 0
285 [139786006292160] INFO perfrun.perfcollector <> - config : inv : 0
285 [139786006292160] INFO perfrun.perfcollector <> - config : umask : 1
285 [139786006292160] INFO perfrun.perfcollector <> - config : cmask : 0
285 [139786006292160] INFO perfrun.perfcollector <> - format : cpu/period=0x7a12f,event=0x3c,umask=0x1,name='CPU_CLK_UNHALTED.REF_XCLK'/
285 [139786006292160] INFO perfrun.perfcollector <> - pmu config : cpu , m_cccrAddr : 187 , m_cccrVal : 53023c , m_escrAddr : ffffffff , m_escrVal : 0 , m_dataAddr : c2 , m_dataVal : fffffffffff85ed1
285 [139786006292160] INFO perfrun.perfcollector <> - config : event : 3c
285 [139786006292160] INFO perfrun.perfcollector <> - config : pc : 0
285 [139786006292160] INFO perfrun.perfcollector <> - config : edge : 0
285 [139786006292160] INFO perfrun.perfcollector <> - config : any : 0
285 [139786006292160] INFO perfrun.perfcollector <> - config1 : offcore_rsp : 0
285 [139786006292160] INFO perfrun.perfcollector <> - config1 : ldlat : 0
285 [139786006292160] INFO perfrun.perfcollector <> - config : inv : 0
285 [139786006292160] INFO perfrun.perfcollector <> - config : umask : 2
285 [139786006292160] INFO perfrun.perfcollector <> - config : cmask : 0
285 [139786006292160] INFO perfrun.perfcollector <> - format : cpu/period=0x7a12f,event=0x3c,umask=0x2,name='CPU_CLK_UNHALTED.ONE_THREAD_ACTIVE'/
285 [139786006292160] INFO perfrun.perfcollector <> - pmu config : cpu , m_cccrAddr : 189 , m_cccrVal : 45304a3 , m_escrAddr : ffffffff , m_escrVal : 0 , m_dataAddr : c4 , m_dataVal : ffffffffff676971
285 [139786006292160] INFO perfrun.perfcollector <> - config : event : a3
285 [139786006292160] INFO perfrun.perfcollector <> - config : pc : 0
286 [139786006292160] INFO perfrun.perfcollector <> - config : edge : 0
286 [139786006292160] INFO perfrun.perfcollector <> - config : any : 0
286 [139786006292160] INFO perfrun.perfcollector <> - config1 : offcore_rsp : 0
286 [139786006292160] INFO perfrun.perfcollector <> - config1 : ldlat : 0
286 [139786006292160] INFO perfrun.perfcollector <> - config : inv : 0
286 [139786006292160] INFO perfrun.perfcollector <> - config : umask : 4
286 [139786006292160] INFO perfrun.perfcollector <> - config : cmask : 4
286 [139786006292160] INFO perfrun.perfcollector <> - format : cpu/period=0x98968f,event=0xa3,umask=0x4,cmask=0x4,name='CYCLE_ACTIVITY.CYCLES_NO_EXECUTE'/
286 [139786006292160] INFO perfrun.perfcollector <> - pmu config : cpu , m_cccrAddr : 186 , m_cccrVal : 65306a3 , m_escrAddr : ffffffff , m_escrVal : 0 , m_dataAddr : c1 , m_dataVal : ffffffffff676971
286 [139786006292160] INFO perfrun.perfcollector <> - config : event : a3
286 [139786006292160] INFO perfrun.perfcollector <> - config : pc : 0
286 [139786006292160] INFO perfrun.perfcollector <> - config : edge : 0
286 [139786006292160] INFO perfrun.perfcollector <> - config : any : 0
286 [139786006292160] INFO perfrun.perfcollector <> - config1 : offcore_rsp : 0
286 [139786006292160] INFO perfrun.perfcollector <> - config1 : ldlat : 0
286 [139786006292160] INFO perfrun.perfcollector <> - config : inv : 0
286 [139786006292160] INFO perfrun.perfcollector <> - config : umask : 6
286 [139786006292160] INFO perfrun.perfcollector <> - config : cmask : 6
286 [139786006292160] INFO perfrun.perfcollector <> - format : cpu/period=0x98968f,event=0xa3,umask=0x6,cmask=0x6,name='CYCLE_ACTIVITY.STALLS_LDM_PENDING'/
286 [139786006292160] INFO perfrun.perfcollector <> - pmu config : cpu , m_cccrAddr : 187 , m_cccrVal : 55305a3 , m_escrAddr : ffffffff , m_escrVal : 0 , m_dataAddr : c2 , m_dataVal : ffffffffff676971
286 [139786006292160] INFO perfrun.perfcollector <> - config : event : a3
286 [139786006292160] INFO perfrun.perfcollector <> - config : pc : 0
286 [139786006292160] INFO perfrun.perfcollector <> - config : edge : 0
286 [139786006292160] INFO perfrun.perfcollector <> - config : any : 0
286 [139786006292160] INFO perfrun.perfcollector <> - config1 : offcore_rsp : 0
286 [139786006292160] INFO perfrun.perfcollector <> - config1 : ldlat : 0
286 [139786006292160] INFO perfrun.perfcollector <> - config : inv : 0
286 [139786006292160] INFO perfrun.perfcollector <> - config : umask : 5
286 [139786006292160] INFO perfrun.perfcollector <> - config : cmask : 5
286 [139786006292160] INFO perfrun.perfcollector <> - format : cpu/period=0x98968f,event=0xa3,umask=0x5,cmask=0x5,name='CYCLE_ACTIVITY.STALLS_L2_PENDING'/
286 [139786006292160] INFO perfrun.perfcollector <> - pmu config : cpu , m_cccrAddr : 188 , m_cccrVal : 53019c , m_escrAddr : ffffffff , m_escrVal : 0 , m_dataAddr : c3 , m_dataVal : ffffffffff676971
286 [139786006292160] INFO perfrun.perfcollector <> - config : event : 9c
286 [139786006292160] INFO perfrun.perfcollector <> - config : pc : 0
286 [139786006292160] INFO perfrun.perfcollector <> - config : edge : 0
286 [139786006292160] INFO perfrun.perfcollector <> - config : any : 0
286 [139786006292160] INFO perfrun.perfcollector <> - config1 : offcore_rsp : 0
286 [139786006292160] INFO perfrun.perfcollector <> - config1 : ldlat : 0
286 [139786006292160] INFO perfrun.perfcollector <> - config : inv : 0
286 [139786006292160] INFO perfrun.perfcollector <> - config : umask : 1
286 [139786006292160] INFO perfrun.perfcollector <> - config : cmask : 0
286 [139786006292160] INFO perfrun.perfcollector <> - format : cpu/period=0x98968f,event=0x9c,umask=0x1,name='IDQ_UOPS_NOT_DELIVERED.CORE'/
286 [139786006292160] INFO perfrun.perfcollector <> - pmu config : cpu , m_cccrAddr : 189 , m_cccrVal : 153030d , m_escrAddr : ffffffff , m_escrVal : 0 , m_dataAddr : c4 , m_dataVal : ffffffffff676971
286 [139786006292160] INFO perfrun.perfcollector <> - config : event : d
286 [139786006292160] INFO perfrun.perfcollector <> - config : pc : 0
286 [139786006292160] INFO perfrun.perfcollector <> - config : edge : 0
286 [139786006292160] INFO perfrun.perfcollector <> - config : any : 0
286 [139786006292160] INFO perfrun.perfcollector <> - config1 : offcore_rsp : 0
286 [139786006292160] INFO perfrun.perfcollector <> - config1 : ldlat : 0
286 [139786006292160] INFO perfrun.perfcollector <> - config : inv : 0
286 [139786006292160] INFO perfrun.perfcollector <> - config : umask : 3
286 [139786006292160] INFO perfrun.perfcollector <> - config : cmask : 1
286 [139786006292160] INFO perfrun.perfcollector <> - format : cpu/period=0x98968f,event=0xd,umask=0x3,cmask=0x1,name='INT_MISC.RECOVERY_CYCLES'/
286 [139786006292160] INFO perfrun.perfcollector <> - pmu config : cpu , m_cccrAddr : 186 , m_cccrVal : 4304d1 , m_escrAddr : ffffffff , m_escrVal : 0 , m_dataAddr : c1 , m_dataVal : fffffffffffc2f61
286 [139786006292160] INFO perfrun.perfcollector <> - config : event : d1
286 [139786006292160] INFO perfrun.perfcollector <> - config : pc : 0
286 [139786006292160] INFO perfrun.perfcollector <> - config : edge : 0
286 [139786006292160] INFO perfrun.perfcollector <> - config : any : 0
286 [139786006292160] INFO perfrun.perfcollector <> - config1 : offcore_rsp : 0
286 [139786006292160] INFO perfrun.perfcollector <> - config1 : ldlat : 0
286 [139786006292160] INFO perfrun.perfcollector <> - config : inv : 0
286 [139786006292160] INFO perfrun.perfcollector <> - config : umask : 4
286 [139786006292160] INFO perfrun.perfcollector <> - config : cmask : 0
286 [139786006292160] WARN perfrun.perfcollector <> - precise event : config : 4d1 , [m_cccrVal & impreciseMask(0x100000)] : 0, at file: vcs/perfrun1/plugins/perfcollector/src/event_manager.cpp:292
286 [139786006292160] INFO perfrun.perfcollector <> - format : cpu/period=0x3d09f,event=0xd1,umask=0x4,name='MEM_LOAD_UOPS_RETIRED.L3_HIT_PS'/
286 [139786006292160] INFO perfrun.perfcollector <> - pmu config : cpu , m_cccrAddr : 187 , m_cccrVal : 4320d1 , m_escrAddr : ffffffff , m_escrVal : 0 , m_dataAddr : c2 , m_dataVal : fffffffffffc2f61
286 [139786006292160] INFO perfrun.perfcollector <> - config : event : d1
286 [139786006292160] INFO perfrun.perfcollector <> - config : pc : 0
286 [139786006292160] INFO perfrun.perfcollector <> - config : edge : 0
286 [139786006292160] INFO perfrun.perfcollector <> - config : any : 0
286 [139786006292160] INFO perfrun.perfcollector <> - config1 : offcore_rsp : 0
286 [139786006292160] INFO perfrun.perfcollector <> - config1 : ldlat : 0
286 [139786006292160] INFO perfrun.perfcollector <> - config : inv : 0
286 [139786006292160] INFO perfrun.perfcollector <> - config : umask : 20
286 [139786006292160] INFO perfrun.perfcollector <> - config : cmask : 0
286 [139786006292160] WARN perfrun.perfcollector <> - precise event : config : 20d1 , [m_cccrVal & impreciseMask(0x100000)] : 0, at file: vcs/perfrun1/plugins/perfcollector/src/event_manager.cpp:292
286 [139786006292160] INFO perfrun.perfcollector <> - format : cpu/period=0x3d09f,event=0xd1,umask=0x20,name='MEM_LOAD_UOPS_RETIRED.L3_MISS_PS'/
286 [139786006292160] INFO perfrun.perfcollector <> - pmu config : cpu , m_cccrAddr : 188 , m_cccrVal : 1530860 , m_escrAddr : ffffffff , m_escrVal : 0 , m_dataAddr : c3 , m_dataVal : ffffffffff676971
286 [139786006292160] INFO perfrun.perfcollector <> - config : event : 60
286 [139786006292160] INFO perfrun.perfcollector <> - config : pc : 0
286 [139786006292160] INFO perfrun.perfcollector <> - config : edge : 0
286 [139786006292160] INFO perfrun.perfcollector <> - config : any : 0
286 [139786006292160] INFO perfrun.perfcollector <> - config1 : offcore_rsp : 0
286 [139786006292160] INFO perfrun.perfcollector <> - config1 : ldlat : 0
286 [139786006292160] INFO perfrun.perfcollector <> - config : inv : 0
286 [139786006292160] INFO perfrun.perfcollector <> - config : umask : 8
286 [139786006292160] INFO perfrun.perfcollector <> - config : cmask : 1
286 [139786006292160] INFO perfrun.perfcollector <> - format : cpu/period=0x98968f,event=0x60,umask=0x8,cmask=0x1,name='OFFCORE_REQUESTS_OUTSTANDING.CYCLES_WITH_DATA_RD'/
286 [139786006292160] INFO perfrun.perfcollector <> - pmu config : cpu , m_cccrAddr : 189 , m_cccrVal : 6530860 , m_escrAddr : ffffffff , m_escrVal : 0 , m_dataAddr : c4 , m_dataVal : ffffffffff676971
286 [139786006292160] INFO perfrun.perfcollector <> - config : event : 60
286 [139786006292160] INFO perfrun.perfcollector <> - config : pc : 0
286 [139786006292160] INFO perfrun.perfcollector <> - config : edge : 0
286 [139786006292160] INFO perfrun.perfcollector <> - config : any : 0
286 [139786006292160] INFO perfrun.perfcollector <> - config1 : offcore_rsp : 0
286 [139786006292160] INFO perfrun.perfcollector <> - config1 : ldlat : 0
286 [139786006292160] INFO perfrun.perfcollector <> - config : inv : 0
286 [139786006292160] INFO perfrun.perfcollector <> - config : umask : 8
286 [139786006292160] INFO perfrun.perfcollector <> - config : cmask : 6
286 [139786006292160] INFO perfrun.perfcollector <> - format : cpu/period=0x98968f,event=0x60,umask=0x8,cmask=0x6,name='OFFCORE_REQUESTS_OUTSTANDING.ALL_DATA_RD:cmask=6'/
286 [139786006292160] INFO perfrun.perfcollector <> - pmu config : cpu , m_cccrAddr : 186 , m_cccrVal : 5308a2 , m_escrAddr : ffffffff , m_escrVal : 0 , m_dataAddr : c1 , m_dataVal : ffffffffff676971
286 [139786006292160] INFO perfrun.perfcollector <> - config : event : a2
286 [139786006292160] INFO perfrun.perfcollector <> - config : pc : 0
286 [139786006292160] INFO perfrun.perfcollector <> - config : edge : 0
286 [139786006292160] INFO perfrun.perfcollector <> - config : any : 0
286 [139786006292160] INFO perfrun.perfcollector <> - config1 : offcore_rsp : 0
286 [139786006292160] INFO perfrun.perfcollector <> - config1 : ldlat : 0
286 [139786006292160] INFO perfrun.perfcollector <> - config : inv : 0
286 [139786006292160] INFO perfrun.perfcollector <> - config : umask : 8
286 [139786006292160] INFO perfrun.perfcollector <> - config : cmask : 0
286 [139786006292160] INFO perfrun.perfcollector <> - format : cpu/period=0x98968f,event=0xa2,umask=0x8,name='RESOURCE_STALLS.SB'/
286 [139786006292160] INFO perfrun.perfcollector <> - pmu config : cpu , m_cccrAddr : 187 , m_cccrVal : 53015e , m_escrAddr : ffffffff , m_escrVal : 0 , m_dataAddr : c2 , m_dataVal : ffffffffff676971
286 [139786006292160] INFO perfrun.perfcollector <> - config : event : 5e
286 [139786006292160] INFO perfrun.perfcollector <> - config : pc : 0
286 [139786006292160] INFO perfrun.perfcollector <> - config : edge : 0
286 [139786006292160] INFO perfrun.perfcollector <> - config : any : 0
286 [139786006292160] INFO perfrun.perfcollector <> - config1 : offcore_rsp : 0
286 [139786006292160] INFO perfrun.perfcollector <> - config1 : ldlat : 0
286 [139786006292160] INFO perfrun.perfcollector <> - config : inv : 0
286 [139786006292160] INFO perfrun.perfcollector <> - config : umask : 1
286 [139786006292160] INFO perfrun.perfcollector <> - config : cmask : 0
286 [139786006292160] INFO perfrun.perfcollector <> - format : cpu/period=0x98968f,event=0x5e,umask=0x1,name='RS_EVENTS.EMPTY_CYCLES'/
286 [139786006292160] INFO perfrun.perfcollector <> - pmu config : cpu , m_cccrAddr : 188 , m_cccrVal : 15302b1 , m_escrAddr : ffffffff , m_escrVal : 0 , m_dataAddr : c3 , m_dataVal : ffffffffff676971
286 [139786006292160] INFO perfrun.perfcollector <> - config : event : b1
286 [139786006292160] INFO perfrun.perfcollector <> - config : pc : 0
286 [139786006292160] INFO perfrun.perfcollector <> - config : edge : 0
286 [139786006292160] INFO perfrun.perfcollector <> - config : any : 0
286 [139786006292160] INFO perfrun.perfcollector <> - config1 : offcore_rsp : 0
286 [139786006292160] INFO perfrun.perfcollector <> - config1 : ldlat : 0
286 [139786006292160] INFO perfrun.perfcollector <> - config : inv : 0
286 [139786006292160] INFO perfrun.perfcollector <> - config : umask : 2
286 [139786006292160] INFO perfrun.perfcollector <> - config : cmask : 1
286 [139786006292160] INFO perfrun.perfcollector <> - format : cpu/period=0x98968f,event=0xb1,umask=0x2,cmask=0x1,name='UOPS_EXECUTED.CORE:cmask=1'/
286 [139786006292160] INFO perfrun.perfcollector <> - pmu config : cpu , m_cccrAddr : 189 , m_cccrVal : 25302b1 , m_escrAddr : ffffffff , m_escrVal : 0 , m_dataAddr : c4 , m_dataVal : ffffffffff676971
286 [139786006292160] INFO perfrun.perfcollector <> - config : event : b1
286 [139786006292160] INFO perfrun.perfcollector <> - config : pc : 0
286 [139786006292160] INFO perfrun.perfcollector <> - config : edge : 0
286 [139786006292160] INFO perfrun.perfcollector <> - config : any : 0
286 [139786006292160] INFO perfrun.perfcollector <> - config1 : offcore_rsp : 0
286 [139786006292160] INFO perfrun.perfcollector <> - config1 : ldlat : 0
286 [139786006292160] INFO perfrun.perfcollector <> - config : inv : 0
286 [139786006292160] INFO perfrun.perfcollector <> - config : umask : 2
286 [139786006292160] INFO perfrun.perfcollector <> - config : cmask : 2
286 [139786006292160] INFO perfrun.perfcollector <> - format : cpu/period=0x98968f,event=0xb1,umask=0x2,cmask=0x2,name='UOPS_EXECUTED.CORE:cmask=2'/
286 [139786006292160] INFO perfrun.perfcollector <> - pmu config : cpu , m_cccrAddr : 186 , m_cccrVal : 35302b1 , m_escrAddr : ffffffff , m_escrVal : 0 , m_dataAddr : c1 , m_dataVal : ffffffffff676971
286 [139786006292160] INFO perfrun.perfcollector <> - config : event : b1
286 [139786006292160] INFO perfrun.perfcollector <> - config : pc : 0
286 [139786006292160] INFO perfrun.perfcollector <> - config : edge : 0
286 [139786006292160] INFO perfrun.perfcollector <> - config : any : 0
286 [139786006292160] INFO perfrun.perfcollector <> - config1 : offcore_rsp : 0
286 [139786006292160] INFO perfrun.perfcollector <> - config1 : ldlat : 0
286 [139786006292160] INFO perfrun.perfcollector <> - config : inv : 0
286 [139786006292160] INFO perfrun.perfcollector <> - config : umask : 2
286 [139786006292160] INFO perfrun.perfcollector <> - config : cmask : 3
286 [139786006292160] INFO perfrun.perfcollector <> - format : cpu/period=0x98968f,event=0xb1,umask=0x2,cmask=0x3,name='UOPS_EXECUTED.CORE:cmask=3'/
286 [139786006292160] INFO perfrun.perfcollector <> - pmu config : cpu , m_cccrAddr : 187 , m_cccrVal : 53010e , m_escrAddr : ffffffff , m_escrVal : 0 , m_dataAddr : c2 , m_dataVal : ffffffffff676971
286 [139786006292160] INFO perfrun.perfcollector <> - config : event : e
286 [139786006292160] INFO perfrun.perfcollector <> - config : pc : 0
286 [139786006292160] INFO perfrun.perfcollector <> - config : edge : 0
286 [139786006292160] INFO perfrun.perfcollector <> - config : any : 0
286 [139786006292160] INFO perfrun.perfcollector <> - config1 : offcore_rsp : 0
286 [139786006292160] INFO perfrun.perfcollector <> - config1 : ldlat : 0
286 [139786006292160] INFO perfrun.perfcollector <> - config : inv : 0
286 [139786006292160] INFO perfrun.perfcollector <> - config : umask : 1
286 [139786006292160] INFO perfrun.perfcollector <> - config : cmask : 0
286 [139786006292160] INFO perfrun.perfcollector <> - format : cpu/period=0x98968f,event=0xe,umask=0x1,name='UOPS_ISSUED.ANY'/
286 [139786006292160] INFO perfrun.perfcollector <> - pmu config : cpu , m_cccrAddr : 188 , m_cccrVal : 5302c2 , m_escrAddr : ffffffff , m_escrVal : 0 , m_dataAddr : c3 , m_dataVal : ffffffffff676971
286 [139786006292160] INFO perfrun.perfcollector <> - config : event : c2
286 [139786006292160] INFO perfrun.perfcollector <> - config : pc : 0
286 [139786006292160] INFO perfrun.perfcollector <> - config : edge : 0
286 [139786006292160] INFO perfrun.perfcollector <> - config : any : 0
286 [139786006292160] INFO perfrun.perfcollector <> - config1 : offcore_rsp : 0
286 [139786006292160] INFO perfrun.perfcollector <> - config1 : ldlat : 0
286 [139786006292160] INFO perfrun.perfcollector <> - config : inv : 0
286 [139786006292160] INFO perfrun.perfcollector <> - config : umask : 2
286 [139786006292160] INFO perfrun.perfcollector <> - config : cmask : 0
286 [139786006292160] INFO perfrun.perfcollector <> - format : cpu/period=0x98968f,event=0xc2,umask=0x2,name='UOPS_RETIRED.RETIRE_SLOTS'/
286 [139786006292160] INFO perfrun.perfcollector <> - pmu config : cpu , m_cccrAddr : 189 , m_cccrVal : 453019c , m_escrAddr : ffffffff , m_escrVal : 0 , m_dataAddr : c4 , m_dataVal : ffffffffff676971
286 [139786006292160] INFO perfrun.perfcollector <> - config : event : 9c
286 [139786006292160] INFO perfrun.perfcollector <> - config : pc : 0
286 [139786006292160] INFO perfrun.perfcollector <> - config : edge : 0
286 [139786006292160] INFO perfrun.perfcollector <> - config : any : 0
286 [139786006292160] INFO perfrun.perfcollector <> - config1 : offcore_rsp : 0
286 [139786006292160] INFO perfrun.perfcollector <> - config1 : ldlat : 0
286 [139786006292160] INFO perfrun.perfcollector <> - config : inv : 0
286 [139786006292160] INFO perfrun.perfcollector <> - config : umask : 1
286 [139786006292160] INFO perfrun.perfcollector <> - config : cmask : 4
286 [139786006292160] INFO perfrun.perfcollector <> - format : cpu/period=0x98968f,event=0x9c,umask=0x1,cmask=0x4,name='IDQ_UOPS_NOT_DELIVERED.CYCLES_0_UOPS_DELIV.CORE'/
286 [139786006292160] INFO perfrun.perfcollector <> - pmu config : cpu , m_cccrAddr : 186 , m_cccrVal : 4381d0 , m_escrAddr : ffffffff , m_escrVal : 0 , m_dataAddr : c1 , m_dataVal : fffffffffff85ed1
286 [139786006292160] INFO perfrun.perfcollector <> - config : event : d0
286 [139786006292160] INFO perfrun.perfcollector <> - config : pc : 0
286 [139786006292160] INFO perfrun.perfcollector <> - config : edge : 0
286 [139786006292160] INFO perfrun.perfcollector <> - config : any : 0
286 [139786006292160] INFO perfrun.perfcollector <> - config1 : offcore_rsp : 0
286 [139786006292160] INFO perfrun.perfcollector <> - config1 : ldlat : 0
286 [139786006292160] INFO perfrun.perfcollector <> - config : inv : 0
286 [139786006292160] INFO perfrun.perfcollector <> - config : umask : 81
286 [139786006292160] INFO perfrun.perfcollector <> - config : cmask : 0
286 [139786006292160] WARN perfrun.perfcollector <> - precise event : config : 81d0 , [m_cccrVal & impreciseMask(0x100000)] : 0, at file: vcs/perfrun1/plugins/perfcollector/src/event_manager.cpp:292
286 [139786006292160] INFO perfrun.perfcollector <> - format : cpu/period=0x7a12f,event=0xd0,umask=0x81,name='MEM_UOPS_RETIRED.ALL_LOADS_PS'/
286 [139786006292160] INFO perfrun.perfcollector <> - pmu config : cpu , m_cccrAddr : 187 , m_cccrVal : 4382d0 , m_escrAddr : ffffffff , m_escrVal : 0 , m_dataAddr : c2 , m_dataVal : fffffffffff85ed1
286 [139786006292160] INFO perfrun.perfcollector <> - config : event : d0
286 [139786006292160] INFO perfrun.perfcollector <> - config : pc : 0
286 [139786006292160] INFO perfrun.perfcollector <> - config : edge : 0
286 [139786006292160] INFO perfrun.perfcollector <> - config : any : 0
286 [139786006292160] INFO perfrun.perfcollector <> - config1 : offcore_rsp : 0
286 [139786006292160] INFO perfrun.perfcollector <> - config1 : ldlat : 0
286 [139786006292160] INFO perfrun.perfcollector <> - config : inv : 0
286 [139786006292160] INFO perfrun.perfcollector <> - config : umask : 82
286 [139786006292160] INFO perfrun.perfcollector <> - config : cmask : 0
286 [139786006292160] WARN perfrun.perfcollector <> - precise event : config : 82d0 , [m_cccrVal & impreciseMask(0x100000)] : 0, at file: vcs/perfrun1/plugins/perfcollector/src/event_manager.cpp:292
286 [139786006292160] INFO perfrun.perfcollector <> - format : cpu/period=0x7a12f,event=0xd0,umask=0x82,name='MEM_UOPS_RETIRED.ALL_STORES_PS'/
286 [139786006292160] INFO perfrun.perfcollector <> - pmu config : cpu , m_cccrAddr : 188 , m_cccrVal : 4301d3 , m_escrAddr : ffffffff , m_escrVal : 0 , m_dataAddr : c3 , m_dataVal : fffffffffff85ed1
286 [139786006292160] INFO perfrun.perfcollector <> - config : event : d3
286 [139786006292160] INFO perfrun.perfcollector <> - config : pc : 0
286 [139786006292160] INFO perfrun.perfcollector <> - config : edge : 0
286 [139786006292160] INFO perfrun.perfcollector <> - config : any : 0
286 [139786006292160] INFO perfrun.perfcollector <> - config1 : offcore_rsp : 0
286 [139786006292160] INFO perfrun.perfcollector <> - config1 : ldlat : 0
286 [139786006292160] INFO perfrun.perfcollector <> - config : inv : 0
286 [139786006292160] INFO perfrun.perfcollector <> - config : umask : 1
286 [139786006292160] INFO perfrun.perfcollector <> - config : cmask : 0
286 [139786006292160] WARN perfrun.perfcollector <> - precise event : config : 1d3 , [m_cccrVal & impreciseMask(0x100000)] : 0, at file: vcs/perfrun1/plugins/perfcollector/src/event_manager.cpp:292
286 [139786006292160] INFO perfrun.perfcollector <> - format : cpu/period=0x7a12f,event=0xd3,umask=0x1,name='MEM_LOAD_UOPS_L3_MISS_RETIRED.LOCAL_DRAM_PS'/
286 [139786006292160] INFO perfrun.perfcollector <> - pmu config : cpu , m_cccrAddr : 189 , m_cccrVal : 4304d3 , m_escrAddr : ffffffff , m_escrVal : 0 , m_dataAddr : c4 , m_dataVal : fffffffffff85ed1
286 [139786006292160] INFO perfrun.perfcollector <> - config : event : d3
286 [139786006292160] INFO perfrun.perfcollector <> - config : pc : 0
286 [139786006292160] INFO perfrun.perfcollector <> - config : edge : 0
286 [139786006292160] INFO perfrun.perfcollector <> - config : any : 0
286 [139786006292160] INFO perfrun.perfcollector <> - config1 : offcore_rsp : 0
286 [139786006292160] INFO perfrun.perfcollector <> - config1 : ldlat : 0
286 [139786006292160] INFO perfrun.perfcollector <> - config : inv : 0
286 [139786006292160] INFO perfrun.perfcollector <> - config : umask : 4
286 [139786006292160] INFO perfrun.perfcollector <> - config : cmask : 0
286 [139786006292160] WARN perfrun.perfcollector <> - precise event : config : 4d3 , [m_cccrVal & impreciseMask(0x100000)] : 0, at file: vcs/perfrun1/plugins/perfcollector/src/event_manager.cpp:292
286 [139786006292160] INFO perfrun.perfcollector <> - format : cpu/period=0x7a12f,event=0xd3,umask=0x4,name='MEM_LOAD_UOPS_L3_MISS_RETIRED.REMOTE_DRAM_PS'/
286 [139786006292160] INFO perfrun.perfcollector <> - pmu config : cpu , m_cccrAddr : 186 , m_cccrVal : 4310d3 , m_escrAddr : ffffffff , m_escrVal : 0 , m_dataAddr : c1 , m_dataVal : fffffffffff85ed1
286 [139786006292160] INFO perfrun.perfcollector <> - config : event : d3
286 [139786006292160] INFO perfrun.perfcollector <> - config : pc : 0
286 [139786006292160] INFO perfrun.perfcollector <> - config : edge : 0
286 [139786006292160] INFO perfrun.perfcollector <> - config : any : 0
286 [139786006292160] INFO perfrun.perfcollector <> - config1 : offcore_rsp : 0
286 [139786006292160] INFO perfrun.perfcollector <> - config1 : ldlat : 0
286 [139786006292160] INFO perfrun.perfcollector <> - config : inv : 0
286 [139786006292160] INFO perfrun.perfcollector <> - config : umask : 10
286 [139786006292160] INFO perfrun.perfcollector <> - config : cmask : 0
286 [139786006292160] WARN perfrun.perfcollector <> - precise event : config : 10d3 , [m_cccrVal & impreciseMask(0x100000)] : 0, at file: vcs/perfrun1/plugins/perfcollector/src/event_manager.cpp:292
286 [139786006292160] INFO perfrun.perfcollector <> - format : cpu/period=0x7a12f,event=0xd3,umask=0x10,name='MEM_LOAD_UOPS_L3_MISS_RETIRED.REMOTE_HITM_PS'/
286 [139786006292160] INFO perfrun.perfcollector <> - pmu config : cpu , m_cccrAddr : 187 , m_cccrVal : 4320d3 , m_escrAddr : ffffffff , m_escrVal : 0 , m_dataAddr : c2 , m_dataVal : fffffffffff85ed1
286 [139786006292160] INFO perfrun.perfcollector <> - config : event : d3
286 [139786006292160] INFO perfrun.perfcollector <> - config : pc : 0
286 [139786006292160] INFO perfrun.perfcollector <> - config : edge : 0
286 [139786006292160] INFO perfrun.perfcollector <> - config : any : 0
286 [139786006292160] INFO perfrun.perfcollector <> - config1 : offcore_rsp : 0
286 [139786006292160] INFO perfrun.perfcollector <> - config1 : ldlat : 0
286 [139786006292160] INFO perfrun.perfcollector <> - config : inv : 0
286 [139786006292160] INFO perfrun.perfcollector <> - config : umask : 20
286 [139786006292160] INFO perfrun.perfcollector <> - config : cmask : 0
286 [139786006292160] WARN perfrun.perfcollector <> - precise event : config : 20d3 , [m_cccrVal & impreciseMask(0x100000)] : 0, at file: vcs/perfrun1/plugins/perfcollector/src/event_manager.cpp:292
287 [139786006292160] INFO perfrun.perfcollector <> - format : cpu/period=0x7a12f,event=0xd3,umask=0x20,name='MEM_LOAD_UOPS_L3_MISS_RETIRED.REMOTE_FWD_PS'/
287 [139786006292160] INFO perfrun.perfcollector <> - pmu config : uncore_imc_0 , m_cccrAddr : d8 , m_cccrVal : 400304 , m_escrAddr : ffffffff , m_escrVal : 0 , m_dataAddr : a0 , m_dataVal : 0
287 [139786006292160] INFO perfrun.perfcollector <> - config : event : 4
287 [139786006292160] INFO perfrun.perfcollector <> - config : edge : 0
287 [139786006292160] INFO perfrun.perfcollector <> - config : inv : 0
287 [139786006292160] INFO perfrun.perfcollector <> - config : umask : 3
287 [139786006292160] INFO perfrun.perfcollector <> - config : thresh : 0
287 [139786006292160] INFO perfrun.perfcollector <> - format : uncore_imc_0/period=0x0,event=0x4,umask=0x3,name='UNC_M_CAS_COUNT.RD[UNIT0]'/
287 [139786006292160] INFO perfrun.perfcollector <> - pmu config : uncore_imc_1 , m_cccrAddr : d8 , m_cccrVal : 400304 , m_escrAddr : ffffffff , m_escrVal : 0 , m_dataAddr : a0 , m_dataVal : 0
287 [139786006292160] INFO perfrun.perfcollector <> - config : event : 4
287 [139786006292160] INFO perfrun.perfcollector <> - config : edge : 0
287 [139786006292160] INFO perfrun.perfcollector <> - config : inv : 0
287 [139786006292160] INFO perfrun.perfcollector <> - config : umask : 3
287 [139786006292160] INFO perfrun.perfcollector <> - config : thresh : 0
287 [139786006292160] INFO perfrun.perfcollector <> - format : uncore_imc_1/period=0x0,event=0x4,umask=0x3,name='UNC_M_CAS_COUNT.RD[UNIT1]'/
287 [139786006292160] INFO perfrun.perfcollector <> - pmu config : uncore_imc_4 , m_cccrAddr : d8 , m_cccrVal : 400304 , m_escrAddr : ffffffff , m_escrVal : 0 , m_dataAddr : a0 , m_dataVal : 0
287 [139786006292160] INFO perfrun.perfcollector <> - config : event : 4
287 [139786006292160] INFO perfrun.perfcollector <> - config : edge : 0
287 [139786006292160] INFO perfrun.perfcollector <> - config : inv : 0
287 [139786006292160] INFO perfrun.perfcollector <> - config : umask : 3
287 [139786006292160] INFO perfrun.perfcollector <> - config : thresh : 0
287 [139786006292160] INFO perfrun.perfcollector <> - format : uncore_imc_4/period=0x0,event=0x4,umask=0x3,name='UNC_M_CAS_COUNT.RD[UNIT4]'/
287 [139786006292160] INFO perfrun.perfcollector <> - pmu config : uncore_imc_5 , m_cccrAddr : d8 , m_cccrVal : 400304 , m_escrAddr : ffffffff , m_escrVal : 0 , m_dataAddr : a0 , m_dataVal : 0
287 [139786006292160] INFO perfrun.perfcollector <> - config : event : 4
287 [139786006292160] INFO perfrun.perfcollector <> - config : edge : 0
287 [139786006292160] INFO perfrun.perfcollector <> - config : inv : 0
287 [139786006292160] INFO perfrun.perfcollector <> - config : umask : 3
287 [139786006292160] INFO perfrun.perfcollector <> - config : thresh : 0
287 [139786006292160] INFO perfrun.perfcollector <> - format : uncore_imc_5/period=0x0,event=0x4,umask=0x3,name='UNC_M_CAS_COUNT.RD[UNIT5]'/
287 [139786006292160] INFO perfrun.perfcollector <> - pmu config : uncore_imc_0 , m_cccrAddr : dc , m_cccrVal : 400c04 , m_escrAddr : ffffffff , m_escrVal : 0 , m_dataAddr : a8 , m_dataVal : 0
287 [139786006292160] INFO perfrun.perfcollector <> - config : event : 4
287 [139786006292160] INFO perfrun.perfcollector <> - config : edge : 0
287 [139786006292160] INFO perfrun.perfcollector <> - config : inv : 0
287 [139786006292160] INFO perfrun.perfcollector <> - config : umask : c
287 [139786006292160] INFO perfrun.perfcollector <> - config : thresh : 0
287 [139786006292160] INFO perfrun.perfcollector <> - format : uncore_imc_0/period=0x0,event=0x4,umask=0xc,name='UNC_M_CAS_COUNT.WR[UNIT0]'/
287 [139786006292160] INFO perfrun.perfcollector <> - pmu config : uncore_imc_1 , m_cccrAddr : dc , m_cccrVal : 400c04 , m_escrAddr : ffffffff , m_escrVal : 0 , m_dataAddr : a8 , m_dataVal : 0
287 [139786006292160] INFO perfrun.perfcollector <> - config : event : 4
287 [139786006292160] INFO perfrun.perfcollector <> - config : edge : 0
287 [139786006292160] INFO perfrun.perfcollector <> - config : inv : 0
287 [139786006292160] INFO perfrun.perfcollector <> - config : umask : c
287 [139786006292160] INFO perfrun.perfcollector <> - config : thresh : 0
287 [139786006292160] INFO perfrun.perfcollector <> - format : uncore_imc_1/period=0x0,event=0x4,umask=0xc,name='UNC_M_CAS_COUNT.WR[UNIT1]'/
287 [139786006292160] INFO perfrun.perfcollector <> - pmu config : uncore_imc_4 , m_cccrAddr : dc , m_cccrVal : 400c04 , m_escrAddr : ffffffff , m_escrVal : 0 , m_dataAddr : a8 , m_dataVal : 0
287 [139786006292160] INFO perfrun.perfcollector <> - config : event : 4
287 [139786006292160] INFO perfrun.perfcollector <> - config : edge : 0
287 [139786006292160] INFO perfrun.perfcollector <> - config : inv : 0
287 [139786006292160] INFO perfrun.perfcollector <> - config : umask : c
287 [139786006292160] INFO perfrun.perfcollector <> - config : thresh : 0
287 [139786006292160] INFO perfrun.perfcollector <> - format : uncore_imc_4/period=0x0,event=0x4,umask=0xc,name='UNC_M_CAS_COUNT.WR[UNIT4]'/
287 [139786006292160] INFO perfrun.perfcollector <> - pmu config : uncore_imc_5 , m_cccrAddr : dc , m_cccrVal : 400c04 , m_escrAddr : ffffffff , m_escrVal : 0 , m_dataAddr : a8 , m_dataVal : 0
287 [139786006292160] INFO perfrun.perfcollector <> - config : event : 4
287 [139786006292160] INFO perfrun.perfcollector <> - config : edge : 0
287 [139786006292160] INFO perfrun.perfcollector <> - config : inv : 0
287 [139786006292160] INFO perfrun.perfcollector <> - config : umask : c
287 [139786006292160] INFO perfrun.perfcollector <> - config : thresh : 0
287 [139786006292160] INFO perfrun.perfcollector <> - format : uncore_imc_5/period=0x0,event=0x4,umask=0xc,name='UNC_M_CAS_COUNT.WR[UNIT5]'/
287 [139786006292160] INFO perfrun.perfcollector <> - event: cpu/period=0xaf79e0,event=0x3c,name='CPU_CLK_UNHALTED.THREAD'/Duk , added for sampling
287 [139786006292160] INFO perfrun.perfcollector <> - event: cpu/period=0xaf79e0,umask=0x3,name='CPU_CLK_UNHALTED.REF_TSC'/Duk , added for sampling
287 [139786006292160] INFO perfrun.perfcollector <> - event: cpu/period=0xaf79e0,event=0xc0,name='INST_RETIRED.ANY'/Duk , added for sampling
287 [139786006292160] INFO perfrun.perfcollector <> - event: cpu/period=0x98968f,event=0xa3,umask=0xc,cmask=0xc,name='CYCLE_ACTIVITY.STALLS_L1D_PENDING'/uk , added for sampling
287 [139786006292160] INFO perfrun.perfcollector <> - event: cpu/period=0x7a12f,event=0x3c,umask=0x1,name='CPU_CLK_UNHALTED.REF_XCLK'/uk , added for sampling
287 [139786006292160] INFO perfrun.perfcollector <> - event: cpu/period=0x7a12f,event=0x3c,umask=0x2,name='CPU_CLK_UNHALTED.ONE_THREAD_ACTIVE'/uk , added for sampling
287 [139786006292160] INFO perfrun.perfcollector <> - event: cpu/period=0x98968f,event=0xa3,umask=0x4,cmask=0x4,name='CYCLE_ACTIVITY.CYCLES_NO_EXECUTE'/uk , added for sampling
287 [139786006292160] INFO perfrun.perfcollector <> - event: cpu/period=0x98968f,event=0xa3,umask=0x6,cmask=0x6,name='CYCLE_ACTIVITY.STALLS_LDM_PENDING'/uk , added for sampling
287 [139786006292160] INFO perfrun.perfcollector <> - event: cpu/period=0x98968f,event=0xa3,umask=0x5,cmask=0x5,name='CYCLE_ACTIVITY.STALLS_L2_PENDING'/uk , added for sampling
287 [139786006292160] INFO perfrun.perfcollector <> - event: cpu/period=0x98968f,event=0x9c,umask=0x1,name='IDQ_UOPS_NOT_DELIVERED.CORE'/uk , added for sampling
287 [139786006292160] INFO perfrun.perfcollector <> - event: cpu/period=0x98968f,event=0xd,umask=0x3,cmask=0x1,name='INT_MISC.RECOVERY_CYCLES'/uk , added for sampling
287 [139786006292160] INFO perfrun.perfcollector <> - event: cpu/period=0x3d09f,event=0xd1,umask=0x4,name='MEM_LOAD_UOPS_RETIRED.L3_HIT_PS'/ukpp , added for sampling
287 [139786006292160] INFO perfrun.perfcollector <> - event: cpu/period=0x3d09f,event=0xd1,umask=0x20,name='MEM_LOAD_UOPS_RETIRED.L3_MISS_PS'/ukpp , added for sampling
287 [139786006292160] INFO perfrun.perfcollector <> - event: cpu/period=0x98968f,event=0x60,umask=0x8,cmask=0x1,name='OFFCORE_REQUESTS_OUTSTANDING.CYCLES_WITH_DATA_RD'/uk , added for sampling
287 [139786006292160] INFO perfrun.perfcollector <> - event: cpu/period=0x98968f,event=0x60,umask=0x8,cmask=0x6,name='OFFCORE_REQUESTS_OUTSTANDING.ALL_DATA_RD:cmask=6'/uk , added for sampling
287 [139786006292160] INFO perfrun.perfcollector <> - event: cpu/period=0x98968f,event=0xa2,umask=0x8,name='RESOURCE_STALLS.SB'/uk , added for sampling
287 [139786006292160] INFO perfrun.perfcollector <> - event: cpu/period=0x98968f,event=0x5e,umask=0x1,name='RS_EVENTS.EMPTY_CYCLES'/uk , added for sampling
287 [139786006292160] INFO perfrun.perfcollector <> - event: cpu/period=0x98968f,event=0xb1,umask=0x2,cmask=0x1,name='UOPS_EXECUTED.CORE:cmask=1'/uk , added for sampling
287 [139786006292160] INFO perfrun.perfcollector <> - event: cpu/period=0x98968f,event=0xb1,umask=0x2,cmask=0x2,name='UOPS_EXECUTED.CORE:cmask=2'/uk , added for sampling
287 [139786006292160] INFO perfrun.perfcollector <> - event: cpu/period=0x98968f,event=0xb1,umask=0x2,cmask=0x3,name='UOPS_EXECUTED.CORE:cmask=3'/uk , added for sampling
287 [139786006292160] INFO perfrun.perfcollector <> - event: cpu/period=0x98968f,event=0xe,umask=0x1,name='UOPS_ISSUED.ANY'/uk , added for sampling
287 [139786006292160] INFO perfrun.perfcollector <> - event: cpu/period=0x98968f,event=0xc2,umask=0x2,name='UOPS_RETIRED.RETIRE_SLOTS'/uk , added for sampling
287 [139786006292160] INFO perfrun.perfcollector <> - event: cpu/period=0x98968f,event=0x9c,umask=0x1,cmask=0x4,name='IDQ_UOPS_NOT_DELIVERED.CYCLES_0_UOPS_DELIV.CORE'/uk , added for sampling
287 [139786006292160] INFO perfrun.perfcollector <> - event: cpu/period=0x7a12f,event=0xd0,umask=0x81,name='MEM_UOPS_RETIRED.ALL_LOADS_PS'/ukpp , added for sampling
287 [139786006292160] INFO perfrun.perfcollector <> - event: cpu/period=0x7a12f,event=0xd0,umask=0x82,name='MEM_UOPS_RETIRED.ALL_STORES_PS'/ukpp , added for sampling
287 [139786006292160] INFO perfrun.perfcollector <> - event: cpu/period=0x7a12f,event=0xd3,umask=0x1,name='MEM_LOAD_UOPS_L3_MISS_RETIRED.LOCAL_DRAM_PS'/ukpp , added for sampling
287 [139786006292160] INFO perfrun.perfcollector <> - event: cpu/period=0x7a12f,event=0xd3,umask=0x4,name='MEM_LOAD_UOPS_L3_MISS_RETIRED.REMOTE_DRAM_PS'/ukpp , added for sampling
287 [139786006292160] INFO perfrun.perfcollector <> - event: cpu/period=0x7a12f,event=0xd3,umask=0x10,name='MEM_LOAD_UOPS_L3_MISS_RETIRED.REMOTE_HITM_PS'/ukpp , added for sampling
287 [139786006292160] INFO perfrun.perfcollector <> - event: cpu/period=0x7a12f,event=0xd3,umask=0x20,name='MEM_LOAD_UOPS_L3_MISS_RETIRED.REMOTE_FWD_PS'/ukpp , added for sampling
287 [139786006292160] INFO perfrun.perfcollector <> - event: uncore_imc_0/period=0x0,event=0x4,umask=0x3,name='UNC_M_CAS_COUNT.RD[UNIT0]'/ , added for counting
287 [139786006292160] INFO perfrun.perfcollector <> - event: uncore_imc_1/period=0x0,event=0x4,umask=0x3,name='UNC_M_CAS_COUNT.RD[UNIT1]'/ , added for counting
287 [139786006292160] INFO perfrun.perfcollector <> - event: uncore_imc_4/period=0x0,event=0x4,umask=0x3,name='UNC_M_CAS_COUNT.RD[UNIT4]'/ , added for counting
287 [139786006292160] INFO perfrun.perfcollector <> - event: uncore_imc_5/period=0x0,event=0x4,umask=0x3,name='UNC_M_CAS_COUNT.RD[UNIT5]'/ , added for counting
287 [139786006292160] INFO perfrun.perfcollector <> - event: uncore_imc_0/period=0x0,event=0x4,umask=0xc,name='UNC_M_CAS_COUNT.WR[UNIT0]'/ , added for counting
287 [139786006292160] INFO perfrun.perfcollector <> - event: uncore_imc_1/period=0x0,event=0x4,umask=0xc,name='UNC_M_CAS_COUNT.WR[UNIT1]'/ , added for counting
287 [139786006292160] INFO perfrun.perfcollector <> - event: uncore_imc_4/period=0x0,event=0x4,umask=0xc,name='UNC_M_CAS_COUNT.WR[UNIT4]'/ , added for counting
287 [139786006292160] INFO perfrun.perfcollector <> - event: uncore_imc_5/period=0x0,event=0x4,umask=0xc,name='UNC_M_CAS_COUNT.WR[UNIT5]'/ , added for counting
287 [139785976174272] WARN perfrun.perfcollector <> - Perf stat trace pipe capacity: read = 1048576, write = 1048576, at file: vcs/perfrun1/plugins/perfcollector/src/profiler.cpp:763
287 [139785976174272] INFO perfrun.perfcollector <> - Path to Perf control pipe: /tmp/amplxe-tmp-dhamorim/perf-pipe-1446299-16360406729730800
289 [139785976174272] INFO perfrun.sdk <> - runCmd: "/home/intel/oneapi/vtune/2021.1.1/bin64/amplxe-perf" stat -v --log-fd 11 --pipe "/tmp/amplxe-tmp-dhamorim/perf-pipe-1446299-16360406729730800" --pipe-sync -I 10 -A --scale -x ; -a -e uncore_imc_0/period=0x0,event=0x4,umask=0x3,name='UNC_M_CAS_COUNT.RD[UNIT0]'/,uncore_imc_1/period=0x0,event=0x4,umask=0x3,name='UNC_M_CAS_COUNT.RD[UNIT1]'/,uncore_imc_4/period=0x0,event=0x4,umask=0x3,name='UNC_M_CAS_COUNT.RD[UNIT4]'/,uncore_imc_5/period=0x0,event=0x4,umask=0x3,name='UNC_M_CAS_COUNT.RD[UNIT5]'/,uncore_imc_0/period=0x0,event=0x4,umask=0xc,name='UNC_M_CAS_COUNT.WR[UNIT0]'/,uncore_imc_1/period=0x0,event=0x4,umask=0xc,name='UNC_M_CAS_COUNT.WR[UNIT1]'/,uncore_imc_4/period=0x0,event=0x4,umask=0xc,name='UNC_M_CAS_COUNT.WR[UNIT4]'/,uncore_imc_5/period=0x0,event=0x4,umask=0xc,name='UNC_M_CAS_COUNT.WR[UNIT5]'/ "/home/intel/oneapi/vtune/2021.1.1/bin64/amplxe-perf-sync" dryrun sys
327 [139785967781568] INFO perfrun.perfcollector <> - PERF_STAT : "     0.007427701;CPU0;2806;;UNC_M_CAS_COUNT.RD[UNIT0];7357060;100.00;;"
327 [139785967781568] INFO perfrun.perfcollector <> - PERF_STAT : "     0.007427701;CPU10;4286;;UNC_M_CAS_COUNT.RD[UNIT0];7280034;100.00;;"
327 [139785967781568] INFO perfrun.perfcollector <> - PERF_STAT : "     0.007427701;CPU0;3184;;UNC_M_CAS_COUNT.RD[UNIT1];7350924;100.00;;"
327 [139785967781568] INFO perfrun.perfcollector <> - PERF_STAT : "     0.007427701;CPU10;4624;;UNC_M_CAS_COUNT.RD[UNIT1];7272191;100.00;;"
327 [139785967781568] INFO perfrun.perfcollector <> - PERF_STAT : "     0.007427701;CPU0;2743;;UNC_M_CAS_COUNT.RD[UNIT4];7344037;100.00;;"
327 [139785967781568] INFO perfrun.perfcollector <> - PERF_STAT : "     0.007427701;CPU10;4362;;UNC_M_CAS_COUNT.RD[UNIT4];7264127;100.00;;"
327 [139785967781568] INFO perfrun.perfcollector <> - PERF_STAT : "     0.007427701;CPU0;3178;;UNC_M_CAS_COUNT.RD[UNIT5];7337654;100.00;;"
327 [139785967781568] INFO perfrun.perfcollector <> - PERF_STAT : "     0.007427701;CPU10;4648;;UNC_M_CAS_COUNT.RD[UNIT5];7256024;100.00;;"
327 [139785967781568] INFO perfrun.perfcollector <> - PERF_STAT : "     0.007427701;CPU0;446;;UNC_M_CAS_COUNT.WR[UNIT0];7331900;100.00;;"
327 [139785967781568] INFO perfrun.perfcollector <> - PERF_STAT : "     0.007427701;CPU10;258;;UNC_M_CAS_COUNT.WR[UNIT0];7249749;100.00;;"
327 [139785967781568] INFO perfrun.perfcollector <> - PERF_STAT : "     0.007427701;CPU0;852;;UNC_M_CAS_COUNT.WR[UNIT1];7320401;100.00;;"
327 [139785967781568] INFO perfrun.perfcollector <> - PERF_STAT : "     0.007427701;CPU10;586;;UNC_M_CAS_COUNT.WR[UNIT1];7236131;100.00;;"
327 [139785967781568] INFO perfrun.perfcollector <> - PERF_STAT : "     0.007427701;CPU0;422;;UNC_M_CAS_COUNT.WR[UNIT4];7312634;100.00;;"
327 [139785967781568] INFO perfrun.perfcollector <> - PERF_STAT : "     0.007427701;CPU10;265;;UNC_M_CAS_COUNT.WR[UNIT4];7222761;100.00;;"
327 [139785967781568] INFO perfrun.perfcollector <> - PERF_STAT : "     0.007427701;CPU0;838;;UNC_M_CAS_COUNT.WR[UNIT5];7298496;100.00;;"
327 [139785967781568] INFO perfrun.perfcollector <> - PERF_STAT : "     0.007427701;CPU10;615;;UNC_M_CAS_COUNT.WR[UNIT5];7209115;100.00;;"
330 [139785976174272] INFO perfrun.perfcollector <> - Monitor: runCmd RC = true
330 [139785967781568] INFO perfrun.perfcollector <> - Path to Perf control pipe: /tmp/amplxe-tmp-dhamorim/perf-pipe-1446299-16360406828836257
330 [139785967781568] INFO perfrun.sdk <> - runCmd: "/home/intel/oneapi/vtune/2021.1.1/bin64/amplxe-perf" record -v --pipe "/tmp/amplxe-tmp-dhamorim/perf-pipe-1446299-16360406828836257" --pipe-sync -o "/tmp/amplxe-tmp-dhamorim/amplxe-res-1446299-16360406206172522/data.0/temp.dryrun.perf" -N -B -T -R --compression-level=1 -e cpu/period=0xaf79e0,event=0x3c,name='CPU_CLK_UNHALTED.THREAD'/Duk,cpu/period=0xaf79e0,umask=0x3,name='CPU_CLK_UNHALTED.REF_TSC'/Duk,cpu/period=0xaf79e0,event=0xc0,name='INST_RETIRED.ANY'/Duk,cpu/period=0x98968f,event=0xa3,umask=0xc,cmask=0xc,name='CYCLE_ACTIVITY.STALLS_L1D_PENDING'/uk,cpu/period=0x7a12f,event=0x3c,umask=0x1,name='CPU_CLK_UNHALTED.REF_XCLK'/uk,cpu/period=0x7a12f,event=0x3c,umask=0x2,name='CPU_CLK_UNHALTED.ONE_THREAD_ACTIVE'/uk,cpu/period=0x98968f,event=0xa3,umask=0x4,cmask=0x4,name='CYCLE_ACTIVITY.CYCLES_NO_EXECUTE'/uk,cpu/period=0x98968f,event=0xa3,umask=0x6,cmask=0x6,name='CYCLE_ACTIVITY.STALLS_LDM_PENDING'/uk,cpu/period=0x98968f,event=0xa3,umask=0x5,cmask=0x5,name='CYCLE_ACTIVITY.STALLS_L2_PENDING'/uk,cpu/period=0x98968f,event=0x9c,umask=0x1,name='IDQ_UOPS_NOT_DELIVERED.CORE'/uk,cpu/period=0x98968f,event=0xd,umask=0x3,cmask=0x1,name='INT_MISC.RECOVERY_CYCLES'/uk,cpu/period=0x3d09f,event=0xd1,umask=0x4,name='MEM_LOAD_UOPS_RETIRED.L3_HIT_PS'/ukpp,cpu/period=0x3d09f,event=0xd1,umask=0x20,name='MEM_LOAD_UOPS_RETIRED.L3_MISS_PS'/ukpp,cpu/period=0x98968f,event=0x60,umask=0x8,cmask=0x1,name='OFFCORE_REQUESTS_OUTSTANDING.CYCLES_WITH_DATA_RD'/uk,cpu/period=0x98968f,event=0x60,umask=0x8,cmask=0x6,name='OFFCORE_REQUESTS_OUTSTANDING.ALL_DATA_RD:cmask=6'/uk,cpu/period=0x98968f,event=0xa2,umask=0x8,name='RESOURCE_STALLS.SB'/uk,cpu/period=0x98968f,event=0x5e,umask=0x1,name='RS_EVENTS.EMPTY_CYCLES'/uk,cpu/period=0x98968f,event=0xb1,umask=0x2,cmask=0x1,name='UOPS_EXECUTED.CORE:cmask=1'/uk,cpu/period=0x98968f,event=0xb1,umask=0x2,cmask=0x2,name='UOPS_EXECUTED.CORE:cmask=2'/uk,cpu/period=0x98968f,event=0xb1,umask=0x2,cmask=0x3,name='UOPS_EXECUTED.CORE:cmask=3'/uk,cpu/period=0x98968f,event=0xe,umask=0x1,name='UOPS_ISSUED.ANY'/uk,cpu/period=0x98968f,event=0xc2,umask=0x2,name='UOPS_RETIRED.RETIRE_SLOTS'/uk,cpu/period=0x98968f,event=0x9c,umask=0x1,cmask=0x4,name='IDQ_UOPS_NOT_DELIVERED.CYCLES_0_UOPS_DELIV.CORE'/uk,cpu/period=0x7a12f,event=0xd0,umask=0x81,name='MEM_UOPS_RETIRED.ALL_LOADS_PS'/ukpp,cpu/period=0x7a12f,event=0xd0,umask=0x82,name='MEM_UOPS_RETIRED.ALL_STORES_PS'/ukpp,cpu/period=0x7a12f,event=0xd3,umask=0x1,name='MEM_LOAD_UOPS_L3_MISS_RETIRED.LOCAL_DRAM_PS'/ukpp,cpu/period=0x7a12f,event=0xd3,umask=0x4,name='MEM_LOAD_UOPS_L3_MISS_RETIRED.REMOTE_DRAM_PS'/ukpp,cpu/period=0x7a12f,event=0xd3,umask=0x10,name='MEM_LOAD_UOPS_L3_MISS_RETIRED.REMOTE_HITM_PS'/ukpp,cpu/period=0x7a12f,event=0xd3,umask=0x20,name='MEM_LOAD_UOPS_L3_MISS_RETIRED.REMOTE_FWD_PS'/ukpp --clockid=monotonic_raw "/home/intel/oneapi/vtune/2021.1.1/bin64/amplxe-perf-sync" dryrun sys
640 [139785967781568] INFO perfrun.perfcollector <> - Monitor: runCmd RC = true
641 [139785750443712] WARN perfrun.perfcollector <> - Perf stat trace pipe capacity: read = 1048576, write = 1048576, at file: vcs/perfrun1/plugins/perfcollector/src/profiler.cpp:763
641 [139785750443712] INFO perfrun.perfcollector <> - Path to Perf control pipe: /tmp/amplxe-tmp-dhamorim/perf-pipe-1446299-16360407541868175
642 [139785750443712] INFO perfrun.sdk <> - runCmd: "/home/intel/oneapi/vtune/2021.1.1/bin64/amplxe-perf" stat -v --log-fd 11 --pipe "/tmp/amplxe-tmp-dhamorim/perf-pipe-1446299-16360407541868175" --pipe-sync -I 10 -A --scale -x ; -a -e uncore_imc_0/period=0x0,event=0x4,umask=0x3,name='UNC_M_CAS_COUNT.RD[UNIT0]'/,uncore_imc_1/period=0x0,event=0x4,umask=0x3,name='UNC_M_CAS_COUNT.RD[UNIT1]'/,uncore_imc_4/period=0x0,event=0x4,umask=0x3,name='UNC_M_CAS_COUNT.RD[UNIT4]'/,uncore_imc_5/period=0x0,event=0x4,umask=0x3,name='UNC_M_CAS_COUNT.RD[UNIT5]'/,uncore_imc_0/period=0x0,event=0x4,umask=0xc,name='UNC_M_CAS_COUNT.WR[UNIT0]'/,uncore_imc_1/period=0x0,event=0x4,umask=0xc,name='UNC_M_CAS_COUNT.WR[UNIT1]'/,uncore_imc_4/period=0x0,event=0x4,umask=0xc,name='UNC_M_CAS_COUNT.WR[UNIT4]'/,uncore_imc_5/period=0x0,event=0x4,umask=0xc,name='UNC_M_CAS_COUNT.WR[UNIT5]'/ "/home/intel/oneapi/vtune/2021.1.1/bin64/amplxe-perf-sync" dryrun sys
681 [139785976174272] INFO perfrun.perfcollector <> - PERF_STAT : "     0.010351438;CPU0;1367;;UNC_M_CAS_COUNT.RD[UNIT0];10353007;100.00;;"
683 [139785976174272] INFO perfrun.perfcollector <> - PERF_STAT : "     0.010351438;CPU10;1776;;UNC_M_CAS_COUNT.RD[UNIT0];10292282;100.00;;"
683 [139785976174272] INFO perfrun.perfcollector <> - PERF_STAT : "     0.010351438;CPU0;1973;;UNC_M_CAS_COUNT.RD[UNIT1];10347665;100.00;;"
683 [139785976174272] INFO perfrun.perfcollector <> - PERF_STAT : "     0.010351438;CPU10;1841;;UNC_M_CAS_COUNT.RD[UNIT1];10287813;100.00;;"
683 [139785976174272] INFO perfrun.perfcollector <> - PERF_STAT : "     0.010351438;CPU0;1388;;UNC_M_CAS_COUNT.RD[UNIT4];10341065;100.00;;"
683 [139785976174272] INFO perfrun.perfcollector <> - PERF_STAT : "     0.010351438;CPU10;1840;;UNC_M_CAS_COUNT.RD[UNIT4];10282411;100.00;;"
683 [139785976174272] INFO perfrun.perfcollector <> - PERF_STAT : "     0.010351438;CPU0;1906;;UNC_M_CAS_COUNT.RD[UNIT5];10334828;100.00;;"
683 [139785976174272] INFO perfrun.perfcollector <> - PERF_STAT : "     0.010351438;CPU10;1930;;UNC_M_CAS_COUNT.RD[UNIT5];10277040;100.00;;"
683 [139785976174272] INFO perfrun.perfcollector <> - PERF_STAT : "     0.010351438;CPU0;737;;UNC_M_CAS_COUNT.WR[UNIT0];10329898;100.00;;"
683 [139785976174272] INFO perfrun.perfcollector <> - PERF_STAT : "     0.010351438;CPU10;1091;;UNC_M_CAS_COUNT.WR[UNIT0];10273232;100.00;;"
683 [139785976174272] INFO perfrun.perfcollector <> - PERF_STAT : "     0.010351438;CPU0;1314;;UNC_M_CAS_COUNT.WR[UNIT1];10318399;100.00;;"
683 [139785976174272] INFO perfrun.perfcollector <> - PERF_STAT : "     0.010351438;CPU10;1304;;UNC_M_CAS_COUNT.WR[UNIT1];10262289;100.00;;"
683 [139785976174272] INFO perfrun.perfcollector <> - PERF_STAT : "     0.010351438;CPU0;672;;UNC_M_CAS_COUNT.WR[UNIT4];10309791;100.00;;"
683 [139785976174272] INFO perfrun.perfcollector <> - PERF_STAT : "     0.010351438;CPU10;1044;;UNC_M_CAS_COUNT.WR[UNIT4];10251630;100.00;;"
683 [139785976174272] INFO perfrun.perfcollector <> - PERF_STAT : "     0.010351438;CPU0;1222;;UNC_M_CAS_COUNT.WR[UNIT5];10298404;100.00;;"
683 [139785976174272] INFO perfrun.perfcollector <> - PERF_STAT : "     0.010351438;CPU10;1279;;UNC_M_CAS_COUNT.WR[UNIT5];10240933;100.00;;"
683 [139785976174272] INFO perfrun.perfcollector <> - PERF_STAT : "     0.012859987;CPU0;310;;UNC_M_CAS_COUNT.RD[UNIT0];2482218;100.00;;"
683 [139785976174272] INFO perfrun.perfcollector <> - PERF_STAT : "     0.012859987;CPU10;396;;UNC_M_CAS_COUNT.RD[UNIT0];2474284;100.00;;"
683 [139785976174272] INFO perfrun.perfcollector <> - PERF_STAT : "     0.012859987;CPU0;448;;UNC_M_CAS_COUNT.RD[UNIT1];2481929;100.00;;"
683 [139785976174272] INFO perfrun.perfcollector <> - PERF_STAT : "     0.012859987;CPU10;481;;UNC_M_CAS_COUNT.RD[UNIT1];2471297;100.00;;"
683 [139785976174272] INFO perfrun.perfcollector <> - PERF_STAT : "     0.012859987;CPU0;362;;UNC_M_CAS_COUNT.RD[UNIT4];2482175;100.00;;"
683 [139785976174272] INFO perfrun.perfcollector <> - PERF_STAT : "     0.012859987;CPU10;493;;UNC_M_CAS_COUNT.RD[UNIT4];2469459;100.00;;"
683 [139785976174272] INFO perfrun.perfcollector <> - PERF_STAT : "     0.012859987;CPU0;448;;UNC_M_CAS_COUNT.RD[UNIT5];2482122;100.00;;"
683 [139785976174272] INFO perfrun.perfcollector <> - PERF_STAT : "     0.012859987;CPU10;553;;UNC_M_CAS_COUNT.RD[UNIT5];2467691;100.00;;"
683 [139785976174272] INFO perfrun.perfcollector <> - PERF_STAT : "     0.012859987;CPU0;160;;UNC_M_CAS_COUNT.WR[UNIT0];2482277;100.00;;"
683 [139785976174272] INFO perfrun.perfcollector <> - PERF_STAT : "     0.012859987;CPU10;226;;UNC_M_CAS_COUNT.WR[UNIT0];2465910;100.00;;"
683 [139785976174272] INFO perfrun.perfcollector <> - PERF_STAT : "     0.012859987;CPU0;284;;UNC_M_CAS_COUNT.WR[UNIT1];2482527;100.00;;"
683 [139785976174272] INFO perfrun.perfcollector <> - PERF_STAT : "     0.012859987;CPU10;262;;UNC_M_CAS_COUNT.WR[UNIT1];2464027;100.00;;"
683 [139785976174272] INFO perfrun.perfcollector <> - PERF_STAT : "     0.012859987;CPU0;150;;UNC_M_CAS_COUNT.WR[UNIT4];2479984;100.00;;"
683 [139785976174272] INFO perfrun.perfcollector <> - PERF_STAT : "     0.012859987;CPU10;223;;UNC_M_CAS_COUNT.WR[UNIT4];2462287;100.00;;"
683 [139785976174272] INFO perfrun.perfcollector <> - PERF_STAT : "     0.012859987;CPU0;299;;UNC_M_CAS_COUNT.WR[UNIT5];2480156;100.00;;"
683 [139785976174272] INFO perfrun.perfcollector <> - PERF_STAT : "     0.012859987;CPU10;290;;UNC_M_CAS_COUNT.WR[UNIT5];2460460;100.00;;"
711 [139785750443712] INFO perfrun.perfcollector <> - Monitor: runCmd RC = true
712 [139785976174272] INFO perfrun.perfcollector <> - Path to Perf control pipe: /tmp/amplxe-tmp-dhamorim/perf-pipe-1446299-16360407705224604
712 [139785976174272] INFO perfrun.sdk <> - runCmd: "/home/intel/oneapi/vtune/2021.1.1/bin64/amplxe-perf" record -v --pipe "/tmp/amplxe-tmp-dhamorim/perf-pipe-1446299-16360407705224604" --pipe-sync -o "/tmp/amplxe-tmp-dhamorim/amplxe-res-1446299-16360406206172522/data.0/temp.dryrun.perf" -N -B -T -R -d --compression-level=1 -e cpu/period=0xaf79e0,event=0x3c,name='CPU_CLK_UNHALTED.THREAD'/Duk,cpu/period=0xaf79e0,umask=0x3,name='CPU_CLK_UNHALTED.REF_TSC'/Duk,cpu/period=0xaf79e0,event=0xc0,name='INST_RETIRED.ANY'/Duk,cpu/period=0x98968f,event=0xa3,umask=0xc,cmask=0xc,name='CYCLE_ACTIVITY.STALLS_L1D_PENDING'/uk,cpu/period=0x7a12f,event=0x3c,umask=0x1,name='CPU_CLK_UNHALTED.REF_XCLK'/uk,cpu/period=0x7a12f,event=0x3c,umask=0x2,name='CPU_CLK_UNHALTED.ONE_THREAD_ACTIVE'/uk,cpu/period=0x98968f,event=0xa3,umask=0x4,cmask=0x4,name='CYCLE_ACTIVITY.CYCLES_NO_EXECUTE'/uk,cpu/period=0x98968f,event=0xa3,umask=0x6,cmask=0x6,name='CYCLE_ACTIVITY.STALLS_LDM_PENDING'/uk,cpu/period=0x98968f,event=0xa3,umask=0x5,cmask=0x5,name='CYCLE_ACTIVITY.STALLS_L2_PENDING'/uk,cpu/period=0x98968f,event=0x9c,umask=0x1,name='IDQ_UOPS_NOT_DELIVERED.CORE'/uk,cpu/period=0x98968f,event=0xd,umask=0x3,cmask=0x1,name='INT_MISC.RECOVERY_CYCLES'/uk,cpu/period=0x3d09f,event=0xd1,umask=0x4,name='MEM_LOAD_UOPS_RETIRED.L3_HIT_PS'/ukpp,cpu/period=0x3d09f,event=0xd1,umask=0x20,name='MEM_LOAD_UOPS_RETIRED.L3_MISS_PS'/ukpp,cpu/period=0x98968f,event=0x60,umask=0x8,cmask=0x1,name='OFFCORE_REQUESTS_OUTSTANDING.CYCLES_WITH_DATA_RD'/uk,cpu/period=0x98968f,event=0x60,umask=0x8,cmask=0x6,name='OFFCORE_REQUESTS_OUTSTANDING.ALL_DATA_RD:cmask=6'/uk,cpu/period=0x98968f,event=0xa2,umask=0x8,name='RESOURCE_STALLS.SB'/uk,cpu/period=0x98968f,event=0x5e,umask=0x1,name='RS_EVENTS.EMPTY_CYCLES'/uk,cpu/period=0x98968f,event=0xb1,umask=0x2,cmask=0x1,name='UOPS_EXECUTED.CORE:cmask=1'/uk,cpu/period=0x98968f,event=0xb1,umask=0x2,cmask=0x2,name='UOPS_EXECUTED.CORE:cmask=2'/uk,cpu/period=0x98968f,event=0xb1,umask=0x2,cmask=0x3,name='UOPS_EXECUTED.CORE:cmask=3'/uk,cpu/period=0x98968f,event=0xe,umask=0x1,name='UOPS_ISSUED.ANY'/uk,cpu/period=0x98968f,event=0xc2,umask=0x2,name='UOPS_RETIRED.RETIRE_SLOTS'/uk,cpu/period=0x98968f,event=0x9c,umask=0x1,cmask=0x4,name='IDQ_UOPS_NOT_DELIVERED.CYCLES_0_UOPS_DELIV.CORE'/uk,cpu/period=0x7a12f,event=0xd0,umask=0x81,name='MEM_UOPS_RETIRED.ALL_LOADS_PS'/ukpp,cpu/period=0x7a12f,event=0xd0,umask=0x82,name='MEM_UOPS_RETIRED.ALL_STORES_PS'/ukpp,cpu/period=0x7a12f,event=0xd3,umask=0x1,name='MEM_LOAD_UOPS_L3_MISS_RETIRED.LOCAL_DRAM_PS'/ukpp,cpu/period=0x7a12f,event=0xd3,umask=0x4,name='MEM_LOAD_UOPS_L3_MISS_RETIRED.REMOTE_DRAM_PS'/ukpp,cpu/period=0x7a12f,event=0xd3,umask=0x10,name='MEM_LOAD_UOPS_L3_MISS_RETIRED.REMOTE_HITM_PS'/ukpp,cpu/period=0x7a12f,event=0xd3,umask=0x20,name='MEM_LOAD_UOPS_L3_MISS_RETIRED.REMOTE_FWD_PS'/ukpp --clockid=monotonic_raw "/home/intel/oneapi/vtune/2021.1.1/bin64/amplxe-perf-sync" dryrun sys
972 [139785976174272] INFO perfrun.perfcollector <> - Monitor: runCmd RC = true
972 [139786006292160] INFO perfrun.launcher <> - plugin [aoclprofile] was disabled because it doesn't support the given collection type.
972 [139786006292160] INFO perfrun.tpss <> - initialize tpss controller
972 [139786006292160] INFO perfrun.launcher <> - plugin [tpss] was disabled because it doesn't support the given collection type.
972 [139786006292160] INFO perfrun.launcher <> - plugin [exprof] was disabled because it doesn't support the given collection type.
972 [139786006292160] INFO perfrun.launcher <> - plugin [ice] was disabled because it doesn't support the given collection type.
972 [139786006292160] INFO perfrun.launcher <> - plugin [] was disabled because it doesn't support the given collection type.
972 [139786006292160] INFO perfrun.launcher <> - plugin [] was disabled because it doesn't support the given collection type.
972 [139786006292160] INFO perfrun.launcher <> - plugin [parallelfs] was disabled because it doesn't support the given collection type.
972 [139786006292160] INFO perfrun.launcher <> - plugin [power] was disabled because it doesn't support the given collection type.
972 [139786006292160] INFO perfrun.launcher <> - plugin [hwloc] was disabled because it doesn't support the given collection type.
972 [139786006292160] INFO perfrun.launcher <> - plugin [ipmwatch] was disabled because it doesn't support the given collection type.
972 [139786006292160] INFO perfrun.launcher <> - plugin [os_counters] was disabled because it doesn't support the given collection type.
972 [139786161881792] INFO perfrun.launcher <> - set environment variable: LD_LIBRARY_PATH = /home/intel/oneapi/vtune/2021.1.1/lib32/runtime:/home/intel/oneapi/vtune/2021.1.1/lib64/runtime
972 [139786161881792] INFO perfrun.launcher <> - set environment variable: INTEL_LIBITTNOTIFY32 = /home/intel/oneapi/vtune/2021.1.1/lib32/runtime/libittnotify_collector.so
972 [139786161881792] INFO perfrun.launcher <> - set environment variable: INTEL_LIBITTNOTIFY64 = /home/intel/oneapi/vtune/2021.1.1/lib64/runtime/libittnotify_collector.so
972 [139786161881792] INFO perfrun.launcher <> - set environment variable: INTEL_ITTNOTIFY_GROUPS = 
972 [139786161881792] INFO perfrun.launcher <> - set environment variable: INTEL_JIT_PROFILER32 = /home/intel/oneapi/vtune/2021.1.1/lib32/runtime/libittnotify_collector.so
972 [139786161881792] INFO perfrun.launcher <> - set environment variable: INTEL_JIT_PROFILER64 = /home/intel/oneapi/vtune/2021.1.1/lib64/runtime/libittnotify_collector.so
972 [139786161881792] INFO perfrun.launcher <> - set environment variable: VS_PROFILER = libittnotify_collector.so
972 [139786161881792] INFO perfrun.launcher <> - set environment variable: OMP_TOOL_LIBRARIES = /home/intel/oneapi/vtune/2021.1.1/lib32/runtime/libittnotify_collector.so:/home/intel/oneapi/vtune/2021.1.1/lib64/runtime/libittnotify_collector.so
973 [139786161881792] INFO perfrun.launcher <> - set environment variable: ENABLE_JITPROFILING = 1
973 [139786161881792] INFO perfrun.launcher <> - set environment variable: CL_CONFIG_USE_VTUNE = True
973 [139786161881792] INFO perfrun.launcher <> - set environment variable: INTEL_MRTE_DATA_DIR = /tmp/amplxe-tmp-dhamorim/amplxe-res-1446299-16360406206172522/data.0
973 [139786161881792] INFO perfrun.launcher <> - set environment variable: INTEL_MRTE_HOST_NAME = hype1
973 [139786161881792] INFO perfrun.launcher <> - set environment variable: JAVA_TOOL_OPTIONS = -agentlib:amplxe_samplingmrte_javaprof_1.0 -Dsun.boot.library.path=/home/intel/oneapi/vtune/2021.1.1/lib32/runtime:/home/intel/oneapi/vtune/2021.1.1/lib64/runtime
973 [139786161881792] INFO perfrun.launcher <> - set environment variable: CORECLR_ENABLE_PROFILING = 1
973 [139786161881792] INFO perfrun.launcher <> - set environment variable: CORECLR_PROFILER = {AA5E4821-E3B1-479c-B7FF-5AD047D22CED}
973 [139786161881792] INFO perfrun.launcher <> - set environment variable: CORECLR_PROFILER_PATH = /home/intel/oneapi/vtune/2021.1.1/lib64/libamplxe_samplingmrte_clrprof_1.0.so
973 [139786161881792] INFO perfrun.launcher <> - set environment variable: INTEL_MRTE_PROFILER_MODE = mixed
973 [139786161881792] INFO perfrun.launcher <> - RpcServer: run RPC server to handle requests
1000 [139786161881792] INFO perfrun.launcher <> - Launcher: command line to start before modification = /home/users/dhamorim/pagerank-openmp/pagerank -f /home/users/dhamorim/pagerank-openmp/data/web-Stanford/web-Stanford.txt
1000 [139786161881792] INFO perfrun.launcher <> - Launcher: command line to start after modification = /home/users/dhamorim/pagerank-openmp/pagerank -f /home/users/dhamorim/pagerank-openmp/data/web-Stanford/web-Stanford.txt
1000 [139786161881792] INFO perfrun.launcher <> - ProcessCreator object was created
1001 [139786161881792] INFO perfrun.launcher <> - Launcher: the process was started in suspend mode
1001 [139786006292160] INFO perfrun.launcher <> - Messenger::say: Peak bandwidth measurement started.
6462 [139786006292160] INFO perfrun.launcher <> - Messenger::say: Peak bandwidth measurement finished.
6466 [139786006292160] WARN perfrun.system <> - Could not do anything with /sys/kernel/debug/kvm: boost::filesystem::status: Permission denied: "/sys/kernel/debug/kvm", at file: vcs/perfrun1/plugins/system/src/trace_writer.cpp:796
6466 [139786006292160] WARN perfrun.system <> - Folder "/var/run/libvirt/qemu/"doesn't exist, at file: vcs/perfrun1/plugins/system/src/trace_writer.cpp:809
6504 [139786006292160] WARN perfrun.sdk <> - Failed to find xl binary on any of the system paths: /bin, /sbin, /usr/bin, /usr/sbin., at file: vcs/perfrun1/sdk/src/utils.cpp:197
6504 [139786006292160] WARN perfrun.system <> - Could not start ContainerMapping collector, at file: vcs/perfrun1/plugins/system/src/controller.cpp:468
6533 [139786006292160] INFO perfrun.vdso <> - Helper runtool '/home/intel/oneapi/vtune/2021.1.1/bin32/amplxe-runss -dump-vdso -r /tmp/amplxe-tmp-dhamorim/amplxe-res-1446299-16360406206172522 --tmp-dir /tmp/amplxe-tmp-dhamorim' returned 1
6651 [139786006292160] INFO perfrun.vdso <> - Helper runtool '/home/intel/oneapi/vtune/2021.1.1/bin64/amplxe-runss -dump-vdso -r /tmp/amplxe-tmp-dhamorim/amplxe-res-1446299-16360406206172522 --tmp-dir /tmp/amplxe-tmp-dhamorim' returned 0
6651 [139786006292160] INFO perfrun.itt <> - start itt controller for pid #1446319
6651 [139784659904192] WARN perfrun.perfcollector <> - Perf stat trace pipe capacity: read = 1048576, write = 1048576, at file: vcs/perfrun1/plugins/perfcollector/src/profiler.cpp:763
6651 [139784659904192] INFO perfrun.perfcollector <> - Path to Perf control pipe: /tmp/amplxe-tmp-dhamorim/perf-pipe-1446299-16360421350813700
6653 [139784659904192] INFO perfrun.sdk <> - runCmd: "/home/intel/oneapi/vtune/2021.1.1/bin64/amplxe-perf" stat -v --log-fd 22 --pipe "/tmp/amplxe-tmp-dhamorim/perf-pipe-1446299-16360421350813700" --pipe-sync -I 10 -A --scale -x ; -a -e uncore_imc_0/period=0x0,event=0x4,umask=0x3,name='UNC_M_CAS_COUNT.RD[UNIT0]'/,uncore_imc_1/period=0x0,event=0x4,umask=0x3,name='UNC_M_CAS_COUNT.RD[UNIT1]'/,uncore_imc_4/period=0x0,event=0x4,umask=0x3,name='UNC_M_CAS_COUNT.RD[UNIT4]'/,uncore_imc_5/period=0x0,event=0x4,umask=0x3,name='UNC_M_CAS_COUNT.RD[UNIT5]'/,uncore_imc_0/period=0x0,event=0x4,umask=0xc,name='UNC_M_CAS_COUNT.WR[UNIT0]'/,uncore_imc_1/period=0x0,event=0x4,umask=0xc,name='UNC_M_CAS_COUNT.WR[UNIT1]'/,uncore_imc_4/period=0x0,event=0x4,umask=0xc,name='UNC_M_CAS_COUNT.WR[UNIT4]'/,uncore_imc_5/period=0x0,event=0x4,umask=0xc,name='UNC_M_CAS_COUNT.WR[UNIT5]'/ "/home/intel/oneapi/vtune/2021.1.1/bin64/amplxe-perf-sync" sync sys
6688 [139784668296896] INFO perfrun.perfcollector <> - Path to Perf control pipe: /tmp/amplxe-tmp-dhamorim/perf-pipe-1446299-16360421434100189
6688 [139784668296896] INFO perfrun.sdk <> - runCmd: "/home/intel/oneapi/vtune/2021.1.1/bin64/amplxe-perf" record -v --pipe "/tmp/amplxe-tmp-dhamorim/perf-pipe-1446299-16360421434100189" --pipe-sync -o "/tmp/amplxe-tmp-dhamorim/amplxe-res-1446299-16360406206172522/data.0/1446319.perf" -N -B -T -R -d -p 1446319 --compression-level=1 --threads -e cpu/period=0xaf79e0,event=0x3c,name='CPU_CLK_UNHALTED.THREAD'/Duk,cpu/period=0xaf79e0,umask=0x3,name='CPU_CLK_UNHALTED.REF_TSC'/Duk,cpu/period=0xaf79e0,event=0xc0,name='INST_RETIRED.ANY'/Duk,cpu/period=0x98968f,event=0xa3,umask=0xc,cmask=0xc,name='CYCLE_ACTIVITY.STALLS_L1D_PENDING'/uk,cpu/period=0x7a12f,event=0x3c,umask=0x1,name='CPU_CLK_UNHALTED.REF_XCLK'/uk,cpu/period=0x7a12f,event=0x3c,umask=0x2,name='CPU_CLK_UNHALTED.ONE_THREAD_ACTIVE'/uk,cpu/period=0x98968f,event=0xa3,umask=0x4,cmask=0x4,name='CYCLE_ACTIVITY.CYCLES_NO_EXECUTE'/uk,cpu/period=0x98968f,event=0xa3,umask=0x6,cmask=0x6,name='CYCLE_ACTIVITY.STALLS_LDM_PENDING'/uk,cpu/period=0x98968f,event=0xa3,umask=0x5,cmask=0x5,name='CYCLE_ACTIVITY.STALLS_L2_PENDING'/uk,cpu/period=0x98968f,event=0x9c,umask=0x1,name='IDQ_UOPS_NOT_DELIVERED.CORE'/uk,cpu/period=0x98968f,event=0xd,umask=0x3,cmask=0x1,name='INT_MISC.RECOVERY_CYCLES'/uk,cpu/period=0x3d09f,event=0xd1,umask=0x4,name='MEM_LOAD_UOPS_RETIRED.L3_HIT_PS'/ukpp,cpu/period=0x3d09f,event=0xd1,umask=0x20,name='MEM_LOAD_UOPS_RETIRED.L3_MISS_PS'/ukpp,cpu/period=0x98968f,event=0x60,umask=0x8,cmask=0x1,name='OFFCORE_REQUESTS_OUTSTANDING.CYCLES_WITH_DATA_RD'/uk,cpu/period=0x98968f,event=0x60,umask=0x8,cmask=0x6,name='OFFCORE_REQUESTS_OUTSTANDING.ALL_DATA_RD:cmask=6'/uk,cpu/period=0x98968f,event=0xa2,umask=0x8,name='RESOURCE_STALLS.SB'/uk,cpu/period=0x98968f,event=0x5e,umask=0x1,name='RS_EVENTS.EMPTY_CYCLES'/uk,cpu/period=0x98968f,event=0xb1,umask=0x2,cmask=0x1,name='UOPS_EXECUTED.CORE:cmask=1'/uk,cpu/period=0x98968f,event=0xb1,umask=0x2,cmask=0x2,name='UOPS_EXECUTED.CORE:cmask=2'/uk,cpu/period=0x98968f,event=0xb1,umask=0x2,cmask=0x3,name='UOPS_EXECUTED.CORE:cmask=3'/uk,cpu/period=0x98968f,event=0xe,umask=0x1,name='UOPS_ISSUED.ANY'/uk,cpu/period=0x98968f,event=0xc2,umask=0x2,name='UOPS_RETIRED.RETIRE_SLOTS'/uk,cpu/period=0x98968f,event=0x9c,umask=0x1,cmask=0x4,name='IDQ_UOPS_NOT_DELIVERED.CYCLES_0_UOPS_DELIV.CORE'/uk,cpu/period=0x7a12f,event=0xd0,umask=0x81,name='MEM_UOPS_RETIRED.ALL_LOADS_PS'/ukpp,cpu/period=0x7a12f,event=0xd0,umask=0x82,name='MEM_UOPS_RETIRED.ALL_STORES_PS'/ukpp,cpu/period=0x7a12f,event=0xd3,umask=0x1,name='MEM_LOAD_UOPS_L3_MISS_RETIRED.LOCAL_DRAM_PS'/ukpp,cpu/period=0x7a12f,event=0xd3,umask=0x4,name='MEM_LOAD_UOPS_L3_MISS_RETIRED.REMOTE_DRAM_PS'/ukpp,cpu/period=0x7a12f,event=0xd3,umask=0x10,name='MEM_LOAD_UOPS_L3_MISS_RETIRED.REMOTE_HITM_PS'/ukpp,cpu/period=0x7a12f,event=0xd3,umask=0x20,name='MEM_LOAD_UOPS_L3_MISS_RETIRED.REMOTE_FWD_PS'/ukpp --clockid=monotonic_raw "/home/intel/oneapi/vtune/2021.1.1/bin64/amplxe-perf-sync" sync sys
6694 [139785750443712] INFO perfrun.perfcollector <> - PERF_STAT : "     0.010366520;CPU0;6717;;UNC_M_CAS_COUNT.RD[UNIT0];10366702;100.00;;"
6694 [139785750443712] INFO perfrun.perfcollector <> - PERF_STAT : "     0.010366520;CPU10;5706;;UNC_M_CAS_COUNT.RD[UNIT0];10293212;100.00;;"
6694 [139785750443712] INFO perfrun.perfcollector <> - PERF_STAT : "     0.010366520;CPU0;7038;;UNC_M_CAS_COUNT.RD[UNIT1];10360588;100.00;;"
6694 [139785750443712] INFO perfrun.perfcollector <> - PERF_STAT : "     0.010366520;CPU10;6101;;UNC_M_CAS_COUNT.RD[UNIT1];10285498;100.00;;"
6694 [139785750443712] INFO perfrun.perfcollector <> - PERF_STAT : "     0.010366520;CPU0;6548;;UNC_M_CAS_COUNT.RD[UNIT4];10353770;100.00;;"
6694 [139785750443712] INFO perfrun.perfcollector <> - PERF_STAT : "     0.010366520;CPU10;5532;;UNC_M_CAS_COUNT.RD[UNIT4];10277401;100.00;;"
6694 [139785750443712] INFO perfrun.perfcollector <> - PERF_STAT : "     0.010366520;CPU0;7051;;UNC_M_CAS_COUNT.RD[UNIT5];10346643;100.00;;"
6694 [139785750443712] INFO perfrun.perfcollector <> - PERF_STAT : "     0.010366520;CPU10;6125;;UNC_M_CAS_COUNT.RD[UNIT5];10269642;100.00;;"
6694 [139785750443712] INFO perfrun.perfcollector <> - PERF_STAT : "     0.010366520;CPU0;867;;UNC_M_CAS_COUNT.WR[UNIT0];10340717;100.00;;"
6694 [139785750443712] INFO perfrun.perfcollector <> - PERF_STAT : "     0.010366520;CPU10;220;;UNC_M_CAS_COUNT.WR[UNIT0];10263466;100.00;;"
6694 [139785750443712] INFO perfrun.perfcollector <> - PERF_STAT : "     0.010366520;CPU0;1444;;UNC_M_CAS_COUNT.WR[UNIT1];10328875;100.00;;"
6694 [139785750443712] INFO perfrun.perfcollector <> - PERF_STAT : "     0.010366520;CPU10;678;;UNC_M_CAS_COUNT.WR[UNIT1];10249936;100.00;;"
6694 [139785750443712] INFO perfrun.perfcollector <> - PERF_STAT : "     0.010366520;CPU0;876;;UNC_M_CAS_COUNT.WR[UNIT4];10320138;100.00;;"
6694 [139785750443712] INFO perfrun.perfcollector <> - PERF_STAT : "     0.010366520;CPU10;228;;UNC_M_CAS_COUNT.WR[UNIT4];10236515;100.00;;"
6694 [139785750443712] INFO perfrun.perfcollector <> - PERF_STAT : "     0.010366520;CPU0;1433;;UNC_M_CAS_COUNT.WR[UNIT5];10308847;100.00;;"
6694 [139785750443712] INFO perfrun.perfcollector <> - PERF_STAT : "     0.010366520;CPU10;726;;UNC_M_CAS_COUNT.WR[UNIT5];10222837;100.00;;"
6704 [139785750443712] INFO perfrun.perfcollector <> - PERF_STAT : "     0.020680240;CPU0;831;;UNC_M_CAS_COUNT.RD[UNIT0];10295152;100.00;;"
6704 [139785750443712] INFO perfrun.perfcollector <> - PERF_STAT : "     0.020680240;CPU10;1020;;UNC_M_CAS_COUNT.RD[UNIT0];10290194;100.00;;"
6704 [139785750443712] INFO perfrun.perfcollector <> - PERF_STAT : "     0.020680240;CPU0;1340;;UNC_M_CAS_COUNT.RD[UNIT1];10294252;100.00;;"
6704 [139785750443712] INFO perfrun.perfcollector <> - PERF_STAT : "     0.020680240;CPU10;1514;;UNC_M_CAS_COUNT.RD[UNIT1];10290028;100.00;;"
6704 [139785750443712] INFO perfrun.perfcollector <> - PERF_STAT : "     0.020680240;CPU0;815;;UNC_M_CAS_COUNT.RD[UNIT4];10294025;100.00;;"
6704 [139785750443712] INFO perfrun.perfcollector <> - PERF_STAT : "     0.020680240;CPU10;1033;;UNC_M_CAS_COUNT.RD[UNIT4];10289885;100.00;;"
6704 [139785750443712] INFO perfrun.perfcollector <> - PERF_STAT : "     0.020680240;CPU0;1396;;UNC_M_CAS_COUNT.RD[UNIT5];10294408;100.00;;"
6704 [139785750443712] INFO perfrun.perfcollector <> - PERF_STAT : "     0.020680240;CPU10;1588;;UNC_M_CAS_COUNT.RD[UNIT5];10289407;100.00;;"
6704 [139785750443712] INFO perfrun.perfcollector <> - PERF_STAT : "     0.020680240;CPU0;153;;UNC_M_CAS_COUNT.WR[UNIT0];10294568;100.00;;"
6704 [139785750443712] INFO perfrun.perfcollector <> - PERF_STAT : "     0.020680240;CPU10;92;;UNC_M_CAS_COUNT.WR[UNIT0];10289398;100.00;;"
6704 [139785750443712] INFO perfrun.perfcollector <> - PERF_STAT : "     0.020680240;CPU0;676;;UNC_M_CAS_COUNT.WR[UNIT1];10294577;100.00;;"
6704 [139785750443712] INFO perfrun.perfcollector <> - PERF_STAT : "     0.020680240;CPU10;604;;UNC_M_CAS_COUNT.WR[UNIT1];10289107;100.00;;"
6704 [139785750443712] INFO perfrun.perfcollector <> - PERF_STAT : "     0.020680240;CPU0;140;;UNC_M_CAS_COUNT.WR[UNIT4];10292030;100.00;;"
6704 [139785750443712] INFO perfrun.perfcollector <> - PERF_STAT : "     0.020680240;CPU10;85;;UNC_M_CAS_COUNT.WR[UNIT4];10288928;100.00;;"
6704 [139785750443712] INFO perfrun.perfcollector <> - PERF_STAT : "     0.020680240;CPU0;684;;UNC_M_CAS_COUNT.WR[UNIT5];10292131;100.00;;"
6704 [139785750443712] INFO perfrun.perfcollector <> - PERF_STAT : "     0.020680240;CPU10;629;;UNC_M_CAS_COUNT.WR[UNIT5];10288960;100.00;;"
6714 [139785750443712] INFO perfrun.perfcollector <> - PERF_STAT : "     0.030930323;CPU0;365;;UNC_M_CAS_COUNT.RD[UNIT0];10251304;100.00;;"
6714 [139785750443712] INFO perfrun.perfcollector <> - PERF_STAT : "     0.030930323;CPU10;401;;UNC_M_CAS_COUNT.RD[UNIT0];10252187;100.00;;"
6714 [139785750443712] INFO perfrun.perfcollector <> - PERF_STAT : "     0.030930323;CPU0;853;;UNC_M_CAS_COUNT.RD[UNIT1];10251098;100.00;;"
6715 [139785750443712] INFO perfrun.perfcollector <> - PERF_STAT : "     0.030930323;CPU10;882;;UNC_M_CAS_COUNT.RD[UNIT1];10252003;100.00;;"
6715 [139785750443712] INFO perfrun.perfcollector <> - PERF_STAT : "     0.030930323;CPU0;384;;UNC_M_CAS_COUNT.RD[UNIT4];10251078;100.00;;"
6715 [139785750443712] INFO perfrun.perfcollector <> - PERF_STAT : "     0.030930323;CPU10;448;;UNC_M_CAS_COUNT.RD[UNIT4];10251995;100.00;;"
6715 [139785750443712] INFO perfrun.perfcollector <> - PERF_STAT : "     0.030930323;CPU0;884;;UNC_M_CAS_COUNT.RD[UNIT5];10250797;100.00;;"
6715 [139785750443712] INFO perfrun.perfcollector <> - PERF_STAT : "     0.030930323;CPU10;951;;UNC_M_CAS_COUNT.RD[UNIT5];10251908;100.00;;"
6715 [139785750443712] INFO perfrun.perfcollector <> - PERF_STAT : "     0.030930323;CPU0;147;;UNC_M_CAS_COUNT.WR[UNIT0];10250593;100.00;;"
6715 [139785750443712] INFO perfrun.perfcollector <> - PERF_STAT : "     0.030930323;CPU10;63;;UNC_M_CAS_COUNT.WR[UNIT0];10251754;100.00;;"
6715 [139785750443712] INFO perfrun.perfcollector <> - PERF_STAT : "     0.030930323;CPU0;657;;UNC_M_CAS_COUNT.WR[UNIT1];10250656;100.00;;"
6715 [139785750443712] INFO perfrun.perfcollector <> - PERF_STAT : "     0.030930323;CPU10;595;;UNC_M_CAS_COUNT.WR[UNIT1];10251625;100.00;;"
6715 [139785750443712] INFO perfrun.perfcollector <> - PERF_STAT : "     0.030930323;CPU0;159;;UNC_M_CAS_COUNT.WR[UNIT4];10250456;100.00;;"
6715 [139785750443712] INFO perfrun.perfcollector <> - PERF_STAT : "     0.030930323;CPU10;81;;UNC_M_CAS_COUNT.WR[UNIT4];10251604;100.00;;"
6715 [139785750443712] INFO perfrun.perfcollector <> - PERF_STAT : "     0.030930323;CPU0;695;;UNC_M_CAS_COUNT.WR[UNIT5];10250365;100.00;;"
6715 [139785750443712] INFO perfrun.perfcollector <> - PERF_STAT : "     0.030930323;CPU10;622;;UNC_M_CAS_COUNT.WR[UNIT5];10251470;100.00;;"
6725 [139785750443712] INFO perfrun.perfcollector <> - PERF_STAT : "     0.041179353;CPU0;1276;;UNC_M_CAS_COUNT.RD[UNIT0];10249209;100.00;;"
6725 [139785750443712] INFO perfrun.perfcollector <> - PERF_STAT : "     0.041179353;CPU10;4648;;UNC_M_CAS_COUNT.RD[UNIT0];10247589;100.00;;"
6725 [139785750443712] INFO perfrun.perfcollector <> - PERF_STAT : "     0.041179353;CPU0;1897;;UNC_M_CAS_COUNT.RD[UNIT1];10249197;100.00;;"
6725 [139785750443712] INFO perfrun.perfcollector <> - PERF_STAT : "     0.041179353;CPU10;5095;;UNC_M_CAS_COUNT.RD[UNIT1];10247525;100.00;;"
6725 [139785750443712] INFO perfrun.perfcollector <> - PERF_STAT : "     0.041179353;CPU0;1328;;UNC_M_CAS_COUNT.RD[UNIT4];10249351;100.00;;"
6725 [139785750443712] INFO perfrun.perfcollector <> - PERF_STAT : "     0.041179353;CPU10;4628;;UNC_M_CAS_COUNT.RD[UNIT4];10247354;100.00;;"
6725 [139785750443712] INFO perfrun.perfcollector <> - PERF_STAT : "     0.041179353;CPU0;1810;;UNC_M_CAS_COUNT.RD[UNIT5];10249234;100.00;;"
6725 [139785750443712] INFO perfrun.perfcollector <> - PERF_STAT : "     0.041179353;CPU10;5218;;UNC_M_CAS_COUNT.RD[UNIT5];10247374;100.00;;"
6725 [139785750443712] INFO perfrun.perfcollector <> - PERF_STAT : "     0.041179353;CPU0;226;;UNC_M_CAS_COUNT.WR[UNIT0];10249226;100.00;;"
6725 [139785750443712] INFO perfrun.perfcollector <> - PERF_STAT : "     0.041179353;CPU10;229;;UNC_M_CAS_COUNT.WR[UNIT0];10247461;100.00;;"
6725 [139785750443712] INFO perfrun.perfcollector <> - PERF_STAT : "     0.041179353;CPU0;764;;UNC_M_CAS_COUNT.WR[UNIT1];10249139;100.00;;"
6725 [139785750443712] INFO perfrun.perfcollector <> - PERF_STAT : "     0.041179353;CPU10;775;;UNC_M_CAS_COUNT.WR[UNIT1];10247522;100.00;;"
6725 [139785750443712] INFO perfrun.perfcollector <> - PERF_STAT : "     0.041179353;CPU0;186;;UNC_M_CAS_COUNT.WR[UNIT4];10249138;100.00;;"
6725 [139785750443712] INFO perfrun.perfcollector <> - PERF_STAT : "     0.041179353;CPU10;263;;UNC_M_CAS_COUNT.WR[UNIT4];10247670;100.00;;"
6725 [139785750443712] INFO perfrun.perfcollector <> - PERF_STAT : "     0.041179353;CPU0;749;;UNC_M_CAS_COUNT.WR[UNIT5];10249101;100.00;;"
6725 [139785750443712] INFO perfrun.perfcollector <> - PERF_STAT : "     0.041179353;CPU10;777;;UNC_M_CAS_COUNT.WR[UNIT5];10247683;100.00;;"
6735 [139785750443712] INFO perfrun.perfcollector <> - PERF_STAT : "     0.051516554;CPU0;1958;;UNC_M_CAS_COUNT.RD[UNIT0];10321835;100.00;;"
6735 [139785750443712] INFO perfrun.perfcollector <> - PERF_STAT : "     0.051516554;CPU10;5460;;UNC_M_CAS_COUNT.RD[UNIT0];10324428;100.00;;"
6735 [139785750443712] INFO perfrun.perfcollector <> - PERF_STAT : "     0.051516554;CPU0;2303;;UNC_M_CAS_COUNT.RD[UNIT1];10322197;100.00;;"
6735 [139785750443712] INFO perfrun.perfcollector <> - PERF_STAT : "     0.051516554;CPU10;5998;;UNC_M_CAS_COUNT.RD[UNIT1];10324593;100.00;;"
6735 [139785750443712] INFO perfrun.perfcollector <> - PERF_STAT : "     0.051516554;CPU0;2052;;UNC_M_CAS_COUNT.RD[UNIT4];10322214;100.00;;"
6735 [139785750443712] INFO perfrun.perfcollector <> - PERF_STAT : "     0.051516554;CPU10;5460;;UNC_M_CAS_COUNT.RD[UNIT4];10324870;100.00;;"
6735 [139785750443712] INFO perfrun.perfcollector <> - PERF_STAT : "     0.051516554;CPU0;2237;;UNC_M_CAS_COUNT.RD[UNIT5];10322427;100.00;;"
6735 [139785750443712] INFO perfrun.perfcollector <> - PERF_STAT : "     0.051516554;CPU10;5990;;UNC_M_CAS_COUNT.RD[UNIT5];10325352;100.00;;"
6735 [139785750443712] INFO perfrun.perfcollector <> - PERF_STAT : "     0.051516554;CPU0;363;;UNC_M_CAS_COUNT.WR[UNIT0];10322532;100.00;;"
6735 [139785750443712] INFO perfrun.perfcollector <> - PERF_STAT : "     0.051516554;CPU10;498;;UNC_M_CAS_COUNT.WR[UNIT0];10325288;100.00;;"
6735 [139785750443712] INFO perfrun.perfcollector <> - PERF_STAT : "     0.051516554;CPU0;887;;UNC_M_CAS_COUNT.WR[UNIT1];10322721;100.00;;"
6735 [139785750443712] INFO perfrun.perfcollector <> - PERF_STAT : "     0.051516554;CPU10;1034;;UNC_M_CAS_COUNT.WR[UNIT1];10325437;100.00;;"
6735 [139785750443712] INFO perfrun.perfcollector <> - PERF_STAT : "     0.051516554;CPU0;390;;UNC_M_CAS_COUNT.WR[UNIT4];10322843;100.00;;"
6735 [139785750443712] INFO perfrun.perfcollector <> - PERF_STAT : "     0.051516554;CPU10;546;;UNC_M_CAS_COUNT.WR[UNIT4];10325335;100.00;;"
6735 [139785750443712] INFO perfrun.perfcollector <> - PERF_STAT : "     0.051516554;CPU0;904;;UNC_M_CAS_COUNT.WR[UNIT5];10323008;100.00;;"
6735 [139785750443712] INFO perfrun.perfcollector <> - PERF_STAT : "     0.051516554;CPU10;1068;;UNC_M_CAS_COUNT.WR[UNIT5];10325448;100.00;;"
6745 [139785750443712] INFO perfrun.perfcollector <> - PERF_STAT : "     0.061757918;CPU0;553;;UNC_M_CAS_COUNT.RD[UNIT0];10255156;100.00;;"
6745 [139785750443712] INFO perfrun.perfcollector <> - PERF_STAT : "     0.061757918;CPU10;8246;;UNC_M_CAS_COUNT.RD[UNIT0];10252003;100.00;;"
6745 [139785750443712] INFO perfrun.perfcollector <> - PERF_STAT : "     0.061757918;CPU0;1062;;UNC_M_CAS_COUNT.RD[UNIT1];10254763;100.00;;"
6745 [139785750443712] INFO perfrun.perfcollector <> - PERF_STAT : "     0.061757918;CPU10;8800;;UNC_M_CAS_COUNT.RD[UNIT1];10251667;100.00;;"
6745 [139785750443712] INFO perfrun.perfcollector <> - PERF_STAT : "     0.061757918;CPU0;532;;UNC_M_CAS_COUNT.RD[UNIT4];10254617;100.00;;"
6745 [139785750443712] INFO perfrun.perfcollector <> - PERF_STAT : "     0.061757918;CPU10;8336;;UNC_M_CAS_COUNT.RD[UNIT4];10251293;100.00;;"
6745 [139785750443712] INFO perfrun.perfcollector <> - PERF_STAT : "     0.061757918;CPU0;1072;;UNC_M_CAS_COUNT.RD[UNIT5];10254406;100.00;;"
6745 [139785750443712] INFO perfrun.perfcollector <> - PERF_STAT : "     0.061757918;CPU10;8961;;UNC_M_CAS_COUNT.RD[UNIT5];10250816;100.00;;"
6745 [139785750443712] INFO perfrun.perfcollector <> - PERF_STAT : "     0.061757918;CPU0;393;;UNC_M_CAS_COUNT.WR[UNIT0];10254366;100.00;;"
6745 [139785750443712] INFO perfrun.perfcollector <> - PERF_STAT : "     0.061757918;CPU10;940;;UNC_M_CAS_COUNT.WR[UNIT0];10250808;100.00;;"
6745 [139785750443712] INFO perfrun.perfcollector <> - PERF_STAT : "     0.061757918;CPU0;898;;UNC_M_CAS_COUNT.WR[UNIT1];10254174;100.00;;"
6745 [139785750443712] INFO perfrun.perfcollector <> - PERF_STAT : "     0.061757918;CPU10;1490;;UNC_M_CAS_COUNT.WR[UNIT1];10250512;100.00;;"
6746 [139785750443712] INFO perfrun.perfcollector <> - PERF_STAT : "     0.061757918;CPU0;397;;UNC_M_CAS_COUNT.WR[UNIT4];10254026;100.00;;"
6746 [139785750443712] INFO perfrun.perfcollector <> - PERF_STAT : "     0.061757918;CPU10;951;;UNC_M_CAS_COUNT.WR[UNIT4];10250412;100.00;;"
6746 [139785750443712] INFO perfrun.perfcollector <> - PERF_STAT : "     0.061757918;CPU0;913;;UNC_M_CAS_COUNT.WR[UNIT5];10253912;100.00;;"
6746 [139785750443712] INFO perfrun.perfcollector <> - PERF_STAT : "     0.061757918;CPU10;1481;;UNC_M_CAS_COUNT.WR[UNIT5];10250239;100.00;;"
6756 [139785750443712] INFO perfrun.perfcollector <> - PERF_STAT : "     0.072002704;CPU0;331;;UNC_M_CAS_COUNT.RD[UNIT0];10245744;100.00;;"
6756 [139785750443712] INFO perfrun.perfcollector <> - PERF_STAT : "     0.072002704;CPU10;3507;;UNC_M_CAS_COUNT.RD[UNIT0];10245457;100.00;;"
6756 [139785750443712] INFO perfrun.perfcollector <> - PERF_STAT : "     0.072002704;CPU0;814;;UNC_M_CAS_COUNT.RD[UNIT1];10245821;100.00;;"
6756 [139785750443712] INFO perfrun.perfcollector <> - PERF_STAT : "     0.072002704;CPU10;3999;;UNC_M_CAS_COUNT.RD[UNIT1];10245376;100.00;;"
6756 [139785750443712] INFO perfrun.perfcollector <> - PERF_STAT : "     0.072002704;CPU0;304;;UNC_M_CAS_COUNT.RD[UNIT4];10245744;100.00;;"
6756 [139785750443712] INFO perfrun.perfcollector <> - PERF_STAT : "     0.072002704;CPU10;3665;;UNC_M_CAS_COUNT.RD[UNIT4];10245316;100.00;;"
6756 [139785750443712] INFO perfrun.perfcollector <> - PERF_STAT : "     0.072002704;CPU0;861;;UNC_M_CAS_COUNT.RD[UNIT5];10245707;100.00;;"
6756 [139785750443712] INFO perfrun.perfcollector <> - PERF_STAT : "     0.072002704;CPU10;4175;;UNC_M_CAS_COUNT.RD[UNIT5];10245166;100.00;;"
6756 [139785750443712] INFO perfrun.perfcollector <> - PERF_STAT : "     0.072002704;CPU0;172;;UNC_M_CAS_COUNT.WR[UNIT0];10245693;100.00;;"
6756 [139785750443712] INFO perfrun.perfcollector <> - PERF_STAT : "     0.072002704;CPU10;586;;UNC_M_CAS_COUNT.WR[UNIT0];10245028;100.00;;"
6756 [139785750443712] INFO perfrun.perfcollector <> - PERF_STAT : "     0.072002704;CPU0;704;;UNC_M_CAS_COUNT.WR[UNIT1];10245681;100.00;;"
6756 [139785750443712] INFO perfrun.perfcollector <> - PERF_STAT : "     0.072002704;CPU10;1068;;UNC_M_CAS_COUNT.WR[UNIT1];10245010;100.00;;"
6756 [139785750443712] INFO perfrun.perfcollector <> - PERF_STAT : "     0.072002704;CPU0;192;;UNC_M_CAS_COUNT.WR[UNIT4];10245681;100.00;;"
6756 [139785750443712] INFO perfrun.perfcollector <> - PERF_STAT : "     0.072002704;CPU10;580;;UNC_M_CAS_COUNT.WR[UNIT4];10245095;100.00;;"
6756 [139785750443712] INFO perfrun.perfcollector <> - PERF_STAT : "     0.072002704;CPU0;740;;UNC_M_CAS_COUNT.WR[UNIT5];10245701;100.00;;"
6756 [139785750443712] INFO perfrun.perfcollector <> - PERF_STAT : "     0.072002704;CPU10;1125;;UNC_M_CAS_COUNT.WR[UNIT5];10245117;100.00;;"
6766 [139785750443712] INFO perfrun.perfcollector <> - PERF_STAT : "     0.082243975;CPU0;395;;UNC_M_CAS_COUNT.RD[UNIT0];10220898;100.00;;"
6766 [139785750443712] INFO perfrun.perfcollector <> - PERF_STAT : "     0.082243975;CPU10;1779;;UNC_M_CAS_COUNT.RD[UNIT0];10219105;100.00;;"
6766 [139785750443712] INFO perfrun.perfcollector <> - PERF_STAT : "     0.082243975;CPU0;872;;UNC_M_CAS_COUNT.RD[UNIT1];10220824;100.00;;"
6766 [139785750443712] INFO perfrun.perfcollector <> - PERF_STAT : "     0.082243975;CPU10;2279;;UNC_M_CAS_COUNT.RD[UNIT1];10219199;100.00;;"
6766 [139785750443712] INFO perfrun.perfcollector <> - PERF_STAT : "     0.082243975;CPU0;390;;UNC_M_CAS_COUNT.RD[UNIT4];10220816;100.00;;"
6766 [139785750443712] INFO perfrun.perfcollector <> - PERF_STAT : "     0.082243975;CPU10;1776;;UNC_M_CAS_COUNT.RD[UNIT4];10219189;100.00;;"
6766 [139785750443712] INFO perfrun.perfcollector <> - PERF_STAT : "     0.082243975;CPU0;916;;UNC_M_CAS_COUNT.RD[UNIT5];10220915;100.00;;"
6766 [139785750443712] INFO perfrun.perfcollector <> - PERF_STAT : "     0.082243975;CPU10;2287;;UNC_M_CAS_COUNT.RD[UNIT5];10219378;100.00;;"
6766 [139785750443712] INFO perfrun.perfcollector <> - PERF_STAT : "     0.082243975;CPU0;121;;UNC_M_CAS_COUNT.WR[UNIT0];10220857;100.00;;"
6766 [139785750443712] INFO perfrun.perfcollector <> - PERF_STAT : "     0.082243975;CPU10;323;;UNC_M_CAS_COUNT.WR[UNIT0];10219443;100.00;;"
6766 [139785750443712] INFO perfrun.perfcollector <> - PERF_STAT : "     0.082243975;CPU0;644;;UNC_M_CAS_COUNT.WR[UNIT1];10220992;100.00;;"
6766 [139785750443712] INFO perfrun.perfcollector <> - PERF_STAT : "     0.082243975;CPU10;832;;UNC_M_CAS_COUNT.WR[UNIT1];10219554;100.00;;"
6766 [139785750443712] INFO perfrun.perfcollector <> - PERF_STAT : "     0.082243975;CPU0;144;;UNC_M_CAS_COUNT.WR[UNIT4];10220946;100.00;;"
6766 [139785750443712] INFO perfrun.perfcollector <> - PERF_STAT : "     0.082243975;CPU10;312;;UNC_M_CAS_COUNT.WR[UNIT4];10219502;100.00;;"
6766 [139785750443712] INFO perfrun.perfcollector <> - PERF_STAT : "     0.082243975;CPU0;678;;UNC_M_CAS_COUNT.WR[UNIT5];10220717;100.00;;"
6766 [139785750443712] INFO perfrun.perfcollector <> - PERF_STAT : "     0.082243975;CPU10;852;;UNC_M_CAS_COUNT.WR[UNIT5];10219463;100.00;;"
6776 [139785750443712] INFO perfrun.perfcollector <> - PERF_STAT : "     0.092463314;CPU0;172;;UNC_M_CAS_COUNT.RD[UNIT0];10237730;100.00;;"
6776 [139785750443712] INFO perfrun.perfcollector <> - PERF_STAT : "     0.092463314;CPU10;835;;UNC_M_CAS_COUNT.RD[UNIT0];10238445;100.00;;"
6776 [139785750443712] INFO perfrun.perfcollector <> - PERF_STAT : "     0.092463314;CPU0;676;;UNC_M_CAS_COUNT.RD[UNIT1];10237701;100.00;;"
6776 [139785750443712] INFO perfrun.perfcollector <> - PERF_STAT : "     0.092463314;CPU10;1361;;UNC_M_CAS_COUNT.RD[UNIT1];10238293;100.00;;"
6776 [139785750443712] INFO perfrun.perfcollector <> - PERF_STAT : "     0.092463314;CPU0;146;;UNC_M_CAS_COUNT.RD[UNIT4];10237728;100.00;;"
6776 [139785750443712] INFO perfrun.perfcollector <> - PERF_STAT : "     0.092463314;CPU10;839;;UNC_M_CAS_COUNT.RD[UNIT4];10238267;100.00;;"
6776 [139785750443712] INFO perfrun.perfcollector <> - PERF_STAT : "     0.092463314;CPU0;687;;UNC_M_CAS_COUNT.RD[UNIT5];10237635;100.00;;"
6776 [139785750443712] INFO perfrun.perfcollector <> - PERF_STAT : "     0.092463314;CPU10;1392;;UNC_M_CAS_COUNT.RD[UNIT5];10238031;100.00;;"
6776 [139785750443712] INFO perfrun.perfcollector <> - PERF_STAT : "     0.092463314;CPU0;70;;UNC_M_CAS_COUNT.WR[UNIT0];10237622;100.00;;"
6776 [139785750443712] INFO perfrun.perfcollector <> - PERF_STAT : "     0.092463314;CPU10;125;;UNC_M_CAS_COUNT.WR[UNIT0];10237926;100.00;;"
6776 [139785750443712] INFO perfrun.perfcollector <> - PERF_STAT : "     0.092463314;CPU0;606;;UNC_M_CAS_COUNT.WR[UNIT1];10237562;100.00;;"
6776 [139785750443712] INFO perfrun.perfcollector <> - PERF_STAT : "     0.092463314;CPU10;655;;UNC_M_CAS_COUNT.WR[UNIT1];10237781;100.00;;"
6776 [139785750443712] INFO perfrun.perfcollector <> - PERF_STAT : "     0.092463314;CPU0;55;;UNC_M_CAS_COUNT.WR[UNIT4];10237664;100.00;;"
6776 [139785750443712] INFO perfrun.perfcollector <> - PERF_STAT : "     0.092463314;CPU10;139;;UNC_M_CAS_COUNT.WR[UNIT4];10237679;100.00;;"
6776 [139785750443712] INFO perfrun.perfcollector <> - PERF_STAT : "     0.092463314;CPU0;605;;UNC_M_CAS_COUNT.WR[UNIT5];10237788;100.00;;"
6776 [139785750443712] INFO perfrun.perfcollector <> - PERF_STAT : "     0.092463314;CPU10;666;;UNC_M_CAS_COUNT.WR[UNIT5];10237662;100.00;;"
6786 [139785750443712] INFO perfrun.perfcollector <> - PERF_STAT : "     0.102701360;CPU0;242;;UNC_M_CAS_COUNT.RD[UNIT0];10238808;100.00;;"
6786 [139785750443712] INFO perfrun.perfcollector <> - PERF_STAT : "     0.102701360;CPU10;266;;UNC_M_CAS_COUNT.RD[UNIT0];10237922;100.00;;"
6786 [139785750443712] INFO perfrun.perfcollector <> - PERF_STAT : "     0.102701360;CPU0;734;;UNC_M_CAS_COUNT.RD[UNIT1];10238974;100.00;;"
6786 [139785750443712] INFO perfrun.perfcollector <> - PERF_STAT : "     0.102701360;CPU10;741;;UNC_M_CAS_COUNT.RD[UNIT1];10238074;100.00;;"
6786 [139785750443712] INFO perfrun.perfcollector <> - PERF_STAT : "     0.102701360;CPU0;245;;UNC_M_CAS_COUNT.RD[UNIT4];10239129;100.00;;"
6786 [139785750443712] INFO perfrun.perfcollector <> - PERF_STAT : "     0.102701360;CPU10;287;;UNC_M_CAS_COUNT.RD[UNIT4];10238144;100.00;;"
6786 [139785750443712] INFO perfrun.perfcollector <> - PERF_STAT : "     0.102701360;CPU0;779;;UNC_M_CAS_COUNT.RD[UNIT5];10239219;100.00;;"
6786 [139785750443712] INFO perfrun.perfcollector <> - PERF_STAT : "     0.102701360;CPU10;808;;UNC_M_CAS_COUNT.RD[UNIT5];10238129;100.00;;"
6786 [139785750443712] INFO perfrun.perfcollector <> - PERF_STAT : "     0.102701360;CPU0;55;;UNC_M_CAS_COUNT.WR[UNIT0];10239212;100.00;;"
6786 [139785750443712] INFO perfrun.perfcollector <> - PERF_STAT : "     0.102701360;CPU10;45;;UNC_M_CAS_COUNT.WR[UNIT0];10238179;100.00;;"
6786 [139785750443712] INFO perfrun.perfcollector <> - PERF_STAT : "     0.102701360;CPU0;572;;UNC_M_CAS_COUNT.WR[UNIT1];10239128;100.00;;"
6786 [139785750443712] INFO perfrun.perfcollector <> - PERF_STAT : "     0.102701360;CPU10;567;;UNC_M_CAS_COUNT.WR[UNIT1];10238178;100.00;;"
6786 [139785750443712] INFO perfrun.perfcollector <> - PERF_STAT : "     0.102701360;CPU0;41;;UNC_M_CAS_COUNT.WR[UNIT4];10239039;100.00;;"
6786 [139785750443712] INFO perfrun.perfcollector <> - PERF_STAT : "     0.102701360;CPU10;54;;UNC_M_CAS_COUNT.WR[UNIT4];10238164;100.00;;"
6786 [139785750443712] INFO perfrun.perfcollector <> - PERF_STAT : "     0.102701360;CPU0;588;;UNC_M_CAS_COUNT.WR[UNIT5];10239052;100.00;;"
6786 [139785750443712] INFO perfrun.perfcollector <> - PERF_STAT : "     0.102701360;CPU10;596;;UNC_M_CAS_COUNT.WR[UNIT5];10238239;100.00;;"
6796 [139785750443712] INFO perfrun.perfcollector <> - PERF_STAT : "     0.112952789;CPU0;165;;UNC_M_CAS_COUNT.RD[UNIT0];10250258;100.00;;"
6796 [139785750443712] INFO perfrun.perfcollector <> - PERF_STAT : "     0.112952789;CPU10;693;;UNC_M_CAS_COUNT.RD[UNIT0];10250990;100.00;;"
6796 [139785750443712] INFO perfrun.perfcollector <> - PERF_STAT : "     0.112952789;CPU0;649;;UNC_M_CAS_COUNT.RD[UNIT1];10250086;100.00;;"
6797 [139785750443712] INFO perfrun.perfcollector <> - PERF_STAT : "     0.112952789;CPU10;1182;;UNC_M_CAS_COUNT.RD[UNIT1];10250740;100.00;;"
6797 [139785750443712] INFO perfrun.perfcollector <> - PERF_STAT : "     0.112952789;CPU0;151;;UNC_M_CAS_COUNT.RD[UNIT4];10250142;100.00;;"
6797 [139785750443712] INFO perfrun.perfcollector <> - PERF_STAT : "     0.112952789;CPU10;709;;UNC_M_CAS_COUNT.RD[UNIT4];10250612;100.00;;"
6797 [139785750443712] INFO perfrun.perfcollector <> - PERF_STAT : "     0.112952789;CPU0;682;;UNC_M_CAS_COUNT.RD[UNIT5];10250111;100.00;;"
6797 [139785750443712] INFO perfrun.perfcollector <> - PERF_STAT : "     0.112952789;CPU10;1215;;UNC_M_CAS_COUNT.RD[UNIT5];10250585;100.00;;"
6797 [139785750443712] INFO perfrun.perfcollector <> - PERF_STAT : "     0.112952789;CPU0;41;;UNC_M_CAS_COUNT.WR[UNIT0];10250116;100.00;;"
6797 [139785750443712] INFO perfrun.perfcollector <> - PERF_STAT : "     0.112952789;CPU10;113;;UNC_M_CAS_COUNT.WR[UNIT0];10250589;100.00;;"
6797 [139785750443712] INFO perfrun.perfcollector <> - PERF_STAT : "     0.112952789;CPU0;561;;UNC_M_CAS_COUNT.WR[UNIT1];10250124;100.00;;"
6797 [139785750443712] INFO perfrun.perfcollector <> - PERF_STAT : "     0.112952789;CPU10;650;;UNC_M_CAS_COUNT.WR[UNIT1];10250575;100.00;;"
6797 [139785750443712] INFO perfrun.perfcollector <> - PERF_STAT : "     0.112952789;CPU0;41;;UNC_M_CAS_COUNT.WR[UNIT4];10250128;100.00;;"
6797 [139785750443712] INFO perfrun.perfcollector <> - PERF_STAT : "     0.112952789;CPU10;127;;UNC_M_CAS_COUNT.WR[UNIT4];10250536;100.00;;"
6797 [139785750443712] INFO perfrun.perfcollector <> - PERF_STAT : "     0.112952789;CPU0;586;;UNC_M_CAS_COUNT.WR[UNIT5];10250096;100.00;;"
6797 [139785750443712] INFO perfrun.perfcollector <> - PERF_STAT : "     0.112952789;CPU10;665;;UNC_M_CAS_COUNT.WR[UNIT5];10250402;100.00;;"
6807 [139785750443712] INFO perfrun.perfcollector <> - PERF_STAT : "     0.123186257;CPU0;158;;UNC_M_CAS_COUNT.RD[UNIT0];10233073;100.00;;"
6807 [139785750443712] INFO perfrun.perfcollector <> - PERF_STAT : "     0.123186257;CPU10;1597;;UNC_M_CAS_COUNT.RD[UNIT0];10233267;100.00;;"
6807 [139785750443712] INFO perfrun.perfcollector <> - PERF_STAT : "     0.123186257;CPU0;630;;UNC_M_CAS_COUNT.RD[UNIT1];10233058;100.00;;"
6807 [139785750443712] INFO perfrun.perfcollector <> - PERF_STAT : "     0.123186257;CPU10;2092;;UNC_M_CAS_COUNT.RD[UNIT1];10233177;100.00;;"
6807 [139785750443712] INFO perfrun.perfcollector <> - PERF_STAT : "     0.123186257;CPU0;136;;UNC_M_CAS_COUNT.RD[UNIT4];10232888;100.00;;"
6807 [139785750443712] INFO perfrun.perfcollector <> - PERF_STAT : "     0.123186257;CPU10;1588;;UNC_M_CAS_COUNT.RD[UNIT4];10233226;100.00;;"
6807 [139785750443712] INFO perfrun.perfcollector <> - PERF_STAT : "     0.123186257;CPU0;680;;UNC_M_CAS_COUNT.RD[UNIT5];10232800;100.00;;"
6807 [139785750443712] INFO perfrun.perfcollector <> - PERF_STAT : "     0.123186257;CPU10;2139;;UNC_M_CAS_COUNT.RD[UNIT5];10233231;100.00;;"
6807 [139785750443712] INFO perfrun.perfcollector <> - PERF_STAT : "     0.123186257;CPU0;97;;UNC_M_CAS_COUNT.WR[UNIT0];10232788;100.00;;"
6807 [139785750443712] INFO perfrun.perfcollector <> - PERF_STAT : "     0.123186257;CPU10;270;;UNC_M_CAS_COUNT.WR[UNIT0];10233265;100.00;;"
6807 [139785750443712] INFO perfrun.perfcollector <> - PERF_STAT : "     0.123186257;CPU0;624;;UNC_M_CAS_COUNT.WR[UNIT1];10232770;100.00;;"
6807 [139785750443712] INFO perfrun.perfcollector <> - PERF_STAT : "     0.123186257;CPU10;784;;UNC_M_CAS_COUNT.WR[UNIT1];10233319;100.00;;"
6807 [139785750443712] INFO perfrun.perfcollector <> - PERF_STAT : "     0.123186257;CPU0;97;;UNC_M_CAS_COUNT.WR[UNIT4];10232756;100.00;;"
6807 [139785750443712] INFO perfrun.perfcollector <> - PERF_STAT : "     0.123186257;CPU10;274;;UNC_M_CAS_COUNT.WR[UNIT4];10233311;100.00;;"
6807 [139785750443712] INFO perfrun.perfcollector <> - PERF_STAT : "     0.123186257;CPU0;625;;UNC_M_CAS_COUNT.WR[UNIT5];10232741;100.00;;"
6807 [139785750443712] INFO perfrun.perfcollector <> - PERF_STAT : "     0.123186257;CPU10;784;;UNC_M_CAS_COUNT.WR[UNIT5];10233327;100.00;;"
6817 [139785750443712] INFO perfrun.perfcollector <> - PERF_STAT : "     0.133421382;CPU0;279;;UNC_M_CAS_COUNT.RD[UNIT0];10252403;100.00;;"
6817 [139785750443712] INFO perfrun.perfcollector <> - PERF_STAT : "     0.133421382;CPU10;2104;;UNC_M_CAS_COUNT.RD[UNIT0];10252978;100.00;;"
6817 [139785750443712] INFO perfrun.perfcollector <> - PERF_STAT : "     0.133421382;CPU0;767;;UNC_M_CAS_COUNT.RD[UNIT1];10252616;100.00;;"
6817 [139785750443712] INFO perfrun.perfcollector <> - PERF_STAT : "     0.133421382;CPU10;2607;;UNC_M_CAS_COUNT.RD[UNIT1];10253172;100.00;;"
6817 [139785750443712] INFO perfrun.perfcollector <> - PERF_STAT : "     0.133421382;CPU0;266;;UNC_M_CAS_COUNT.RD[UNIT4];10252629;100.00;;"
6817 [139785750443712] INFO perfrun.perfcollector <> - PERF_STAT : "     0.133421382;CPU10;2143;;UNC_M_CAS_COUNT.RD[UNIT4];10253208;100.00;;"
6817 [139785750443712] INFO perfrun.perfcollector <> - PERF_STAT : "     0.133421382;CPU0;833;;UNC_M_CAS_COUNT.RD[UNIT5];10252802;100.00;;"
6817 [139785750443712] INFO perfrun.perfcollector <> - PERF_STAT : "     0.133421382;CPU10;2702;;UNC_M_CAS_COUNT.RD[UNIT5];10253185;100.00;;"
6817 [139785750443712] INFO perfrun.perfcollector <> - PERF_STAT : "     0.133421382;CPU0;115;;UNC_M_CAS_COUNT.WR[UNIT0];10253101;100.00;;"
6817 [139785750443712] INFO perfrun.perfcollector <> - PERF_STAT : "     0.133421382;CPU10;310;;UNC_M_CAS_COUNT.WR[UNIT0];10253027;100.00;;"
6817 [139785750443712] INFO perfrun.perfcollector <> - PERF_STAT : "     0.133421382;CPU0;653;;UNC_M_CAS_COUNT.WR[UNIT1];10253189;100.00;;"
6817 [139785750443712] INFO perfrun.perfcollector <> - PERF_STAT : "     0.133421382;CPU10;856;;UNC_M_CAS_COUNT.WR[UNIT1];10252949;100.00;;"
6817 [139785750443712] INFO perfrun.perfcollector <> - PERF_STAT : "     0.133421382;CPU0;105;;UNC_M_CAS_COUNT.WR[UNIT4];10253280;100.00;;"
6817 [139785750443712] INFO perfrun.perfcollector <> - PERF_STAT : "     0.133421382;CPU10;329;;UNC_M_CAS_COUNT.WR[UNIT4];10252937;100.00;;"
6817 [139785750443712] INFO perfrun.perfcollector <> - PERF_STAT : "     0.133421382;CPU0;647;;UNC_M_CAS_COUNT.WR[UNIT5];10253374;100.00;;"
6817 [139785750443712] INFO perfrun.perfcollector <> - PERF_STAT : "     0.133421382;CPU10;903;;UNC_M_CAS_COUNT.WR[UNIT5];10252906;100.00;;"
6827 [139785750443712] INFO perfrun.perfcollector <> - PERF_STAT : "     0.143672095;CPU0;909;;UNC_M_CAS_COUNT.RD[UNIT0];10233561;100.00;;"
6827 [139785750443712] INFO perfrun.perfcollector <> - PERF_STAT : "     0.143672095;CPU10;3339;;UNC_M_CAS_COUNT.RD[UNIT0];10231589;100.00;;"
6827 [139785750443712] INFO perfrun.perfcollector <> - PERF_STAT : "     0.143672095;CPU0;1365;;UNC_M_CAS_COUNT.RD[UNIT1];10233355;100.00;;"
6827 [139785750443712] INFO perfrun.perfcollector <> - PERF_STAT : "     0.143672095;CPU10;3815;;UNC_M_CAS_COUNT.RD[UNIT1];10231378;100.00;;"
6827 [139785750443712] INFO perfrun.perfcollector <> - PERF_STAT : "     0.143672095;CPU0;923;;UNC_M_CAS_COUNT.RD[UNIT4];10233276;100.00;;"
6827 [139785750443712] INFO perfrun.perfcollector <> - PERF_STAT : "     0.143672095;CPU10;3324;;UNC_M_CAS_COUNT.RD[UNIT4];10231334;100.00;;"
6827 [139785750443712] INFO perfrun.perfcollector <> - PERF_STAT : "     0.143672095;CPU0;1395;;UNC_M_CAS_COUNT.RD[UNIT5];10233088;100.00;;"
6827 [139785750443712] INFO perfrun.perfcollector <> - PERF_STAT : "     0.143672095;CPU10;3867;;UNC_M_CAS_COUNT.RD[UNIT5];10231312;100.00;;"
6827 [139785750443712] INFO perfrun.perfcollector <> - PERF_STAT : "     0.143672095;CPU0;215;;UNC_M_CAS_COUNT.WR[UNIT0];10232780;100.00;;"
6827 [139785750443712] INFO perfrun.perfcollector <> - PERF_STAT : "     0.143672095;CPU10;617;;UNC_M_CAS_COUNT.WR[UNIT0];10231372;100.00;;"
6827 [139785750443712] INFO perfrun.perfcollector <> - PERF_STAT : "     0.143672095;CPU0;699;;UNC_M_CAS_COUNT.WR[UNIT1];10232748;100.00;;"
6827 [139785750443712] INFO perfrun.perfcollector <> - PERF_STAT : "     0.143672095;CPU10;1129;;UNC_M_CAS_COUNT.WR[UNIT1];10231355;100.00;;"
6827 [139785750443712] INFO perfrun.perfcollector <> - PERF_STAT : "     0.143672095;CPU0;221;;UNC_M_CAS_COUNT.WR[UNIT4];10232740;100.00;;"
6827 [139785750443712] INFO perfrun.perfcollector <> - PERF_STAT : "     0.143672095;CPU10;602;;UNC_M_CAS_COUNT.WR[UNIT4];10231332;100.00;;"
6827 [139785750443712] INFO perfrun.perfcollector <> - PERF_STAT : "     0.143672095;CPU0;759;;UNC_M_CAS_COUNT.WR[UNIT5];10232749;100.00;;"
6827 [139785750443712] INFO perfrun.perfcollector <> - PERF_STAT : "     0.143672095;CPU10;1190;;UNC_M_CAS_COUNT.WR[UNIT5];10231377;100.00;;"
6837 [139785750443712] INFO perfrun.perfcollector <> - PERF_STAT : "     0.153901453;CPU0;1026;;UNC_M_CAS_COUNT.RD[UNIT0];10228809;100.00;;"
6837 [139785750443712] INFO perfrun.perfcollector <> - PERF_STAT : "     0.153901453;CPU10;1754;;UNC_M_CAS_COUNT.RD[UNIT0];10233957;100.00;;"
6837 [139785750443712] INFO perfrun.perfcollector <> - PERF_STAT : "     0.153901453;CPU0;1532;;UNC_M_CAS_COUNT.RD[UNIT1];10228791;100.00;;"
6837 [139785750443712] INFO perfrun.perfcollector <> - PERF_STAT : "     0.153901453;CPU10;2252;;UNC_M_CAS_COUNT.RD[UNIT1];10234015;100.00;;"
6837 [139785750443712] INFO perfrun.perfcollector <> - PERF_STAT : "     0.153901453;CPU0;1023;;UNC_M_CAS_COUNT.RD[UNIT4];10228873;100.00;;"
6837 [139785750443712] INFO perfrun.perfcollector <> - PERF_STAT : "     0.153901453;CPU10;1773;;UNC_M_CAS_COUNT.RD[UNIT4];10234197;100.00;;"
6838 [139785750443712] INFO perfrun.perfcollector <> - PERF_STAT : "     0.153901453;CPU0;1545;;UNC_M_CAS_COUNT.RD[UNIT5];10228874;100.00;;"
6838 [139785750443712] INFO perfrun.perfcollector <> - PERF_STAT : "     0.153901453;CPU10;2282;;UNC_M_CAS_COUNT.RD[UNIT5];10234391;100.00;;"
6838 [139785750443712] INFO perfrun.perfcollector <> - PERF_STAT : "     0.153901453;CPU0;105;;UNC_M_CAS_COUNT.WR[UNIT0];10228882;100.00;;"
6838 [139785750443712] INFO perfrun.perfcollector <> - PERF_STAT : "     0.153901453;CPU10;435;;UNC_M_CAS_COUNT.WR[UNIT0];10234299;100.00;;"
6838 [139785750443712] INFO perfrun.perfcollector <> - PERF_STAT : "     0.153901453;CPU0;672;;UNC_M_CAS_COUNT.WR[UNIT1];10228826;100.00;;"
6838 [139785750443712] INFO perfrun.perfcollector <> - PERF_STAT : "     0.153901453;CPU10;1002;;UNC_M_CAS_COUNT.WR[UNIT1];10234362;100.00;;"
6838 [139785750443712] INFO perfrun.perfcollector <> - PERF_STAT : "     0.153901453;CPU0;124;;UNC_M_CAS_COUNT.WR[UNIT4];10228738;100.00;;"
6838 [139785750443712] INFO perfrun.perfcollector <> - PERF_STAT : "     0.153901453;CPU10;443;;UNC_M_CAS_COUNT.WR[UNIT4];10234356;100.00;;"
6838 [139785750443712] INFO perfrun.perfcollector <> - PERF_STAT : "     0.153901453;CPU0;635;;UNC_M_CAS_COUNT.WR[UNIT5];10228639;100.00;;"
6838 [139785750443712] INFO perfrun.perfcollector <> - PERF_STAT : "     0.153901453;CPU10;957;;UNC_M_CAS_COUNT.WR[UNIT5];10234275;100.00;;"
6848 [139785750443712] INFO perfrun.perfcollector <> - PERF_STAT : "     0.164136419;CPU0;1025;;UNC_M_CAS_COUNT.RD[UNIT0];10236779;100.00;;"
6848 [139785750443712] INFO perfrun.perfcollector <> - PERF_STAT : "     0.164136419;CPU10;1225;;UNC_M_CAS_COUNT.RD[UNIT0];10231826;100.00;;"
6848 [139785750443712] INFO perfrun.perfcollector <> - PERF_STAT : "     0.164136419;CPU0;1477;;UNC_M_CAS_COUNT.RD[UNIT1];10236851;100.00;;"
6848 [139785750443712] INFO perfrun.perfcollector <> - PERF_STAT : "     0.164136419;CPU10;1694;;UNC_M_CAS_COUNT.RD[UNIT1];10231693;100.00;;"
6848 [139785750443712] INFO perfrun.perfcollector <> - PERF_STAT : "     0.164136419;CPU0;986;;UNC_M_CAS_COUNT.RD[UNIT4];10236743;100.00;;"
6848 [139785750443712] INFO perfrun.perfcollector <> - PERF_STAT : "     0.164136419;CPU10;1272;;UNC_M_CAS_COUNT.RD[UNIT4];10231414;100.00;;"
6848 [139785750443712] INFO perfrun.perfcollector <> - PERF_STAT : "     0.164136419;CPU0;1522;;UNC_M_CAS_COUNT.RD[UNIT5];10236739;100.00;;"
6848 [139785750443712] INFO perfrun.perfcollector <> - PERF_STAT : "     0.164136419;CPU10;1772;;UNC_M_CAS_COUNT.RD[UNIT5];10231223;100.00;;"
6848 [139785750443712] INFO perfrun.perfcollector <> - PERF_STAT : "     0.164136419;CPU0;116;;UNC_M_CAS_COUNT.WR[UNIT0];10236734;100.00;;"
6848 [139785750443712] INFO perfrun.perfcollector <> - PERF_STAT : "     0.164136419;CPU10;382;;UNC_M_CAS_COUNT.WR[UNIT0];10231295;100.00;;"
6848 [139785750443712] INFO perfrun.perfcollector <> - PERF_STAT : "     0.164136419;CPU0;671;;UNC_M_CAS_COUNT.WR[UNIT1];10236731;100.00;;"
6848 [139785750443712] INFO perfrun.perfcollector <> - PERF_STAT : "     0.164136419;CPU10;922;;UNC_M_CAS_COUNT.WR[UNIT1];10231228;100.00;;"
6848 [139785750443712] INFO perfrun.perfcollector <> - PERF_STAT : "     0.164136419;CPU0;109;;UNC_M_CAS_COUNT.WR[UNIT4];10236739;100.00;;"
6848 [139785750443712] INFO perfrun.perfcollector <> - PERF_STAT : "     0.164136419;CPU10;388;;UNC_M_CAS_COUNT.WR[UNIT4];10231229;100.00;;"
6848 [139785750443712] INFO perfrun.perfcollector <> - PERF_STAT : "     0.164136419;CPU0;657;;UNC_M_CAS_COUNT.WR[UNIT5];10236734;100.00;;"
6848 [139785750443712] INFO perfrun.perfcollector <> - PERF_STAT : "     0.164136419;CPU10;952;;UNC_M_CAS_COUNT.WR[UNIT5];10231248;100.00;;"
6858 [139785750443712] INFO perfrun.perfcollector <> - PERF_STAT : "     0.174368739;CPU0;1520;;UNC_M_CAS_COUNT.RD[UNIT0];10231775;100.00;;"
6858 [139785750443712] INFO perfrun.perfcollector <> - PERF_STAT : "     0.174368739;CPU10;639;;UNC_M_CAS_COUNT.RD[UNIT0];10231366;100.00;;"
6858 [139785750443712] INFO perfrun.perfcollector <> - PERF_STAT : "     0.174368739;CPU0;1990;;UNC_M_CAS_COUNT.RD[UNIT1];10231783;100.00;;"
6858 [139785750443712] INFO perfrun.perfcollector <> - PERF_STAT : "     0.174368739;CPU10;1114;;UNC_M_CAS_COUNT.RD[UNIT1];10231455;100.00;;"
6858 [139785750443712] INFO perfrun.perfcollector <> - PERF_STAT : "     0.174368739;CPU0;1486;;UNC_M_CAS_COUNT.RD[UNIT4];10231855;100.00;;"
6858 [139785750443712] INFO perfrun.perfcollector <> - PERF_STAT : "     0.174368739;CPU10;624;;UNC_M_CAS_COUNT.RD[UNIT4];10231565;100.00;;"
6858 [139785750443712] INFO perfrun.perfcollector <> - PERF_STAT : "     0.174368739;CPU0;2041;;UNC_M_CAS_COUNT.RD[UNIT5];10231859;100.00;;"
6858 [139785750443712] INFO perfrun.perfcollector <> - PERF_STAT : "     0.174368739;CPU10;1153;;UNC_M_CAS_COUNT.RD[UNIT5];10231592;100.00;;"
6858 [139785750443712] INFO perfrun.perfcollector <> - PERF_STAT : "     0.174368739;CPU0;140;;UNC_M_CAS_COUNT.WR[UNIT0];10231854;100.00;;"
6858 [139785750443712] INFO perfrun.perfcollector <> - PERF_STAT : "     0.174368739;CPU10;350;;UNC_M_CAS_COUNT.WR[UNIT0];10231528;100.00;;"
6858 [139785750443712] INFO perfrun.perfcollector <> - PERF_STAT : "     0.174368739;CPU0;652;;UNC_M_CAS_COUNT.WR[UNIT1];10231937;100.00;;"
6858 [139785750443712] INFO perfrun.perfcollector <> - PERF_STAT : "     0.174368739;CPU10;938;;UNC_M_CAS_COUNT.WR[UNIT1];10231598;100.00;;"
6858 [139785750443712] INFO perfrun.perfcollector <> - PERF_STAT : "     0.174368739;CPU0;122;;UNC_M_CAS_COUNT.WR[UNIT4];10231923;100.00;;"
6858 [139785750443712] INFO perfrun.perfcollector <> - PERF_STAT : "     0.174368739;CPU10;383;;UNC_M_CAS_COUNT.WR[UNIT4];10231595;100.00;;"
6858 [139785750443712] INFO perfrun.perfcollector <> - PERF_STAT : "     0.174368739;CPU0;663;;UNC_M_CAS_COUNT.WR[UNIT5];10231915;100.00;;"
6858 [139785750443712] INFO perfrun.perfcollector <> - PERF_STAT : "     0.174368739;CPU10;905;;UNC_M_CAS_COUNT.WR[UNIT5];10231693;100.00;;"
6868 [139785750443712] INFO perfrun.perfcollector <> - PERF_STAT : "     0.184601106;CPU0;2182;;UNC_M_CAS_COUNT.RD[UNIT0];10231626;100.00;;"
6868 [139785750443712] INFO perfrun.perfcollector <> - PERF_STAT : "     0.184601106;CPU10;204;;UNC_M_CAS_COUNT.RD[UNIT0];10231906;100.00;;"
6868 [139785750443712] INFO perfrun.perfcollector <> - PERF_STAT : "     0.184601106;CPU0;2481;;UNC_M_CAS_COUNT.RD[UNIT1];10231778;100.00;;"
6868 [139785750443712] INFO perfrun.perfcollector <> - PERF_STAT : "     0.184601106;CPU10;709;;UNC_M_CAS_COUNT.RD[UNIT1];10231844;100.00;;"
6868 [139785750443712] INFO perfrun.perfcollector <> - PERF_STAT : "     0.184601106;CPU0;2171;;UNC_M_CAS_COUNT.RD[UNIT4];10231864;100.00;;"
6868 [139785750443712] INFO perfrun.perfcollector <> - PERF_STAT : "     0.184601106;CPU10;248;;UNC_M_CAS_COUNT.RD[UNIT4];10231819;100.00;;"
6868 [139785750443712] INFO perfrun.perfcollector <> - PERF_STAT : "     0.184601106;CPU0;2476;;UNC_M_CAS_COUNT.RD[UNIT5];10231867;100.00;;"
6868 [139785750443712] INFO perfrun.perfcollector <> - PERF_STAT : "     0.184601106;CPU10;763;;UNC_M_CAS_COUNT.RD[UNIT5];10231998;100.00;;"
6868 [139785750443712] INFO perfrun.perfcollector <> - PERF_STAT : "     0.184601106;CPU0;144;;UNC_M_CAS_COUNT.WR[UNIT0];10231895;100.00;;"
6868 [139785750443712] INFO perfrun.perfcollector <> - PERF_STAT : "     0.184601106;CPU10;225;;UNC_M_CAS_COUNT.WR[UNIT0];10232051;100.00;;"
6868 [139785750443712] INFO perfrun.perfcollector <> - PERF_STAT : "     0.184601106;CPU0;669;;UNC_M_CAS_COUNT.WR[UNIT1];10231826;100.00;;"
6868 [139785750443712] INFO perfrun.perfcollector <> - PERF_STAT : "     0.184601106;CPU10;732;;UNC_M_CAS_COUNT.WR[UNIT1];10231991;100.00;;"
6868 [139785750443712] INFO perfrun.perfcollector <> - PERF_STAT : "     0.184601106;CPU0;130;;UNC_M_CAS_COUNT.WR[UNIT4];10231822;100.00;;"
6868 [139785750443712] INFO perfrun.perfcollector <> - PERF_STAT : "     0.184601106;CPU10;228;;UNC_M_CAS_COUNT.WR[UNIT4];10231992;100.00;;"
6868 [139785750443712] INFO perfrun.perfcollector <> - PERF_STAT : "     0.184601106;CPU0;658;;UNC_M_CAS_COUNT.WR[UNIT5];10231917;100.00;;"
6868 [139785750443712] INFO perfrun.perfcollector <> - PERF_STAT : "     0.184601106;CPU10;729;;UNC_M_CAS_COUNT.WR[UNIT5];10231876;100.00;;"
6878 [139785750443712] INFO perfrun.perfcollector <> - PERF_STAT : "     0.194808667;CPU0;1480;;UNC_M_CAS_COUNT.RD[UNIT0];10208853;100.00;;"
6878 [139785750443712] INFO perfrun.perfcollector <> - PERF_STAT : "     0.194808667;CPU10;278;;UNC_M_CAS_COUNT.RD[UNIT0];10209387;100.00;;"
6878 [139785750443712] INFO perfrun.perfcollector <> - PERF_STAT : "     0.194808667;CPU0;1963;;UNC_M_CAS_COUNT.RD[UNIT1];10208672;100.00;;"
6878 [139785750443712] INFO perfrun.perfcollector <> - PERF_STAT : "     0.194808667;CPU10;759;;UNC_M_CAS_COUNT.RD[UNIT1];10209400;100.00;;"
6878 [139785750443712] INFO perfrun.perfcollector <> - PERF_STAT : "     0.194808667;CPU0;1478;;UNC_M_CAS_COUNT.RD[UNIT4];10208652;100.00;;"
6878 [139785750443712] INFO perfrun.perfcollector <> - PERF_STAT : "     0.194808667;CPU10;337;;UNC_M_CAS_COUNT.RD[UNIT4];10209322;100.00;;"
6878 [139785750443712] INFO perfrun.perfcollector <> - PERF_STAT : "     0.194808667;CPU0;2034;;UNC_M_CAS_COUNT.RD[UNIT5];10208688;100.00;;"
6878 [139785750443712] INFO perfrun.perfcollector <> - PERF_STAT : "     0.194808667;CPU10;868;;UNC_M_CAS_COUNT.RD[UNIT5];10209096;100.00;;"
6878 [139785750443712] INFO perfrun.perfcollector <> - PERF_STAT : "     0.194808667;CPU0;77;;UNC_M_CAS_COUNT.WR[UNIT0];10208654;100.00;;"
6878 [139785750443712] INFO perfrun.perfcollector <> - PERF_STAT : "     0.194808667;CPU10;306;;UNC_M_CAS_COUNT.WR[UNIT0];10209030;100.00;;"
6878 [139785750443712] INFO perfrun.perfcollector <> - PERF_STAT : "     0.194808667;CPU0;609;;UNC_M_CAS_COUNT.WR[UNIT1];10208931;100.00;;"
6878 [139785750443712] INFO perfrun.perfcollector <> - PERF_STAT : "     0.194808667;CPU10;852;;UNC_M_CAS_COUNT.WR[UNIT1];10209039;100.00;;"
6878 [139785750443712] INFO perfrun.perfcollector <> - PERF_STAT : "     0.194808667;CPU0;93;;UNC_M_CAS_COUNT.WR[UNIT4];10208947;100.00;;"
6878 [139785750443712] INFO perfrun.perfcollector <> - PERF_STAT : "     0.194808667;CPU10;335;;UNC_M_CAS_COUNT.WR[UNIT4];10209148;100.00;;"
6879 [139785750443712] INFO perfrun.perfcollector <> - PERF_STAT : "     0.194808667;CPU0;632;;UNC_M_CAS_COUNT.WR[UNIT5];10209104;100.00;;"
6879 [139785750443712] INFO perfrun.perfcollector <> - PERF_STAT : "     0.194808667;CPU10;865;;UNC_M_CAS_COUNT.WR[UNIT5];10209163;100.00;;"
6888 [139785750443712] INFO perfrun.perfcollector <> - PERF_STAT : "     0.205019260;CPU0;10080;;UNC_M_CAS_COUNT.RD[UNIT0];10193668;100.00;;"
6889 [139785750443712] INFO perfrun.perfcollector <> - PERF_STAT : "     0.205019260;CPU10;4636;;UNC_M_CAS_COUNT.RD[UNIT0];10194649;100.00;;"
6889 [139785750443712] INFO perfrun.perfcollector <> - PERF_STAT : "     0.205019260;CPU0;10914;;UNC_M_CAS_COUNT.RD[UNIT1];10194003;100.00;;"
6889 [139785750443712] INFO perfrun.perfcollector <> - PERF_STAT : "     0.205019260;CPU10;3924;;UNC_M_CAS_COUNT.RD[UNIT1];10194974;100.00;;"
6889 [139785750443712] INFO perfrun.perfcollector <> - PERF_STAT : "     0.205019260;CPU0;10299;;UNC_M_CAS_COUNT.RD[UNIT4];10194102;100.00;;"
6889 [139785750443712] INFO perfrun.perfcollector <> - PERF_STAT : "     0.205019260;CPU10;3580;;UNC_M_CAS_COUNT.RD[UNIT4];10195103;100.00;;"
6889 [139785750443712] INFO perfrun.perfcollector <> - PERF_STAT : "     0.205019260;CPU0;12297;;UNC_M_CAS_COUNT.RD[UNIT5];10194279;100.00;;"
6889 [139785750443712] INFO perfrun.perfcollector <> - PERF_STAT : "     0.205019260;CPU10;3999;;UNC_M_CAS_COUNT.RD[UNIT5];10195454;100.00;;"
6889 [139785750443712] INFO perfrun.perfcollector <> - PERF_STAT : "     0.205019260;CPU0;1709;;UNC_M_CAS_COUNT.WR[UNIT0];10194425;100.00;;"
6889 [139785750443712] INFO perfrun.perfcollector <> - PERF_STAT : "     0.205019260;CPU10;7132;;UNC_M_CAS_COUNT.WR[UNIT0];10195560;100.00;;"
6889 [139785750443712] INFO perfrun.perfcollector <> - PERF_STAT : "     0.205019260;CPU0;2307;;UNC_M_CAS_COUNT.WR[UNIT1];10194254;100.00;;"
6889 [139785750443712] INFO perfrun.perfcollector <> - PERF_STAT : "     0.205019260;CPU10;7109;;UNC_M_CAS_COUNT.WR[UNIT1];10195741;100.00;;"
6889 [139785750443712] INFO perfrun.perfcollector <> - PERF_STAT : "     0.205019260;CPU0;1687;;UNC_M_CAS_COUNT.WR[UNIT4];10194484;100.00;;"
6889 [139785750443712] INFO perfrun.perfcollector <> - PERF_STAT : "     0.205019260;CPU10;6665;;UNC_M_CAS_COUNT.WR[UNIT4];10195724;100.00;;"
6889 [139785750443712] INFO perfrun.perfcollector <> - PERF_STAT : "     0.205019260;CPU0;2672;;UNC_M_CAS_COUNT.WR[UNIT5];10194376;100.00;;"
6889 [139785750443712] INFO perfrun.perfcollector <> - PERF_STAT : "     0.205019260;CPU10;7284;;UNC_M_CAS_COUNT.WR[UNIT5];10195839;100.00;;"
6899 [139785750443712] INFO perfrun.perfcollector <> - PERF_STAT : "     0.215217525;CPU0;239;;UNC_M_CAS_COUNT.RD[UNIT0];10214781;100.00;;"
6899 [139785750443712] INFO perfrun.perfcollector <> - PERF_STAT : "     0.215217525;CPU10;378;;UNC_M_CAS_COUNT.RD[UNIT0];10216434;100.00;;"
6899 [139785750443712] INFO perfrun.perfcollector <> - PERF_STAT : "     0.215217525;CPU0;742;;UNC_M_CAS_COUNT.RD[UNIT1];10214842;100.00;;"
6899 [139785750443712] INFO perfrun.perfcollector <> - PERF_STAT : "     0.215217525;CPU10;837;;UNC_M_CAS_COUNT.RD[UNIT1];10215878;100.00;;"
6899 [139785750443712] INFO perfrun.perfcollector <> - PERF_STAT : "     0.215217525;CPU0;264;;UNC_M_CAS_COUNT.RD[UNIT4];10214821;100.00;;"
6899 [139785750443712] INFO perfrun.perfcollector <> - PERF_STAT : "     0.215217525;CPU10;457;;UNC_M_CAS_COUNT.RD[UNIT4];10215821;100.00;;"
6899 [139785750443712] INFO perfrun.perfcollector <> - PERF_STAT : "     0.215217525;CPU0;797;;UNC_M_CAS_COUNT.RD[UNIT5];10214938;100.00;;"
6899 [139785750443712] INFO perfrun.perfcollector <> - PERF_STAT : "     0.215217525;CPU10;897;;UNC_M_CAS_COUNT.RD[UNIT5];10215646;100.00;;"
6899 [139785750443712] INFO perfrun.perfcollector <> - PERF_STAT : "     0.215217525;CPU0;68;;UNC_M_CAS_COUNT.WR[UNIT0];10215111;100.00;;"
6899 [139785750443712] INFO perfrun.perfcollector <> - PERF_STAT : "     0.215217525;CPU10;83;;UNC_M_CAS_COUNT.WR[UNIT0];10215713;100.00;;"
6899 [139785750443712] INFO perfrun.perfcollector <> - PERF_STAT : "     0.215217525;CPU0;595;;UNC_M_CAS_COUNT.WR[UNIT1];10215264;100.00;;"
6899 [139785750443712] INFO perfrun.perfcollector <> - PERF_STAT : "     0.215217525;CPU10;599;;UNC_M_CAS_COUNT.WR[UNIT1];10215649;100.00;;"
6899 [139785750443712] INFO perfrun.perfcollector <> - PERF_STAT : "     0.215217525;CPU0;63;;UNC_M_CAS_COUNT.WR[UNIT4];10215360;100.00;;"
6899 [139785750443712] INFO perfrun.perfcollector <> - PERF_STAT : "     0.215217525;CPU10;90;;UNC_M_CAS_COUNT.WR[UNIT4];10215625;100.00;;"
6899 [139785750443712] INFO perfrun.perfcollector <> - PERF_STAT : "     0.215217525;CPU0;602;;UNC_M_CAS_COUNT.WR[UNIT5];10215537;100.00;;"
6899 [139785750443712] INFO perfrun.perfcollector <> - PERF_STAT : "     0.215217525;CPU10;614;;UNC_M_CAS_COUNT.WR[UNIT5];10215603;100.00;;"
6909 [139785750443712] INFO perfrun.perfcollector <> - PERF_STAT : "     0.225430897;CPU0;144;;UNC_M_CAS_COUNT.RD[UNIT0];10213388;100.00;;"
6909 [139785750443712] INFO perfrun.perfcollector <> - PERF_STAT : "     0.225430897;CPU10;318;;UNC_M_CAS_COUNT.RD[UNIT0];10212137;100.00;;"
6909 [139785750443712] INFO perfrun.perfcollector <> - PERF_STAT : "     0.225430897;CPU0;676;;UNC_M_CAS_COUNT.RD[UNIT1];10213407;100.00;;"
6909 [139785750443712] INFO perfrun.perfcollector <> - PERF_STAT : "     0.225430897;CPU10;885;;UNC_M_CAS_COUNT.RD[UNIT1];10212009;100.00;;"
6909 [139785750443712] INFO perfrun.perfcollector <> - PERF_STAT : "     0.225430897;CPU0;180;;UNC_M_CAS_COUNT.RD[UNIT4];10213424;100.00;;"
6909 [139785750443712] INFO perfrun.perfcollector <> - PERF_STAT : "     0.225430897;CPU10;406;;UNC_M_CAS_COUNT.RD[UNIT4];10211978;100.00;;"
6909 [139785750443712] INFO perfrun.perfcollector <> - PERF_STAT : "     0.225430897;CPU0;726;;UNC_M_CAS_COUNT.RD[UNIT5];10213324;100.00;;"
6909 [139785750443712] INFO perfrun.perfcollector <> - PERF_STAT : "     0.225430897;CPU10;971;;UNC_M_CAS_COUNT.RD[UNIT5];10212077;100.00;;"
6909 [139785750443712] INFO perfrun.perfcollector <> - PERF_STAT : "     0.225430897;CPU0;33;;UNC_M_CAS_COUNT.WR[UNIT0];10213417;100.00;;"
6909 [139785750443712] INFO perfrun.perfcollector <> - PERF_STAT : "     0.225430897;CPU10;75;;UNC_M_CAS_COUNT.WR[UNIT0];10212165;100.00;;"
6909 [139785750443712] INFO perfrun.perfcollector <> - PERF_STAT : "     0.225430897;CPU0;565;;UNC_M_CAS_COUNT.WR[UNIT1];10213423;100.00;;"
6909 [139785750443712] INFO perfrun.perfcollector <> - PERF_STAT : "     0.225430897;CPU10;605;;UNC_M_CAS_COUNT.WR[UNIT1];10212277;100.00;;"
6909 [139785750443712] INFO perfrun.perfcollector <> - PERF_STAT : "     0.225430897;CPU0;49;;UNC_M_CAS_COUNT.WR[UNIT4];10213306;100.00;;"
6909 [139785750443712] INFO perfrun.perfcollector <> - PERF_STAT : "     0.225430897;CPU10;103;;UNC_M_CAS_COUNT.WR[UNIT4];10212277;100.00;;"
6909 [139785750443712] INFO perfrun.perfcollector <> - PERF_STAT : "     0.225430897;CPU0;586;;UNC_M_CAS_COUNT.WR[UNIT5];10213374;100.00;;"
6909 [139785750443712] INFO perfrun.perfcollector <> - PERF_STAT : "     0.225430897;CPU10;636;;UNC_M_CAS_COUNT.WR[UNIT5];10212231;100.00;;"
6919 [139785750443712] INFO perfrun.perfcollector <> - PERF_STAT : "     0.235667548;CPU0;1181;;UNC_M_CAS_COUNT.RD[UNIT0];10243024;100.00;;"
6919 [139785750443712] INFO perfrun.perfcollector <> - PERF_STAT : "     0.235667548;CPU10;2179;;UNC_M_CAS_COUNT.RD[UNIT0];10243145;100.00;;"
6919 [139785750443712] INFO perfrun.perfcollector <> - PERF_STAT : "     0.235667548;CPU0;1703;;UNC_M_CAS_COUNT.RD[UNIT1];10242650;100.00;;"
6919 [139785750443712] INFO perfrun.perfcollector <> - PERF_STAT : "     0.235667548;CPU10;2718;;UNC_M_CAS_COUNT.RD[UNIT1];10243628;100.00;;"
6919 [139785750443712] INFO perfrun.perfcollector <> - PERF_STAT : "     0.235667548;CPU0;1250;;UNC_M_CAS_COUNT.RD[UNIT4];10242594;100.00;;"
6919 [139785750443712] INFO perfrun.perfcollector <> - PERF_STAT : "     0.235667548;CPU10;2311;;UNC_M_CAS_COUNT.RD[UNIT4];10243681;100.00;;"
6919 [139785750443712] INFO perfrun.perfcollector <> - PERF_STAT : "     0.235667548;CPU0;1757;;UNC_M_CAS_COUNT.RD[UNIT5];10242455;100.00;;"
6919 [139785750443712] INFO perfrun.perfcollector <> - PERF_STAT : "     0.235667548;CPU10;2806;;UNC_M_CAS_COUNT.RD[UNIT5];10243532;100.00;;"
6919 [139785750443712] INFO perfrun.perfcollector <> - PERF_STAT : "     0.235667548;CPU0;1918;;UNC_M_CAS_COUNT.WR[UNIT0];10242164;100.00;;"
6919 [139785750443712] INFO perfrun.perfcollector <> - PERF_STAT : "     0.235667548;CPU10;7853;;UNC_M_CAS_COUNT.WR[UNIT0];10243368;100.00;;"
6919 [139785750443712] INFO perfrun.perfcollector <> - PERF_STAT : "     0.235667548;CPU0;2395;;UNC_M_CAS_COUNT.WR[UNIT1];10242054;100.00;;"
6919 [139785750443712] INFO perfrun.perfcollector <> - PERF_STAT : "     0.235667548;CPU10;8422;;UNC_M_CAS_COUNT.WR[UNIT1];10243202;100.00;;"
6919 [139785750443712] INFO perfrun.perfcollector <> - PERF_STAT : "     0.235667548;CPU0;1869;;UNC_M_CAS_COUNT.WR[UNIT4];10242019;100.00;;"
6919 [139785750443712] INFO perfrun.perfcollector <> - PERF_STAT : "     0.235667548;CPU10;7857;;UNC_M_CAS_COUNT.WR[UNIT4];10243230;100.00;;"
6919 [139785750443712] INFO perfrun.perfcollector <> - PERF_STAT : "     0.235667548;CPU0;2428;;UNC_M_CAS_COUNT.WR[UNIT5];10241765;100.00;;"
6919 [139785750443712] INFO perfrun.perfcollector <> - PERF_STAT : "     0.235667548;CPU10;8449;;UNC_M_CAS_COUNT.WR[UNIT5];10243289;100.00;;"
6929 [139785750443712] INFO perfrun.perfcollector <> - PERF_STAT : "     0.245924307;CPU0;3425;;UNC_M_CAS_COUNT.RD[UNIT0];10272321;100.00;;"
6930 [139785750443712] INFO perfrun.perfcollector <> - PERF_STAT : "     0.245924307;CPU10;7366;;UNC_M_CAS_COUNT.RD[UNIT0];10283926;100.00;;"
6930 [139785750443712] INFO perfrun.perfcollector <> - PERF_STAT : "     0.245924307;CPU0;3917;;UNC_M_CAS_COUNT.RD[UNIT1];10280729;100.00;;"
6930 [139785750443712] INFO perfrun.perfcollector <> - PERF_STAT : "     0.245924307;CPU10;7986;;UNC_M_CAS_COUNT.RD[UNIT1];10284771;100.00;;"
6930 [139785750443712] INFO perfrun.perfcollector <> - PERF_STAT : "     0.245924307;CPU0;3135;;UNC_M_CAS_COUNT.RD[UNIT4];10280847;100.00;;"
6930 [139785750443712] INFO perfrun.perfcollector <> - PERF_STAT : "     0.245924307;CPU10;7387;;UNC_M_CAS_COUNT.RD[UNIT4];10285455;100.00;;"
6930 [139785750443712] INFO perfrun.perfcollector <> - PERF_STAT : "     0.245924307;CPU0;3706;;UNC_M_CAS_COUNT.RD[UNIT5];10281026;100.00;;"
6930 [139785750443712] INFO perfrun.perfcollector <> - PERF_STAT : "     0.245924307;CPU10;8066;;UNC_M_CAS_COUNT.RD[UNIT5];10285844;100.00;;"
6930 [139785750443712] INFO perfrun.perfcollector <> - PERF_STAT : "     0.245924307;CPU0;26106;;UNC_M_CAS_COUNT.WR[UNIT0];10281130;100.00;;"
6930 [139785750443712] INFO perfrun.perfcollector <> - PERF_STAT : "     0.245924307;CPU10;35324;;UNC_M_CAS_COUNT.WR[UNIT0];10286310;100.00;;"
6930 [139785750443712] INFO perfrun.perfcollector <> - PERF_STAT : "     0.245924307;CPU0;26712;;UNC_M_CAS_COUNT.WR[UNIT1];10281192;100.00;;"
6930 [139785750443712] INFO perfrun.perfcollector <> - PERF_STAT : "     0.245924307;CPU10;35916;;UNC_M_CAS_COUNT.WR[UNIT1];10286587;100.00;;"
6930 [139785750443712] INFO perfrun.perfcollector <> - PERF_STAT : "     0.245924307;CPU0;26276;;UNC_M_CAS_COUNT.WR[UNIT4];10281208;100.00;;"
6930 [139785750443712] INFO perfrun.perfcollector <> - PERF_STAT : "     0.245924307;CPU10;35278;;UNC_M_CAS_COUNT.WR[UNIT4];10286876;100.00;;"
6930 [139785750443712] INFO perfrun.perfcollector <> - PERF_STAT : "     0.245924307;CPU0;26701;;UNC_M_CAS_COUNT.WR[UNIT5];10281354;100.00;;"
6930 [139785750443712] INFO perfrun.perfcollector <> - PERF_STAT : "     0.245924307;CPU10;35806;;UNC_M_CAS_COUNT.WR[UNIT5];10287371;100.00;;"
6940 [139785750443712] INFO perfrun.perfcollector <> - PERF_STAT : "     0.256232862;CPU0;11944;;UNC_M_CAS_COUNT.RD[UNIT0];10315144;100.00;;"
6940 [139785750443712] INFO perfrun.perfcollector <> - PERF_STAT : "     0.256232862;CPU10;9870;;UNC_M_CAS_COUNT.RD[UNIT0];10304499;100.00;;"
6940 [139785750443712] INFO perfrun.perfcollector <> - PERF_STAT : "     0.256232862;CPU0;14251;;UNC_M_CAS_COUNT.RD[UNIT1];10306868;100.00;;"
6940 [139785750443712] INFO perfrun.perfcollector <> - PERF_STAT : "     0.256232862;CPU10;10706;;UNC_M_CAS_COUNT.RD[UNIT1];10303536;100.00;;"
6940 [139785750443712] INFO perfrun.perfcollector <> - PERF_STAT : "     0.256232862;CPU0;11118;;UNC_M_CAS_COUNT.RD[UNIT4];10306866;100.00;;"
6940 [139785750443712] INFO perfrun.perfcollector <> - PERF_STAT : "     0.256232862;CPU10;10174;;UNC_M_CAS_COUNT.RD[UNIT4];10302814;100.00;;"
6940 [139785750443712] INFO perfrun.perfcollector <> - PERF_STAT : "     0.256232862;CPU0;11076;;UNC_M_CAS_COUNT.RD[UNIT5];10306729;100.00;;"
6940 [139785750443712] INFO perfrun.perfcollector <> - PERF_STAT : "     0.256232862;CPU10;10421;;UNC_M_CAS_COUNT.RD[UNIT5];10302389;100.00;;"
6940 [139785750443712] INFO perfrun.perfcollector <> - PERF_STAT : "     0.256232862;CPU0;8980;;UNC_M_CAS_COUNT.WR[UNIT0];10306740;100.00;;"
6940 [139785750443712] INFO perfrun.perfcollector <> - PERF_STAT : "     0.256232862;CPU10;3786;;UNC_M_CAS_COUNT.WR[UNIT0];10301838;100.00;;"
6940 [139785750443712] INFO perfrun.perfcollector <> - PERF_STAT : "     0.256232862;CPU0;9638;;UNC_M_CAS_COUNT.WR[UNIT1];10306653;100.00;;"
6940 [139785750443712] INFO perfrun.perfcollector <> - PERF_STAT : "     0.256232862;CPU10;4356;;UNC_M_CAS_COUNT.WR[UNIT1];10301583;100.00;;"
6940 [139785750443712] INFO perfrun.perfcollector <> - PERF_STAT : "     0.256232862;CPU0;8541;;UNC_M_CAS_COUNT.WR[UNIT4];10306594;100.00;;"
6940 [139785750443712] INFO perfrun.perfcollector <> - PERF_STAT : "     0.256232862;CPU10;3976;;UNC_M_CAS_COUNT.WR[UNIT4];10301285;100.00;;"
6940 [139785750443712] INFO perfrun.perfcollector <> - PERF_STAT : "     0.256232862;CPU0;9058;;UNC_M_CAS_COUNT.WR[UNIT5];10306564;100.00;;"
6940 [139785750443712] INFO perfrun.perfcollector <> - PERF_STAT : "     0.256232862;CPU10;4287;;UNC_M_CAS_COUNT.WR[UNIT5];10300684;100.00;;"
6942 [139786161881792] INFO perfrun.launcher <> - Launcher: all plugins were started
6942 [139786161881792] INFO perfrun.launcher <> - DirectoryMonitor object was created
6942 [139786161881792] INFO perfrun.launcher <> - DirectoryMonitor: a callback was added
6942 [139786161881792] INFO perfrun.launcher <> - DirectoryMonitor was started with pingTime = 1000
6942 [139786161881792] INFO perfrun.launcher <> - DeadlineTimer is going to be constructed
6942 [139786161881792] INFO perfrun.launcher <> - DeadlineTimer: a callback was added
6950 [139785750443712] INFO perfrun.perfcollector <> - PERF_STAT : "     0.266543132;CPU0;4322;;UNC_M_CAS_COUNT.RD[UNIT0];10306918;100.00;;"
6950 [139785750443712] INFO perfrun.perfcollector <> - PERF_STAT : "     0.266543132;CPU10;2529;;UNC_M_CAS_COUNT.RD[UNIT0];10310955;100.00;;"
6950 [139785750443712] INFO perfrun.perfcollector <> - PERF_STAT : "     0.266543132;CPU0;4561;;UNC_M_CAS_COUNT.RD[UNIT1];10306791;100.00;;"
6950 [139785750443712] INFO perfrun.perfcollector <> - PERF_STAT : "     0.266543132;CPU10;2639;;UNC_M_CAS_COUNT.RD[UNIT1];10313944;100.00;;"
6950 [139785750443712] INFO perfrun.perfcollector <> - PERF_STAT : "     0.266543132;CPU0;4214;;UNC_M_CAS_COUNT.RD[UNIT4];10306652;100.00;;"
6950 [139785750443712] INFO perfrun.perfcollector <> - PERF_STAT : "     0.266543132;CPU10;2759;;UNC_M_CAS_COUNT.RD[UNIT4];10316033;100.00;;"
6950 [139785750443712] INFO perfrun.perfcollector <> - PERF_STAT : "     0.266543132;CPU0;4557;;UNC_M_CAS_COUNT.RD[UNIT5];10306549;100.00;;"
6950 [139785750443712] INFO perfrun.perfcollector <> - PERF_STAT : "     0.266543132;CPU10;2881;;UNC_M_CAS_COUNT.RD[UNIT5];10318073;100.00;;"
6950 [139785750443712] INFO perfrun.perfcollector <> - PERF_STAT : "     0.266543132;CPU0;4005;;UNC_M_CAS_COUNT.WR[UNIT0];10306356;100.00;;"
6950 [139785750443712] INFO perfrun.perfcollector <> - PERF_STAT : "     0.266543132;CPU10;264;;UNC_M_CAS_COUNT.WR[UNIT0];10319995;100.00;;"
6950 [139785750443712] INFO perfrun.perfcollector <> - PERF_STAT : "     0.266543132;CPU0;4351;;UNC_M_CAS_COUNT.WR[UNIT1];10306357;100.00;;"
6950 [139785750443712] INFO perfrun.perfcollector <> - PERF_STAT : "     0.266543132;CPU10;310;;UNC_M_CAS_COUNT.WR[UNIT1];10321777;100.00;;"
6950 [139785750443712] INFO perfrun.perfcollector <> - PERF_STAT : "     0.266543132;CPU0;4053;;UNC_M_CAS_COUNT.WR[UNIT4];10306228;100.00;;"
6950 [139785750443712] INFO perfrun.perfcollector <> - PERF_STAT : "     0.266543132;CPU10;260;;UNC_M_CAS_COUNT.WR[UNIT4];10323542;100.00;;"
6950 [139785750443712] INFO perfrun.perfcollector <> - PERF_STAT : "     0.266543132;CPU0;4464;;UNC_M_CAS_COUNT.WR[UNIT5];10306010;100.00;;"
6950 [139785750443712] INFO perfrun.perfcollector <> - PERF_STAT : "     0.266543132;CPU10;394;;UNC_M_CAS_COUNT.WR[UNIT5];10325495;100.00;;"
6960 [139785750443712] INFO perfrun.perfcollector <> - PERF_STAT : "     0.276872266;CPU0;155;;UNC_M_CAS_COUNT.RD[UNIT0];10326641;100.00;;"
6960 [139785750443712] INFO perfrun.perfcollector <> - PERF_STAT : "     0.276872266;CPU10;186;;UNC_M_CAS_COUNT.RD[UNIT0];10327250;100.00;;"
6960 [139785750443712] INFO perfrun.perfcollector <> - PERF_STAT : "     0.276872266;CPU0;202;;UNC_M_CAS_COUNT.RD[UNIT1];10326651;100.00;;"
6960 [139785750443712] INFO perfrun.perfcollector <> - PERF_STAT : "     0.276872266;CPU10;222;;UNC_M_CAS_COUNT.RD[UNIT1];10327283;100.00;;"
6961 [139785750443712] INFO perfrun.perfcollector <> - PERF_STAT : "     0.276872266;CPU0;172;;UNC_M_CAS_COUNT.RD[UNIT4];10326643;100.00;;"
6961 [139785750443712] INFO perfrun.perfcollector <> - PERF_STAT : "     0.276872266;CPU10;216;;UNC_M_CAS_COUNT.RD[UNIT4];10327083;100.00;;"
6961 [139785750443712] INFO perfrun.perfcollector <> - PERF_STAT : "     0.276872266;CPU0;199;;UNC_M_CAS_COUNT.RD[UNIT5];10326624;100.00;;"
6961 [139785750443712] INFO perfrun.perfcollector <> - PERF_STAT : "     0.276872266;CPU10;287;;UNC_M_CAS_COUNT.RD[UNIT5];10326932;100.00;;"
6961 [139785750443712] INFO perfrun.perfcollector <> - PERF_STAT : "     0.276872266;CPU0;54;;UNC_M_CAS_COUNT.WR[UNIT0];10326608;100.00;;"
6961 [139785750443712] INFO perfrun.perfcollector <> - PERF_STAT : "     0.276872266;CPU10;51;;UNC_M_CAS_COUNT.WR[UNIT0];10326902;100.00;;"
6961 [139785750443712] INFO perfrun.perfcollector <> - PERF_STAT : "     0.276872266;CPU0;102;;UNC_M_CAS_COUNT.WR[UNIT1];10326473;100.00;;"
6961 [139785750443712] INFO perfrun.perfcollector <> - PERF_STAT : "     0.276872266;CPU10;108;;UNC_M_CAS_COUNT.WR[UNIT1];10326946;100.00;;"
6961 [139785750443712] INFO perfrun.perfcollector <> - PERF_STAT : "     0.276872266;CPU0;61;;UNC_M_CAS_COUNT.WR[UNIT4];10326481;100.00;;"
6961 [139785750443712] INFO perfrun.perfcollector <> - PERF_STAT : "     0.276872266;CPU10;55;;UNC_M_CAS_COUNT.WR[UNIT4];10326956;100.00;;"
6961 [139785750443712] INFO perfrun.perfcollector <> - PERF_STAT : "     0.276872266;CPU0;124;;UNC_M_CAS_COUNT.WR[UNIT5];10326493;100.00;;"
6961 [139785750443712] INFO perfrun.perfcollector <> - PERF_STAT : "     0.276872266;CPU10;129;;UNC_M_CAS_COUNT.WR[UNIT5];10327055;100.00;;"
6970 [139786161881792] INFO perfrun.launcher <> - Launcher: resume the profiled application and  wait its termination or stop command
6971 [139785750443712] INFO perfrun.perfcollector <> - PERF_STAT : "     0.287185776;CPU0;3064;;UNC_M_CAS_COUNT.RD[UNIT0];10290832;100.00;;"
6971 [139785750443712] INFO perfrun.perfcollector <> - PERF_STAT : "     0.287185776;CPU10;1510;;UNC_M_CAS_COUNT.RD[UNIT0];10283567;100.00;;"
6971 [139785750443712] INFO perfrun.perfcollector <> - PERF_STAT : "     0.287185776;CPU0;3174;;UNC_M_CAS_COUNT.RD[UNIT1];10290926;100.00;;"
6971 [139785750443712] INFO perfrun.perfcollector <> - PERF_STAT : "     0.287185776;CPU10;1603;;UNC_M_CAS_COUNT.RD[UNIT1];10280534;100.00;;"
6971 [139785750443712] INFO perfrun.perfcollector <> - PERF_STAT : "     0.287185776;CPU0;3039;;UNC_M_CAS_COUNT.RD[UNIT4];10290878;100.00;;"
6971 [139785750443712] INFO perfrun.perfcollector <> - PERF_STAT : "     0.287185776;CPU10;1552;;UNC_M_CAS_COUNT.RD[UNIT4];10278593;100.00;;"
6971 [139785750443712] INFO perfrun.perfcollector <> - PERF_STAT : "     0.287185776;CPU0;3280;;UNC_M_CAS_COUNT.RD[UNIT5];10290887;100.00;;"
6971 [139785750443712] INFO perfrun.perfcollector <> - PERF_STAT : "     0.287185776;CPU10;1646;;UNC_M_CAS_COUNT.RD[UNIT5];10276649;100.00;;"
6971 [139785750443712] INFO perfrun.perfcollector <> - PERF_STAT : "     0.287185776;CPU0;2696;;UNC_M_CAS_COUNT.WR[UNIT0];10290890;100.00;;"
6971 [139785750443712] INFO perfrun.perfcollector <> - PERF_STAT : "     0.287185776;CPU10;94;;UNC_M_CAS_COUNT.WR[UNIT0];10274765;100.00;;"
6971 [139785750443712] INFO perfrun.perfcollector <> - PERF_STAT : "     0.287185776;CPU0;2977;;UNC_M_CAS_COUNT.WR[UNIT1];10290888;100.00;;"
6971 [139785750443712] INFO perfrun.perfcollector <> - PERF_STAT : "     0.287185776;CPU10;187;;UNC_M_CAS_COUNT.WR[UNIT1];10272838;100.00;;"
6971 [139785750443712] INFO perfrun.perfcollector <> - PERF_STAT : "     0.287185776;CPU0;2769;;UNC_M_CAS_COUNT.WR[UNIT4];10290886;100.00;;"
6971 [139785750443712] INFO perfrun.perfcollector <> - PERF_STAT : "     0.287185776;CPU10;120;;UNC_M_CAS_COUNT.WR[UNIT4];10271050;100.00;;"
6971 [139785750443712] INFO perfrun.perfcollector <> - PERF_STAT : "     0.287185776;CPU0;2915;;UNC_M_CAS_COUNT.WR[UNIT5];10290852;100.00;;"
6971 [139785750443712] INFO perfrun.perfcollector <> - PERF_STAT : "     0.287185776;CPU10;182;;UNC_M_CAS_COUNT.WR[UNIT5];10269013;100.00;;"
6986 [139785750443712] INFO perfrun.perfcollector <> - PERF_STAT : "     0.297448163;CPU0;3836;;UNC_M_CAS_COUNT.RD[UNIT0];14788214;100.00;;"
6986 [139785750443712] INFO perfrun.perfcollector <> - PERF_STAT : "     0.297448163;CPU10;793;;UNC_M_CAS_COUNT.RD[UNIT0];14831928;100.00;;"
6986 [139785750443712] INFO perfrun.perfcollector <> - PERF_STAT : "     0.297448163;CPU0;4444;;UNC_M_CAS_COUNT.RD[UNIT1];14788336;100.00;;"
6986 [139785750443712] INFO perfrun.perfcollector <> - PERF_STAT : "     0.297448163;CPU10;867;;UNC_M_CAS_COUNT.RD[UNIT1];14835085;100.00;;"
6986 [139785750443712] INFO perfrun.perfcollector <> - PERF_STAT : "     0.297448163;CPU0;3772;;UNC_M_CAS_COUNT.RD[UNIT4];14788457;100.00;;"
6986 [139785750443712] INFO perfrun.perfcollector <> - PERF_STAT : "     0.297448163;CPU10;921;;UNC_M_CAS_COUNT.RD[UNIT4];14837095;100.00;;"
6986 [139785750443712] INFO perfrun.perfcollector <> - PERF_STAT : "     0.297448163;CPU0;4435;;UNC_M_CAS_COUNT.RD[UNIT5];14788680;100.00;;"
6986 [139785750443712] INFO perfrun.perfcollector <> - PERF_STAT : "     0.297448163;CPU10;1033;;UNC_M_CAS_COUNT.RD[UNIT5];14839080;100.00;;"
6986 [139785750443712] INFO perfrun.perfcollector <> - PERF_STAT : "     0.297448163;CPU0;11932;;UNC_M_CAS_COUNT.WR[UNIT0];14788861;100.00;;"
6986 [139785750443712] INFO perfrun.perfcollector <> - PERF_STAT : "     0.297448163;CPU10;595;;UNC_M_CAS_COUNT.WR[UNIT0];14841034;100.00;;"
6986 [139785750443712] INFO perfrun.perfcollector <> - PERF_STAT : "     0.297448163;CPU0;12731;;UNC_M_CAS_COUNT.WR[UNIT1];14789038;100.00;;"
6986 [139785750443712] INFO perfrun.perfcollector <> - PERF_STAT : "     0.297448163;CPU10;721;;UNC_M_CAS_COUNT.WR[UNIT1];14842944;100.00;;"
6986 [139785750443712] INFO perfrun.perfcollector <> - PERF_STAT : "     0.297448163;CPU0;12097;;UNC_M_CAS_COUNT.WR[UNIT4];14789116;100.00;;"
6986 [139785750443712] INFO perfrun.perfcollector <> - PERF_STAT : "     0.297448163;CPU10;659;;UNC_M_CAS_COUNT.WR[UNIT4];14844796;100.00;;"
6986 [139785750443712] INFO perfrun.perfcollector <> - PERF_STAT : "     0.297448163;CPU0;12794;;UNC_M_CAS_COUNT.WR[UNIT5];14789200;100.00;;"
6986 [139785750443712] INFO perfrun.perfcollector <> - PERF_STAT : "     0.297448163;CPU10;804;;UNC_M_CAS_COUNT.WR[UNIT5];14846696;100.00;;"
7001 [139785750443712] INFO perfrun.perfcollector <> - PERF_STAT : "     0.312348110;CPU0;1775;;UNC_M_CAS_COUNT.RD[UNIT0];15982469;100.00;;"
7002 [139785750443712] INFO perfrun.perfcollector <> - PERF_STAT : "     0.312348110;CPU10;153;;UNC_M_CAS_COUNT.RD[UNIT0];15984613;100.00;;"
7002 [139785750443712] INFO perfrun.perfcollector <> - PERF_STAT : "     0.312348110;CPU0;2585;;UNC_M_CAS_COUNT.RD[UNIT1];15981884;100.00;;"
7002 [139785750443712] INFO perfrun.perfcollector <> - PERF_STAT : "     0.312348110;CPU10;214;;UNC_M_CAS_COUNT.RD[UNIT1];15981676;100.00;;"
7002 [139785750443712] INFO perfrun.perfcollector <> - PERF_STAT : "     0.312348110;CPU0;1770;;UNC_M_CAS_COUNT.RD[UNIT4];15981592;100.00;;"
7002 [139785750443712] INFO perfrun.perfcollector <> - PERF_STAT : "     0.312348110;CPU10;177;;UNC_M_CAS_COUNT.RD[UNIT4];15979921;100.00;;"
7002 [139785750443712] INFO perfrun.perfcollector <> - PERF_STAT : "     0.312348110;CPU0;2608;;UNC_M_CAS_COUNT.RD[UNIT5];15981434;100.00;;"
7002 [139785750443712] INFO perfrun.perfcollector <> - PERF_STAT : "     0.312348110;CPU10;229;;UNC_M_CAS_COUNT.RD[UNIT5];15978018;100.00;;"
7002 [139785750443712] INFO perfrun.perfcollector <> - PERF_STAT : "     0.312348110;CPU0;1019;;UNC_M_CAS_COUNT.WR[UNIT0];15981166;100.00;;"
7002 [139785750443712] INFO perfrun.perfcollector <> - PERF_STAT : "     0.312348110;CPU10;96;;UNC_M_CAS_COUNT.WR[UNIT0];15976137;100.00;;"
7002 [139785750443712] INFO perfrun.perfcollector <> - PERF_STAT : "     0.312348110;CPU0;1842;;UNC_M_CAS_COUNT.WR[UNIT1];15980966;100.00;;"
7002 [139785750443712] INFO perfrun.perfcollector <> - PERF_STAT : "     0.312348110;CPU10;165;;UNC_M_CAS_COUNT.WR[UNIT1];15974267;100.00;;"
7002 [139785750443712] INFO perfrun.perfcollector <> - PERF_STAT : "     0.312348110;CPU0;955;;UNC_M_CAS_COUNT.WR[UNIT4];15980788;100.00;;"
7002 [139785750443712] INFO perfrun.perfcollector <> - PERF_STAT : "     0.312348110;CPU10;115;;UNC_M_CAS_COUNT.WR[UNIT4];15972408;100.00;;"
7002 [139785750443712] INFO perfrun.perfcollector <> - PERF_STAT : "     0.312348110;CPU0;1848;;UNC_M_CAS_COUNT.WR[UNIT5];15980616;100.00;;"
7002 [139785750443712] INFO perfrun.perfcollector <> - PERF_STAT : "     0.312348110;CPU10;164;;UNC_M_CAS_COUNT.WR[UNIT5];15970516;100.00;;"
7017 [139785750443712] INFO perfrun.perfcollector <> - PERF_STAT : "     0.328266030;CPU0;1835;;UNC_M_CAS_COUNT.RD[UNIT0];16001139;100.00;;"
7018 [139785750443712] INFO perfrun.perfcollector <> - PERF_STAT : "     0.328266030;CPU10;257;;UNC_M_CAS_COUNT.RD[UNIT0];16004217;100.00;;"
7018 [139785750443712] INFO perfrun.perfcollector <> - PERF_STAT : "     0.328266030;CPU0;2633;;UNC_M_CAS_COUNT.RD[UNIT1];16001292;100.00;;"
7018 [139785750443712] INFO perfrun.perfcollector <> - PERF_STAT : "     0.328266030;CPU10;288;;UNC_M_CAS_COUNT.RD[UNIT1];16004279;100.00;;"
7018 [139785750443712] INFO perfrun.perfcollector <> - PERF_STAT : "     0.328266030;CPU0;1823;;UNC_M_CAS_COUNT.RD[UNIT4];16001434;100.00;;"
7018 [139785750443712] INFO perfrun.perfcollector <> - PERF_STAT : "     0.328266030;CPU10;338;;UNC_M_CAS_COUNT.RD[UNIT4];16004107;100.00;;"
7018 [139785750443712] INFO perfrun.perfcollector <> - PERF_STAT : "     0.328266030;CPU0;2675;;UNC_M_CAS_COUNT.RD[UNIT5];16001350;100.00;;"
7018 [139785750443712] INFO perfrun.perfcollector <> - PERF_STAT : "     0.328266030;CPU10;393;;UNC_M_CAS_COUNT.RD[UNIT5];16004256;100.00;;"
7018 [139785750443712] INFO perfrun.perfcollector <> - PERF_STAT : "     0.328266030;CPU0;1051;;UNC_M_CAS_COUNT.WR[UNIT0];16001338;100.00;;"
7018 [139785750443712] INFO perfrun.perfcollector <> - PERF_STAT : "     0.328266030;CPU10;96;;UNC_M_CAS_COUNT.WR[UNIT0];16004284;100.00;;"
7018 [139785750443712] INFO perfrun.perfcollector <> - PERF_STAT : "     0.328266030;CPU0;1893;;UNC_M_CAS_COUNT.WR[UNIT1];16001431;100.00;;"
7018 [139785750443712] INFO perfrun.perfcollector <> - PERF_STAT : "     0.328266030;CPU10;182;;UNC_M_CAS_COUNT.WR[UNIT1];16004312;100.00;;"
7018 [139785750443712] INFO perfrun.perfcollector <> - PERF_STAT : "     0.328266030;CPU0;1089;;UNC_M_CAS_COUNT.WR[UNIT4];16001438;100.00;;"
7018 [139785750443712] INFO perfrun.perfcollector <> - PERF_STAT : "     0.328266030;CPU10;121;;UNC_M_CAS_COUNT.WR[UNIT4];16004321;100.00;;"
7018 [139785750443712] INFO perfrun.perfcollector <> - PERF_STAT : "     0.328266030;CPU0;1914;;UNC_M_CAS_COUNT.WR[UNIT5];16001431;100.00;;"
7018 [139785750443712] INFO perfrun.perfcollector <> - PERF_STAT : "     0.328266030;CPU10;199;;UNC_M_CAS_COUNT.WR[UNIT5];16004399;100.00;;"
7033 [139785750443712] INFO perfrun.perfcollector <> - PERF_STAT : "     0.344269061;CPU0;1720;;UNC_M_CAS_COUNT.RD[UNIT0];15999376;100.00;;"
7034 [139785750443712] INFO perfrun.perfcollector <> - PERF_STAT : "     0.344269061;CPU10;150;;UNC_M_CAS_COUNT.RD[UNIT0];15976865;100.00;;"
7034 [139785750443712] INFO perfrun.perfcollector <> - PERF_STAT : "     0.344269061;CPU0;2524;;UNC_M_CAS_COUNT.RD[UNIT1];15999059;100.00;;"
7034 [139785750443712] INFO perfrun.perfcollector <> - PERF_STAT : "     0.344269061;CPU10;189;;UNC_M_CAS_COUNT.RD[UNIT1];15976913;100.00;;"
7034 [139785750443712] INFO perfrun.perfcollector <> - PERF_STAT : "     0.344269061;CPU0;1722;;UNC_M_CAS_COUNT.RD[UNIT4];15999035;100.00;;"
7034 [139785750443712] INFO perfrun.perfcollector <> - PERF_STAT : "     0.344269061;CPU10;165;;UNC_M_CAS_COUNT.RD[UNIT4];15977100;100.00;;"
7034 [139785750443712] INFO perfrun.perfcollector <> - PERF_STAT : "     0.344269061;CPU0;2548;;UNC_M_CAS_COUNT.RD[UNIT5];15999058;100.00;;"
7034 [139785750443712] INFO perfrun.perfcollector <> - PERF_STAT : "     0.344269061;CPU10;225;;UNC_M_CAS_COUNT.RD[UNIT5];15976957;100.00;;"
7034 [139785750443712] INFO perfrun.perfcollector <> - PERF_STAT : "     0.344269061;CPU0;940;;UNC_M_CAS_COUNT.WR[UNIT0];15999114;100.00;;"
7034 [139785750443712] INFO perfrun.perfcollector <> - PERF_STAT : "     0.344269061;CPU10;125;;UNC_M_CAS_COUNT.WR[UNIT0];15976953;100.00;;"
7034 [139785750443712] INFO perfrun.perfcollector <> - PERF_STAT : "     0.344269061;CPU0;1835;;UNC_M_CAS_COUNT.WR[UNIT1];15999120;100.00;;"
7034 [139785750443712] INFO perfrun.perfcollector <> - PERF_STAT : "     0.344269061;CPU10;159;;UNC_M_CAS_COUNT.WR[UNIT1];15976963;100.00;;"
7034 [139785750443712] INFO perfrun.perfcollector <> - PERF_STAT : "     0.344269061;CPU0;1002;;UNC_M_CAS_COUNT.WR[UNIT4];15999228;100.00;;"
7034 [139785750443712] INFO perfrun.perfcollector <> - PERF_STAT : "     0.344269061;CPU10;122;;UNC_M_CAS_COUNT.WR[UNIT4];15977081;100.00;;"
7034 [139785750443712] INFO perfrun.perfcollector <> - PERF_STAT : "     0.344269061;CPU0;1837;;UNC_M_CAS_COUNT.WR[UNIT5];15999240;100.00;;"
7034 [139785750443712] INFO perfrun.perfcollector <> - PERF_STAT : "     0.344269061;CPU10;188;;UNC_M_CAS_COUNT.WR[UNIT5];15977089;100.00;;"
7048 [139785750443712] INFO perfrun.perfcollector <> - PERF_STAT : "     0.360244611;CPU0;1819;;UNC_M_CAS_COUNT.RD[UNIT0];14322816;100.00;;"
7048 [139785750443712] INFO perfrun.perfcollector <> - PERF_STAT : "     0.360244611;CPU10;1635;;UNC_M_CAS_COUNT.RD[UNIT0];14337310;100.00;;"
7048 [139785750443712] INFO perfrun.perfcollector <> - PERF_STAT : "     0.360244611;CPU0;2507;;UNC_M_CAS_COUNT.RD[UNIT1];14323013;100.00;;"
7048 [139785750443712] INFO perfrun.perfcollector <> - PERF_STAT : "     0.360244611;CPU10;1813;;UNC_M_CAS_COUNT.RD[UNIT1];14340297;100.00;;"
7048 [139785750443712] INFO perfrun.perfcollector <> - PERF_STAT : "     0.360244611;CPU0;1798;;UNC_M_CAS_COUNT.RD[UNIT4];14323042;100.00;;"
7048 [139785750443712] INFO perfrun.perfcollector <> - PERF_STAT : "     0.360244611;CPU10;1844;;UNC_M_CAS_COUNT.RD[UNIT4];14342106;100.00;;"
7048 [139785750443712] INFO perfrun.perfcollector <> - PERF_STAT : "     0.360244611;CPU0;2569;;UNC_M_CAS_COUNT.RD[UNIT5];14323047;100.00;;"
7048 [139785750443712] INFO perfrun.perfcollector <> - PERF_STAT : "     0.360244611;CPU10;2056;;UNC_M_CAS_COUNT.RD[UNIT5];14359572;100.00;;"
7048 [139785750443712] INFO perfrun.perfcollector <> - PERF_STAT : "     0.360244611;CPU0;1543;;UNC_M_CAS_COUNT.WR[UNIT0];14323024;100.00;;"
7048 [139785750443712] INFO perfrun.perfcollector <> - PERF_STAT : "     0.360244611;CPU10;377;;UNC_M_CAS_COUNT.WR[UNIT0];14359660;100.00;;"
7048 [139785750443712] INFO perfrun.perfcollector <> - PERF_STAT : "     0.360244611;CPU0;2251;;UNC_M_CAS_COUNT.WR[UNIT1];14322869;100.00;;"
7048 [139785750443712] INFO perfrun.perfcollector <> - PERF_STAT : "     0.360244611;CPU10;567;;UNC_M_CAS_COUNT.WR[UNIT1];14359789;100.00;;"
7048 [139785750443712] INFO perfrun.perfcollector <> - PERF_STAT : "     0.360244611;CPU0;1471;;UNC_M_CAS_COUNT.WR[UNIT4];14322776;100.00;;"
7048 [139785750443712] INFO perfrun.perfcollector <> - PERF_STAT : "     0.360244611;CPU10;463;;UNC_M_CAS_COUNT.WR[UNIT4];14359736;100.00;;"
7048 [139785750443712] INFO perfrun.perfcollector <> - PERF_STAT : "     0.360244611;CPU0;2315;;UNC_M_CAS_COUNT.WR[UNIT5];14322793;100.00;;"
7048 [139785750443712] INFO perfrun.perfcollector <> - PERF_STAT : "     0.360244611;CPU10;617;;UNC_M_CAS_COUNT.WR[UNIT5];14359770;100.00;;"
7061 [139785750443712] INFO perfrun.perfcollector <> - PERF_STAT : "     0.374586957;CPU0;1484;;UNC_M_CAS_COUNT.RD[UNIT0];13681854;100.00;;"
7062 [139785750443712] INFO perfrun.perfcollector <> - PERF_STAT : "     0.374586957;CPU10;131;;UNC_M_CAS_COUNT.RD[UNIT0];13666793;100.00;;"
7062 [139785750443712] INFO perfrun.perfcollector <> - PERF_STAT : "     0.374586957;CPU0;2174;;UNC_M_CAS_COUNT.RD[UNIT1];13681739;100.00;;"
7062 [139785750443712] INFO perfrun.perfcollector <> - PERF_STAT : "     0.374586957;CPU10;199;;UNC_M_CAS_COUNT.RD[UNIT1];13664343;100.00;;"
7062 [139785750443712] INFO perfrun.perfcollector <> - PERF_STAT : "     0.374586957;CPU0;1467;;UNC_M_CAS_COUNT.RD[UNIT4];13681754;100.00;;"
7062 [139785750443712] INFO perfrun.perfcollector <> - PERF_STAT : "     0.374586957;CPU10;163;;UNC_M_CAS_COUNT.RD[UNIT4];13662509;100.00;;"
7062 [139785750443712] INFO perfrun.perfcollector <> - PERF_STAT : "     0.374586957;CPU0;2194;;UNC_M_CAS_COUNT.RD[UNIT5];13681735;100.00;;"
7062 [139785750443712] INFO perfrun.perfcollector <> - PERF_STAT : "     0.374586957;CPU10;210;;UNC_M_CAS_COUNT.RD[UNIT5];13645175;100.00;;"
7062 [139785750443712] INFO perfrun.perfcollector <> - PERF_STAT : "     0.374586957;CPU0;844;;UNC_M_CAS_COUNT.WR[UNIT0];13681726;100.00;;"
7062 [139785750443712] INFO perfrun.perfcollector <> - PERF_STAT : "     0.374586957;CPU10;116;;UNC_M_CAS_COUNT.WR[UNIT0];13645225;100.00;;"
7062 [139785750443712] INFO perfrun.perfcollector <> - PERF_STAT : "     0.374586957;CPU0;1504;;UNC_M_CAS_COUNT.WR[UNIT1];13681739;100.00;;"
7062 [139785750443712] INFO perfrun.perfcollector <> - PERF_STAT : "     0.374586957;CPU10;166;;UNC_M_CAS_COUNT.WR[UNIT1];13645137;100.00;;"
7062 [139785750443712] INFO perfrun.perfcollector <> - PERF_STAT : "     0.374586957;CPU0;839;;UNC_M_CAS_COUNT.WR[UNIT4];13681735;100.00;;"
7062 [139785750443712] INFO perfrun.perfcollector <> - PERF_STAT : "     0.374586957;CPU10;125;;UNC_M_CAS_COUNT.WR[UNIT4];13645152;100.00;;"
7062 [139785750443712] INFO perfrun.perfcollector <> - PERF_STAT : "     0.374586957;CPU0;1610;;UNC_M_CAS_COUNT.WR[UNIT5];13681736;100.00;;"
7062 [139785750443712] INFO perfrun.perfcollector <> - PERF_STAT : "     0.374586957;CPU10;164;;UNC_M_CAS_COUNT.WR[UNIT5];13645187;100.00;;"
7078 [139785750443712] INFO perfrun.perfcollector <> - PERF_STAT : "     0.388256505;CPU0;1737;;UNC_M_CAS_COUNT.RD[UNIT0];15995416;100.00;;"
7078 [139785750443712] INFO perfrun.perfcollector <> - PERF_STAT : "     0.388256505;CPU10;405;;UNC_M_CAS_COUNT.RD[UNIT0];16010032;100.00;;"
7078 [139785750443712] INFO perfrun.perfcollector <> - PERF_STAT : "     0.388256505;CPU0;2556;;UNC_M_CAS_COUNT.RD[UNIT1];15995414;100.00;;"
7078 [139785750443712] INFO perfrun.perfcollector <> - PERF_STAT : "     0.388256505;CPU10;509;;UNC_M_CAS_COUNT.RD[UNIT1];16024703;100.00;;"
7078 [139785750443712] INFO perfrun.perfcollector <> - PERF_STAT : "     0.388256505;CPU0;1792;;UNC_M_CAS_COUNT.RD[UNIT4];15995405;100.00;;"
7078 [139785750443712] INFO perfrun.perfcollector <> - PERF_STAT : "     0.388256505;CPU10;591;;UNC_M_CAS_COUNT.RD[UNIT4];16024890;100.00;;"
7078 [139785750443712] INFO perfrun.perfcollector <> - PERF_STAT : "     0.388256505;CPU0;2603;;UNC_M_CAS_COUNT.RD[UNIT5];15995384;100.00;;"
7078 [139785750443712] INFO perfrun.perfcollector <> - PERF_STAT : "     0.388256505;CPU10;673;;UNC_M_CAS_COUNT.RD[UNIT5];16024894;100.00;;"
7078 [139785750443712] INFO perfrun.perfcollector <> - PERF_STAT : "     0.388256505;CPU0;1057;;UNC_M_CAS_COUNT.WR[UNIT0];15995522;100.00;;"
7078 [139785750443712] INFO perfrun.perfcollector <> - PERF_STAT : "     0.388256505;CPU10;141;;UNC_M_CAS_COUNT.WR[UNIT0];16024862;100.00;;"
7078 [139785750443712] INFO perfrun.perfcollector <> - PERF_STAT : "     0.388256505;CPU0;1925;;UNC_M_CAS_COUNT.WR[UNIT1];15995674;100.00;;"
7078 [139785750443712] INFO perfrun.perfcollector <> - PERF_STAT : "     0.388256505;CPU10;213;;UNC_M_CAS_COUNT.WR[UNIT1];16024882;100.00;;"
7078 [139785750443712] INFO perfrun.perfcollector <> - PERF_STAT : "     0.388256505;CPU0;1081;;UNC_M_CAS_COUNT.WR[UNIT4];15995680;100.00;;"
7078 [139785750443712] INFO perfrun.perfcollector <> - PERF_STAT : "     0.388256505;CPU10;173;;UNC_M_CAS_COUNT.WR[UNIT4];16024919;100.00;;"
7078 [139785750443712] INFO perfrun.perfcollector <> - PERF_STAT : "     0.388256505;CPU0;1911;;UNC_M_CAS_COUNT.WR[UNIT5];15995722;100.00;;"
7078 [139785750443712] INFO perfrun.perfcollector <> - PERF_STAT : "     0.388256505;CPU10;257;;UNC_M_CAS_COUNT.WR[UNIT5];16024955;100.00;;"
7094 [139785750443712] INFO perfrun.perfcollector <> - PERF_STAT : "     0.404278792;CPU0;1768;;UNC_M_CAS_COUNT.RD[UNIT0];16000013;100.00;;"
7094 [139785750443712] INFO perfrun.perfcollector <> - PERF_STAT : "     0.404278792;CPU10;144;;UNC_M_CAS_COUNT.RD[UNIT0];16012033;100.00;;"
7094 [139785750443712] INFO perfrun.perfcollector <> - PERF_STAT : "     0.404278792;CPU0;2577;;UNC_M_CAS_COUNT.RD[UNIT1];16000056;100.00;;"
7094 [139785750443712] INFO perfrun.perfcollector <> - PERF_STAT : "     0.404278792;CPU10;187;;UNC_M_CAS_COUNT.RD[UNIT1];15997197;100.00;;"
7094 [139785750443712] INFO perfrun.perfcollector <> - PERF_STAT : "     0.404278792;CPU0;1769;;UNC_M_CAS_COUNT.RD[UNIT4];16000081;100.00;;"
7094 [139785750443712] INFO perfrun.perfcollector <> - PERF_STAT : "     0.404278792;CPU10;167;;UNC_M_CAS_COUNT.RD[UNIT4];15997038;100.00;;"
7094 [139785750443712] INFO perfrun.perfcollector <> - PERF_STAT : "     0.404278792;CPU0;2589;;UNC_M_CAS_COUNT.RD[UNIT5];16000233;100.00;;"
7094 [139785750443712] INFO perfrun.perfcollector <> - PERF_STAT : "     0.404278792;CPU10;211;;UNC_M_CAS_COUNT.RD[UNIT5];15997130;100.00;;"
7094 [139785750443712] INFO perfrun.perfcollector <> - PERF_STAT : "     0.404278792;CPU0;1062;;UNC_M_CAS_COUNT.WR[UNIT0];16000160;100.00;;"
7094 [139785750443712] INFO perfrun.perfcollector <> - PERF_STAT : "     0.404278792;CPU10;106;;UNC_M_CAS_COUNT.WR[UNIT0];15997192;100.00;;"
7094 [139785750443712] INFO perfrun.perfcollector <> - PERF_STAT : "     0.404278792;CPU0;1900;;UNC_M_CAS_COUNT.WR[UNIT1];16000103;100.00;;"
7094 [139785750443712] INFO perfrun.perfcollector <> - PERF_STAT : "     0.404278792;CPU10;179;;UNC_M_CAS_COUNT.WR[UNIT1];15997365;100.00;;"
7094 [139785750443712] INFO perfrun.perfcollector <> - PERF_STAT : "     0.404278792;CPU0;1081;;UNC_M_CAS_COUNT.WR[UNIT4];16000123;100.00;;"
7094 [139785750443712] INFO perfrun.perfcollector <> - PERF_STAT : "     0.404278792;CPU10;133;;UNC_M_CAS_COUNT.WR[UNIT4];15997621;100.00;;"
7094 [139785750443712] INFO perfrun.perfcollector <> - PERF_STAT : "     0.404278792;CPU0;1882;;UNC_M_CAS_COUNT.WR[UNIT5];16000102;100.00;;"
7094 [139785750443712] INFO perfrun.perfcollector <> - PERF_STAT : "     0.404278792;CPU10;190;;UNC_M_CAS_COUNT.WR[UNIT5];15997640;100.00;;"
7110 [139785750443712] INFO perfrun.perfcollector <> - PERF_STAT : "     0.420282387;CPU0;1709;;UNC_M_CAS_COUNT.RD[UNIT0];15999045;100.00;;"
7110 [139785750443712] INFO perfrun.perfcollector <> - PERF_STAT : "     0.420282387;CPU10;157;;UNC_M_CAS_COUNT.RD[UNIT0];15991788;100.00;;"
7110 [139785750443712] INFO perfrun.perfcollector <> - PERF_STAT : "     0.420282387;CPU0;2522;;UNC_M_CAS_COUNT.RD[UNIT1];15998922;100.00;;"
7110 [139785750443712] INFO perfrun.perfcollector <> - PERF_STAT : "     0.420282387;CPU10;216;;UNC_M_CAS_COUNT.RD[UNIT1];15994880;100.00;;"
7110 [139785750443712] INFO perfrun.perfcollector <> - PERF_STAT : "     0.420282387;CPU0;1736;;UNC_M_CAS_COUNT.RD[UNIT4];15998851;100.00;;"
7110 [139785750443712] INFO perfrun.perfcollector <> - PERF_STAT : "     0.420282387;CPU10;247;;UNC_M_CAS_COUNT.RD[UNIT4];15996895;100.00;;"
7110 [139785750443712] INFO perfrun.perfcollector <> - PERF_STAT : "     0.420282387;CPU0;2588;;UNC_M_CAS_COUNT.RD[UNIT5];15998676;100.00;;"
7110 [139785750443712] INFO perfrun.perfcollector <> - PERF_STAT : "     0.420282387;CPU10;324;;UNC_M_CAS_COUNT.RD[UNIT5];15998781;100.00;;"
7110 [139785750443712] INFO perfrun.perfcollector <> - PERF_STAT : "     0.420282387;CPU0;1088;;UNC_M_CAS_COUNT.WR[UNIT0];15998599;100.00;;"
7110 [139785750443712] INFO perfrun.perfcollector <> - PERF_STAT : "     0.420282387;CPU10;124;;UNC_M_CAS_COUNT.WR[UNIT0];16000729;100.00;;"
7110 [139785750443712] INFO perfrun.perfcollector <> - PERF_STAT : "     0.420282387;CPU0;1914;;UNC_M_CAS_COUNT.WR[UNIT1];15998537;100.00;;"
7110 [139785750443712] INFO perfrun.perfcollector <> - PERF_STAT : "     0.420282387;CPU10;192;;UNC_M_CAS_COUNT.WR[UNIT1];16002542;100.00;;"
7110 [139785750443712] INFO perfrun.perfcollector <> - PERF_STAT : "     0.420282387;CPU0;1081;;UNC_M_CAS_COUNT.WR[UNIT4];15998536;100.00;;"
7110 [139785750443712] INFO perfrun.perfcollector <> - PERF_STAT : "     0.420282387;CPU10;158;;UNC_M_CAS_COUNT.WR[UNIT4];16004194;100.00;;"
7110 [139785750443712] INFO perfrun.perfcollector <> - PERF_STAT : "     0.420282387;CPU0;1919;;UNC_M_CAS_COUNT.WR[UNIT5];15998546;100.00;;"
7110 [139785750443712] INFO perfrun.perfcollector <> - PERF_STAT : "     0.420282387;CPU10;226;;UNC_M_CAS_COUNT.WR[UNIT5];16006117;100.00;;"
7126 [139785750443712] INFO perfrun.perfcollector <> - PERF_STAT : "     0.436339904;CPU0;2665;;UNC_M_CAS_COUNT.RD[UNIT0];16001644;100.00;;"
7126 [139785750443712] INFO perfrun.perfcollector <> - PERF_STAT : "     0.436339904;CPU10;142;;UNC_M_CAS_COUNT.RD[UNIT0];16004627;100.00;;"
7126 [139785750443712] INFO perfrun.perfcollector <> - PERF_STAT : "     0.436339904;CPU0;3242;;UNC_M_CAS_COUNT.RD[UNIT1];16001817;100.00;;"
7126 [139785750443712] INFO perfrun.perfcollector <> - PERF_STAT : "     0.436339904;CPU10;207;;UNC_M_CAS_COUNT.RD[UNIT1];16004714;100.00;;"
7126 [139785750443712] INFO perfrun.perfcollector <> - PERF_STAT : "     0.436339904;CPU0;2514;;UNC_M_CAS_COUNT.RD[UNIT4];16001844;100.00;;"
7126 [139785750443712] INFO perfrun.perfcollector <> - PERF_STAT : "     0.436339904;CPU10;173;;UNC_M_CAS_COUNT.RD[UNIT4];16004697;100.00;;"
7126 [139785750443712] INFO perfrun.perfcollector <> - PERF_STAT : "     0.436339904;CPU0;3143;;UNC_M_CAS_COUNT.RD[UNIT5];16002060;100.00;;"
7126 [139785750443712] INFO perfrun.perfcollector <> - PERF_STAT : "     0.436339904;CPU10;246;;UNC_M_CAS_COUNT.RD[UNIT5];16004790;100.00;;"
7126 [139785750443712] INFO perfrun.perfcollector <> - PERF_STAT : "     0.436339904;CPU0;1132;;UNC_M_CAS_COUNT.WR[UNIT0];16002150;100.00;;"
7126 [139785750443712] INFO perfrun.perfcollector <> - PERF_STAT : "     0.436339904;CPU10;152;;UNC_M_CAS_COUNT.WR[UNIT0];16016902;100.00;;"
7126 [139785750443712] INFO perfrun.perfcollector <> - PERF_STAT : "     0.436339904;CPU0;1995;;UNC_M_CAS_COUNT.WR[UNIT1];16002218;100.00;;"
7126 [139785750443712] INFO perfrun.perfcollector <> - PERF_STAT : "     0.436339904;CPU10;221;;UNC_M_CAS_COUNT.WR[UNIT1];16015257;100.00;;"
7126 [139785750443712] INFO perfrun.perfcollector <> - PERF_STAT : "     0.436339904;CPU0;1175;;UNC_M_CAS_COUNT.WR[UNIT4];16002401;100.00;;"
7126 [139785750443712] INFO perfrun.perfcollector <> - PERF_STAT : "     0.436339904;CPU10;119;;UNC_M_CAS_COUNT.WR[UNIT4];16013536;100.00;;"
7126 [139785750443712] INFO perfrun.perfcollector <> - PERF_STAT : "     0.436339904;CPU0;2027;;UNC_M_CAS_COUNT.WR[UNIT5];16002470;100.00;;"
7126 [139785750443712] INFO perfrun.perfcollector <> - PERF_STAT : "     0.436339904;CPU10;197;;UNC_M_CAS_COUNT.WR[UNIT5];16012109;100.00;;"
7142 [139785750443712] INFO perfrun.perfcollector <> - PERF_STAT : "     0.452308993;CPU0;1746;;UNC_M_CAS_COUNT.RD[UNIT0];16000368;100.00;;"
7142 [139785750443712] INFO perfrun.perfcollector <> - PERF_STAT : "     0.452308993;CPU10;216;;UNC_M_CAS_COUNT.RD[UNIT0];15995580;100.00;;"
7142 [139785750443712] INFO perfrun.perfcollector <> - PERF_STAT : "     0.452308993;CPU0;2561;;UNC_M_CAS_COUNT.RD[UNIT1];16000353;100.00;;"
7142 [139785750443712] INFO perfrun.perfcollector <> - PERF_STAT : "     0.452308993;CPU10;267;;UNC_M_CAS_COUNT.RD[UNIT1];15995949;100.00;;"
7142 [139785750443712] INFO perfrun.perfcollector <> - PERF_STAT : "     0.452308993;CPU0;1742;;UNC_M_CAS_COUNT.RD[UNIT4];16000451;100.00;;"
7142 [139785750443712] INFO perfrun.perfcollector <> - PERF_STAT : "     0.452308993;CPU10;344;;UNC_M_CAS_COUNT.RD[UNIT4];15996070;100.00;;"
7142 [139785750443712] INFO perfrun.perfcollector <> - PERF_STAT : "     0.452308993;CPU0;2600;;UNC_M_CAS_COUNT.RD[UNIT5];16000363;100.00;;"
7142 [139785750443712] INFO perfrun.perfcollector <> - PERF_STAT : "     0.452308993;CPU10;398;;UNC_M_CAS_COUNT.RD[UNIT5];15996157;100.00;;"
7142 [139785750443712] INFO perfrun.perfcollector <> - PERF_STAT : "     0.452308993;CPU0;1083;;UNC_M_CAS_COUNT.WR[UNIT0];16000336;100.00;;"
7142 [139785750443712] INFO perfrun.perfcollector <> - PERF_STAT : "     0.452308993;CPU10;146;;UNC_M_CAS_COUNT.WR[UNIT0];15984179;100.00;;"
7142 [139785750443712] INFO perfrun.perfcollector <> - PERF_STAT : "     0.452308993;CPU0;1918;;UNC_M_CAS_COUNT.WR[UNIT1];16000361;100.00;;"
7142 [139785750443712] INFO perfrun.perfcollector <> - PERF_STAT : "     0.452308993;CPU10;219;;UNC_M_CAS_COUNT.WR[UNIT1];15985924;100.00;;"
7142 [139785750443712] INFO perfrun.perfcollector <> - PERF_STAT : "     0.452308993;CPU0;1093;;UNC_M_CAS_COUNT.WR[UNIT4];16000207;100.00;;"
7142 [139785750443712] INFO perfrun.perfcollector <> - PERF_STAT : "     0.452308993;CPU10;181;;UNC_M_CAS_COUNT.WR[UNIT4];15987752;100.00;;"
7142 [139785750443712] INFO perfrun.perfcollector <> - PERF_STAT : "     0.452308993;CPU0;1909;;UNC_M_CAS_COUNT.WR[UNIT5];16000231;100.00;;"
7142 [139785750443712] INFO perfrun.perfcollector <> - PERF_STAT : "     0.452308993;CPU10;266;;UNC_M_CAS_COUNT.WR[UNIT5];15989319;100.00;;"
7162 [139785750443712] INFO perfrun.perfcollector <> - PERF_STAT : "     0.468328696;CPU0;2295;;UNC_M_CAS_COUNT.RD[UNIT0];20019549;100.00;;"
7162 [139785750443712] INFO perfrun.perfcollector <> - PERF_STAT : "     0.468328696;CPU10;688;;UNC_M_CAS_COUNT.RD[UNIT0];20012023;100.00;;"
7162 [139785750443712] INFO perfrun.perfcollector <> - PERF_STAT : "     0.468328696;CPU0;3318;;UNC_M_CAS_COUNT.RD[UNIT1];20019989;100.00;;"
7162 [139785750443712] INFO perfrun.perfcollector <> - PERF_STAT : "     0.468328696;CPU10;889;;UNC_M_CAS_COUNT.RD[UNIT1];20009220;100.00;;"
7162 [139785750443712] INFO perfrun.perfcollector <> - PERF_STAT : "     0.468328696;CPU0;2286;;UNC_M_CAS_COUNT.RD[UNIT4];20020047;100.00;;"
7162 [139785750443712] INFO perfrun.perfcollector <> - PERF_STAT : "     0.468328696;CPU10;840;;UNC_M_CAS_COUNT.RD[UNIT4];20007487;100.00;;"
7162 [139785750443712] INFO perfrun.perfcollector <> - PERF_STAT : "     0.468328696;CPU0;3307;;UNC_M_CAS_COUNT.RD[UNIT5];20020204;100.00;;"
7162 [139785750443712] INFO perfrun.perfcollector <> - PERF_STAT : "     0.468328696;CPU10;1052;;UNC_M_CAS_COUNT.RD[UNIT5];20005721;100.00;;"
7162 [139785750443712] INFO perfrun.perfcollector <> - PERF_STAT : "     0.468328696;CPU0;1465;;UNC_M_CAS_COUNT.WR[UNIT0];20020280;100.00;;"
7162 [139785750443712] INFO perfrun.perfcollector <> - PERF_STAT : "     0.468328696;CPU10;324;;UNC_M_CAS_COUNT.WR[UNIT0];20004050;100.00;;"
7162 [139785750443712] INFO perfrun.perfcollector <> - PERF_STAT : "     0.468328696;CPU0;2576;;UNC_M_CAS_COUNT.WR[UNIT1];20020257;100.00;;"
7162 [139785750443712] INFO perfrun.perfcollector <> - PERF_STAT : "     0.468328696;CPU10;461;;UNC_M_CAS_COUNT.WR[UNIT1];20002349;100.00;;"
7162 [139785750443712] INFO perfrun.perfcollector <> - PERF_STAT : "     0.468328696;CPU0;1456;;UNC_M_CAS_COUNT.WR[UNIT4];20020386;100.00;;"
7162 [139785750443712] INFO perfrun.perfcollector <> - PERF_STAT : "     0.468328696;CPU10;366;;UNC_M_CAS_COUNT.WR[UNIT4];20000644;100.00;;"
7162 [139785750443712] INFO perfrun.perfcollector <> - PERF_STAT : "     0.468328696;CPU0;2538;;UNC_M_CAS_COUNT.WR[UNIT5];20020403;100.00;;"
7162 [139785750443712] INFO perfrun.perfcollector <> - PERF_STAT : "     0.468328696;CPU10;586;;UNC_M_CAS_COUNT.WR[UNIT5];19998924;100.00;;"
7178 [139785750443712] INFO perfrun.perfcollector <> - PERF_STAT : "     0.488298221;CPU0;1963;;UNC_M_CAS_COUNT.RD[UNIT0];15981725;100.00;;"
7178 [139785750443712] INFO perfrun.perfcollector <> - PERF_STAT : "     0.488298221;CPU10;460;;UNC_M_CAS_COUNT.RD[UNIT0];15994030;100.00;;"
7178 [139785750443712] INFO perfrun.perfcollector <> - PERF_STAT : "     0.488298221;CPU0;2708;;UNC_M_CAS_COUNT.RD[UNIT1];15981412;100.00;;"
7178 [139785750443712] INFO perfrun.perfcollector <> - PERF_STAT : "     0.488298221;CPU10;564;;UNC_M_CAS_COUNT.RD[UNIT1];15996914;100.00;;"
7178 [139785750443712] INFO perfrun.perfcollector <> - PERF_STAT : "     0.488298221;CPU0;1925;;UNC_M_CAS_COUNT.RD[UNIT4];15981199;100.00;;"
7178 [139785750443712] INFO perfrun.perfcollector <> - PERF_STAT : "     0.488298221;CPU10;564;;UNC_M_CAS_COUNT.RD[UNIT4];15998764;100.00;;"
7178 [139785750443712] INFO perfrun.perfcollector <> - PERF_STAT : "     0.488298221;CPU0;2772;;UNC_M_CAS_COUNT.RD[UNIT5];15981065;100.00;;"
7178 [139785750443712] INFO perfrun.perfcollector <> - PERF_STAT : "     0.488298221;CPU10;682;;UNC_M_CAS_COUNT.RD[UNIT5];16000586;100.00;;"
7178 [139785750443712] INFO perfrun.perfcollector <> - PERF_STAT : "     0.488298221;CPU0;1202;;UNC_M_CAS_COUNT.WR[UNIT0];15980965;100.00;;"
7178 [139785750443712] INFO perfrun.perfcollector <> - PERF_STAT : "     0.488298221;CPU10;161;;UNC_M_CAS_COUNT.WR[UNIT0];16002301;100.00;;"
7178 [139785750443712] INFO perfrun.perfcollector <> - PERF_STAT : "     0.488298221;CPU0;2046;;UNC_M_CAS_COUNT.WR[UNIT1];15980897;100.00;;"
7178 [139785750443712] INFO perfrun.perfcollector <> - PERF_STAT : "     0.488298221;CPU10;208;;UNC_M_CAS_COUNT.WR[UNIT1];16004027;100.00;;"
7178 [139785750443712] INFO perfrun.perfcollector <> - PERF_STAT : "     0.488298221;CPU0;1217;;UNC_M_CAS_COUNT.WR[UNIT4];15980812;100.00;;"
7178 [139785750443712] INFO perfrun.perfcollector <> - PERF_STAT : "     0.488298221;CPU10;177;;UNC_M_CAS_COUNT.WR[UNIT4];16005814;100.00;;"
7178 [139785750443712] INFO perfrun.perfcollector <> - PERF_STAT : "     0.488298221;CPU0;1978;;UNC_M_CAS_COUNT.WR[UNIT5];15980724;100.00;;"
7178 [139785750443712] INFO perfrun.perfcollector <> - PERF_STAT : "     0.488298221;CPU10;247;;UNC_M_CAS_COUNT.WR[UNIT5];16007787;100.00;;"
7193 [139785750443712] INFO perfrun.perfcollector <> - PERF_STAT : "     0.504316847;CPU0;1751;;UNC_M_CAS_COUNT.RD[UNIT0];15998676;100.00;;"
7194 [139785750443712] INFO perfrun.perfcollector <> - PERF_STAT : "     0.504316847;CPU10;131;;UNC_M_CAS_COUNT.RD[UNIT0];15983103;100.00;;"
7194 [139785750443712] INFO perfrun.perfcollector <> - PERF_STAT : "     0.504316847;CPU0;2550;;UNC_M_CAS_COUNT.RD[UNIT1];15998515;100.00;;"
7194 [139785750443712] INFO perfrun.perfcollector <> - PERF_STAT : "     0.504316847;CPU10;175;;UNC_M_CAS_COUNT.RD[UNIT1];15980049;100.00;;"
7194 [139785750443712] INFO perfrun.perfcollector <> - PERF_STAT : "     0.504316847;CPU0;1717;;UNC_M_CAS_COUNT.RD[UNIT4];15998664;100.00;;"
7194 [139785750443712] INFO perfrun.perfcollector <> - PERF_STAT : "     0.504316847;CPU10;140;;UNC_M_CAS_COUNT.RD[UNIT4];15978219;100.00;;"
7194 [139785750443712] INFO perfrun.perfcollector <> - PERF_STAT : "     0.504316847;CPU0;2556;;UNC_M_CAS_COUNT.RD[UNIT5];15998712;100.00;;"
7194 [139785750443712] INFO perfrun.perfcollector <> - PERF_STAT : "     0.504316847;CPU10;206;;UNC_M_CAS_COUNT.RD[UNIT5];15976298;100.00;;"
7194 [139785750443712] INFO perfrun.perfcollector <> - PERF_STAT : "     0.504316847;CPU0;1144;;UNC_M_CAS_COUNT.WR[UNIT0];15998778;100.00;;"
7194 [139785750443712] INFO perfrun.perfcollector <> - PERF_STAT : "     0.504316847;CPU10;149;;UNC_M_CAS_COUNT.WR[UNIT0];15974461;100.00;;"
7194 [139785750443712] INFO perfrun.perfcollector <> - PERF_STAT : "     0.504316847;CPU0;1946;;UNC_M_CAS_COUNT.WR[UNIT1];15998789;100.00;;"
7194 [139785750443712] INFO perfrun.perfcollector <> - PERF_STAT : "     0.504316847;CPU10;174;;UNC_M_CAS_COUNT.WR[UNIT1];15972646;100.00;;"
7194 [139785750443712] INFO perfrun.perfcollector <> - PERF_STAT : "     0.504316847;CPU0;1091;;UNC_M_CAS_COUNT.WR[UNIT4];15998750;100.00;;"
7194 [139785750443712] INFO perfrun.perfcollector <> - PERF_STAT : "     0.504316847;CPU10;120;;UNC_M_CAS_COUNT.WR[UNIT4];15970850;100.00;;"
7194 [139785750443712] INFO perfrun.perfcollector <> - PERF_STAT : "     0.504316847;CPU0;1962;;UNC_M_CAS_COUNT.WR[UNIT5];15998888;100.00;;"
7194 [139785750443712] INFO perfrun.perfcollector <> - PERF_STAT : "     0.504316847;CPU10;213;;UNC_M_CAS_COUNT.WR[UNIT5];15968810;100.00;;"
7210 [139785750443712] INFO perfrun.perfcollector <> - PERF_STAT : "     0.520279093;CPU0;1797;;UNC_M_CAS_COUNT.RD[UNIT0];16001390;100.00;;"
7210 [139785750443712] INFO perfrun.perfcollector <> - PERF_STAT : "     0.520279093;CPU10;163;;UNC_M_CAS_COUNT.RD[UNIT0];16018632;100.00;;"
7210 [139785750443712] INFO perfrun.perfcollector <> - PERF_STAT : "     0.520279093;CPU0;2573;;UNC_M_CAS_COUNT.RD[UNIT1];16001464;100.00;;"
7210 [139785750443712] INFO perfrun.perfcollector <> - PERF_STAT : "     0.520279093;CPU10;223;;UNC_M_CAS_COUNT.RD[UNIT1];16021593;100.00;;"
7210 [139785750443712] INFO perfrun.perfcollector <> - PERF_STAT : "     0.520279093;CPU0;1798;;UNC_M_CAS_COUNT.RD[UNIT4];16001299;100.00;;"
7210 [139785750443712] INFO perfrun.perfcollector <> - PERF_STAT : "     0.520279093;CPU10;250;;UNC_M_CAS_COUNT.RD[UNIT4];16023329;100.00;;"
7210 [139785750443712] INFO perfrun.perfcollector <> - PERF_STAT : "     0.520279093;CPU0;2663;;UNC_M_CAS_COUNT.RD[UNIT5];16001596;100.00;;"
7210 [139785750443712] INFO perfrun.perfcollector <> - PERF_STAT : "     0.520279093;CPU10;317;;UNC_M_CAS_COUNT.RD[UNIT5];16025213;100.00;;"
7210 [139785750443712] INFO perfrun.perfcollector <> - PERF_STAT : "     0.520279093;CPU0;1126;;UNC_M_CAS_COUNT.WR[UNIT0];16001523;100.00;;"
7210 [139785750443712] INFO perfrun.perfcollector <> - PERF_STAT : "     0.520279093;CPU10;131;;UNC_M_CAS_COUNT.WR[UNIT0];16027054;100.00;;"
7210 [139785750443712] INFO perfrun.perfcollector <> - PERF_STAT : "     0.520279093;CPU0;1924;;UNC_M_CAS_COUNT.WR[UNIT1];16001758;100.00;;"
7210 [139785750443712] INFO perfrun.perfcollector <> - PERF_STAT : "     0.520279093;CPU10;178;;UNC_M_CAS_COUNT.WR[UNIT1];16028862;100.00;;"
7210 [139785750443712] INFO perfrun.perfcollector <> - PERF_STAT : "     0.520279093;CPU0;1112;;UNC_M_CAS_COUNT.WR[UNIT4];16001768;100.00;;"
7210 [139785750443712] INFO perfrun.perfcollector <> - PERF_STAT : "     0.520279093;CPU10;117;;UNC_M_CAS_COUNT.WR[UNIT4];16030688;100.00;;"
7210 [139785750443712] INFO perfrun.perfcollector <> - PERF_STAT : "     0.520279093;CPU0;2010;;UNC_M_CAS_COUNT.WR[UNIT5];16001654;100.00;;"
7210 [139785750443712] INFO perfrun.perfcollector <> - PERF_STAT : "     0.520279093;CPU10;198;;UNC_M_CAS_COUNT.WR[UNIT5];16032535;100.00;;"
7226 [139785750443712] INFO perfrun.perfcollector <> - PERF_STAT : "     0.536333242;CPU0;1752;;UNC_M_CAS_COUNT.RD[UNIT0];15999063;100.00;;"
7226 [139785750443712] INFO perfrun.perfcollector <> - PERF_STAT : "     0.536333242;CPU10;122;;UNC_M_CAS_COUNT.RD[UNIT0];15997008;100.00;;"
7226 [139785750443712] INFO perfrun.perfcollector <> - PERF_STAT : "     0.536333242;CPU0;2589;;UNC_M_CAS_COUNT.RD[UNIT1];15999018;100.00;;"
7226 [139785750443712] INFO perfrun.perfcollector <> - PERF_STAT : "     0.536333242;CPU10;169;;UNC_M_CAS_COUNT.RD[UNIT1];15997015;100.00;;"
7226 [139785750443712] INFO perfrun.perfcollector <> - PERF_STAT : "     0.536333242;CPU0;1752;;UNC_M_CAS_COUNT.RD[UNIT4];15999202;100.00;;"
7226 [139785750443712] INFO perfrun.perfcollector <> - PERF_STAT : "     0.536333242;CPU10;136;;UNC_M_CAS_COUNT.RD[UNIT4];15997011;100.00;;"
7226 [139785750443712] INFO perfrun.perfcollector <> - PERF_STAT : "     0.536333242;CPU0;2595;;UNC_M_CAS_COUNT.RD[UNIT5];15998789;100.00;;"
7226 [139785750443712] INFO perfrun.perfcollector <> - PERF_STAT : "     0.536333242;CPU10;196;;UNC_M_CAS_COUNT.RD[UNIT5];15997135;100.00;;"
7226 [139785750443712] INFO perfrun.perfcollector <> - PERF_STAT : "     0.536333242;CPU0;1073;;UNC_M_CAS_COUNT.WR[UNIT0];15998781;100.00;;"
7226 [139785750443712] INFO perfrun.perfcollector <> - PERF_STAT : "     0.536333242;CPU10;116;;UNC_M_CAS_COUNT.WR[UNIT0];15997131;100.00;;"
7226 [139785750443712] INFO perfrun.perfcollector <> - PERF_STAT : "     0.536333242;CPU0;1951;;UNC_M_CAS_COUNT.WR[UNIT1];15998519;100.00;;"
7226 [139785750443712] INFO perfrun.perfcollector <> - PERF_STAT : "     0.536333242;CPU10;174;;UNC_M_CAS_COUNT.WR[UNIT1];15997132;100.00;;"
7226 [139785750443712] INFO perfrun.perfcollector <> - PERF_STAT : "     0.536333242;CPU0;1030;;UNC_M_CAS_COUNT.WR[UNIT4];15998525;100.00;;"
7226 [139785750443712] INFO perfrun.perfcollector <> - PERF_STAT : "     0.536333242;CPU10;118;;UNC_M_CAS_COUNT.WR[UNIT4];15997098;100.00;;"
7226 [139785750443712] INFO perfrun.perfcollector <> - PERF_STAT : "     0.536333242;CPU0;1926;;UNC_M_CAS_COUNT.WR[UNIT5];15998631;100.00;;"
7226 [139785750443712] INFO perfrun.perfcollector <> - PERF_STAT : "     0.536333242;CPU10;162;;UNC_M_CAS_COUNT.WR[UNIT5];15997085;100.00;;"
7241 [139785750443712] INFO perfrun.perfcollector <> - PERF_STAT : "     0.552357417;CPU0;4802;;UNC_M_CAS_COUNT.RD[UNIT0];16008309;100.00;;"
7242 [139785750443712] INFO perfrun.perfcollector <> - PERF_STAT : "     0.552357417;CPU10;3188;;UNC_M_CAS_COUNT.RD[UNIT0];15970884;100.00;;"
7242 [139785750443712] INFO perfrun.perfcollector <> - PERF_STAT : "     0.552357417;CPU0;5504;;UNC_M_CAS_COUNT.RD[UNIT1];16009109;100.00;;"
7242 [139785750443712] INFO perfrun.perfcollector <> - PERF_STAT : "     0.552357417;CPU10;3383;;UNC_M_CAS_COUNT.RD[UNIT1];15968025;100.00;;"
7242 [139785750443712] INFO perfrun.perfcollector <> - PERF_STAT : "     0.552357417;CPU0;4764;;UNC_M_CAS_COUNT.RD[UNIT4];16009445;100.00;;"
7242 [139785750443712] INFO perfrun.perfcollector <> - PERF_STAT : "     0.552357417;CPU10;3347;;UNC_M_CAS_COUNT.RD[UNIT4];15966011;100.00;;"
7242 [139785750443712] INFO perfrun.perfcollector <> - PERF_STAT : "     0.552357417;CPU0;5442;;UNC_M_CAS_COUNT.RD[UNIT5];16009799;100.00;;"
7242 [139785750443712] INFO perfrun.perfcollector <> - PERF_STAT : "     0.552357417;CPU10;3531;;UNC_M_CAS_COUNT.RD[UNIT5];15963972;100.00;;"
7242 [139785750443712] INFO perfrun.perfcollector <> - PERF_STAT : "     0.552357417;CPU0;4298;;UNC_M_CAS_COUNT.WR[UNIT0];16010014;100.00;;"
7242 [139785750443712] INFO perfrun.perfcollector <> - PERF_STAT : "     0.552357417;CPU10;1988;;UNC_M_CAS_COUNT.WR[UNIT0];15961950;100.00;;"
7242 [139785750443712] INFO perfrun.perfcollector <> - PERF_STAT : "     0.552357417;CPU0;5269;;UNC_M_CAS_COUNT.WR[UNIT1];16010235;100.00;;"
7242 [139785750443712] INFO perfrun.perfcollector <> - PERF_STAT : "     0.552357417;CPU10;2134;;UNC_M_CAS_COUNT.WR[UNIT1];15960079;100.00;;"
7242 [139785750443712] INFO perfrun.perfcollector <> - PERF_STAT : "     0.552357417;CPU0;4361;;UNC_M_CAS_COUNT.WR[UNIT4];16010422;100.00;;"
7242 [139785750443712] INFO perfrun.perfcollector <> - PERF_STAT : "     0.552357417;CPU10;2020;;UNC_M_CAS_COUNT.WR[UNIT4];15958143;100.00;;"
7242 [139785750443712] INFO perfrun.perfcollector <> - PERF_STAT : "     0.552357417;CPU0;5049;;UNC_M_CAS_COUNT.WR[UNIT5];16010554;100.00;;"
7242 [139785750443712] INFO perfrun.perfcollector <> - PERF_STAT : "     0.552357417;CPU10;2285;;UNC_M_CAS_COUNT.WR[UNIT5];15956132;100.00;;"
7262 [139785750443712] INFO perfrun.perfcollector <> - PERF_STAT : "     0.568255156;CPU0;2452;;UNC_M_CAS_COUNT.RD[UNIT0];20008427;100.00;;"
7262 [139785750443712] INFO perfrun.perfcollector <> - PERF_STAT : "     0.568255156;CPU10;380;;UNC_M_CAS_COUNT.RD[UNIT0];20049736;100.00;;"
7262 [139785750443712] INFO perfrun.perfcollector <> - PERF_STAT : "     0.568255156;CPU0;3450;;UNC_M_CAS_COUNT.RD[UNIT1];20008362;100.00;;"
7262 [139785750443712] INFO perfrun.perfcollector <> - PERF_STAT : "     0.568255156;CPU10;483;;UNC_M_CAS_COUNT.RD[UNIT1];20052478;100.00;;"
7262 [139785750443712] INFO perfrun.perfcollector <> - PERF_STAT : "     0.568255156;CPU0;2397;;UNC_M_CAS_COUNT.RD[UNIT4];20008137;100.00;;"
7262 [139785750443712] INFO perfrun.perfcollector <> - PERF_STAT : "     0.568255156;CPU10;517;;UNC_M_CAS_COUNT.RD[UNIT4];20054469;100.00;;"
7262 [139785750443712] INFO perfrun.perfcollector <> - PERF_STAT : "     0.568255156;CPU0;3453;;UNC_M_CAS_COUNT.RD[UNIT5];20008175;100.00;;"
7262 [139785750443712] INFO perfrun.perfcollector <> - PERF_STAT : "     0.568255156;CPU10;621;;UNC_M_CAS_COUNT.RD[UNIT5];20056448;100.00;;"
7262 [139785750443712] INFO perfrun.perfcollector <> - PERF_STAT : "     0.568255156;CPU0;1412;;UNC_M_CAS_COUNT.WR[UNIT0];20008175;100.00;;"
7262 [139785750443712] INFO perfrun.perfcollector <> - PERF_STAT : "     0.568255156;CPU10;172;;UNC_M_CAS_COUNT.WR[UNIT0];20058444;100.00;;"
7262 [139785750443712] INFO perfrun.perfcollector <> - PERF_STAT : "     0.568255156;CPU0;2512;;UNC_M_CAS_COUNT.WR[UNIT1];20008266;100.00;;"
7262 [139785750443712] INFO perfrun.perfcollector <> - PERF_STAT : "     0.568255156;CPU10;307;;UNC_M_CAS_COUNT.WR[UNIT1];20060341;100.00;;"
7262 [139785750443712] INFO perfrun.perfcollector <> - PERF_STAT : "     0.568255156;CPU0;1422;;UNC_M_CAS_COUNT.WR[UNIT4];20008247;100.00;;"
7262 [139785750443712] INFO perfrun.perfcollector <> - PERF_STAT : "     0.568255156;CPU10;206;;UNC_M_CAS_COUNT.WR[UNIT4];20062287;100.00;;"
7262 [139785750443712] INFO perfrun.perfcollector <> - PERF_STAT : "     0.568255156;CPU0;2518;;UNC_M_CAS_COUNT.WR[UNIT5];20008203;100.00;;"
7262 [139785750443712] INFO perfrun.perfcollector <> - PERF_STAT : "     0.568255156;CPU10;302;;UNC_M_CAS_COUNT.WR[UNIT5];20064338;100.00;;"
7278 [139785750443712] INFO perfrun.perfcollector <> - PERF_STAT : "     0.588372701;CPU0;1945;;UNC_M_CAS_COUNT.RD[UNIT0];15994093;100.00;;"
7278 [139785750443712] INFO perfrun.perfcollector <> - PERF_STAT : "     0.588372701;CPU10;274;;UNC_M_CAS_COUNT.RD[UNIT0];15987607;100.00;;"
7278 [139785750443712] INFO perfrun.perfcollector <> - PERF_STAT : "     0.588372701;CPU0;2737;;UNC_M_CAS_COUNT.RD[UNIT1];15993843;100.00;;"
7278 [139785750443712] INFO perfrun.perfcollector <> - PERF_STAT : "     0.588372701;CPU10;346;;UNC_M_CAS_COUNT.RD[UNIT1];15987637;100.00;;"
7278 [139785750443712] INFO perfrun.perfcollector <> - PERF_STAT : "     0.588372701;CPU0;1971;;UNC_M_CAS_COUNT.RD[UNIT4];15993560;100.00;;"
7278 [139785750443712] INFO perfrun.perfcollector <> - PERF_STAT : "     0.588372701;CPU10;288;;UNC_M_CAS_COUNT.RD[UNIT4];15987628;100.00;;"
7278 [139785750443712] INFO perfrun.perfcollector <> - PERF_STAT : "     0.588372701;CPU0;2830;;UNC_M_CAS_COUNT.RD[UNIT5];15993614;100.00;;"
7278 [139785750443712] INFO perfrun.perfcollector <> - PERF_STAT : "     0.588372701;CPU10;403;;UNC_M_CAS_COUNT.RD[UNIT5];15987721;100.00;;"
7278 [139785750443712] INFO perfrun.perfcollector <> - PERF_STAT : "     0.588372701;CPU0;1046;;UNC_M_CAS_COUNT.WR[UNIT0];15993654;100.00;;"
7278 [139785750443712] INFO perfrun.perfcollector <> - PERF_STAT : "     0.588372701;CPU10;130;;UNC_M_CAS_COUNT.WR[UNIT0];15987740;100.00;;"
7278 [139785750443712] INFO perfrun.perfcollector <> - PERF_STAT : "     0.588372701;CPU0;1889;;UNC_M_CAS_COUNT.WR[UNIT1];15993547;100.00;;"
7278 [139785750443712] INFO perfrun.perfcollector <> - PERF_STAT : "     0.588372701;CPU10;239;;UNC_M_CAS_COUNT.WR[UNIT1];15987807;100.00;;"
7278 [139785750443712] INFO perfrun.perfcollector <> - PERF_STAT : "     0.588372701;CPU0;1044;;UNC_M_CAS_COUNT.WR[UNIT4];15993368;100.00;;"
7278 [139785750443712] INFO perfrun.perfcollector <> - PERF_STAT : "     0.588372701;CPU10;126;;UNC_M_CAS_COUNT.WR[UNIT4];15987761;100.00;;"
7278 [139785750443712] INFO perfrun.perfcollector <> - PERF_STAT : "     0.588372701;CPU0;1885;;UNC_M_CAS_COUNT.WR[UNIT5];15993158;100.00;;"
7278 [139785750443712] INFO perfrun.perfcollector <> - PERF_STAT : "     0.588372701;CPU10;248;;UNC_M_CAS_COUNT.WR[UNIT5];15987684;100.00;;"
7294 [139785750443712] INFO perfrun.perfcollector <> - PERF_STAT : "     0.604350147;CPU0;1998;;UNC_M_CAS_COUNT.RD[UNIT0];16005550;100.00;;"
7294 [139785750443712] INFO perfrun.perfcollector <> - PERF_STAT : "     0.604350147;CPU10;563;;UNC_M_CAS_COUNT.RD[UNIT0];16010461;100.00;;"
7294 [139785750443712] INFO perfrun.perfcollector <> - PERF_STAT : "     0.604350147;CPU0;2787;;UNC_M_CAS_COUNT.RD[UNIT1];16005274;100.00;;"
7294 [139785750443712] INFO perfrun.perfcollector <> - PERF_STAT : "     0.604350147;CPU10;805;;UNC_M_CAS_COUNT.RD[UNIT1];16010530;100.00;;"
7294 [139785750443712] INFO perfrun.perfcollector <> - PERF_STAT : "     0.604350147;CPU0;1992;;UNC_M_CAS_COUNT.RD[UNIT4];16005351;100.00;;"
7294 [139785750443712] INFO perfrun.perfcollector <> - PERF_STAT : "     0.604350147;CPU10;709;;UNC_M_CAS_COUNT.RD[UNIT4];16010546;100.00;;"
7294 [139785750443712] INFO perfrun.perfcollector <> - PERF_STAT : "     0.604350147;CPU0;2817;;UNC_M_CAS_COUNT.RD[UNIT5];16005059;100.00;;"
7294 [139785750443712] INFO perfrun.perfcollector <> - PERF_STAT : "     0.604350147;CPU10;982;;UNC_M_CAS_COUNT.RD[UNIT5];16010423;100.00;;"
7294 [139785750443712] INFO perfrun.perfcollector <> - PERF_STAT : "     0.604350147;CPU0;1196;;UNC_M_CAS_COUNT.WR[UNIT0];16004930;100.00;;"
7294 [139785750443712] INFO perfrun.perfcollector <> - PERF_STAT : "     0.604350147;CPU10;250;;UNC_M_CAS_COUNT.WR[UNIT0];16010410;100.00;;"
7294 [139785750443712] INFO perfrun.perfcollector <> - PERF_STAT : "     0.604350147;CPU0;1994;;UNC_M_CAS_COUNT.WR[UNIT1];16004816;100.00;;"
7294 [139785750443712] INFO perfrun.perfcollector <> - PERF_STAT : "     0.604350147;CPU10;420;;UNC_M_CAS_COUNT.WR[UNIT1];16010304;100.00;;"
7294 [139785750443712] INFO perfrun.perfcollector <> - PERF_STAT : "     0.604350147;CPU0;1124;;UNC_M_CAS_COUNT.WR[UNIT4];16004894;100.00;;"
7294 [139785750443712] INFO perfrun.perfcollector <> - PERF_STAT : "     0.604350147;CPU10;272;;UNC_M_CAS_COUNT.WR[UNIT4];16010356;100.00;;"
7294 [139785750443712] INFO perfrun.perfcollector <> - PERF_STAT : "     0.604350147;CPU0;1999;;UNC_M_CAS_COUNT.WR[UNIT5];16004985;100.00;;"
7294 [139785750443712] INFO perfrun.perfcollector <> - PERF_STAT : "     0.604350147;CPU10;515;;UNC_M_CAS_COUNT.WR[UNIT5];16021695;100.00;;"
7310 [139785750443712] INFO perfrun.perfcollector <> - PERF_STAT : "     0.620333769;CPU0;1986;;UNC_M_CAS_COUNT.RD[UNIT0];15983303;100.00;;"
7310 [139785750443712] INFO perfrun.perfcollector <> - PERF_STAT : "     0.620333769;CPU10;333;;UNC_M_CAS_COUNT.RD[UNIT0];15980943;100.00;;"
7310 [139785750443712] INFO perfrun.perfcollector <> - PERF_STAT : "     0.620333769;CPU0;2816;;UNC_M_CAS_COUNT.RD[UNIT1];15983021;100.00;;"
7310 [139785750443712] INFO perfrun.perfcollector <> - PERF_STAT : "     0.620333769;CPU10;391;;UNC_M_CAS_COUNT.RD[UNIT1];15981087;100.00;;"
7310 [139785750443712] INFO perfrun.perfcollector <> - PERF_STAT : "     0.620333769;CPU0;1971;;UNC_M_CAS_COUNT.RD[UNIT4];15982956;100.00;;"
7310 [139785750443712] INFO perfrun.perfcollector <> - PERF_STAT : "     0.620333769;CPU10;410;;UNC_M_CAS_COUNT.RD[UNIT4];15981130;100.00;;"
7310 [139785750443712] INFO perfrun.perfcollector <> - PERF_STAT : "     0.620333769;CPU0;2832;;UNC_M_CAS_COUNT.RD[UNIT5];15982864;100.00;;"
7310 [139785750443712] INFO perfrun.perfcollector <> - PERF_STAT : "     0.620333769;CPU10;459;;UNC_M_CAS_COUNT.RD[UNIT5];15981097;100.00;;"
7310 [139785750443712] INFO perfrun.perfcollector <> - PERF_STAT : "     0.620333769;CPU0;1174;;UNC_M_CAS_COUNT.WR[UNIT0];15982737;100.00;;"
7310 [139785750443712] INFO perfrun.perfcollector <> - PERF_STAT : "     0.620333769;CPU10;89;;UNC_M_CAS_COUNT.WR[UNIT0];15981120;100.00;;"
7310 [139785750443712] INFO perfrun.perfcollector <> - PERF_STAT : "     0.620333769;CPU0;2007;;UNC_M_CAS_COUNT.WR[UNIT1];15982660;100.00;;"
7310 [139785750443712] INFO perfrun.perfcollector <> - PERF_STAT : "     0.620333769;CPU10;179;;UNC_M_CAS_COUNT.WR[UNIT1];15981163;100.00;;"
7310 [139785750443712] INFO perfrun.perfcollector <> - PERF_STAT : "     0.620333769;CPU0;1206;;UNC_M_CAS_COUNT.WR[UNIT4];15982727;100.00;;"
7310 [139785750443712] INFO perfrun.perfcollector <> - PERF_STAT : "     0.620333769;CPU10;112;;UNC_M_CAS_COUNT.WR[UNIT4];15981131;100.00;;"
7310 [139785750443712] INFO perfrun.perfcollector <> - PERF_STAT : "     0.620333769;CPU0;2027;;UNC_M_CAS_COUNT.WR[UNIT5];15982759;100.00;;"
7310 [139785750443712] INFO perfrun.perfcollector <> - PERF_STAT : "     0.620333769;CPU10;180;;UNC_M_CAS_COUNT.WR[UNIT5];15969838;100.00;;"
7326 [139785750443712] INFO perfrun.perfcollector <> - PERF_STAT : "     0.636355294;CPU0;1873;;UNC_M_CAS_COUNT.RD[UNIT0];16001593;100.00;;"
7326 [139785750443712] INFO perfrun.perfcollector <> - PERF_STAT : "     0.636355294;CPU10;152;;UNC_M_CAS_COUNT.RD[UNIT0];16003615;100.00;;"
7326 [139785750443712] INFO perfrun.perfcollector <> - PERF_STAT : "     0.636355294;CPU0;2708;;UNC_M_CAS_COUNT.RD[UNIT1];16001631;100.00;;"
7326 [139785750443712] INFO perfrun.perfcollector <> - PERF_STAT : "     0.636355294;CPU10;199;;UNC_M_CAS_COUNT.RD[UNIT1];16003612;100.00;;"
7326 [139785750443712] INFO perfrun.perfcollector <> - PERF_STAT : "     0.636355294;CPU0;1879;;UNC_M_CAS_COUNT.RD[UNIT4];16001834;100.00;;"
7326 [139785750443712] INFO perfrun.perfcollector <> - PERF_STAT : "     0.636355294;CPU10;157;;UNC_M_CAS_COUNT.RD[UNIT4];16003849;100.00;;"
7326 [139785750443712] INFO perfrun.perfcollector <> - PERF_STAT : "     0.636355294;CPU0;2709;;UNC_M_CAS_COUNT.RD[UNIT5];16001827;100.00;;"
7326 [139785750443712] INFO perfrun.perfcollector <> - PERF_STAT : "     0.636355294;CPU10;224;;UNC_M_CAS_COUNT.RD[UNIT5];16003882;100.00;;"
7326 [139785750443712] INFO perfrun.perfcollector <> - PERF_STAT : "     0.636355294;CPU0;1146;;UNC_M_CAS_COUNT.WR[UNIT0];16001868;100.00;;"
7326 [139785750443712] INFO perfrun.perfcollector <> - PERF_STAT : "     0.636355294;CPU10;135;;UNC_M_CAS_COUNT.WR[UNIT0];16003873;100.00;;"
7326 [139785750443712] INFO perfrun.perfcollector <> - PERF_STAT : "     0.636355294;CPU0;1904;;UNC_M_CAS_COUNT.WR[UNIT1];16001840;100.00;;"
7326 [139785750443712] INFO perfrun.perfcollector <> - PERF_STAT : "     0.636355294;CPU10;176;;UNC_M_CAS_COUNT.WR[UNIT1];16003840;100.00;;"
7326 [139785750443712] INFO perfrun.perfcollector <> - PERF_STAT : "     0.636355294;CPU0;1088;;UNC_M_CAS_COUNT.WR[UNIT4];16001684;100.00;;"
7326 [139785750443712] INFO perfrun.perfcollector <> - PERF_STAT : "     0.636355294;CPU10;94;;UNC_M_CAS_COUNT.WR[UNIT4];16003848;100.00;;"
7326 [139785750443712] INFO perfrun.perfcollector <> - PERF_STAT : "     0.636355294;CPU0;1969;;UNC_M_CAS_COUNT.WR[UNIT5];16001690;100.00;;"
7326 [139785750443712] INFO perfrun.perfcollector <> - PERF_STAT : "     0.636355294;CPU10;153;;UNC_M_CAS_COUNT.WR[UNIT5];16004030;100.00;;"
7349 [139785750443712] INFO perfrun.perfcollector <> - PERF_STAT : "     0.652356873;CPU0;2735;;UNC_M_CAS_COUNT.RD[UNIT0];22973355;100.00;;"
7349 [139785750443712] INFO perfrun.perfcollector <> - PERF_STAT : "     0.652356873;CPU10;154;;UNC_M_CAS_COUNT.RD[UNIT0];22970376;100.00;;"
7349 [139785750443712] INFO perfrun.perfcollector <> - PERF_STAT : "     0.652356873;CPU0;3912;;UNC_M_CAS_COUNT.RD[UNIT1];22973633;100.00;;"
7349 [139785750443712] INFO perfrun.perfcollector <> - PERF_STAT : "     0.652356873;CPU10;203;;UNC_M_CAS_COUNT.RD[UNIT1];22970320;100.00;;"
7349 [139785750443712] INFO perfrun.perfcollector <> - PERF_STAT : "     0.652356873;CPU0;2760;;UNC_M_CAS_COUNT.RD[UNIT4];22973464;100.00;;"
7349 [139785750443712] INFO perfrun.perfcollector <> - PERF_STAT : "     0.652356873;CPU10;194;;UNC_M_CAS_COUNT.RD[UNIT4];22970160;100.00;;"
7349 [139785750443712] INFO perfrun.perfcollector <> - PERF_STAT : "     0.652356873;CPU0;3963;;UNC_M_CAS_COUNT.RD[UNIT5];22973656;100.00;;"
7349 [139785750443712] INFO perfrun.perfcollector <> - PERF_STAT : "     0.652356873;CPU10;263;;UNC_M_CAS_COUNT.RD[UNIT5];22970353;100.00;;"
7349 [139785750443712] INFO perfrun.perfcollector <> - PERF_STAT : "     0.652356873;CPU0;1699;;UNC_M_CAS_COUNT.WR[UNIT0];22973709;100.00;;"
7349 [139785750443712] INFO perfrun.perfcollector <> - PERF_STAT : "     0.652356873;CPU10;109;;UNC_M_CAS_COUNT.WR[UNIT0];22970352;100.00;;"
7349 [139785750443712] INFO perfrun.perfcollector <> - PERF_STAT : "     0.652356873;CPU0;2811;;UNC_M_CAS_COUNT.WR[UNIT1];22973736;100.00;;"
7349 [139785750443712] INFO perfrun.perfcollector <> - PERF_STAT : "     0.652356873;CPU10;169;;UNC_M_CAS_COUNT.WR[UNIT1];22970368;100.00;;"
7349 [139785750443712] INFO perfrun.perfcollector <> - PERF_STAT : "     0.652356873;CPU0;1580;;UNC_M_CAS_COUNT.WR[UNIT4];22973752;100.00;;"
7349 [139785750443712] INFO perfrun.perfcollector <> - PERF_STAT : "     0.652356873;CPU10;119;;UNC_M_CAS_COUNT.WR[UNIT4];22970353;100.00;;"
7349 [139785750443712] INFO perfrun.perfcollector <> - PERF_STAT : "     0.652356873;CPU0;2863;;UNC_M_CAS_COUNT.WR[UNIT5];22973712;100.00;;"
7349 [139785750443712] INFO perfrun.perfcollector <> - PERF_STAT : "     0.652356873;CPU10;200;;UNC_M_CAS_COUNT.WR[UNIT5];22970152;100.00;;"
7362 [139785750443712] INFO perfrun.perfcollector <> - PERF_STAT : "     0.675323989;CPU0;2321;;UNC_M_CAS_COUNT.RD[UNIT0];13030786;100.00;;"
7362 [139785750443712] INFO perfrun.perfcollector <> - PERF_STAT : "     0.675323989;CPU10;144;;UNC_M_CAS_COUNT.RD[UNIT0];13040221;100.00;;"
7362 [139785750443712] INFO perfrun.perfcollector <> - PERF_STAT : "     0.675323989;CPU0;2917;;UNC_M_CAS_COUNT.RD[UNIT1];13030721;100.00;;"
7362 [139785750443712] INFO perfrun.perfcollector <> - PERF_STAT : "     0.675323989;CPU10;226;;UNC_M_CAS_COUNT.RD[UNIT1];13037240;100.00;;"
7362 [139785750443712] INFO perfrun.perfcollector <> - PERF_STAT : "     0.675323989;CPU0;2310;;UNC_M_CAS_COUNT.RD[UNIT4];13030763;100.00;;"
7362 [139785750443712] INFO perfrun.perfcollector <> - PERF_STAT : "     0.675323989;CPU10;196;;UNC_M_CAS_COUNT.RD[UNIT4];13035513;100.00;;"
7362 [139785750443712] INFO perfrun.perfcollector <> - PERF_STAT : "     0.675323989;CPU0;2787;;UNC_M_CAS_COUNT.RD[UNIT5];13030576;100.00;;"
7362 [139785750443712] INFO perfrun.perfcollector <> - PERF_STAT : "     0.675323989;CPU10;282;;UNC_M_CAS_COUNT.RD[UNIT5];13033479;100.00;;"
7362 [139785750443712] INFO perfrun.perfcollector <> - PERF_STAT : "     0.675323989;CPU0;976;;UNC_M_CAS_COUNT.WR[UNIT0];13030507;100.00;;"
7362 [139785750443712] INFO perfrun.perfcollector <> - PERF_STAT : "     0.675323989;CPU10;95;;UNC_M_CAS_COUNT.WR[UNIT0];13031657;100.00;;"
7362 [139785750443712] INFO perfrun.perfcollector <> - PERF_STAT : "     0.675323989;CPU0;1598;;UNC_M_CAS_COUNT.WR[UNIT1];13030506;100.00;;"
7362 [139785750443712] INFO perfrun.perfcollector <> - PERF_STAT : "     0.675323989;CPU10;182;;UNC_M_CAS_COUNT.WR[UNIT1];13029799;100.00;;"
7362 [139785750443712] INFO perfrun.perfcollector <> - PERF_STAT : "     0.675323989;CPU0;946;;UNC_M_CAS_COUNT.WR[UNIT4];13030497;100.00;;"
7362 [139785750443712] INFO perfrun.perfcollector <> - PERF_STAT : "     0.675323989;CPU10;98;;UNC_M_CAS_COUNT.WR[UNIT4];13028037;100.00;;"
7362 [139785750443712] INFO perfrun.perfcollector <> - PERF_STAT : "     0.675323989;CPU0;1562;;UNC_M_CAS_COUNT.WR[UNIT5];13030575;100.00;;"
7362 [139785750443712] INFO perfrun.perfcollector <> - PERF_STAT : "     0.675323989;CPU10;188;;UNC_M_CAS_COUNT.WR[UNIT5];13026212;100.00;;"
7378 [139785750443712] INFO perfrun.perfcollector <> - PERF_STAT : "     0.688304645;CPU0;2032;;UNC_M_CAS_COUNT.RD[UNIT0];15995671;100.00;;"
7378 [139785750443712] INFO perfrun.perfcollector <> - PERF_STAT : "     0.688304645;CPU10;147;;UNC_M_CAS_COUNT.RD[UNIT0];15991310;100.00;;"
7378 [139785750443712] INFO perfrun.perfcollector <> - PERF_STAT : "     0.688304645;CPU0;2858;;UNC_M_CAS_COUNT.RD[UNIT1];15995630;100.00;;"
7378 [139785750443712] INFO perfrun.perfcollector <> - PERF_STAT : "     0.688304645;CPU10;197;;UNC_M_CAS_COUNT.RD[UNIT1];15994103;100.00;;"
7378 [139785750443712] INFO perfrun.perfcollector <> - PERF_STAT : "     0.688304645;CPU0;2011;;UNC_M_CAS_COUNT.RD[UNIT4];15995634;100.00;;"
7378 [139785750443712] INFO perfrun.perfcollector <> - PERF_STAT : "     0.688304645;CPU10;227;;UNC_M_CAS_COUNT.RD[UNIT4];15995843;100.00;;"
7378 [139785750443712] INFO perfrun.perfcollector <> - PERF_STAT : "     0.688304645;CPU0;2878;;UNC_M_CAS_COUNT.RD[UNIT5];15995603;100.00;;"
7378 [139785750443712] INFO perfrun.perfcollector <> - PERF_STAT : "     0.688304645;CPU10;306;;UNC_M_CAS_COUNT.RD[UNIT5];15997701;100.00;;"
7378 [139785750443712] INFO perfrun.perfcollector <> - PERF_STAT : "     0.688304645;CPU0;1156;;UNC_M_CAS_COUNT.WR[UNIT0];15995580;100.00;;"
7378 [139785750443712] INFO perfrun.perfcollector <> - PERF_STAT : "     0.688304645;CPU10;96;;UNC_M_CAS_COUNT.WR[UNIT0];15999687;100.00;;"
7378 [139785750443712] INFO perfrun.perfcollector <> - PERF_STAT : "     0.688304645;CPU0;1978;;UNC_M_CAS_COUNT.WR[UNIT1];15995709;100.00;;"
7378 [139785750443712] INFO perfrun.perfcollector <> - PERF_STAT : "     0.688304645;CPU10;141;;UNC_M_CAS_COUNT.WR[UNIT1];16001782;100.00;;"
7378 [139785750443712] INFO perfrun.perfcollector <> - PERF_STAT : "     0.688304645;CPU0;1157;;UNC_M_CAS_COUNT.WR[UNIT4];15995695;100.00;;"
7378 [139785750443712] INFO perfrun.perfcollector <> - PERF_STAT : "     0.688304645;CPU10;126;;UNC_M_CAS_COUNT.WR[UNIT4];16003551;100.00;;"
7378 [139785750443712] INFO perfrun.perfcollector <> - PERF_STAT : "     0.688304645;CPU0;1984;;UNC_M_CAS_COUNT.WR[UNIT5];15995528;100.00;;"
7378 [139785750443712] INFO perfrun.perfcollector <> - PERF_STAT : "     0.688304645;CPU10;183;;UNC_M_CAS_COUNT.WR[UNIT5];16005335;100.00;;"
7394 [139785750443712] INFO perfrun.perfcollector <> - PERF_STAT : "     0.704354712;CPU0;1985;;UNC_M_CAS_COUNT.RD[UNIT0];16000787;100.00;;"
7394 [139785750443712] INFO perfrun.perfcollector <> - PERF_STAT : "     0.704354712;CPU10;121;;UNC_M_CAS_COUNT.RD[UNIT0];15998801;100.00;;"
7394 [139785750443712] INFO perfrun.perfcollector <> - PERF_STAT : "     0.704354712;CPU0;2818;;UNC_M_CAS_COUNT.RD[UNIT1];16000833;100.00;;"
7394 [139785750443712] INFO perfrun.perfcollector <> - PERF_STAT : "     0.704354712;CPU10;169;;UNC_M_CAS_COUNT.RD[UNIT1];15998874;100.00;;"
7394 [139785750443712] INFO perfrun.perfcollector <> - PERF_STAT : "     0.704354712;CPU0;1985;;UNC_M_CAS_COUNT.RD[UNIT4];16000812;100.00;;"
7394 [139785750443712] INFO perfrun.perfcollector <> - PERF_STAT : "     0.704354712;CPU10;139;;UNC_M_CAS_COUNT.RD[UNIT4];15998701;100.00;;"
7394 [139785750443712] INFO perfrun.perfcollector <> - PERF_STAT : "     0.704354712;CPU0;2833;;UNC_M_CAS_COUNT.RD[UNIT5];16000892;100.00;;"
7394 [139785750443712] INFO perfrun.perfcollector <> - PERF_STAT : "     0.704354712;CPU10;206;;UNC_M_CAS_COUNT.RD[UNIT5];15998620;100.00;;"
7394 [139785750443712] INFO perfrun.perfcollector <> - PERF_STAT : "     0.704354712;CPU0;1186;;UNC_M_CAS_COUNT.WR[UNIT0];16001134;100.00;;"
7394 [139785750443712] INFO perfrun.perfcollector <> - PERF_STAT : "     0.704354712;CPU10;82;;UNC_M_CAS_COUNT.WR[UNIT0];15998450;100.00;;"
7394 [139785750443712] INFO perfrun.perfcollector <> - PERF_STAT : "     0.704354712;CPU0;1951;;UNC_M_CAS_COUNT.WR[UNIT1];16001213;100.00;;"
7394 [139785750443712] INFO perfrun.perfcollector <> - PERF_STAT : "     0.704354712;CPU10;126;;UNC_M_CAS_COUNT.WR[UNIT1];15998213;100.00;;"
7394 [139785750443712] INFO perfrun.perfcollector <> - PERF_STAT : "     0.704354712;CPU0;1173;;UNC_M_CAS_COUNT.WR[UNIT4];16001252;100.00;;"
7394 [139785750443712] INFO perfrun.perfcollector <> - PERF_STAT : "     0.704354712;CPU10;93;;UNC_M_CAS_COUNT.WR[UNIT4];15998209;100.00;;"
7394 [139785750443712] INFO perfrun.perfcollector <> - PERF_STAT : "     0.704354712;CPU0;1990;;UNC_M_CAS_COUNT.WR[UNIT5];16001258;100.00;;"
7394 [139785750443712] INFO perfrun.perfcollector <> - PERF_STAT : "     0.704354712;CPU10;150;;UNC_M_CAS_COUNT.WR[UNIT5];15998250;100.00;;"
7414 [139785750443712] INFO perfrun.perfcollector <> - PERF_STAT : "     0.720333072;CPU0;3135;;UNC_M_CAS_COUNT.RD[UNIT0];19999007;100.00;;"
7414 [139785750443712] INFO perfrun.perfcollector <> - PERF_STAT : "     0.720333072;CPU10;943;;UNC_M_CAS_COUNT.RD[UNIT0];20000818;100.00;;"
7414 [139785750443712] INFO perfrun.perfcollector <> - PERF_STAT : "     0.720333072;CPU0;4161;;UNC_M_CAS_COUNT.RD[UNIT1];19999204;100.00;;"
7414 [139785750443712] INFO perfrun.perfcollector <> - PERF_STAT : "     0.720333072;CPU10;1168;;UNC_M_CAS_COUNT.RD[UNIT1];20000775;100.00;;"
7414 [139785750443712] INFO perfrun.perfcollector <> - PERF_STAT : "     0.720333072;CPU0;3165;;UNC_M_CAS_COUNT.RD[UNIT4];19999285;100.00;;"
7414 [139785750443712] INFO perfrun.perfcollector <> - PERF_STAT : "     0.720333072;CPU10;1071;;UNC_M_CAS_COUNT.RD[UNIT4];20000825;100.00;;"
7414 [139785750443712] INFO perfrun.perfcollector <> - PERF_STAT : "     0.720333072;CPU0;4225;;UNC_M_CAS_COUNT.RD[UNIT5];19999124;100.00;;"
7414 [139785750443712] INFO perfrun.perfcollector <> - PERF_STAT : "     0.720333072;CPU10;1179;;UNC_M_CAS_COUNT.RD[UNIT5];20000886;100.00;;"
7414 [139785750443712] INFO perfrun.perfcollector <> - PERF_STAT : "     0.720333072;CPU0;1721;;UNC_M_CAS_COUNT.WR[UNIT0];19999080;100.00;;"
7414 [139785750443712] INFO perfrun.perfcollector <> - PERF_STAT : "     0.720333072;CPU10;375;;UNC_M_CAS_COUNT.WR[UNIT0];20000892;100.00;;"
7414 [139785750443712] INFO perfrun.perfcollector <> - PERF_STAT : "     0.720333072;CPU0;2719;;UNC_M_CAS_COUNT.WR[UNIT1];19998887;100.00;;"
7414 [139785750443712] INFO perfrun.perfcollector <> - PERF_STAT : "     0.720333072;CPU10;523;;UNC_M_CAS_COUNT.WR[UNIT1];20000886;100.00;;"
7414 [139785750443712] INFO perfrun.perfcollector <> - PERF_STAT : "     0.720333072;CPU0;1718;;UNC_M_CAS_COUNT.WR[UNIT4];19998872;100.00;;"
7414 [139785750443712] INFO perfrun.perfcollector <> - PERF_STAT : "     0.720333072;CPU10;420;;UNC_M_CAS_COUNT.WR[UNIT4];20000876;100.00;;"
7414 [139785750443712] INFO perfrun.perfcollector <> - PERF_STAT : "     0.720333072;CPU0;2774;;UNC_M_CAS_COUNT.WR[UNIT5];19998856;100.00;;"
7414 [139785750443712] INFO perfrun.perfcollector <> - PERF_STAT : "     0.720333072;CPU10;557;;UNC_M_CAS_COUNT.WR[UNIT5];20000919;100.00;;"
7430 [139785750443712] INFO perfrun.perfcollector <> - PERF_STAT : "     0.740357666;CPU0;2011;;UNC_M_CAS_COUNT.RD[UNIT0];16003105;100.00;;"
7430 [139785750443712] INFO perfrun.perfcollector <> - PERF_STAT : "     0.740357666;CPU10;133;;UNC_M_CAS_COUNT.RD[UNIT0];15999895;100.00;;"
7430 [139785750443712] INFO perfrun.perfcollector <> - PERF_STAT : "     0.740357666;CPU0;2867;;UNC_M_CAS_COUNT.RD[UNIT1];16002763;100.00;;"
7430 [139785750443712] INFO perfrun.perfcollector <> - PERF_STAT : "     0.740357666;CPU10;209;;UNC_M_CAS_COUNT.RD[UNIT1];15999915;100.00;;"
7430 [139785750443712] INFO perfrun.perfcollector <> - PERF_STAT : "     0.740357666;CPU0;2053;;UNC_M_CAS_COUNT.RD[UNIT4];16002628;100.00;;"
7430 [139785750443712] INFO perfrun.perfcollector <> - PERF_STAT : "     0.740357666;CPU10;162;;UNC_M_CAS_COUNT.RD[UNIT4];16000038;100.00;;"
7430 [139785750443712] INFO perfrun.perfcollector <> - PERF_STAT : "     0.740357666;CPU0;2879;;UNC_M_CAS_COUNT.RD[UNIT5];16002734;100.00;;"
7430 [139785750443712] INFO perfrun.perfcollector <> - PERF_STAT : "     0.740357666;CPU10;222;;UNC_M_CAS_COUNT.RD[UNIT5];16000078;100.00;;"
7430 [139785750443712] INFO perfrun.perfcollector <> - PERF_STAT : "     0.740357666;CPU0;1144;;UNC_M_CAS_COUNT.WR[UNIT0];16002540;100.00;;"
7430 [139785750443712] INFO perfrun.perfcollector <> - PERF_STAT : "     0.740357666;CPU10;88;;UNC_M_CAS_COUNT.WR[UNIT0];16000255;100.00;;"
7430 [139785750443712] INFO perfrun.perfcollector <> - PERF_STAT : "     0.740357666;CPU0;2024;;UNC_M_CAS_COUNT.WR[UNIT1];16002600;100.00;;"
7430 [139785750443712] INFO perfrun.perfcollector <> - PERF_STAT : "     0.740357666;CPU10;146;;UNC_M_CAS_COUNT.WR[UNIT1];16000252;100.00;;"
7430 [139785750443712] INFO perfrun.perfcollector <> - PERF_STAT : "     0.740357666;CPU0;1148;;UNC_M_CAS_COUNT.WR[UNIT4];16002593;100.00;;"
7430 [139785750443712] INFO perfrun.perfcollector <> - PERF_STAT : "     0.740357666;CPU10;112;;UNC_M_CAS_COUNT.WR[UNIT4];16000285;100.00;;"
7430 [139785750443712] INFO perfrun.perfcollector <> - PERF_STAT : "     0.740357666;CPU0;2041;;UNC_M_CAS_COUNT.WR[UNIT5];16002621;100.00;;"
7430 [139785750443712] INFO perfrun.perfcollector <> - PERF_STAT : "     0.740357666;CPU10;166;;UNC_M_CAS_COUNT.WR[UNIT5];16000191;100.00;;"
7446 [139785750443712] INFO perfrun.perfcollector <> - PERF_STAT : "     0.756361047;CPU0;2371;;UNC_M_CAS_COUNT.RD[UNIT0];16000030;100.00;;"
7446 [139785750443712] INFO perfrun.perfcollector <> - PERF_STAT : "     0.756361047;CPU10;627;;UNC_M_CAS_COUNT.RD[UNIT0];16001333;100.00;;"
7446 [139785750443712] INFO perfrun.perfcollector <> - PERF_STAT : "     0.756361047;CPU0;3206;;UNC_M_CAS_COUNT.RD[UNIT1];16000130;100.00;;"
7446 [139785750443712] INFO perfrun.perfcollector <> - PERF_STAT : "     0.756361047;CPU10;833;;UNC_M_CAS_COUNT.RD[UNIT1];16001337;100.00;;"
7446 [139785750443712] INFO perfrun.perfcollector <> - PERF_STAT : "     0.756361047;CPU0;2346;;UNC_M_CAS_COUNT.RD[UNIT4];16000212;100.00;;"
7446 [139785750443712] INFO perfrun.perfcollector <> - PERF_STAT : "     0.756361047;CPU10;722;;UNC_M_CAS_COUNT.RD[UNIT4];16001184;100.00;;"
7446 [139785750443712] INFO perfrun.perfcollector <> - PERF_STAT : "     0.756361047;CPU0;3266;;UNC_M_CAS_COUNT.RD[UNIT5];16000212;100.00;;"
7446 [139785750443712] INFO perfrun.perfcollector <> - PERF_STAT : "     0.756361047;CPU10;879;;UNC_M_CAS_COUNT.RD[UNIT5];16001280;100.00;;"
7446 [139785750443712] INFO perfrun.perfcollector <> - PERF_STAT : "     0.756361047;CPU0;1321;;UNC_M_CAS_COUNT.WR[UNIT0];16000379;100.00;;"
7446 [139785750443712] INFO perfrun.perfcollector <> - PERF_STAT : "     0.756361047;CPU10;159;;UNC_M_CAS_COUNT.WR[UNIT0];16001137;100.00;;"
7446 [139785750443712] INFO perfrun.perfcollector <> - PERF_STAT : "     0.756361047;CPU0;2184;;UNC_M_CAS_COUNT.WR[UNIT1];16000291;100.00;;"
7446 [139785750443712] INFO perfrun.perfcollector <> - PERF_STAT : "     0.756361047;CPU10;269;;UNC_M_CAS_COUNT.WR[UNIT1];16001233;100.00;;"
7446 [139785750443712] INFO perfrun.perfcollector <> - PERF_STAT : "     0.756361047;CPU0;1349;;UNC_M_CAS_COUNT.WR[UNIT4];16000273;100.00;;"
7446 [139785750443712] INFO perfrun.perfcollector <> - PERF_STAT : "     0.756361047;CPU10;153;;UNC_M_CAS_COUNT.WR[UNIT4];16001203;100.00;;"
7446 [139785750443712] INFO perfrun.perfcollector <> - PERF_STAT : "     0.756361047;CPU0;2157;;UNC_M_CAS_COUNT.WR[UNIT5];16000269;100.00;;"
7446 [139785750443712] INFO perfrun.perfcollector <> - PERF_STAT : "     0.756361047;CPU10;292;;UNC_M_CAS_COUNT.WR[UNIT5];16001203;100.00;;"
7462 [139785750443712] INFO perfrun.perfcollector <> - PERF_STAT : "     0.772354981;CPU0;1985;;UNC_M_CAS_COUNT.RD[UNIT0];15999222;100.00;;"
7462 [139785750443712] INFO perfrun.perfcollector <> - PERF_STAT : "     0.772354981;CPU10;134;;UNC_M_CAS_COUNT.RD[UNIT0];16002508;100.00;;"
7462 [139785750443712] INFO perfrun.perfcollector <> - PERF_STAT : "     0.772354981;CPU0;2790;;UNC_M_CAS_COUNT.RD[UNIT1];15999336;100.00;;"
7462 [139785750443712] INFO perfrun.perfcollector <> - PERF_STAT : "     0.772354981;CPU10;196;;UNC_M_CAS_COUNT.RD[UNIT1];16002681;100.00;;"
7462 [139785750443712] INFO perfrun.perfcollector <> - PERF_STAT : "     0.772354981;CPU0;1980;;UNC_M_CAS_COUNT.RD[UNIT4];15999590;100.00;;"
7462 [139785750443712] INFO perfrun.perfcollector <> - PERF_STAT : "     0.772354981;CPU10;144;;UNC_M_CAS_COUNT.RD[UNIT4];16002767;100.00;;"
7462 [139785750443712] INFO perfrun.perfcollector <> - PERF_STAT : "     0.772354981;CPU0;2772;;UNC_M_CAS_COUNT.RD[UNIT5];15999593;100.00;;"
7462 [139785750443712] INFO perfrun.perfcollector <> - PERF_STAT : "     0.772354981;CPU10;219;;UNC_M_CAS_COUNT.RD[UNIT5];16002601;100.00;;"
7462 [139785750443712] INFO perfrun.perfcollector <> - PERF_STAT : "     0.772354981;CPU0;1059;;UNC_M_CAS_COUNT.WR[UNIT0];15999435;100.00;;"
7462 [139785750443712] INFO perfrun.perfcollector <> - PERF_STAT : "     0.772354981;CPU10;73;;UNC_M_CAS_COUNT.WR[UNIT0];16002571;100.00;;"
7462 [139785750443712] INFO perfrun.perfcollector <> - PERF_STAT : "     0.772354981;CPU0;1914;;UNC_M_CAS_COUNT.WR[UNIT1];15999559;100.00;;"
7462 [139785750443712] INFO perfrun.perfcollector <> - PERF_STAT : "     0.772354981;CPU10;131;;UNC_M_CAS_COUNT.WR[UNIT1];16002468;100.00;;"
7462 [139785750443712] INFO perfrun.perfcollector <> - PERF_STAT : "     0.772354981;CPU0;1038;;UNC_M_CAS_COUNT.WR[UNIT4];15999574;100.00;;"
7462 [139785750443712] INFO perfrun.perfcollector <> - PERF_STAT : "     0.772354981;CPU10;81;;UNC_M_CAS_COUNT.WR[UNIT4];16002467;100.00;;"
7462 [139785750443712] INFO perfrun.perfcollector <> - PERF_STAT : "     0.772354981;CPU0;1829;;UNC_M_CAS_COUNT.WR[UNIT5];15999563;100.00;;"
7462 [139785750443712] INFO perfrun.perfcollector <> - PERF_STAT : "     0.772354981;CPU10;147;;UNC_M_CAS_COUNT.WR[UNIT5];16002471;100.00;;"
7478 [139785750443712] INFO perfrun.perfcollector <> - PERF_STAT : "     0.788359311;CPU0;2088;;UNC_M_CAS_COUNT.RD[UNIT0];15997667;100.00;;"
7478 [139785750443712] INFO perfrun.perfcollector <> - PERF_STAT : "     0.788359311;CPU10;137;;UNC_M_CAS_COUNT.RD[UNIT0];15994548;100.00;;"
7478 [139785750443712] INFO perfrun.perfcollector <> - PERF_STAT : "     0.788359311;CPU0;2882;;UNC_M_CAS_COUNT.RD[UNIT1];15997530;100.00;;"
7478 [139785750443712] INFO perfrun.perfcollector <> - PERF_STAT : "     0.788359311;CPU10;172;;UNC_M_CAS_COUNT.RD[UNIT1];15994415;100.00;;"
7478 [139785750443712] INFO perfrun.perfcollector <> - PERF_STAT : "     0.788359311;CPU0;2028;;UNC_M_CAS_COUNT.RD[UNIT4];15997256;100.00;;"
7478 [139785750443712] INFO perfrun.perfcollector <> - PERF_STAT : "     0.788359311;CPU10;124;;UNC_M_CAS_COUNT.RD[UNIT4];15994339;100.00;;"
7478 [139785750443712] INFO perfrun.perfcollector <> - PERF_STAT : "     0.788359311;CPU0;2871;;UNC_M_CAS_COUNT.RD[UNIT5];15997255;100.00;;"
7478 [139785750443712] INFO perfrun.perfcollector <> - PERF_STAT : "     0.788359311;CPU10;198;;UNC_M_CAS_COUNT.RD[UNIT5];15994375;100.00;;"
7478 [139785750443712] INFO perfrun.perfcollector <> - PERF_STAT : "     0.788359311;CPU0;1083;;UNC_M_CAS_COUNT.WR[UNIT0];15997255;100.00;;"
7478 [139785750443712] INFO perfrun.perfcollector <> - PERF_STAT : "     0.788359311;CPU10;71;;UNC_M_CAS_COUNT.WR[UNIT0];15994392;100.00;;"
7478 [139785750443712] INFO perfrun.perfcollector <> - PERF_STAT : "     0.788359311;CPU0;1875;;UNC_M_CAS_COUNT.WR[UNIT1];15997154;100.00;;"
7478 [139785750443712] INFO perfrun.perfcollector <> - PERF_STAT : "     0.788359311;CPU10;127;;UNC_M_CAS_COUNT.WR[UNIT1];15994552;100.00;;"
7478 [139785750443712] INFO perfrun.perfcollector <> - PERF_STAT : "     0.788359311;CPU0;989;;UNC_M_CAS_COUNT.WR[UNIT4];15997152;100.00;;"
7478 [139785750443712] INFO perfrun.perfcollector <> - PERF_STAT : "     0.788359311;CPU10;75;;UNC_M_CAS_COUNT.WR[UNIT4];15994586;100.00;;"
7478 [139785750443712] INFO perfrun.perfcollector <> - PERF_STAT : "     0.788359311;CPU0;1876;;UNC_M_CAS_COUNT.WR[UNIT5];15997174;100.00;;"
7478 [139785750443712] INFO perfrun.perfcollector <> - PERF_STAT : "     0.788359311;CPU10;124;;UNC_M_CAS_COUNT.WR[UNIT5];15994609;100.00;;"
7494 [139785750443712] INFO perfrun.perfcollector <> - PERF_STAT : "     0.804355227;CPU0;2840;;UNC_M_CAS_COUNT.RD[UNIT0];16025149;100.00;;"
7494 [139785750443712] INFO perfrun.perfcollector <> - PERF_STAT : "     0.804355227;CPU10;122;;UNC_M_CAS_COUNT.RD[UNIT0];16026847;100.00;;"
7494 [139785750443712] INFO perfrun.perfcollector <> - PERF_STAT : "     0.804355227;CPU0;3656;;UNC_M_CAS_COUNT.RD[UNIT1];16025430;100.00;;"
7494 [139785750443712] INFO perfrun.perfcollector <> - PERF_STAT : "     0.804355227;CPU10;210;;UNC_M_CAS_COUNT.RD[UNIT1];16026892;100.00;;"
7494 [139785750443712] INFO perfrun.perfcollector <> - PERF_STAT : "     0.804355227;CPU0;2865;;UNC_M_CAS_COUNT.RD[UNIT4];16025739;100.00;;"
7494 [139785750443712] INFO perfrun.perfcollector <> - PERF_STAT : "     0.804355227;CPU10;131;;UNC_M_CAS_COUNT.RD[UNIT4];16026990;100.00;;"
7494 [139785750443712] INFO perfrun.perfcollector <> - PERF_STAT : "     0.804355227;CPU0;3516;;UNC_M_CAS_COUNT.RD[UNIT5];16025931;100.00;;"
7494 [139785750443712] INFO perfrun.perfcollector <> - PERF_STAT : "     0.804355227;CPU10;256;;UNC_M_CAS_COUNT.RD[UNIT5];16027070;100.00;;"
7494 [139785750443712] INFO perfrun.perfcollector <> - PERF_STAT : "     0.804355227;CPU0;1092;;UNC_M_CAS_COUNT.WR[UNIT0];16026060;100.00;;"
7494 [139785750443712] INFO perfrun.perfcollector <> - PERF_STAT : "     0.804355227;CPU10;94;;UNC_M_CAS_COUNT.WR[UNIT0];16027039;100.00;;"
7494 [139785750443712] INFO perfrun.perfcollector <> - PERF_STAT : "     0.804355227;CPU0;1986;;UNC_M_CAS_COUNT.WR[UNIT1];16026271;100.00;;"
7494 [139785750443712] INFO perfrun.perfcollector <> - PERF_STAT : "     0.804355227;CPU10;162;;UNC_M_CAS_COUNT.WR[UNIT1];16026882;100.00;;"
7494 [139785750443712] INFO perfrun.perfcollector <> - PERF_STAT : "     0.804355227;CPU0;1118;;UNC_M_CAS_COUNT.WR[UNIT4];16026406;100.00;;"
7494 [139785750443712] INFO perfrun.perfcollector <> - PERF_STAT : "     0.804355227;CPU10;73;;UNC_M_CAS_COUNT.WR[UNIT4];16026880;100.00;;"
7494 [139785750443712] INFO perfrun.perfcollector <> - PERF_STAT : "     0.804355227;CPU0;1916;;UNC_M_CAS_COUNT.WR[UNIT5];16026526;100.00;;"
7494 [139785750443712] INFO perfrun.perfcollector <> - PERF_STAT : "     0.804355227;CPU10;183;;UNC_M_CAS_COUNT.WR[UNIT5];16026933;100.00;;"
7510 [139785750443712] INFO perfrun.perfcollector <> - PERF_STAT : "     0.820378862;CPU0;2124;;UNC_M_CAS_COUNT.RD[UNIT0];15978580;100.00;;"
7510 [139785750443712] INFO perfrun.perfcollector <> - PERF_STAT : "     0.820378862;CPU10;97;;UNC_M_CAS_COUNT.RD[UNIT0];15977378;100.00;;"
7510 [139785750443712] INFO perfrun.perfcollector <> - PERF_STAT : "     0.820378862;CPU0;2987;;UNC_M_CAS_COUNT.RD[UNIT1];15978325;100.00;;"
7510 [139785750443712] INFO perfrun.perfcollector <> - PERF_STAT : "     0.820378862;CPU10;152;;UNC_M_CAS_COUNT.RD[UNIT1];15977292;100.00;;"
7510 [139785750443712] INFO perfrun.perfcollector <> - PERF_STAT : "     0.820378862;CPU0;2114;;UNC_M_CAS_COUNT.RD[UNIT4];15978036;100.00;;"
7510 [139785750443712] INFO perfrun.perfcollector <> - PERF_STAT : "     0.820378862;CPU10;132;;UNC_M_CAS_COUNT.RD[UNIT4];15977211;100.00;;"
7510 [139785750443712] INFO perfrun.perfcollector <> - PERF_STAT : "     0.820378862;CPU0;2980;;UNC_M_CAS_COUNT.RD[UNIT5];15978046;100.00;;"
7510 [139785750443712] INFO perfrun.perfcollector <> - PERF_STAT : "     0.820378862;CPU10;208;;UNC_M_CAS_COUNT.RD[UNIT5];15977178;100.00;;"
7510 [139785750443712] INFO perfrun.perfcollector <> - PERF_STAT : "     0.820378862;CPU0;1129;;UNC_M_CAS_COUNT.WR[UNIT0];15977995;100.00;;"
7510 [139785750443712] INFO perfrun.perfcollector <> - PERF_STAT : "     0.820378862;CPU10;67;;UNC_M_CAS_COUNT.WR[UNIT0];15977175;100.00;;"
7510 [139785750443712] INFO perfrun.perfcollector <> - PERF_STAT : "     0.820378862;CPU0;1909;;UNC_M_CAS_COUNT.WR[UNIT1];15977769;100.00;;"
7510 [139785750443712] INFO perfrun.perfcollector <> - PERF_STAT : "     0.820378862;CPU10;130;;UNC_M_CAS_COUNT.WR[UNIT1];15977309;100.00;;"
7510 [139785750443712] INFO perfrun.perfcollector <> - PERF_STAT : "     0.820378862;CPU0;1102;;UNC_M_CAS_COUNT.WR[UNIT4];15977884;100.00;;"
7510 [139785750443712] INFO perfrun.perfcollector <> - PERF_STAT : "     0.820378862;CPU10;90;;UNC_M_CAS_COUNT.WR[UNIT4];15977398;100.00;;"
7510 [139785750443712] INFO perfrun.perfcollector <> - PERF_STAT : "     0.820378862;CPU0;1922;;UNC_M_CAS_COUNT.WR[UNIT5];15977738;100.00;;"
7510 [139785750443712] INFO perfrun.perfcollector <> - PERF_STAT : "     0.820378862;CPU10;159;;UNC_M_CAS_COUNT.WR[UNIT5];15977442;100.00;;"
7526 [139785750443712] INFO perfrun.perfcollector <> - PERF_STAT : "     0.836359330;CPU0;2146;;UNC_M_CAS_COUNT.RD[UNIT0];15996223;100.00;;"
7526 [139785750443712] INFO perfrun.perfcollector <> - PERF_STAT : "     0.836359330;CPU10;125;;UNC_M_CAS_COUNT.RD[UNIT0];15997525;100.00;;"
7526 [139785750443712] INFO perfrun.perfcollector <> - PERF_STAT : "     0.836359330;CPU0;2888;;UNC_M_CAS_COUNT.RD[UNIT1];15996271;100.00;;"
7526 [139785750443712] INFO perfrun.perfcollector <> - PERF_STAT : "     0.836359330;CPU10;202;;UNC_M_CAS_COUNT.RD[UNIT1];15997673;100.00;;"
7526 [139785750443712] INFO perfrun.perfcollector <> - PERF_STAT : "     0.836359330;CPU0;2115;;UNC_M_CAS_COUNT.RD[UNIT4];15996318;100.00;;"
7526 [139785750443712] INFO perfrun.perfcollector <> - PERF_STAT : "     0.836359330;CPU10;165;;UNC_M_CAS_COUNT.RD[UNIT4];15997636;100.00;;"
7526 [139785750443712] INFO perfrun.perfcollector <> - PERF_STAT : "     0.836359330;CPU0;2908;;UNC_M_CAS_COUNT.RD[UNIT5];15996283;100.00;;"
7526 [139785750443712] INFO perfrun.perfcollector <> - PERF_STAT : "     0.836359330;CPU10;223;;UNC_M_CAS_COUNT.RD[UNIT5];15997636;100.00;;"
7526 [139785750443712] INFO perfrun.perfcollector <> - PERF_STAT : "     0.836359330;CPU0;1052;;UNC_M_CAS_COUNT.WR[UNIT0];15996292;100.00;;"
7526 [139785750443712] INFO perfrun.perfcollector <> - PERF_STAT : "     0.836359330;CPU10;68;;UNC_M_CAS_COUNT.WR[UNIT0];15997643;100.00;;"
7526 [139785750443712] INFO perfrun.perfcollector <> - PERF_STAT : "     0.836359330;CPU0;1880;;UNC_M_CAS_COUNT.WR[UNIT1];15996474;100.00;;"
7526 [139785750443712] INFO perfrun.perfcollector <> - PERF_STAT : "     0.836359330;CPU10;155;;UNC_M_CAS_COUNT.WR[UNIT1];15997505;100.00;;"
7526 [139785750443712] INFO perfrun.perfcollector <> - PERF_STAT : "     0.836359330;CPU0;1036;;UNC_M_CAS_COUNT.WR[UNIT4];15996231;100.00;;"
7526 [139785750443712] INFO perfrun.perfcollector <> - PERF_STAT : "     0.836359330;CPU10;103;;UNC_M_CAS_COUNT.WR[UNIT4];15997385;100.00;;"
7526 [139785750443712] INFO perfrun.perfcollector <> - PERF_STAT : "     0.836359330;CPU0;1913;;UNC_M_CAS_COUNT.WR[UNIT5];15996410;100.00;;"
7526 [139785750443712] INFO perfrun.perfcollector <> - PERF_STAT : "     0.836359330;CPU10;162;;UNC_M_CAS_COUNT.WR[UNIT5];15997265;100.00;;"
7542 [139785750443712] INFO perfrun.perfcollector <> - PERF_STAT : "     0.852325737;CPU0;2117;;UNC_M_CAS_COUNT.RD[UNIT0];16001174;100.00;;"
7542 [139785750443712] INFO perfrun.perfcollector <> - PERF_STAT : "     0.852325737;CPU10;171;;UNC_M_CAS_COUNT.RD[UNIT0];15997746;100.00;;"
7542 [139785750443712] INFO perfrun.perfcollector <> - PERF_STAT : "     0.852325737;CPU0;2919;;UNC_M_CAS_COUNT.RD[UNIT1];16001158;100.00;;"
7542 [139785750443712] INFO perfrun.perfcollector <> - PERF_STAT : "     0.852325737;CPU10;234;;UNC_M_CAS_COUNT.RD[UNIT1];15997829;100.00;;"
7542 [139785750443712] INFO perfrun.perfcollector <> - PERF_STAT : "     0.852325737;CPU0;2133;;UNC_M_CAS_COUNT.RD[UNIT4];16001199;100.00;;"
7542 [139785750443712] INFO perfrun.perfcollector <> - PERF_STAT : "     0.852325737;CPU10;186;;UNC_M_CAS_COUNT.RD[UNIT4];15997839;100.00;;"
7542 [139785750443712] INFO perfrun.perfcollector <> - PERF_STAT : "     0.852325737;CPU0;2931;;UNC_M_CAS_COUNT.RD[UNIT5];16000907;100.00;;"
7542 [139785750443712] INFO perfrun.perfcollector <> - PERF_STAT : "     0.852325737;CPU10;271;;UNC_M_CAS_COUNT.RD[UNIT5];15997809;100.00;;"
7542 [139785750443712] INFO perfrun.perfcollector <> - PERF_STAT : "     0.852325737;CPU0;1035;;UNC_M_CAS_COUNT.WR[UNIT0];16000865;100.00;;"
7542 [139785750443712] INFO perfrun.perfcollector <> - PERF_STAT : "     0.852325737;CPU10;84;;UNC_M_CAS_COUNT.WR[UNIT0];15997822;100.00;;"
7542 [139785750443712] INFO perfrun.perfcollector <> - PERF_STAT : "     0.852325737;CPU0;1899;;UNC_M_CAS_COUNT.WR[UNIT1];16000699;100.00;;"
7542 [139785750443712] INFO perfrun.perfcollector <> - PERF_STAT : "     0.852325737;CPU10;127;;UNC_M_CAS_COUNT.WR[UNIT1];15997829;100.00;;"
7542 [139785750443712] INFO perfrun.perfcollector <> - PERF_STAT : "     0.852325737;CPU0;1035;;UNC_M_CAS_COUNT.WR[UNIT4];16000791;100.00;;"
7542 [139785750443712] INFO perfrun.perfcollector <> - PERF_STAT : "     0.852325737;CPU10;69;;UNC_M_CAS_COUNT.WR[UNIT4];15997850;100.00;;"
7542 [139785750443712] INFO perfrun.perfcollector <> - PERF_STAT : "     0.852325737;CPU0;1891;;UNC_M_CAS_COUNT.WR[UNIT5];16000706;100.00;;"
7542 [139785750443712] INFO perfrun.perfcollector <> - PERF_STAT : "     0.852325737;CPU10;140;;UNC_M_CAS_COUNT.WR[UNIT5];15997843;100.00;;"
7562 [139785750443712] INFO perfrun.perfcollector <> - PERF_STAT : "     0.868355211;CPU0;2569;;UNC_M_CAS_COUNT.RD[UNIT0];20001280;100.00;;"
7562 [139785750443712] INFO perfrun.perfcollector <> - PERF_STAT : "     0.868355211;CPU10;99;;UNC_M_CAS_COUNT.RD[UNIT0];20003529;100.00;;"
7562 [139785750443712] INFO perfrun.perfcollector <> - PERF_STAT : "     0.868355211;CPU0;3619;;UNC_M_CAS_COUNT.RD[UNIT1];20001396;100.00;;"
7562 [139785750443712] INFO perfrun.perfcollector <> - PERF_STAT : "     0.868355211;CPU10;171;;UNC_M_CAS_COUNT.RD[UNIT1];20003552;100.00;;"
7562 [139785750443712] INFO perfrun.perfcollector <> - PERF_STAT : "     0.868355211;CPU0;2572;;UNC_M_CAS_COUNT.RD[UNIT4];20001319;100.00;;"
7562 [139785750443712] INFO perfrun.perfcollector <> - PERF_STAT : "     0.868355211;CPU10;126;;UNC_M_CAS_COUNT.RD[UNIT4];20003586;100.00;;"
7562 [139785750443712] INFO perfrun.perfcollector <> - PERF_STAT : "     0.868355211;CPU0;3607;;UNC_M_CAS_COUNT.RD[UNIT5];20001523;100.00;;"
7562 [139785750443712] INFO perfrun.perfcollector <> - PERF_STAT : "     0.868355211;CPU10;203;;UNC_M_CAS_COUNT.RD[UNIT5];20003689;100.00;;"
7562 [139785750443712] INFO perfrun.perfcollector <> - PERF_STAT : "     0.868355211;CPU0;1316;;UNC_M_CAS_COUNT.WR[UNIT0];20001559;100.00;;"
7562 [139785750443712] INFO perfrun.perfcollector <> - PERF_STAT : "     0.868355211;CPU10;81;;UNC_M_CAS_COUNT.WR[UNIT0];20003662;100.00;;"
7562 [139785750443712] INFO perfrun.perfcollector <> - PERF_STAT : "     0.868355211;CPU0;2377;;UNC_M_CAS_COUNT.WR[UNIT1];20001656;100.00;;"
7562 [139785750443712] INFO perfrun.perfcollector <> - PERF_STAT : "     0.868355211;CPU10;138;;UNC_M_CAS_COUNT.WR[UNIT1];20003666;100.00;;"
7562 [139785750443712] INFO perfrun.perfcollector <> - PERF_STAT : "     0.868355211;CPU0;1322;;UNC_M_CAS_COUNT.WR[UNIT4];20001550;100.00;;"
7562 [139785750443712] INFO perfrun.perfcollector <> - PERF_STAT : "     0.868355211;CPU10;87;;UNC_M_CAS_COUNT.WR[UNIT4];20003665;100.00;;"
7562 [139785750443712] INFO perfrun.perfcollector <> - PERF_STAT : "     0.868355211;CPU0;2367;;UNC_M_CAS_COUNT.WR[UNIT5];20001464;100.00;;"
7562 [139785750443712] INFO perfrun.perfcollector <> - PERF_STAT : "     0.868355211;CPU10;168;;UNC_M_CAS_COUNT.WR[UNIT5];20003669;100.00;;"
7578 [139785750443712] INFO perfrun.perfcollector <> - PERF_STAT : "     0.888358560;CPU0;2165;;UNC_M_CAS_COUNT.RD[UNIT0];16015117;100.00;;"
7578 [139785750443712] INFO perfrun.perfcollector <> - PERF_STAT : "     0.888358560;CPU10;241;;UNC_M_CAS_COUNT.RD[UNIT0];16028074;100.00;;"
7578 [139785750443712] INFO perfrun.perfcollector <> - PERF_STAT : "     0.888358560;CPU0;2937;;UNC_M_CAS_COUNT.RD[UNIT1];16015058;100.00;;"
7578 [139785750443712] INFO perfrun.perfcollector <> - PERF_STAT : "     0.888358560;CPU10;303;;UNC_M_CAS_COUNT.RD[UNIT1];16027880;100.00;;"
7578 [139785750443712] INFO perfrun.perfcollector <> - PERF_STAT : "     0.888358560;CPU0;2124;;UNC_M_CAS_COUNT.RD[UNIT4];16015031;100.00;;"
7578 [139785750443712] INFO perfrun.perfcollector <> - PERF_STAT : "     0.888358560;CPU10;295;;UNC_M_CAS_COUNT.RD[UNIT4];16028184;100.00;;"
7578 [139785750443712] INFO perfrun.perfcollector <> - PERF_STAT : "     0.888358560;CPU0;2997;;UNC_M_CAS_COUNT.RD[UNIT5];16015229;100.00;;"
7578 [139785750443712] INFO perfrun.perfcollector <> - PERF_STAT : "     0.888358560;CPU10;372;;UNC_M_CAS_COUNT.RD[UNIT5];16028131;100.00;;"
7578 [139785750443712] INFO perfrun.perfcollector <> - PERF_STAT : "     0.888358560;CPU0;1086;;UNC_M_CAS_COUNT.WR[UNIT0];16026872;100.00;;"
7578 [139785750443712] INFO perfrun.perfcollector <> - PERF_STAT : "     0.888358560;CPU10;124;;UNC_M_CAS_COUNT.WR[UNIT0];16028181;100.00;;"
7578 [139785750443712] INFO perfrun.perfcollector <> - PERF_STAT : "     0.888358560;CPU0;1940;;UNC_M_CAS_COUNT.WR[UNIT1];16026966;100.00;;"
7578 [139785750443712] INFO perfrun.perfcollector <> - PERF_STAT : "     0.888358560;CPU10;186;;UNC_M_CAS_COUNT.WR[UNIT1];16028174;100.00;;"
7578 [139785750443712] INFO perfrun.perfcollector <> - PERF_STAT : "     0.888358560;CPU0;1070;;UNC_M_CAS_COUNT.WR[UNIT4];16027132;100.00;;"
7578 [139785750443712] INFO perfrun.perfcollector <> - PERF_STAT : "     0.888358560;CPU10;153;;UNC_M_CAS_COUNT.WR[UNIT4];16028158;100.00;;"
7578 [139785750443712] INFO perfrun.perfcollector <> - PERF_STAT : "     0.888358560;CPU0;1938;;UNC_M_CAS_COUNT.WR[UNIT5];16027542;100.00;;"
7578 [139785750443712] INFO perfrun.perfcollector <> - PERF_STAT : "     0.888358560;CPU10;229;;UNC_M_CAS_COUNT.WR[UNIT5];16028261;100.00;;"
7594 [139785750443712] INFO perfrun.perfcollector <> - PERF_STAT : "     0.904358087;CPU0;4892;;UNC_M_CAS_COUNT.RD[UNIT0];15987102;100.00;;"
7594 [139785750443712] INFO perfrun.perfcollector <> - PERF_STAT : "     0.904358087;CPU10;2833;;UNC_M_CAS_COUNT.RD[UNIT0];15975814;100.00;;"
7594 [139785750443712] INFO perfrun.perfcollector <> - PERF_STAT : "     0.904358087;CPU0;5660;;UNC_M_CAS_COUNT.RD[UNIT1];15987020;100.00;;"
7594 [139785750443712] INFO perfrun.perfcollector <> - PERF_STAT : "     0.904358087;CPU10;2955;;UNC_M_CAS_COUNT.RD[UNIT1];15975791;100.00;;"
7594 [139785750443712] INFO perfrun.perfcollector <> - PERF_STAT : "     0.904358087;CPU0;4841;;UNC_M_CAS_COUNT.RD[UNIT4];15987117;100.00;;"
7594 [139785750443712] INFO perfrun.perfcollector <> - PERF_STAT : "     0.904358087;CPU10;2884;;UNC_M_CAS_COUNT.RD[UNIT4];15975456;100.00;;"
7594 [139785750443712] INFO perfrun.perfcollector <> - PERF_STAT : "     0.904358087;CPU0;5725;;UNC_M_CAS_COUNT.RD[UNIT5];15986800;100.00;;"
7594 [139785750443712] INFO perfrun.perfcollector <> - PERF_STAT : "     0.904358087;CPU10;3139;;UNC_M_CAS_COUNT.RD[UNIT5];15975517;100.00;;"
7594 [139785750443712] INFO perfrun.perfcollector <> - PERF_STAT : "     0.904358087;CPU0;2901;;UNC_M_CAS_COUNT.WR[UNIT0];15975116;100.00;;"
7594 [139785750443712] INFO perfrun.perfcollector <> - PERF_STAT : "     0.904358087;CPU10;260;;UNC_M_CAS_COUNT.WR[UNIT0];15975526;100.00;;"
7594 [139785750443712] INFO perfrun.perfcollector <> - PERF_STAT : "     0.904358087;CPU0;3829;;UNC_M_CAS_COUNT.WR[UNIT1];15975008;100.00;;"
7594 [139785750443712] INFO perfrun.perfcollector <> - PERF_STAT : "     0.904358087;CPU10;379;;UNC_M_CAS_COUNT.WR[UNIT1];15975610;100.00;;"
7594 [139785750443712] INFO perfrun.perfcollector <> - PERF_STAT : "     0.904358087;CPU0;2953;;UNC_M_CAS_COUNT.WR[UNIT4];15974858;100.00;;"
7594 [139785750443712] INFO perfrun.perfcollector <> - PERF_STAT : "     0.904358087;CPU10;286;;UNC_M_CAS_COUNT.WR[UNIT4];15975626;100.00;;"
7594 [139785750443712] INFO perfrun.perfcollector <> - PERF_STAT : "     0.904358087;CPU0;3750;;UNC_M_CAS_COUNT.WR[UNIT5];15974453;100.00;;"
7594 [139785750443712] INFO perfrun.perfcollector <> - PERF_STAT : "     0.904358087;CPU10;467;;UNC_M_CAS_COUNT.WR[UNIT5];15975583;100.00;;"
7609 [139785750443712] INFO perfrun.perfcollector <> - PERF_STAT : "     0.920360428;CPU0;2354;;UNC_M_CAS_COUNT.RD[UNIT0];15997692;100.00;;"
7610 [139785750443712] INFO perfrun.perfcollector <> - PERF_STAT : "     0.920360428;CPU10;136;;UNC_M_CAS_COUNT.RD[UNIT0];15976015;100.00;;"
7610 [139785750443712] INFO perfrun.perfcollector <> - PERF_STAT : "     0.920360428;CPU0;3167;;UNC_M_CAS_COUNT.RD[UNIT1];15997561;100.00;;"
7610 [139785750443712] INFO perfrun.perfcollector <> - PERF_STAT : "     0.920360428;CPU10;207;;UNC_M_CAS_COUNT.RD[UNIT1];15973128;100.00;;"
7610 [139785750443712] INFO perfrun.perfcollector <> - PERF_STAT : "     0.920360428;CPU0;2334;;UNC_M_CAS_COUNT.RD[UNIT4];15997476;100.00;;"
7610 [139785750443712] INFO perfrun.perfcollector <> - PERF_STAT : "     0.920360428;CPU10;139;;UNC_M_CAS_COUNT.RD[UNIT4];15971435;100.00;;"
7610 [139785750443712] INFO perfrun.perfcollector <> - PERF_STAT : "     0.920360428;CPU0;3191;;UNC_M_CAS_COUNT.RD[UNIT5];15997385;100.00;;"
7610 [139785750443712] INFO perfrun.perfcollector <> - PERF_STAT : "     0.920360428;CPU10;225;;UNC_M_CAS_COUNT.RD[UNIT5];15969497;100.00;;"
7610 [139785750443712] INFO perfrun.perfcollector <> - PERF_STAT : "     0.920360428;CPU0;1049;;UNC_M_CAS_COUNT.WR[UNIT0];15997458;100.00;;"
7610 [139785750443712] INFO perfrun.perfcollector <> - PERF_STAT : "     0.920360428;CPU10;90;;UNC_M_CAS_COUNT.WR[UNIT0];15967616;100.00;;"
7610 [139785750443712] INFO perfrun.perfcollector <> - PERF_STAT : "     0.920360428;CPU0;1928;;UNC_M_CAS_COUNT.WR[UNIT1];15997355;100.00;;"
7610 [139785750443712] INFO perfrun.perfcollector <> - PERF_STAT : "     0.920360428;CPU10;152;;UNC_M_CAS_COUNT.WR[UNIT1];15965666;100.00;;"
7610 [139785750443712] INFO perfrun.perfcollector <> - PERF_STAT : "     0.920360428;CPU0;997;;UNC_M_CAS_COUNT.WR[UNIT4];15997347;100.00;;"
7610 [139785750443712] INFO perfrun.perfcollector <> - PERF_STAT : "     0.920360428;CPU10;83;;UNC_M_CAS_COUNT.WR[UNIT4];15963884;100.00;;"
7610 [139785750443712] INFO perfrun.perfcollector <> - PERF_STAT : "     0.920360428;CPU0;1818;;UNC_M_CAS_COUNT.WR[UNIT5];15997328;100.00;;"
7610 [139785750443712] INFO perfrun.perfcollector <> - PERF_STAT : "     0.920360428;CPU10;170;;UNC_M_CAS_COUNT.WR[UNIT5];15962047;100.00;;"
7626 [139785750443712] INFO perfrun.perfcollector <> - PERF_STAT : "     0.936275002;CPU0;2930;;UNC_M_CAS_COUNT.RD[UNIT0];15998810;100.00;;"
7626 [139785750443712] INFO perfrun.perfcollector <> - PERF_STAT : "     0.936275002;CPU10;135;;UNC_M_CAS_COUNT.RD[UNIT0];16019306;100.00;;"
7626 [139785750443712] INFO perfrun.perfcollector <> - PERF_STAT : "     0.936275002;CPU0;3565;;UNC_M_CAS_COUNT.RD[UNIT1];15999048;100.00;;"
7626 [139785750443712] INFO perfrun.perfcollector <> - PERF_STAT : "     0.936275002;CPU10;201;;UNC_M_CAS_COUNT.RD[UNIT1];16022253;100.00;;"
7626 [139785750443712] INFO perfrun.perfcollector <> - PERF_STAT : "     0.936275002;CPU0;2948;;UNC_M_CAS_COUNT.RD[UNIT4];15999055;100.00;;"
7626 [139785750443712] INFO perfrun.perfcollector <> - PERF_STAT : "     0.936275002;CPU10;147;;UNC_M_CAS_COUNT.RD[UNIT4];16023963;100.00;;"
7626 [139785750443712] INFO perfrun.perfcollector <> - PERF_STAT : "     0.936275002;CPU0;3590;;UNC_M_CAS_COUNT.RD[UNIT5];15999239;100.00;;"
7626 [139785750443712] INFO perfrun.perfcollector <> - PERF_STAT : "     0.936275002;CPU10;216;;UNC_M_CAS_COUNT.RD[UNIT5];16025947;100.00;;"
7626 [139785750443712] INFO perfrun.perfcollector <> - PERF_STAT : "     0.936275002;CPU0;1155;;UNC_M_CAS_COUNT.WR[UNIT0];15999384;100.00;;"
7626 [139785750443712] INFO perfrun.perfcollector <> - PERF_STAT : "     0.936275002;CPU10;95;;UNC_M_CAS_COUNT.WR[UNIT0];16027783;100.00;;"
7626 [139785750443712] INFO perfrun.perfcollector <> - PERF_STAT : "     0.936275002;CPU0;1927;;UNC_M_CAS_COUNT.WR[UNIT1];15999582;100.00;;"
7626 [139785750443712] INFO perfrun.perfcollector <> - PERF_STAT : "     0.936275002;CPU10;183;;UNC_M_CAS_COUNT.WR[UNIT1];16029645;100.00;;"
7626 [139785750443712] INFO perfrun.perfcollector <> - PERF_STAT : "     0.936275002;CPU0;1139;;UNC_M_CAS_COUNT.WR[UNIT4];15999584;100.00;;"
7626 [139785750443712] INFO perfrun.perfcollector <> - PERF_STAT : "     0.936275002;CPU10;89;;UNC_M_CAS_COUNT.WR[UNIT4];16031437;100.00;;"
7626 [139785750443712] INFO perfrun.perfcollector <> - PERF_STAT : "     0.936275002;CPU0;1999;;UNC_M_CAS_COUNT.WR[UNIT5];15999594;100.00;;"
7626 [139785750443712] INFO perfrun.perfcollector <> - PERF_STAT : "     0.936275002;CPU10;196;;UNC_M_CAS_COUNT.WR[UNIT5];16033401;100.00;;"
7642 [139785750443712] INFO perfrun.perfcollector <> - PERF_STAT : "     0.952355154;CPU0;2133;;UNC_M_CAS_COUNT.RD[UNIT0];16012353;100.00;;"
7642 [139785750443712] INFO perfrun.perfcollector <> - PERF_STAT : "     0.952355154;CPU10;83;;UNC_M_CAS_COUNT.RD[UNIT0];16018326;100.00;;"
7642 [139785750443712] INFO perfrun.perfcollector <> - PERF_STAT : "     0.952355154;CPU0;2934;;UNC_M_CAS_COUNT.RD[UNIT1];16012323;100.00;;"
7642 [139785750443712] INFO perfrun.perfcollector <> - PERF_STAT : "     0.952355154;CPU10;155;;UNC_M_CAS_COUNT.RD[UNIT1];16015378;100.00;;"
7642 [139785750443712] INFO perfrun.perfcollector <> - PERF_STAT : "     0.952355154;CPU0;2163;;UNC_M_CAS_COUNT.RD[UNIT4];16012496;100.00;;"
7642 [139785750443712] INFO perfrun.perfcollector <> - PERF_STAT : "     0.952355154;CPU10;117;;UNC_M_CAS_COUNT.RD[UNIT4];16013717;100.00;;"
7642 [139785750443712] INFO perfrun.perfcollector <> - PERF_STAT : "     0.952355154;CPU0;3007;;UNC_M_CAS_COUNT.RD[UNIT5];16012415;100.00;;"
7642 [139785750443712] INFO perfrun.perfcollector <> - PERF_STAT : "     0.952355154;CPU10;198;;UNC_M_CAS_COUNT.RD[UNIT5];16011870;100.00;;"
7642 [139785750443712] INFO perfrun.perfcollector <> - PERF_STAT : "     0.952355154;CPU0;1076;;UNC_M_CAS_COUNT.WR[UNIT0];16012373;100.00;;"
7642 [139785750443712] INFO perfrun.perfcollector <> - PERF_STAT : "     0.952355154;CPU10;73;;UNC_M_CAS_COUNT.WR[UNIT0];16010023;100.00;;"
7642 [139785750443712] INFO perfrun.perfcollector <> - PERF_STAT : "     0.952355154;CPU0;1921;;UNC_M_CAS_COUNT.WR[UNIT1];16012251;100.00;;"
7642 [139785750443712] INFO perfrun.perfcollector <> - PERF_STAT : "     0.952355154;CPU10;137;;UNC_M_CAS_COUNT.WR[UNIT1];16008167;100.00;;"
7642 [139785750443712] INFO perfrun.perfcollector <> - PERF_STAT : "     0.952355154;CPU0;1098;;UNC_M_CAS_COUNT.WR[UNIT4];16012487;100.00;;"
7642 [139785750443712] INFO perfrun.perfcollector <> - PERF_STAT : "     0.952355154;CPU10;75;;UNC_M_CAS_COUNT.WR[UNIT4];16006374;100.00;;"
7642 [139785750443712] INFO perfrun.perfcollector <> - PERF_STAT : "     0.952355154;CPU0;1885;;UNC_M_CAS_COUNT.WR[UNIT5];16012568;100.00;;"
7642 [139785750443712] INFO perfrun.perfcollector <> - PERF_STAT : "     0.952355154;CPU10;156;;UNC_M_CAS_COUNT.WR[UNIT5];16004394;100.00;;"
7662 [139785750443712] INFO perfrun.perfcollector <> - PERF_STAT : "     0.968305518;CPU0;2571;;UNC_M_CAS_COUNT.RD[UNIT0];19990832;100.00;;"
7662 [139785750443712] INFO perfrun.perfcollector <> - PERF_STAT : "     0.968305518;CPU10;95;;UNC_M_CAS_COUNT.RD[UNIT0];19984509;100.00;;"
7662 [139785750443712] INFO perfrun.perfcollector <> - PERF_STAT : "     0.968305518;CPU0;3609;;UNC_M_CAS_COUNT.RD[UNIT1];19990752;100.00;;"
7662 [139785750443712] INFO perfrun.perfcollector <> - PERF_STAT : "     0.968305518;CPU10;165;;UNC_M_CAS_COUNT.RD[UNIT1];19987435;100.00;;"
7662 [139785750443712] INFO perfrun.perfcollector <> - PERF_STAT : "     0.968305518;CPU0;2537;;UNC_M_CAS_COUNT.RD[UNIT4];19990577;100.00;;"
7662 [139785750443712] INFO perfrun.perfcollector <> - PERF_STAT : "     0.968305518;CPU10;124;;UNC_M_CAS_COUNT.RD[UNIT4];19989102;100.00;;"
7662 [139785750443712] INFO perfrun.perfcollector <> - PERF_STAT : "     0.968305518;CPU0;3604;;UNC_M_CAS_COUNT.RD[UNIT5];19990597;100.00;;"
7662 [139785750443712] INFO perfrun.perfcollector <> - PERF_STAT : "     0.968305518;CPU10;189;;UNC_M_CAS_COUNT.RD[UNIT5];19990889;100.00;;"
7662 [139785750443712] INFO perfrun.perfcollector <> - PERF_STAT : "     0.968305518;CPU0;1360;;UNC_M_CAS_COUNT.WR[UNIT0];19990381;100.00;;"
7662 [139785750443712] INFO perfrun.perfcollector <> - PERF_STAT : "     0.968305518;CPU10;73;;UNC_M_CAS_COUNT.WR[UNIT0];19992772;100.00;;"
7662 [139785750443712] INFO perfrun.perfcollector <> - PERF_STAT : "     0.968305518;CPU0;2478;;UNC_M_CAS_COUNT.WR[UNIT1];19990311;100.00;;"
7662 [139785750443712] INFO perfrun.perfcollector <> - PERF_STAT : "     0.968305518;CPU10;118;;UNC_M_CAS_COUNT.WR[UNIT1];19994643;100.00;;"
7662 [139785750443712] INFO perfrun.perfcollector <> - PERF_STAT : "     0.968305518;CPU0;1320;;UNC_M_CAS_COUNT.WR[UNIT4];19990158;100.00;;"
7662 [139785750443712] INFO perfrun.perfcollector <> - PERF_STAT : "     0.968305518;CPU10;76;;UNC_M_CAS_COUNT.WR[UNIT4];19996419;100.00;;"
7662 [139785750443712] INFO perfrun.perfcollector <> - PERF_STAT : "     0.968305518;CPU0;2399;;UNC_M_CAS_COUNT.WR[UNIT5];19990057;100.00;;"
7662 [139785750443712] INFO perfrun.perfcollector <> - PERF_STAT : "     0.968305518;CPU10;147;;UNC_M_CAS_COUNT.WR[UNIT5];19998275;100.00;;"
7678 [139785750443712] INFO perfrun.perfcollector <> - PERF_STAT : "     0.988364251;CPU0;2061;;UNC_M_CAS_COUNT.RD[UNIT0];15996607;100.00;;"
7678 [139785750443712] INFO perfrun.perfcollector <> - PERF_STAT : "     0.988364251;CPU10;166;;UNC_M_CAS_COUNT.RD[UNIT0];15997122;100.00;;"
7678 [139785750443712] INFO perfrun.perfcollector <> - PERF_STAT : "     0.988364251;CPU0;2939;;UNC_M_CAS_COUNT.RD[UNIT1];15996442;100.00;;"
7678 [139785750443712] INFO perfrun.perfcollector <> - PERF_STAT : "     0.988364251;CPU10;258;;UNC_M_CAS_COUNT.RD[UNIT1];15997011;100.00;;"
7678 [139785750443712] INFO perfrun.perfcollector <> - PERF_STAT : "     0.988364251;CPU0;2092;;UNC_M_CAS_COUNT.RD[UNIT4];15996547;100.00;;"
7678 [139785750443712] INFO perfrun.perfcollector <> - PERF_STAT : "     0.988364251;CPU10;238;;UNC_M_CAS_COUNT.RD[UNIT4];15996995;100.00;;"
7678 [139785750443712] INFO perfrun.perfcollector <> - PERF_STAT : "     0.988364251;CPU0;2933;;UNC_M_CAS_COUNT.RD[UNIT5];15996440;100.00;;"
7678 [139785750443712] INFO perfrun.perfcollector <> - PERF_STAT : "     0.988364251;CPU10;317;;UNC_M_CAS_COUNT.RD[UNIT5];15996828;100.00;;"
7678 [139785750443712] INFO perfrun.perfcollector <> - PERF_STAT : "     0.988364251;CPU0;1073;;UNC_M_CAS_COUNT.WR[UNIT0];15996486;100.00;;"
7678 [139785750443712] INFO perfrun.perfcollector <> - PERF_STAT : "     0.988364251;CPU10;101;;UNC_M_CAS_COUNT.WR[UNIT0];15996812;100.00;;"
7678 [139785750443712] INFO perfrun.perfcollector <> - PERF_STAT : "     0.988364251;CPU0;1924;;UNC_M_CAS_COUNT.WR[UNIT1];15996757;100.00;;"
7678 [139785750443712] INFO perfrun.perfcollector <> - PERF_STAT : "     0.988364251;CPU10;171;;UNC_M_CAS_COUNT.WR[UNIT1];15996821;100.00;;"
7678 [139785750443712] INFO perfrun.perfcollector <> - PERF_STAT : "     0.988364251;CPU0;1067;;UNC_M_CAS_COUNT.WR[UNIT4];15996723;100.00;;"
7678 [139785750443712] INFO perfrun.perfcollector <> - PERF_STAT : "     0.988364251;CPU10;101;;UNC_M_CAS_COUNT.WR[UNIT4];15996838;100.00;;"
7678 [139785750443712] INFO perfrun.perfcollector <> - PERF_STAT : "     0.988364251;CPU0;1901;;UNC_M_CAS_COUNT.WR[UNIT5];15996727;100.00;;"
7678 [139785750443712] INFO perfrun.perfcollector <> - PERF_STAT : "     0.988364251;CPU10;169;;UNC_M_CAS_COUNT.WR[UNIT5];15996848;100.00;;"
7694 [139785750443712] INFO perfrun.perfcollector <> - PERF_STAT : "     1.004354264;CPU0;2079;;UNC_M_CAS_COUNT.RD[UNIT0];16002156;100.00;;"
7694 [139785750443712] INFO perfrun.perfcollector <> - PERF_STAT : "     1.004354264;CPU10;135;;UNC_M_CAS_COUNT.RD[UNIT0];16007251;100.00;;"
7694 [139785750443712] INFO perfrun.perfcollector <> - PERF_STAT : "     1.004354264;CPU0;2917;;UNC_M_CAS_COUNT.RD[UNIT1];16002339;100.00;;"
7694 [139785750443712] INFO perfrun.perfcollector <> - PERF_STAT : "     1.004354264;CPU10;178;;UNC_M_CAS_COUNT.RD[UNIT1];16004414;100.00;;"
7694 [139785750443712] INFO perfrun.perfcollector <> - PERF_STAT : "     1.004354264;CPU0;2097;;UNC_M_CAS_COUNT.RD[UNIT4];16002205;100.00;;"
7694 [139785750443712] INFO perfrun.perfcollector <> - PERF_STAT : "     1.004354264;CPU10;150;;UNC_M_CAS_COUNT.RD[UNIT4];16002576;100.00;;"
7694 [139785750443712] INFO perfrun.perfcollector <> - PERF_STAT : "     1.004354264;CPU0;2970;;UNC_M_CAS_COUNT.RD[UNIT5];16002206;100.00;;"
7694 [139785750443712] INFO perfrun.perfcollector <> - PERF_STAT : "     1.004354264;CPU10;205;;UNC_M_CAS_COUNT.RD[UNIT5];16000905;100.00;;"
7694 [139785750443712] INFO perfrun.perfcollector <> - PERF_STAT : "     1.004354264;CPU0;1036;;UNC_M_CAS_COUNT.WR[UNIT0];16002140;100.00;;"
7694 [139785750443712] INFO perfrun.perfcollector <> - PERF_STAT : "     1.004354264;CPU10;76;;UNC_M_CAS_COUNT.WR[UNIT0];15999037;100.00;;"
7694 [139785750443712] INFO perfrun.perfcollector <> - PERF_STAT : "     1.004354264;CPU0;1873;;UNC_M_CAS_COUNT.WR[UNIT1];16001867;100.00;;"
7694 [139785750443712] INFO perfrun.perfcollector <> - PERF_STAT : "     1.004354264;CPU10;148;;UNC_M_CAS_COUNT.WR[UNIT1];15997160;100.00;;"
7694 [139785750443712] INFO perfrun.perfcollector <> - PERF_STAT : "     1.004354264;CPU0;1001;;UNC_M_CAS_COUNT.WR[UNIT4];16001818;100.00;;"
7694 [139785750443712] INFO perfrun.perfcollector <> - PERF_STAT : "     1.004354264;CPU10;76;;UNC_M_CAS_COUNT.WR[UNIT4];15995463;100.00;;"
7694 [139785750443712] INFO perfrun.perfcollector <> - PERF_STAT : "     1.004354264;CPU0;1891;;UNC_M_CAS_COUNT.WR[UNIT5];16001837;100.00;;"
7694 [139785750443712] INFO perfrun.perfcollector <> - PERF_STAT : "     1.004354264;CPU10;144;;UNC_M_CAS_COUNT.WR[UNIT5];15993616;100.00;;"
7710 [139785750443712] INFO perfrun.perfcollector <> - PERF_STAT : "     1.020271362;CPU0;2168;;UNC_M_CAS_COUNT.RD[UNIT0];15999823;100.00;;"
7710 [139785750443712] INFO perfrun.perfcollector <> - PERF_STAT : "     1.020271362;CPU10;313;;UNC_M_CAS_COUNT.RD[UNIT0];15992969;100.00;;"
7710 [139785750443712] INFO perfrun.perfcollector <> - PERF_STAT : "     1.020271362;CPU0;2955;;UNC_M_CAS_COUNT.RD[UNIT1];15999701;100.00;;"
7710 [139785750443712] INFO perfrun.perfcollector <> - PERF_STAT : "     1.020271362;CPU10;356;;UNC_M_CAS_COUNT.RD[UNIT1];15995800;100.00;;"
7710 [139785750443712] INFO perfrun.perfcollector <> - PERF_STAT : "     1.020271362;CPU0;2163;;UNC_M_CAS_COUNT.RD[UNIT4];15999754;100.00;;"
7710 [139785750443712] INFO perfrun.perfcollector <> - PERF_STAT : "     1.020271362;CPU10;334;;UNC_M_CAS_COUNT.RD[UNIT4];15997691;100.00;;"
7710 [139785750443712] INFO perfrun.perfcollector <> - PERF_STAT : "     1.020271362;CPU0;3020;;UNC_M_CAS_COUNT.RD[UNIT5];15999982;100.00;;"
7710 [139785750443712] INFO perfrun.perfcollector <> - PERF_STAT : "     1.020271362;CPU10;413;;UNC_M_CAS_COUNT.RD[UNIT5];15999419;100.00;;"
7710 [139785750443712] INFO perfrun.perfcollector <> - PERF_STAT : "     1.020271362;CPU0;1102;;UNC_M_CAS_COUNT.WR[UNIT0];16000035;100.00;;"
7710 [139785750443712] INFO perfrun.perfcollector <> - PERF_STAT : "     1.020271362;CPU10;90;;UNC_M_CAS_COUNT.WR[UNIT0];16001413;100.00;;"
7710 [139785750443712] INFO perfrun.perfcollector <> - PERF_STAT : "     1.020271362;CPU0;1914;;UNC_M_CAS_COUNT.WR[UNIT1];16000208;100.00;;"
7710 [139785750443712] INFO perfrun.perfcollector <> - PERF_STAT : "     1.020271362;CPU10;146;;UNC_M_CAS_COUNT.WR[UNIT1];16003410;100.00;;"
7710 [139785750443712] INFO perfrun.perfcollector <> - PERF_STAT : "     1.020271362;CPU0;1109;;UNC_M_CAS_COUNT.WR[UNIT4];16000214;100.00;;"
7710 [139785750443712] INFO perfrun.perfcollector <> - PERF_STAT : "     1.020271362;CPU10;90;;UNC_M_CAS_COUNT.WR[UNIT4];16005137;100.00;;"
7710 [139785750443712] INFO perfrun.perfcollector <> - PERF_STAT : "     1.020271362;CPU0;1895;;UNC_M_CAS_COUNT.WR[UNIT5];16000478;100.00;;"
7710 [139785750443712] INFO perfrun.perfcollector <> - PERF_STAT : "     1.020271362;CPU10;165;;UNC_M_CAS_COUNT.WR[UNIT5];16006978;100.00;;"
7726 [139785750443712] INFO perfrun.perfcollector <> - PERF_STAT : "     1.036354837;CPU0;2031;;UNC_M_CAS_COUNT.RD[UNIT0];15998792;100.00;;"
7726 [139785750443712] INFO perfrun.perfcollector <> - PERF_STAT : "     1.036354837;CPU10;102;;UNC_M_CAS_COUNT.RD[UNIT0];15998026;100.00;;"
7726 [139785750443712] INFO perfrun.perfcollector <> - PERF_STAT : "     1.036354837;CPU0;2872;;UNC_M_CAS_COUNT.RD[UNIT1];15998737;100.00;;"
7726 [139785750443712] INFO perfrun.perfcollector <> - PERF_STAT : "     1.036354837;CPU10;174;;UNC_M_CAS_COUNT.RD[UNIT1];15998043;100.00;;"
7726 [139785750443712] INFO perfrun.perfcollector <> - PERF_STAT : "     1.036354837;CPU0;2028;;UNC_M_CAS_COUNT.RD[UNIT4];15998637;100.00;;"
7726 [139785750443712] INFO perfrun.perfcollector <> - PERF_STAT : "     1.036354837;CPU10;119;;UNC_M_CAS_COUNT.RD[UNIT4];15997990;100.00;;"
7726 [139785750443712] INFO perfrun.perfcollector <> - PERF_STAT : "     1.036354837;CPU0;2875;;UNC_M_CAS_COUNT.RD[UNIT5];15998640;100.00;;"
7726 [139785750443712] INFO perfrun.perfcollector <> - PERF_STAT : "     1.036354837;CPU10;198;;UNC_M_CAS_COUNT.RD[UNIT5];15998223;100.00;;"
7726 [139785750443712] INFO perfrun.perfcollector <> - PERF_STAT : "     1.036354837;CPU0;932;;UNC_M_CAS_COUNT.WR[UNIT0];15998611;100.00;;"
7726 [139785750443712] INFO perfrun.perfcollector <> - PERF_STAT : "     1.036354837;CPU10;80;;UNC_M_CAS_COUNT.WR[UNIT0];15998180;100.00;;"
7726 [139785750443712] INFO perfrun.perfcollector <> - PERF_STAT : "     1.036354837;CPU0;1774;;UNC_M_CAS_COUNT.WR[UNIT1];15998525;100.00;;"
7726 [139785750443712] INFO perfrun.perfcollector <> - PERF_STAT : "     1.036354837;CPU10;134;;UNC_M_CAS_COUNT.WR[UNIT1];15998069;100.00;;"
7726 [139785750443712] INFO perfrun.perfcollector <> - PERF_STAT : "     1.036354837;CPU0;1035;;UNC_M_CAS_COUNT.WR[UNIT4];15998518;100.00;;"
7726 [139785750443712] INFO perfrun.perfcollector <> - PERF_STAT : "     1.036354837;CPU10;83;;UNC_M_CAS_COUNT.WR[UNIT4];15998033;100.00;;"
7726 [139785750443712] INFO perfrun.perfcollector <> - PERF_STAT : "     1.036354837;CPU0;1890;;UNC_M_CAS_COUNT.WR[UNIT5];15998264;100.00;;"
7726 [139785750443712] INFO perfrun.perfcollector <> - PERF_STAT : "     1.036354837;CPU10;161;;UNC_M_CAS_COUNT.WR[UNIT5];15998049;100.00;;"
7741 [139785750443712] INFO perfrun.perfcollector <> - PERF_STAT : "     1.052351661;CPU0;3105;;UNC_M_CAS_COUNT.RD[UNIT0];16006081;100.00;;"
7742 [139785750443712] INFO perfrun.perfcollector <> - PERF_STAT : "     1.052351661;CPU10;170;;UNC_M_CAS_COUNT.RD[UNIT0];15992609;100.00;;"
7742 [139785750443712] INFO perfrun.perfcollector <> - PERF_STAT : "     1.052351661;CPU0;3842;;UNC_M_CAS_COUNT.RD[UNIT1];16006461;100.00;;"
7742 [139785750443712] INFO perfrun.perfcollector <> - PERF_STAT : "     1.052351661;CPU10;314;;UNC_M_CAS_COUNT.RD[UNIT1];15989884;100.00;;"
7742 [139785750443712] INFO perfrun.perfcollector <> - PERF_STAT : "     1.052351661;CPU0;3104;;UNC_M_CAS_COUNT.RD[UNIT4];16006700;100.00;;"
7742 [139785750443712] INFO perfrun.perfcollector <> - PERF_STAT : "     1.052351661;CPU10;189;;UNC_M_CAS_COUNT.RD[UNIT4];15988148;100.00;;"
7742 [139785750443712] INFO perfrun.perfcollector <> - PERF_STAT : "     1.052351661;CPU0;3800;;UNC_M_CAS_COUNT.RD[UNIT5];16006668;100.00;;"
7742 [139785750443712] INFO perfrun.perfcollector <> - PERF_STAT : "     1.052351661;CPU10;333;;UNC_M_CAS_COUNT.RD[UNIT5];15986189;100.00;;"
7742 [139785750443712] INFO perfrun.perfcollector <> - PERF_STAT : "     1.052351661;CPU0;1277;;UNC_M_CAS_COUNT.WR[UNIT0];16006926;100.00;;"
7742 [139785750443712] INFO perfrun.perfcollector <> - PERF_STAT : "     1.052351661;CPU10;78;;UNC_M_CAS_COUNT.WR[UNIT0];15984343;100.00;;"
7742 [139785750443712] INFO perfrun.perfcollector <> - PERF_STAT : "     1.052351661;CPU0;2113;;UNC_M_CAS_COUNT.WR[UNIT1];16007031;100.00;;"
7742 [139785750443712] INFO perfrun.perfcollector <> - PERF_STAT : "     1.052351661;CPU10;209;;UNC_M_CAS_COUNT.WR[UNIT1];15982451;100.00;;"
7742 [139785750443712] INFO perfrun.perfcollector <> - PERF_STAT : "     1.052351661;CPU0;1255;;UNC_M_CAS_COUNT.WR[UNIT4];16007221;100.00;;"
7742 [139785750443712] INFO perfrun.perfcollector <> - PERF_STAT : "     1.052351661;CPU10;99;;UNC_M_CAS_COUNT.WR[UNIT4];15980666;100.00;;"
7742 [139785750443712] INFO perfrun.perfcollector <> - PERF_STAT : "     1.052351661;CPU0;2135;;UNC_M_CAS_COUNT.WR[UNIT5];16007399;100.00;;"
7742 [139785750443712] INFO perfrun.perfcollector <> - PERF_STAT : "     1.052351661;CPU10;216;;UNC_M_CAS_COUNT.WR[UNIT5];15979173;100.00;;"
7762 [139785750443712] INFO perfrun.perfcollector <> - PERF_STAT : "     1.068290602;CPU0;2612;;UNC_M_CAS_COUNT.RD[UNIT0];19995158;100.00;;"
7762 [139785750443712] INFO perfrun.perfcollector <> - PERF_STAT : "     1.068290602;CPU10;154;;UNC_M_CAS_COUNT.RD[UNIT0];20018757;100.00;;"
7762 [139785750443712] INFO perfrun.perfcollector <> - PERF_STAT : "     1.068290602;CPU0;3619;;UNC_M_CAS_COUNT.RD[UNIT1];19994918;100.00;;"
7762 [139785750443712] INFO perfrun.perfcollector <> - PERF_STAT : "     1.068290602;CPU10;243;;UNC_M_CAS_COUNT.RD[UNIT1];20018672;100.00;;"
7762 [139785750443712] INFO perfrun.perfcollector <> - PERF_STAT : "     1.068290602;CPU0;2536;;UNC_M_CAS_COUNT.RD[UNIT4];19994734;100.00;;"
7762 [139785750443712] INFO perfrun.perfcollector <> - PERF_STAT : "     1.068290602;CPU10;180;;UNC_M_CAS_COUNT.RD[UNIT4];20018568;100.00;;"
7762 [139785750443712] INFO perfrun.perfcollector <> - PERF_STAT : "     1.068290602;CPU0;3567;;UNC_M_CAS_COUNT.RD[UNIT5];19994669;100.00;;"
7762 [139785750443712] INFO perfrun.perfcollector <> - PERF_STAT : "     1.068290602;CPU10;236;;UNC_M_CAS_COUNT.RD[UNIT5];20018463;100.00;;"
7762 [139785750443712] INFO perfrun.perfcollector <> - PERF_STAT : "     1.068290602;CPU0;1281;;UNC_M_CAS_COUNT.WR[UNIT0];19994475;100.00;;"
7762 [139785750443712] INFO perfrun.perfcollector <> - PERF_STAT : "     1.068290602;CPU10;72;;UNC_M_CAS_COUNT.WR[UNIT0];20018356;100.00;;"
7762 [139785750443712] INFO perfrun.perfcollector <> - PERF_STAT : "     1.068290602;CPU0;2279;;UNC_M_CAS_COUNT.WR[UNIT1];19994531;100.00;;"
7762 [139785750443712] INFO perfrun.perfcollector <> - PERF_STAT : "     1.068290602;CPU10;136;;UNC_M_CAS_COUNT.WR[UNIT1];20018359;100.00;;"
7762 [139785750443712] INFO perfrun.perfcollector <> - PERF_STAT : "     1.068290602;CPU0;1260;;UNC_M_CAS_COUNT.WR[UNIT4];19994518;100.00;;"
7762 [139785750443712] INFO perfrun.perfcollector <> - PERF_STAT : "     1.068290602;CPU10;81;;UNC_M_CAS_COUNT.WR[UNIT4];20018361;100.00;;"
7762 [139785750443712] INFO perfrun.perfcollector <> - PERF_STAT : "     1.068290602;CPU0;2298;;UNC_M_CAS_COUNT.WR[UNIT5];19994323;100.00;;"
7762 [139785750443712] INFO perfrun.perfcollector <> - PERF_STAT : "     1.068290602;CPU10;143;;UNC_M_CAS_COUNT.WR[UNIT5];20017973;100.00;;"
7778 [139785750443712] INFO perfrun.perfcollector <> - PERF_STAT : "     1.088301346;CPU0;2255;;UNC_M_CAS_COUNT.RD[UNIT0];16000375;100.00;;"
7778 [139785750443712] INFO perfrun.perfcollector <> - PERF_STAT : "     1.088301346;CPU10;422;;UNC_M_CAS_COUNT.RD[UNIT0];15990110;100.00;;"
7778 [139785750443712] INFO perfrun.perfcollector <> - PERF_STAT : "     1.088301346;CPU0;3112;;UNC_M_CAS_COUNT.RD[UNIT1];16000249;100.00;;"
7778 [139785750443712] INFO perfrun.perfcollector <> - PERF_STAT : "     1.088301346;CPU10;474;;UNC_M_CAS_COUNT.RD[UNIT1];15993123;100.00;;"
7778 [139785750443712] INFO perfrun.perfcollector <> - PERF_STAT : "     1.088301346;CPU0;2237;;UNC_M_CAS_COUNT.RD[UNIT4];16000248;100.00;;"
7778 [139785750443712] INFO perfrun.perfcollector <> - PERF_STAT : "     1.088301346;CPU10;459;;UNC_M_CAS_COUNT.RD[UNIT4];15995126;100.00;;"
7778 [139785750443712] INFO perfrun.perfcollector <> - PERF_STAT : "     1.088301346;CPU0;3142;;UNC_M_CAS_COUNT.RD[UNIT5];16000236;100.00;;"
7778 [139785750443712] INFO perfrun.perfcollector <> - PERF_STAT : "     1.088301346;CPU10;570;;UNC_M_CAS_COUNT.RD[UNIT5];15996924;100.00;;"
7778 [139785750443712] INFO perfrun.perfcollector <> - PERF_STAT : "     1.088301346;CPU0;1290;;UNC_M_CAS_COUNT.WR[UNIT0];16000164;100.00;;"
7778 [139785750443712] INFO perfrun.perfcollector <> - PERF_STAT : "     1.088301346;CPU10;88;;UNC_M_CAS_COUNT.WR[UNIT0];15998763;100.00;;"
7778 [139785750443712] INFO perfrun.perfcollector <> - PERF_STAT : "     1.088301346;CPU0;2079;;UNC_M_CAS_COUNT.WR[UNIT1];15999923;100.00;;"
7778 [139785750443712] INFO perfrun.perfcollector <> - PERF_STAT : "     1.088301346;CPU10;142;;UNC_M_CAS_COUNT.WR[UNIT1];16000616;100.00;;"
7778 [139785750443712] INFO perfrun.perfcollector <> - PERF_STAT : "     1.088301346;CPU0;1202;;UNC_M_CAS_COUNT.WR[UNIT4];15999752;100.00;;"
7778 [139785750443712] INFO perfrun.perfcollector <> - PERF_STAT : "     1.088301346;CPU10;97;;UNC_M_CAS_COUNT.WR[UNIT4];16002386;100.00;;"
7778 [139785750443712] INFO perfrun.perfcollector <> - PERF_STAT : "     1.088301346;CPU0;1992;;UNC_M_CAS_COUNT.WR[UNIT5];15999787;100.00;;"
7778 [139785750443712] INFO perfrun.perfcollector <> - PERF_STAT : "     1.088301346;CPU10;153;;UNC_M_CAS_COUNT.WR[UNIT5];16004270;100.00;;"
7794 [139785750443712] INFO perfrun.perfcollector <> - PERF_STAT : "     1.104330134;CPU0;2008;;UNC_M_CAS_COUNT.RD[UNIT0];15999595;100.00;;"
7794 [139785750443712] INFO perfrun.perfcollector <> - PERF_STAT : "     1.104330134;CPU10;122;;UNC_M_CAS_COUNT.RD[UNIT0];16000303;100.00;;"
7794 [139785750443712] INFO perfrun.perfcollector <> - PERF_STAT : "     1.104330134;CPU0;2871;;UNC_M_CAS_COUNT.RD[UNIT1];15999677;100.00;;"
7794 [139785750443712] INFO perfrun.perfcollector <> - PERF_STAT : "     1.104330134;CPU10;171;;UNC_M_CAS_COUNT.RD[UNIT1];16000265;100.00;;"
7794 [139785750443712] INFO perfrun.perfcollector <> - PERF_STAT : "     1.104330134;CPU0;2045;;UNC_M_CAS_COUNT.RD[UNIT4];15999706;100.00;;"
7794 [139785750443712] INFO perfrun.perfcollector <> - PERF_STAT : "     1.104330134;CPU10;151;;UNC_M_CAS_COUNT.RD[UNIT4];16000159;100.00;;"
7794 [139785750443712] INFO perfrun.perfcollector <> - PERF_STAT : "     1.104330134;CPU0;2880;;UNC_M_CAS_COUNT.RD[UNIT5];15999695;100.00;;"
7794 [139785750443712] INFO perfrun.perfcollector <> - PERF_STAT : "     1.104330134;CPU10;200;;UNC_M_CAS_COUNT.RD[UNIT5];16000262;100.00;;"
7794 [139785750443712] INFO perfrun.perfcollector <> - PERF_STAT : "     1.104330134;CPU0;952;;UNC_M_CAS_COUNT.WR[UNIT0];15999688;100.00;;"
7794 [139785750443712] INFO perfrun.perfcollector <> - PERF_STAT : "     1.104330134;CPU10;56;;UNC_M_CAS_COUNT.WR[UNIT0];16000278;100.00;;"
7794 [139785750443712] INFO perfrun.perfcollector <> - PERF_STAT : "     1.104330134;CPU0;1809;;UNC_M_CAS_COUNT.WR[UNIT1];15999779;100.00;;"
7794 [139785750443712] INFO perfrun.perfcollector <> - PERF_STAT : "     1.104330134;CPU10;113;;UNC_M_CAS_COUNT.WR[UNIT1];16000283;100.00;;"
7794 [139785750443712] INFO perfrun.perfcollector <> - PERF_STAT : "     1.104330134;CPU0;988;;UNC_M_CAS_COUNT.WR[UNIT4];15999771;100.00;;"
7794 [139785750443712] INFO perfrun.perfcollector <> - PERF_STAT : "     1.104330134;CPU10;80;;UNC_M_CAS_COUNT.WR[UNIT4];16000282;100.00;;"
7794 [139785750443712] INFO perfrun.perfcollector <> - PERF_STAT : "     1.104330134;CPU0;1818;;UNC_M_CAS_COUNT.WR[UNIT5];15999745;100.00;;"
7794 [139785750443712] INFO perfrun.perfcollector <> - PERF_STAT : "     1.104330134;CPU10;120;;UNC_M_CAS_COUNT.WR[UNIT5];16000196;100.00;;"
7810 [139785750443712] INFO perfrun.perfcollector <> - PERF_STAT : "     1.120352700;CPU0;2113;;UNC_M_CAS_COUNT.RD[UNIT0];16002468;100.00;;"
7810 [139785750443712] INFO perfrun.perfcollector <> - PERF_STAT : "     1.120352700;CPU10;97;;UNC_M_CAS_COUNT.RD[UNIT0];16002941;100.00;;"
7810 [139785750443712] INFO perfrun.perfcollector <> - PERF_STAT : "     1.120352700;CPU0;2898;;UNC_M_CAS_COUNT.RD[UNIT1];16002455;100.00;;"
7810 [139785750443712] INFO perfrun.perfcollector <> - PERF_STAT : "     1.120352700;CPU10;171;;UNC_M_CAS_COUNT.RD[UNIT1];16002912;100.00;;"
7810 [139785750443712] INFO perfrun.perfcollector <> - PERF_STAT : "     1.120352700;CPU0;2141;;UNC_M_CAS_COUNT.RD[UNIT4];16002424;100.00;;"
7810 [139785750443712] INFO perfrun.perfcollector <> - PERF_STAT : "     1.120352700;CPU10;113;;UNC_M_CAS_COUNT.RD[UNIT4];16002921;100.00;;"
7810 [139785750443712] INFO perfrun.perfcollector <> - PERF_STAT : "     1.120352700;CPU0;2890;;UNC_M_CAS_COUNT.RD[UNIT5];16002417;100.00;;"
7810 [139785750443712] INFO perfrun.perfcollector <> - PERF_STAT : "     1.120352700;CPU10;189;;UNC_M_CAS_COUNT.RD[UNIT5];16002791;100.00;;"
7810 [139785750443712] INFO perfrun.perfcollector <> - PERF_STAT : "     1.120352700;CPU0;964;;UNC_M_CAS_COUNT.WR[UNIT0];16002403;100.00;;"
7810 [139785750443712] INFO perfrun.perfcollector <> - PERF_STAT : "     1.120352700;CPU10;67;;UNC_M_CAS_COUNT.WR[UNIT0];16002812;100.00;;"
7810 [139785750443712] INFO perfrun.perfcollector <> - PERF_STAT : "     1.120352700;CPU0;1815;;UNC_M_CAS_COUNT.WR[UNIT1];16002296;100.00;;"
7810 [139785750443712] INFO perfrun.perfcollector <> - PERF_STAT : "     1.120352700;CPU10;124;;UNC_M_CAS_COUNT.WR[UNIT1];16002838;100.00;;"
7810 [139785750443712] INFO perfrun.perfcollector <> - PERF_STAT : "     1.120352700;CPU0;1031;;UNC_M_CAS_COUNT.WR[UNIT4];16002311;100.00;;"
7810 [139785750443712] INFO perfrun.perfcollector <> - PERF_STAT : "     1.120352700;CPU10;64;;UNC_M_CAS_COUNT.WR[UNIT4];16002818;100.00;;"
7810 [139785750443712] INFO perfrun.perfcollector <> - PERF_STAT : "     1.120352700;CPU0;1835;;UNC_M_CAS_COUNT.WR[UNIT5];16002441;100.00;;"
7810 [139785750443712] INFO perfrun.perfcollector <> - PERF_STAT : "     1.120352700;CPU10;136;;UNC_M_CAS_COUNT.WR[UNIT5];16002844;100.00;;"
7826 [139785750443712] INFO perfrun.perfcollector <> - PERF_STAT : "     1.136354151;CPU0;2053;;UNC_M_CAS_COUNT.RD[UNIT0];15998455;100.00;;"
7826 [139785750443712] INFO perfrun.perfcollector <> - PERF_STAT : "     1.136354151;CPU10;85;;UNC_M_CAS_COUNT.RD[UNIT0];15997969;100.00;;"
7826 [139785750443712] INFO perfrun.perfcollector <> - PERF_STAT : "     1.136354151;CPU0;2913;;UNC_M_CAS_COUNT.RD[UNIT1];15998521;100.00;;"
7826 [139785750443712] INFO perfrun.perfcollector <> - PERF_STAT : "     1.136354151;CPU10;153;;UNC_M_CAS_COUNT.RD[UNIT1];15997889;100.00;;"
7826 [139785750443712] INFO perfrun.perfcollector <> - PERF_STAT : "     1.136354151;CPU0;2074;;UNC_M_CAS_COUNT.RD[UNIT4];15998650;100.00;;"
7826 [139785750443712] INFO perfrun.perfcollector <> - PERF_STAT : "     1.136354151;CPU10;110;;UNC_M_CAS_COUNT.RD[UNIT4];15997806;100.00;;"
7826 [139785750443712] INFO perfrun.perfcollector <> - PERF_STAT : "     1.136354151;CPU0;2929;;UNC_M_CAS_COUNT.RD[UNIT5];15998658;100.00;;"
7826 [139785750443712] INFO perfrun.perfcollector <> - PERF_STAT : "     1.136354151;CPU10;180;;UNC_M_CAS_COUNT.RD[UNIT5];15997886;100.00;;"
7826 [139785750443712] INFO perfrun.perfcollector <> - PERF_STAT : "     1.136354151;CPU0;1004;;UNC_M_CAS_COUNT.WR[UNIT0];15998674;100.00;;"
7826 [139785750443712] INFO perfrun.perfcollector <> - PERF_STAT : "     1.136354151;CPU10;45;;UNC_M_CAS_COUNT.WR[UNIT0];15997983;100.00;;"
7826 [139785750443712] INFO perfrun.perfcollector <> - PERF_STAT : "     1.136354151;CPU0;1830;;UNC_M_CAS_COUNT.WR[UNIT1];15998700;100.00;;"
7826 [139785750443712] INFO perfrun.perfcollector <> - PERF_STAT : "     1.136354151;CPU10;92;;UNC_M_CAS_COUNT.WR[UNIT1];15998096;100.00;;"
7826 [139785750443712] INFO perfrun.perfcollector <> - PERF_STAT : "     1.136354151;CPU0;1008;;UNC_M_CAS_COUNT.WR[UNIT4];15998728;100.00;;"
7826 [139785750443712] INFO perfrun.perfcollector <> - PERF_STAT : "     1.136354151;CPU10;51;;UNC_M_CAS_COUNT.WR[UNIT4];15998209;100.00;;"
7826 [139785750443712] INFO perfrun.perfcollector <> - PERF_STAT : "     1.136354151;CPU0;1902;;UNC_M_CAS_COUNT.WR[UNIT5];15998576;100.00;;"
7826 [139785750443712] INFO perfrun.perfcollector <> - PERF_STAT : "     1.136354151;CPU10;106;;UNC_M_CAS_COUNT.WR[UNIT5];15998253;100.00;;"
7842 [139785750443712] INFO perfrun.perfcollector <> - PERF_STAT : "     1.152356442;CPU0;2308;;UNC_M_CAS_COUNT.RD[UNIT0];16011204;100.00;;"
7842 [139785750443712] INFO perfrun.perfcollector <> - PERF_STAT : "     1.152356442;CPU10;144;;UNC_M_CAS_COUNT.RD[UNIT0];16011679;100.00;;"
7842 [139785750443712] INFO perfrun.perfcollector <> - PERF_STAT : "     1.152356442;CPU0;3184;;UNC_M_CAS_COUNT.RD[UNIT1];16011228;100.00;;"
7842 [139785750443712] INFO perfrun.perfcollector <> - PERF_STAT : "     1.152356442;CPU10;203;;UNC_M_CAS_COUNT.RD[UNIT1];16011822;100.00;;"
7842 [139785750443712] INFO perfrun.perfcollector <> - PERF_STAT : "     1.152356442;CPU0;2352;;UNC_M_CAS_COUNT.RD[UNIT4];16011184;100.00;;"
7842 [139785750443712] INFO perfrun.perfcollector <> - PERF_STAT : "     1.152356442;CPU10;168;;UNC_M_CAS_COUNT.RD[UNIT4];16011869;100.00;;"
7842 [139785750443712] INFO perfrun.perfcollector <> - PERF_STAT : "     1.152356442;CPU0;3187;;UNC_M_CAS_COUNT.RD[UNIT5];16011272;100.00;;"
7842 [139785750443712] INFO perfrun.perfcollector <> - PERF_STAT : "     1.152356442;CPU10;229;;UNC_M_CAS_COUNT.RD[UNIT5];16011829;100.00;;"
7842 [139785750443712] INFO perfrun.perfcollector <> - PERF_STAT : "     1.152356442;CPU0;1196;;UNC_M_CAS_COUNT.WR[UNIT0];16011763;100.00;;"
7842 [139785750443712] INFO perfrun.perfcollector <> - PERF_STAT : "     1.152356442;CPU10;66;;UNC_M_CAS_COUNT.WR[UNIT0];16011725;100.00;;"
7842 [139785750443712] INFO perfrun.perfcollector <> - PERF_STAT : "     1.152356442;CPU0;2005;;UNC_M_CAS_COUNT.WR[UNIT1];16011920;100.00;;"
7842 [139785750443712] INFO perfrun.perfcollector <> - PERF_STAT : "     1.152356442;CPU10;125;;UNC_M_CAS_COUNT.WR[UNIT1];16011585;100.00;;"
7842 [139785750443712] INFO perfrun.perfcollector <> - PERF_STAT : "     1.152356442;CPU0;1128;;UNC_M_CAS_COUNT.WR[UNIT4];16012009;100.00;;"
7842 [139785750443712] INFO perfrun.perfcollector <> - PERF_STAT : "     1.152356442;CPU10;82;;UNC_M_CAS_COUNT.WR[UNIT4];16016471;100.00;;"
7842 [139785750443712] INFO perfrun.perfcollector <> - PERF_STAT : "     1.152356442;CPU0;1988;;UNC_M_CAS_COUNT.WR[UNIT5];16012111;100.00;;"
7842 [139785750443712] INFO perfrun.perfcollector <> - PERF_STAT : "     1.152356442;CPU10;135;;UNC_M_CAS_COUNT.WR[UNIT5];16016468;100.00;;"
7866 [139785750443712] INFO perfrun.perfcollector <> - PERF_STAT : "     1.168370891;CPU0;3749;;UNC_M_CAS_COUNT.RD[UNIT0];23990307;100.00;;"
7866 [139785750443712] INFO perfrun.perfcollector <> - PERF_STAT : "     1.168370891;CPU10;149;;UNC_M_CAS_COUNT.RD[UNIT0];23989679;100.00;;"
7866 [139785750443712] INFO perfrun.perfcollector <> - PERF_STAT : "     1.168370891;CPU0;4863;;UNC_M_CAS_COUNT.RD[UNIT1];23990439;100.00;;"
7866 [139785750443712] INFO perfrun.perfcollector <> - PERF_STAT : "     1.168370891;CPU10;237;;UNC_M_CAS_COUNT.RD[UNIT1];23989468;100.00;;"
7866 [139785750443712] INFO perfrun.perfcollector <> - PERF_STAT : "     1.168370891;CPU0;3681;;UNC_M_CAS_COUNT.RD[UNIT4];23990634;100.00;;"
7866 [139785750443712] INFO perfrun.perfcollector <> - PERF_STAT : "     1.168370891;CPU10;222;;UNC_M_CAS_COUNT.RD[UNIT4];23989412;100.00;;"
7866 [139785750443712] INFO perfrun.perfcollector <> - PERF_STAT : "     1.168370891;CPU0;4819;;UNC_M_CAS_COUNT.RD[UNIT5];23990596;100.00;;"
7866 [139785750443712] INFO perfrun.perfcollector <> - PERF_STAT : "     1.168370891;CPU10;304;;UNC_M_CAS_COUNT.RD[UNIT5];23989605;100.00;;"
7866 [139785750443712] INFO perfrun.perfcollector <> - PERF_STAT : "     1.168370891;CPU0;1714;;UNC_M_CAS_COUNT.WR[UNIT0];23990212;100.00;;"
7866 [139785750443712] INFO perfrun.perfcollector <> - PERF_STAT : "     1.168370891;CPU10;77;;UNC_M_CAS_COUNT.WR[UNIT0];23989732;100.00;;"
7866 [139785750443712] INFO perfrun.perfcollector <> - PERF_STAT : "     1.168370891;CPU0;2980;;UNC_M_CAS_COUNT.WR[UNIT1];23990038;100.00;;"
7866 [139785750443712] INFO perfrun.perfcollector <> - PERF_STAT : "     1.168370891;CPU10;170;;UNC_M_CAS_COUNT.WR[UNIT1];23989759;100.00;;"
7866 [139785750443712] INFO perfrun.perfcollector <> - PERF_STAT : "     1.168370891;CPU0;1736;;UNC_M_CAS_COUNT.WR[UNIT4];23989909;100.00;;"
7866 [139785750443712] INFO perfrun.perfcollector <> - PERF_STAT : "     1.168370891;CPU10;109;;UNC_M_CAS_COUNT.WR[UNIT4];23984787;100.00;;"
7866 [139785750443712] INFO perfrun.perfcollector <> - PERF_STAT : "     1.168370891;CPU0;2997;;UNC_M_CAS_COUNT.WR[UNIT5];23989815;100.00;;"
7866 [139785750443712] INFO perfrun.perfcollector <> - PERF_STAT : "     1.168370891;CPU10;193;;UNC_M_CAS_COUNT.WR[UNIT5];23985143;100.00;;"
7882 [139785750443712] INFO perfrun.perfcollector <> - PERF_STAT : "     1.192356685;CPU0;2166;;UNC_M_CAS_COUNT.RD[UNIT0];15999106;100.00;;"
7882 [139785750443712] INFO perfrun.perfcollector <> - PERF_STAT : "     1.192356685;CPU10;147;;UNC_M_CAS_COUNT.RD[UNIT0];16010783;100.00;;"
7882 [139785750443712] INFO perfrun.perfcollector <> - PERF_STAT : "     1.192356685;CPU0;2954;;UNC_M_CAS_COUNT.RD[UNIT1];15999068;100.00;;"
7882 [139785750443712] INFO perfrun.perfcollector <> - PERF_STAT : "     1.192356685;CPU10;215;;UNC_M_CAS_COUNT.RD[UNIT1];16010891;100.00;;"
7882 [139785750443712] INFO perfrun.perfcollector <> - PERF_STAT : "     1.192356685;CPU0;2098;;UNC_M_CAS_COUNT.RD[UNIT4];15998891;100.00;;"
7882 [139785750443712] INFO perfrun.perfcollector <> - PERF_STAT : "     1.192356685;CPU10;185;;UNC_M_CAS_COUNT.RD[UNIT4];16010907;100.00;;"
7882 [139785750443712] INFO perfrun.perfcollector <> - PERF_STAT : "     1.192356685;CPU0;2928;;UNC_M_CAS_COUNT.RD[UNIT5];15998722;100.00;;"
7882 [139785750443712] INFO perfrun.perfcollector <> - PERF_STAT : "     1.192356685;CPU10;250;;UNC_M_CAS_COUNT.RD[UNIT5];16010674;100.00;;"
7882 [139785750443712] INFO perfrun.perfcollector <> - PERF_STAT : "     1.192356685;CPU0;1150;;UNC_M_CAS_COUNT.WR[UNIT0];15998679;100.00;;"
7882 [139785750443712] INFO perfrun.perfcollector <> - PERF_STAT : "     1.192356685;CPU10;62;;UNC_M_CAS_COUNT.WR[UNIT0];16010674;100.00;;"
7882 [139785750443712] INFO perfrun.perfcollector <> - PERF_STAT : "     1.192356685;CPU0;1939;;UNC_M_CAS_COUNT.WR[UNIT1];16010346;100.00;;"
7882 [139785750443712] INFO perfrun.perfcollector <> - PERF_STAT : "     1.192356685;CPU10;103;;UNC_M_CAS_COUNT.WR[UNIT1];16010640;100.00;;"
7882 [139785750443712] INFO perfrun.perfcollector <> - PERF_STAT : "     1.192356685;CPU0;1071;;UNC_M_CAS_COUNT.WR[UNIT4];16010477;100.00;;"
7882 [139785750443712] INFO perfrun.perfcollector <> - PERF_STAT : "     1.192356685;CPU10;64;;UNC_M_CAS_COUNT.WR[UNIT4];16010637;100.00;;"
7882 [139785750443712] INFO perfrun.perfcollector <> - PERF_STAT : "     1.192356685;CPU0;1934;;UNC_M_CAS_COUNT.WR[UNIT5];16010568;100.00;;"
7882 [139785750443712] INFO perfrun.perfcollector <> - PERF_STAT : "     1.192356685;CPU10;125;;UNC_M_CAS_COUNT.WR[UNIT5];16010233;100.00;;"
7898 [139785750443712] INFO perfrun.perfcollector <> - PERF_STAT : "     1.208365039;CPU0;2131;;UNC_M_CAS_COUNT.RD[UNIT0];16001201;100.00;;"
7898 [139785750443712] INFO perfrun.perfcollector <> - PERF_STAT : "     1.208365039;CPU10;709;;UNC_M_CAS_COUNT.RD[UNIT0];15988770;100.00;;"
7898 [139785750443712] INFO perfrun.perfcollector <> - PERF_STAT : "     1.208365039;CPU0;2954;;UNC_M_CAS_COUNT.RD[UNIT1];16000978;100.00;;"
7898 [139785750443712] INFO perfrun.perfcollector <> - PERF_STAT : "     1.208365039;CPU10;862;;UNC_M_CAS_COUNT.RD[UNIT1];15988845;100.00;;"
7898 [139785750443712] INFO perfrun.perfcollector <> - PERF_STAT : "     1.208365039;CPU0;2118;;UNC_M_CAS_COUNT.RD[UNIT4];16000898;100.00;;"
7898 [139785750443712] INFO perfrun.perfcollector <> - PERF_STAT : "     1.208365039;CPU10;789;;UNC_M_CAS_COUNT.RD[UNIT4];15988895;100.00;;"
7898 [139785750443712] INFO perfrun.perfcollector <> - PERF_STAT : "     1.208365039;CPU0;2976;;UNC_M_CAS_COUNT.RD[UNIT5];16001026;100.00;;"
7898 [139785750443712] INFO perfrun.perfcollector <> - PERF_STAT : "     1.208365039;CPU10;876;;UNC_M_CAS_COUNT.RD[UNIT5];15988945;100.00;;"
7898 [139785750443712] INFO perfrun.perfcollector <> - PERF_STAT : "     1.208365039;CPU0;1285;;UNC_M_CAS_COUNT.WR[UNIT0];16000955;100.00;;"
7898 [139785750443712] INFO perfrun.perfcollector <> - PERF_STAT : "     1.208365039;CPU10;146;;UNC_M_CAS_COUNT.WR[UNIT0];15988832;100.00;;"
7898 [139785750443712] INFO perfrun.perfcollector <> - PERF_STAT : "     1.208365039;CPU0;2148;;UNC_M_CAS_COUNT.WR[UNIT1];15989330;100.00;;"
7898 [139785750443712] INFO perfrun.perfcollector <> - PERF_STAT : "     1.208365039;CPU10;248;;UNC_M_CAS_COUNT.WR[UNIT1];15988849;100.00;;"
7898 [139785750443712] INFO perfrun.perfcollector <> - PERF_STAT : "     1.208365039;CPU0;1366;;UNC_M_CAS_COUNT.WR[UNIT4];15989216;100.00;;"
7898 [139785750443712] INFO perfrun.perfcollector <> - PERF_STAT : "     1.208365039;CPU10;130;;UNC_M_CAS_COUNT.WR[UNIT4];15988862;100.00;;"
7898 [139785750443712] INFO perfrun.perfcollector <> - PERF_STAT : "     1.208365039;CPU0;2100;;UNC_M_CAS_COUNT.WR[UNIT5];15989133;100.00;;"
7898 [139785750443712] INFO perfrun.perfcollector <> - PERF_STAT : "     1.208365039;CPU10;276;;UNC_M_CAS_COUNT.WR[UNIT5];15988942;100.00;;"
7914 [139785750443712] INFO perfrun.perfcollector <> - PERF_STAT : "     1.224353040;CPU0;2074;;UNC_M_CAS_COUNT.RD[UNIT0];16001699;100.00;;"
7914 [139785750443712] INFO perfrun.perfcollector <> - PERF_STAT : "     1.224353040;CPU10;485;;UNC_M_CAS_COUNT.RD[UNIT0];16005350;100.00;;"
7914 [139785750443712] INFO perfrun.perfcollector <> - PERF_STAT : "     1.224353040;CPU0;2898;;UNC_M_CAS_COUNT.RD[UNIT1];16001742;100.00;;"
7914 [139785750443712] INFO perfrun.perfcollector <> - PERF_STAT : "     1.224353040;CPU10;649;;UNC_M_CAS_COUNT.RD[UNIT1];16005242;100.00;;"
7914 [139785750443712] INFO perfrun.perfcollector <> - PERF_STAT : "     1.224353040;CPU0;2035;;UNC_M_CAS_COUNT.RD[UNIT4];16001809;100.00;;"
7914 [139785750443712] INFO perfrun.perfcollector <> - PERF_STAT : "     1.224353040;CPU10;539;;UNC_M_CAS_COUNT.RD[UNIT4];16005319;100.00;;"
7914 [139785750443712] INFO perfrun.perfcollector <> - PERF_STAT : "     1.224353040;CPU0;2897;;UNC_M_CAS_COUNT.RD[UNIT5];16001796;100.00;;"
7914 [139785750443712] INFO perfrun.perfcollector <> - PERF_STAT : "     1.224353040;CPU10;715;;UNC_M_CAS_COUNT.RD[UNIT5];16005385;100.00;;"
7914 [139785750443712] INFO perfrun.perfcollector <> - PERF_STAT : "     1.224353040;CPU0;1095;;UNC_M_CAS_COUNT.WR[UNIT0];16001797;100.00;;"
7914 [139785750443712] INFO perfrun.perfcollector <> - PERF_STAT : "     1.224353040;CPU10;190;;UNC_M_CAS_COUNT.WR[UNIT0];16005482;100.00;;"
7914 [139785750443712] INFO perfrun.perfcollector <> - PERF_STAT : "     1.224353040;CPU0;1930;;UNC_M_CAS_COUNT.WR[UNIT1];16001869;100.00;;"
7914 [139785750443712] INFO perfrun.perfcollector <> - PERF_STAT : "     1.224353040;CPU10;312;;UNC_M_CAS_COUNT.WR[UNIT1];16005468;100.00;;"
7914 [139785750443712] INFO perfrun.perfcollector <> - PERF_STAT : "     1.224353040;CPU0;1053;;UNC_M_CAS_COUNT.WR[UNIT4];16002000;100.00;;"
7914 [139785750443712] INFO perfrun.perfcollector <> - PERF_STAT : "     1.224353040;CPU10;170;;UNC_M_CAS_COUNT.WR[UNIT4];16005491;100.00;;"
7914 [139785750443712] INFO perfrun.perfcollector <> - PERF_STAT : "     1.224353040;CPU0;1944;;UNC_M_CAS_COUNT.WR[UNIT5];16001993;100.00;;"
7914 [139785750443712] INFO perfrun.perfcollector <> - PERF_STAT : "     1.224353040;CPU10;360;;UNC_M_CAS_COUNT.WR[UNIT5];16005442;100.00;;"
7930 [139785750443712] INFO perfrun.perfcollector <> - PERF_STAT : "     1.240363267;CPU0;2027;;UNC_M_CAS_COUNT.RD[UNIT0];15999512;100.00;;"
7930 [139785750443712] INFO perfrun.perfcollector <> - PERF_STAT : "     1.240363267;CPU10;312;;UNC_M_CAS_COUNT.RD[UNIT0];15994852;100.00;;"
7930 [139785750443712] INFO perfrun.perfcollector <> - PERF_STAT : "     1.240363267;CPU0;2883;;UNC_M_CAS_COUNT.RD[UNIT1];15999362;100.00;;"
7930 [139785750443712] INFO perfrun.perfcollector <> - PERF_STAT : "     1.240363267;CPU10;385;;UNC_M_CAS_COUNT.RD[UNIT1];15995005;100.00;;"
7930 [139785750443712] INFO perfrun.perfcollector <> - PERF_STAT : "     1.240363267;CPU0;2044;;UNC_M_CAS_COUNT.RD[UNIT4];15999288;100.00;;"
7930 [139785750443712] INFO perfrun.perfcollector <> - PERF_STAT : "     1.240363267;CPU10;378;;UNC_M_CAS_COUNT.RD[UNIT4];15994908;100.00;;"
7930 [139785750443712] INFO perfrun.perfcollector <> - PERF_STAT : "     1.240363267;CPU0;2864;;UNC_M_CAS_COUNT.RD[UNIT5];15999296;100.00;;"
7930 [139785750443712] INFO perfrun.perfcollector <> - PERF_STAT : "     1.240363267;CPU10;455;;UNC_M_CAS_COUNT.RD[UNIT5];15994865;100.00;;"
7930 [139785750443712] INFO perfrun.perfcollector <> - PERF_STAT : "     1.240363267;CPU0;1007;;UNC_M_CAS_COUNT.WR[UNIT0];15999427;100.00;;"
7930 [139785750443712] INFO perfrun.perfcollector <> - PERF_STAT : "     1.240363267;CPU10;53;;UNC_M_CAS_COUNT.WR[UNIT0];15994732;100.00;;"
7930 [139785750443712] INFO perfrun.perfcollector <> - PERF_STAT : "     1.240363267;CPU0;1848;;UNC_M_CAS_COUNT.WR[UNIT1];15999415;100.00;;"
7930 [139785750443712] INFO perfrun.perfcollector <> - PERF_STAT : "     1.240363267;CPU10;116;;UNC_M_CAS_COUNT.WR[UNIT1];15994732;100.00;;"
7930 [139785750443712] INFO perfrun.perfcollector <> - PERF_STAT : "     1.240363267;CPU0;1015;;UNC_M_CAS_COUNT.WR[UNIT4];15999393;100.00;;"
7930 [139785750443712] INFO perfrun.perfcollector <> - PERF_STAT : "     1.240363267;CPU10;75;;UNC_M_CAS_COUNT.WR[UNIT4];15994725;100.00;;"
7930 [139785750443712] INFO perfrun.perfcollector <> - PERF_STAT : "     1.240363267;CPU0;1876;;UNC_M_CAS_COUNT.WR[UNIT5];15999403;100.00;;"
7930 [139785750443712] INFO perfrun.perfcollector <> - PERF_STAT : "     1.240363267;CPU10;140;;UNC_M_CAS_COUNT.WR[UNIT5];15994735;100.00;;"
7946 [139785750443712] INFO perfrun.perfcollector <> - PERF_STAT : "     1.256353576;CPU0;2969;;UNC_M_CAS_COUNT.RD[UNIT0];16000686;100.00;;"
7951 [139785750443712] INFO perfrun.perfcollector <> - PERF_STAT : "     1.256353576;CPU10;2479;;UNC_M_CAS_COUNT.RD[UNIT0];16006951;100.00;;"
7951 [139785750443712] INFO perfrun.perfcollector <> - PERF_STAT : "     1.256353576;CPU0;3797;;UNC_M_CAS_COUNT.RD[UNIT1];16001799;100.00;;"
7951 [139785750443712] INFO perfrun.perfcollector <> - PERF_STAT : "     1.256353576;CPU10;2586;;UNC_M_CAS_COUNT.RD[UNIT1];16006726;100.00;;"
7951 [139785750443712] INFO perfrun.perfcollector <> - PERF_STAT : "     1.256353576;CPU0;3005;;UNC_M_CAS_COUNT.RD[UNIT4];16001973;100.00;;"
7951 [139785750443712] INFO perfrun.perfcollector <> - PERF_STAT : "     1.256353576;CPU10;2585;;UNC_M_CAS_COUNT.RD[UNIT4];16006820;100.00;;"
7951 [139785750443712] INFO perfrun.perfcollector <> - PERF_STAT : "     1.256353576;CPU0;3849;;UNC_M_CAS_COUNT.RD[UNIT5];16002176;100.00;;"
7951 [139785750443712] INFO perfrun.perfcollector <> - PERF_STAT : "     1.256353576;CPU10;2614;;UNC_M_CAS_COUNT.RD[UNIT5];16006810;100.00;;"
7951 [139785750443712] INFO perfrun.perfcollector <> - PERF_STAT : "     1.256353576;CPU0;2757;;UNC_M_CAS_COUNT.WR[UNIT0];16002192;100.00;;"
7951 [139785750443712] INFO perfrun.perfcollector <> - PERF_STAT : "     1.256353576;CPU10;119;;UNC_M_CAS_COUNT.WR[UNIT0];16006806;100.00;;"
7951 [139785750443712] INFO perfrun.perfcollector <> - PERF_STAT : "     1.256353576;CPU0;3592;;UNC_M_CAS_COUNT.WR[UNIT1];16002353;100.00;;"
7951 [139785750443712] INFO perfrun.perfcollector <> - PERF_STAT : "     1.256353576;CPU10;171;;UNC_M_CAS_COUNT.WR[UNIT1];16006787;100.00;;"
7951 [139785750443712] INFO perfrun.perfcollector <> - PERF_STAT : "     1.256353576;CPU0;2808;;UNC_M_CAS_COUNT.WR[UNIT4];16002473;100.00;;"
7951 [139785750443712] INFO perfrun.perfcollector <> - PERF_STAT : "     1.256353576;CPU10;122;;UNC_M_CAS_COUNT.WR[UNIT4];16006760;100.00;;"
7951 [139785750443712] INFO perfrun.perfcollector <> - PERF_STAT : "     1.256353576;CPU0;3713;;UNC_M_CAS_COUNT.WR[UNIT5];16002621;100.00;;"
7951 [139785750443712] INFO perfrun.perfcollector <> - PERF_STAT : "     1.256353576;CPU10;190;;UNC_M_CAS_COUNT.WR[UNIT5];16006766;100.00;;"
7966 [139785750443712] INFO perfrun.perfcollector <> - PERF_STAT : "     1.272362951;CPU0;3156;;UNC_M_CAS_COUNT.RD[UNIT0];20011161;100.00;;"
7966 [139785750443712] INFO perfrun.perfcollector <> - PERF_STAT : "     1.272362951;CPU10;864;;UNC_M_CAS_COUNT.RD[UNIT0];20014885;100.00;;"
7966 [139785750443712] INFO perfrun.perfcollector <> - PERF_STAT : "     1.272362951;CPU0;4208;;UNC_M_CAS_COUNT.RD[UNIT1];20010626;100.00;;"
7966 [139785750443712] INFO perfrun.perfcollector <> - PERF_STAT : "     1.272362951;CPU10;929;;UNC_M_CAS_COUNT.RD[UNIT1];20014872;100.00;;"
7966 [139785750443712] INFO perfrun.perfcollector <> - PERF_STAT : "     1.272362951;CPU0;3187;;UNC_M_CAS_COUNT.RD[UNIT4];20010782;100.00;;"
7966 [139785750443712] INFO perfrun.perfcollector <> - PERF_STAT : "     1.272362951;CPU10;934;;UNC_M_CAS_COUNT.RD[UNIT4];20014831;100.00;;"
7966 [139785750443712] INFO perfrun.perfcollector <> - PERF_STAT : "     1.272362951;CPU0;4151;;UNC_M_CAS_COUNT.RD[UNIT5];20010831;100.00;;"
7966 [139785750443712] INFO perfrun.perfcollector <> - PERF_STAT : "     1.272362951;CPU10;1020;;UNC_M_CAS_COUNT.RD[UNIT5];20014841;100.00;;"
7966 [139785750443712] INFO perfrun.perfcollector <> - PERF_STAT : "     1.272362951;CPU0;2075;;UNC_M_CAS_COUNT.WR[UNIT0];20011027;100.00;;"
7966 [139785750443712] INFO perfrun.perfcollector <> - PERF_STAT : "     1.272362951;CPU10;88;;UNC_M_CAS_COUNT.WR[UNIT0];20015028;100.00;;"
7966 [139785750443712] INFO perfrun.perfcollector <> - PERF_STAT : "     1.272362951;CPU0;3015;;UNC_M_CAS_COUNT.WR[UNIT1];20011128;100.00;;"
7966 [139785750443712] INFO perfrun.perfcollector <> - PERF_STAT : "     1.272362951;CPU10;168;;UNC_M_CAS_COUNT.WR[UNIT1];20015061;100.00;;"
7966 [139785750443712] INFO perfrun.perfcollector <> - PERF_STAT : "     1.272362951;CPU0;2018;;UNC_M_CAS_COUNT.WR[UNIT4];20011074;100.00;;"
7966 [139785750443712] INFO perfrun.perfcollector <> - PERF_STAT : "     1.272362951;CPU10;105;;UNC_M_CAS_COUNT.WR[UNIT4];20015232;100.00;;"
7966 [139785750443712] INFO perfrun.perfcollector <> - PERF_STAT : "     1.272362951;CPU0;3105;;UNC_M_CAS_COUNT.WR[UNIT5];20011129;100.00;;"
7966 [139785750443712] INFO perfrun.perfcollector <> - PERF_STAT : "     1.272362951;CPU10;195;;UNC_M_CAS_COUNT.WR[UNIT5];20015246;100.00;;"
7982 [139785750443712] INFO perfrun.perfcollector <> - PERF_STAT : "     1.292375284;CPU0;2029;;UNC_M_CAS_COUNT.RD[UNIT0];16013269;100.00;;"
7982 [139785750443712] INFO perfrun.perfcollector <> - PERF_STAT : "     1.292375284;CPU10;145;;UNC_M_CAS_COUNT.RD[UNIT0];15989902;100.00;;"
7982 [139785750443712] INFO perfrun.perfcollector <> - PERF_STAT : "     1.292375284;CPU0;2830;;UNC_M_CAS_COUNT.RD[UNIT1];16013350;100.00;;"
7982 [139785750443712] INFO perfrun.perfcollector <> - PERF_STAT : "     1.292375284;CPU10;235;;UNC_M_CAS_COUNT.RD[UNIT1];15987232;100.00;;"
7982 [139785750443712] INFO perfrun.perfcollector <> - PERF_STAT : "     1.292375284;CPU0;1988;;UNC_M_CAS_COUNT.RD[UNIT4];16013067;100.00;;"
7982 [139785750443712] INFO perfrun.perfcollector <> - PERF_STAT : "     1.292375284;CPU10;201;;UNC_M_CAS_COUNT.RD[UNIT4];15985597;100.00;;"
7982 [139785750443712] INFO perfrun.perfcollector <> - PERF_STAT : "     1.292375284;CPU0;2914;;UNC_M_CAS_COUNT.RD[UNIT5];16012975;100.00;;"
7982 [139785750443712] INFO perfrun.perfcollector <> - PERF_STAT : "     1.292375284;CPU10;284;;UNC_M_CAS_COUNT.RD[UNIT5];15983781;100.00;;"
7982 [139785750443712] INFO perfrun.perfcollector <> - PERF_STAT : "     1.292375284;CPU0;1065;;UNC_M_CAS_COUNT.WR[UNIT0];16012798;100.00;;"
7982 [139785750443712] INFO perfrun.perfcollector <> - PERF_STAT : "     1.292375284;CPU10;44;;UNC_M_CAS_COUNT.WR[UNIT0];15981757;100.00;;"
7982 [139785750443712] INFO perfrun.perfcollector <> - PERF_STAT : "     1.292375284;CPU0;1917;;UNC_M_CAS_COUNT.WR[UNIT1];16012681;100.00;;"
7982 [139785750443712] INFO perfrun.perfcollector <> - PERF_STAT : "     1.292375284;CPU10;123;;UNC_M_CAS_COUNT.WR[UNIT1];15979913;100.00;;"
7982 [139785750443712] INFO perfrun.perfcollector <> - PERF_STAT : "     1.292375284;CPU0;1077;;UNC_M_CAS_COUNT.WR[UNIT4];16012724;100.00;;"
7982 [139785750443712] INFO perfrun.perfcollector <> - PERF_STAT : "     1.292375284;CPU10;52;;UNC_M_CAS_COUNT.WR[UNIT4];15977960;100.00;;"
7982 [139785750443712] INFO perfrun.perfcollector <> - PERF_STAT : "     1.292375284;CPU0;1947;;UNC_M_CAS_COUNT.WR[UNIT5];16012661;100.00;;"
7982 [139785750443712] INFO perfrun.perfcollector <> - PERF_STAT : "     1.292375284;CPU10;144;;UNC_M_CAS_COUNT.WR[UNIT5];15976154;100.00;;"
7998 [139785750443712] INFO perfrun.perfcollector <> - PERF_STAT : "     1.308297993;CPU0;2847;;UNC_M_CAS_COUNT.RD[UNIT0];15985506;100.00;;"
7998 [139785750443712] INFO perfrun.perfcollector <> - PERF_STAT : "     1.308297993;CPU10;184;;UNC_M_CAS_COUNT.RD[UNIT0];16010100;100.00;;"
7998 [139785750443712] INFO perfrun.perfcollector <> - PERF_STAT : "     1.308297993;CPU0;3613;;UNC_M_CAS_COUNT.RD[UNIT1];15985164;100.00;;"
7998 [139785750443712] INFO perfrun.perfcollector <> - PERF_STAT : "     1.308297993;CPU10;242;;UNC_M_CAS_COUNT.RD[UNIT1];16009955;100.00;;"
7998 [139785750443712] INFO perfrun.perfcollector <> - PERF_STAT : "     1.308297993;CPU0;2813;;UNC_M_CAS_COUNT.RD[UNIT4];15985246;100.00;;"
7998 [139785750443712] INFO perfrun.perfcollector <> - PERF_STAT : "     1.308297993;CPU10;243;;UNC_M_CAS_COUNT.RD[UNIT4];16009686;100.00;;"
7998 [139785750443712] INFO perfrun.perfcollector <> - PERF_STAT : "     1.308297993;CPU0;3484;;UNC_M_CAS_COUNT.RD[UNIT5];15985252;100.00;;"
7998 [139785750443712] INFO perfrun.perfcollector <> - PERF_STAT : "     1.308297993;CPU10;332;;UNC_M_CAS_COUNT.RD[UNIT5];16009574;100.00;;"
7998 [139785750443712] INFO perfrun.perfcollector <> - PERF_STAT : "     1.308297993;CPU0;1140;;UNC_M_CAS_COUNT.WR[UNIT0];15985096;100.00;;"
7998 [139785750443712] INFO perfrun.perfcollector <> - PERF_STAT : "     1.308297993;CPU10;65;;UNC_M_CAS_COUNT.WR[UNIT0];16009648;100.00;;"
7998 [139785750443712] INFO perfrun.perfcollector <> - PERF_STAT : "     1.308297993;CPU0;1971;;UNC_M_CAS_COUNT.WR[UNIT1];15984965;100.00;;"
7998 [139785750443712] INFO perfrun.perfcollector <> - PERF_STAT : "     1.308297993;CPU10;130;;UNC_M_CAS_COUNT.WR[UNIT1];16009625;100.00;;"
7998 [139785750443712] INFO perfrun.perfcollector <> - PERF_STAT : "     1.308297993;CPU0;1131;;UNC_M_CAS_COUNT.WR[UNIT4];15984733;100.00;;"
7998 [139785750443712] INFO perfrun.perfcollector <> - PERF_STAT : "     1.308297993;CPU10;76;;UNC_M_CAS_COUNT.WR[UNIT4];16009622;100.00;;"
7998 [139785750443712] INFO perfrun.perfcollector <> - PERF_STAT : "     1.308297993;CPU0;1967;;UNC_M_CAS_COUNT.WR[UNIT5];15984603;100.00;;"
7998 [139785750443712] INFO perfrun.perfcollector <> - PERF_STAT : "     1.308297993;CPU10;164;;UNC_M_CAS_COUNT.WR[UNIT5];16009711;100.00;;"
8014 [139785750443712] INFO perfrun.perfcollector <> - PERF_STAT : "     1.324306543;CPU0;2058;;UNC_M_CAS_COUNT.RD[UNIT0];15994786;100.00;;"
8014 [139785750443712] INFO perfrun.perfcollector <> - PERF_STAT : "     1.324306543;CPU10;160;;UNC_M_CAS_COUNT.RD[UNIT0];15984915;100.00;;"
8014 [139785750443712] INFO perfrun.perfcollector <> - PERF_STAT : "     1.324306543;CPU0;2887;;UNC_M_CAS_COUNT.RD[UNIT1];15994684;100.00;;"
8014 [139785750443712] INFO perfrun.perfcollector <> - PERF_STAT : "     1.324306543;CPU10;224;;UNC_M_CAS_COUNT.RD[UNIT1];15987731;100.00;;"
8014 [139785750443712] INFO perfrun.perfcollector <> - PERF_STAT : "     1.324306543;CPU0;2114;;UNC_M_CAS_COUNT.RD[UNIT4];15994726;100.00;;"
8014 [139785750443712] INFO perfrun.perfcollector <> - PERF_STAT : "     1.324306543;CPU10;209;;UNC_M_CAS_COUNT.RD[UNIT4];15989625;100.00;;"
8014 [139785750443712] INFO perfrun.perfcollector <> - PERF_STAT : "     1.324306543;CPU0;2953;;UNC_M_CAS_COUNT.RD[UNIT5];15994527;100.00;;"
8014 [139785750443712] INFO perfrun.perfcollector <> - PERF_STAT : "     1.324306543;CPU10;280;;UNC_M_CAS_COUNT.RD[UNIT5];15991490;100.00;;"
8014 [139785750443712] INFO perfrun.perfcollector <> - PERF_STAT : "     1.324306543;CPU0;1125;;UNC_M_CAS_COUNT.WR[UNIT0];15994528;100.00;;"
8014 [139785750443712] INFO perfrun.perfcollector <> - PERF_STAT : "     1.324306543;CPU10;27;;UNC_M_CAS_COUNT.WR[UNIT0];15993259;100.00;;"
8014 [139785750443712] INFO perfrun.perfcollector <> - PERF_STAT : "     1.324306543;CPU0;1968;;UNC_M_CAS_COUNT.WR[UNIT1];15994596;100.00;;"
8014 [139785750443712] INFO perfrun.perfcollector <> - PERF_STAT : "     1.324306543;CPU10;94;;UNC_M_CAS_COUNT.WR[UNIT1];15995129;100.00;;"
8014 [139785750443712] INFO perfrun.perfcollector <> - PERF_STAT : "     1.324306543;CPU0;1171;;UNC_M_CAS_COUNT.WR[UNIT4];15994588;100.00;;"
8014 [139785750443712] INFO perfrun.perfcollector <> - PERF_STAT : "     1.324306543;CPU10;46;;UNC_M_CAS_COUNT.WR[UNIT4];15996969;100.00;;"
8014 [139785750443712] INFO perfrun.perfcollector <> - PERF_STAT : "     1.324306543;CPU0;2051;;UNC_M_CAS_COUNT.WR[UNIT5];15994590;100.00;;"
8014 [139785750443712] INFO perfrun.perfcollector <> - PERF_STAT : "     1.324306543;CPU10;116;;UNC_M_CAS_COUNT.WR[UNIT5];15998685;100.00;;"
8030 [139785750443712] INFO perfrun.perfcollector <> - PERF_STAT : "     1.340358552;CPU0;2063;;UNC_M_CAS_COUNT.RD[UNIT0];15992796;100.00;;"
8030 [139785750443712] INFO perfrun.perfcollector <> - PERF_STAT : "     1.340358552;CPU10;133;;UNC_M_CAS_COUNT.RD[UNIT0];15992610;100.00;;"
8030 [139785750443712] INFO perfrun.perfcollector <> - PERF_STAT : "     1.340358552;CPU0;2909;;UNC_M_CAS_COUNT.RD[UNIT1];15992614;100.00;;"
8030 [139785750443712] INFO perfrun.perfcollector <> - PERF_STAT : "     1.340358552;CPU10;200;;UNC_M_CAS_COUNT.RD[UNIT1];15992702;100.00;;"
8030 [139785750443712] INFO perfrun.perfcollector <> - PERF_STAT : "     1.340358552;CPU0;2074;;UNC_M_CAS_COUNT.RD[UNIT4];15992365;100.00;;"
8030 [139785750443712] INFO perfrun.perfcollector <> - PERF_STAT : "     1.340358552;CPU10;168;;UNC_M_CAS_COUNT.RD[UNIT4];15992643;100.00;;"
8030 [139785750443712] INFO perfrun.perfcollector <> - PERF_STAT : "     1.340358552;CPU0;2937;;UNC_M_CAS_COUNT.RD[UNIT5];15992491;100.00;;"
8030 [139785750443712] INFO perfrun.perfcollector <> - PERF_STAT : "     1.340358552;CPU10;233;;UNC_M_CAS_COUNT.RD[UNIT5];16004587;100.00;;"
8030 [139785750443712] INFO perfrun.perfcollector <> - PERF_STAT : "     1.340358552;CPU0;1102;;UNC_M_CAS_COUNT.WR[UNIT0];15992480;100.00;;"
8030 [139785750443712] INFO perfrun.perfcollector <> - PERF_STAT : "     1.340358552;CPU10;52;;UNC_M_CAS_COUNT.WR[UNIT0];16002747;100.00;;"
8030 [139785750443712] INFO perfrun.perfcollector <> - PERF_STAT : "     1.340358552;CPU0;1956;;UNC_M_CAS_COUNT.WR[UNIT1];15992394;100.00;;"
8030 [139785750443712] INFO perfrun.perfcollector <> - PERF_STAT : "     1.340358552;CPU10;116;;UNC_M_CAS_COUNT.WR[UNIT1];16000875;100.00;;"
8030 [139785750443712] INFO perfrun.perfcollector <> - PERF_STAT : "     1.340358552;CPU0;1120;;UNC_M_CAS_COUNT.WR[UNIT4];15992440;100.00;;"
8030 [139785750443712] INFO perfrun.perfcollector <> - PERF_STAT : "     1.340358552;CPU10;44;;UNC_M_CAS_COUNT.WR[UNIT4];15999049;100.00;;"
8030 [139785750443712] INFO perfrun.perfcollector <> - PERF_STAT : "     1.340358552;CPU0;1885;;UNC_M_CAS_COUNT.WR[UNIT5];15992444;100.00;;"
8030 [139785750443712] INFO perfrun.perfcollector <> - PERF_STAT : "     1.340358552;CPU10;123;;UNC_M_CAS_COUNT.WR[UNIT5];15997208;100.00;;"
8046 [139785750443712] INFO perfrun.perfcollector <> - PERF_STAT : "     1.356301480;CPU0;2014;;UNC_M_CAS_COUNT.RD[UNIT0];15998326;100.00;;"
8046 [139785750443712] INFO perfrun.perfcollector <> - PERF_STAT : "     1.356301480;CPU10;101;;UNC_M_CAS_COUNT.RD[UNIT0];15996154;100.00;;"
8046 [139785750443712] INFO perfrun.perfcollector <> - PERF_STAT : "     1.356301480;CPU0;2825;;UNC_M_CAS_COUNT.RD[UNIT1];15998391;100.00;;"
8046 [139785750443712] INFO perfrun.perfcollector <> - PERF_STAT : "     1.356301480;CPU10;155;;UNC_M_CAS_COUNT.RD[UNIT1];15996164;100.00;;"
8046 [139785750443712] INFO perfrun.perfcollector <> - PERF_STAT : "     1.356301480;CPU0;1987;;UNC_M_CAS_COUNT.RD[UNIT4];15998457;100.00;;"
8046 [139785750443712] INFO perfrun.perfcollector <> - PERF_STAT : "     1.356301480;CPU10;146;;UNC_M_CAS_COUNT.RD[UNIT4];15996254;100.00;;"
8046 [139785750443712] INFO perfrun.perfcollector <> - PERF_STAT : "     1.356301480;CPU0;2846;;UNC_M_CAS_COUNT.RD[UNIT5];15998360;100.00;;"
8046 [139785750443712] INFO perfrun.perfcollector <> - PERF_STAT : "     1.356301480;CPU10;207;;UNC_M_CAS_COUNT.RD[UNIT5];15984529;100.00;;"
8046 [139785750443712] INFO perfrun.perfcollector <> - PERF_STAT : "     1.356301480;CPU0;1198;;UNC_M_CAS_COUNT.WR[UNIT0];15998366;100.00;;"
8046 [139785750443712] INFO perfrun.perfcollector <> - PERF_STAT : "     1.356301480;CPU10;39;;UNC_M_CAS_COUNT.WR[UNIT0];15986407;100.00;;"
8046 [139785750443712] INFO perfrun.perfcollector <> - PERF_STAT : "     1.356301480;CPU0;2000;;UNC_M_CAS_COUNT.WR[UNIT1];15998267;100.00;;"
8046 [139785750443712] INFO perfrun.perfcollector <> - PERF_STAT : "     1.356301480;CPU10;92;;UNC_M_CAS_COUNT.WR[UNIT1];15988259;100.00;;"
8046 [139785750443712] INFO perfrun.perfcollector <> - PERF_STAT : "     1.356301480;CPU0;1165;;UNC_M_CAS_COUNT.WR[UNIT4];15998227;100.00;;"
8046 [139785750443712] INFO perfrun.perfcollector <> - PERF_STAT : "     1.356301480;CPU10;52;;UNC_M_CAS_COUNT.WR[UNIT4];15990035;100.00;;"
8046 [139785750443712] INFO perfrun.perfcollector <> - PERF_STAT : "     1.356301480;CPU0;2027;;UNC_M_CAS_COUNT.WR[UNIT5];15998328;100.00;;"
8046 [139785750443712] INFO perfrun.perfcollector <> - PERF_STAT : "     1.356301480;CPU10;112;;UNC_M_CAS_COUNT.WR[UNIT5];15991863;100.00;;"
8066 [139785750443712] INFO perfrun.perfcollector <> - PERF_STAT : "     1.372310718;CPU0;2558;;UNC_M_CAS_COUNT.RD[UNIT0];20003597;100.00;;"
8066 [139785750443712] INFO perfrun.perfcollector <> - PERF_STAT : "     1.372310718;CPU10;126;;UNC_M_CAS_COUNT.RD[UNIT0];19991645;100.00;;"
8066 [139785750443712] INFO perfrun.perfcollector <> - PERF_STAT : "     1.372310718;CPU0;3524;;UNC_M_CAS_COUNT.RD[UNIT1];20003852;100.00;;"
8066 [139785750443712] INFO perfrun.perfcollector <> - PERF_STAT : "     1.372310718;CPU10;176;;UNC_M_CAS_COUNT.RD[UNIT1];19988707;100.00;;"
8066 [139785750443712] INFO perfrun.perfcollector <> - PERF_STAT : "     1.372310718;CPU0;2515;;UNC_M_CAS_COUNT.RD[UNIT4];20003859;100.00;;"
8066 [139785750443712] INFO perfrun.perfcollector <> - PERF_STAT : "     1.372310718;CPU10;152;;UNC_M_CAS_COUNT.RD[UNIT4];19986777;100.00;;"
8066 [139785750443712] INFO perfrun.perfcollector <> - PERF_STAT : "     1.372310718;CPU0;3554;;UNC_M_CAS_COUNT.RD[UNIT5];20003961;100.00;;"
8066 [139785750443712] INFO perfrun.perfcollector <> - PERF_STAT : "     1.372310718;CPU10;211;;UNC_M_CAS_COUNT.RD[UNIT5];19984801;100.00;;"
8066 [139785750443712] INFO perfrun.perfcollector <> - PERF_STAT : "     1.372310718;CPU0;1479;;UNC_M_CAS_COUNT.WR[UNIT0];20004070;100.00;;"
8066 [139785750443712] INFO perfrun.perfcollector <> - PERF_STAT : "     1.372310718;CPU10;72;;UNC_M_CAS_COUNT.WR[UNIT0];19982928;100.00;;"
8066 [139785750443712] INFO perfrun.perfcollector <> - PERF_STAT : "     1.372310718;CPU0;2416;;UNC_M_CAS_COUNT.WR[UNIT1];20004067;100.00;;"
8066 [139785750443712] INFO perfrun.perfcollector <> - PERF_STAT : "     1.372310718;CPU10;115;;UNC_M_CAS_COUNT.WR[UNIT1];19981278;100.00;;"
8066 [139785750443712] INFO perfrun.perfcollector <> - PERF_STAT : "     1.372310718;CPU0;1421;;UNC_M_CAS_COUNT.WR[UNIT4];20004061;100.00;;"
8066 [139785750443712] INFO perfrun.perfcollector <> - PERF_STAT : "     1.372310718;CPU10;53;;UNC_M_CAS_COUNT.WR[UNIT4];19979684;100.00;;"
8066 [139785750443712] INFO perfrun.perfcollector <> - PERF_STAT : "     1.372310718;CPU0;2443;;UNC_M_CAS_COUNT.WR[UNIT5];20003930;100.00;;"
8066 [139785750443712] INFO perfrun.perfcollector <> - PERF_STAT : "     1.372310718;CPU10;116;;UNC_M_CAS_COUNT.WR[UNIT5];19977816;100.00;;"
8082 [139785750443712] INFO perfrun.perfcollector <> - PERF_STAT : "     1.392281063;CPU0;2117;;UNC_M_CAS_COUNT.RD[UNIT0];15998816;100.00;;"
8082 [139785750443712] INFO perfrun.perfcollector <> - PERF_STAT : "     1.392281063;CPU10;127;;UNC_M_CAS_COUNT.RD[UNIT0];16018453;100.00;;"
8082 [139785750443712] INFO perfrun.perfcollector <> - PERF_STAT : "     1.392281063;CPU0;2891;;UNC_M_CAS_COUNT.RD[UNIT1];15998674;100.00;;"
8082 [139785750443712] INFO perfrun.perfcollector <> - PERF_STAT : "     1.392281063;CPU10;168;;UNC_M_CAS_COUNT.RD[UNIT1];16018542;100.00;;"
8082 [139785750443712] INFO perfrun.perfcollector <> - PERF_STAT : "     1.392281063;CPU0;2091;;UNC_M_CAS_COUNT.RD[UNIT4];15998670;100.00;;"
8082 [139785750443712] INFO perfrun.perfcollector <> - PERF_STAT : "     1.392281063;CPU10;122;;UNC_M_CAS_COUNT.RD[UNIT4];16018674;100.00;;"
8082 [139785750443712] INFO perfrun.perfcollector <> - PERF_STAT : "     1.392281063;CPU0;2891;;UNC_M_CAS_COUNT.RD[UNIT5];15998561;100.00;;"
8082 [139785750443712] INFO perfrun.perfcollector <> - PERF_STAT : "     1.392281063;CPU10;203;;UNC_M_CAS_COUNT.RD[UNIT5];16018555;100.00;;"
8082 [139785750443712] INFO perfrun.perfcollector <> - PERF_STAT : "     1.392281063;CPU0;1176;;UNC_M_CAS_COUNT.WR[UNIT0];15998483;100.00;;"
8082 [139785750443712] INFO perfrun.perfcollector <> - PERF_STAT : "     1.392281063;CPU10;56;;UNC_M_CAS_COUNT.WR[UNIT0];16018554;100.00;;"
8082 [139785750443712] INFO perfrun.perfcollector <> - PERF_STAT : "     1.392281063;CPU0;2059;;UNC_M_CAS_COUNT.WR[UNIT1];15998480;100.00;;"
8082 [139785750443712] INFO perfrun.perfcollector <> - PERF_STAT : "     1.392281063;CPU10;120;;UNC_M_CAS_COUNT.WR[UNIT1];16018508;100.00;;"
8082 [139785750443712] INFO perfrun.perfcollector <> - PERF_STAT : "     1.392281063;CPU0;1213;;UNC_M_CAS_COUNT.WR[UNIT4];15998483;100.00;;"
8082 [139785750443712] INFO perfrun.perfcollector <> - PERF_STAT : "     1.392281063;CPU10;55;;UNC_M_CAS_COUNT.WR[UNIT4];16018325;100.00;;"
8082 [139785750443712] INFO perfrun.perfcollector <> - PERF_STAT : "     1.392281063;CPU0;2020;;UNC_M_CAS_COUNT.WR[UNIT5];15998510;100.00;;"
8082 [139785750443712] INFO perfrun.perfcollector <> - PERF_STAT : "     1.392281063;CPU10;118;;UNC_M_CAS_COUNT.WR[UNIT5];16018348;100.00;;"
8098 [139785750443712] INFO perfrun.perfcollector <> - PERF_STAT : "     1.408243103;CPU0;2188;;UNC_M_CAS_COUNT.RD[UNIT0];15998721;100.00;;"
8098 [139785750443712] INFO perfrun.perfcollector <> - PERF_STAT : "     1.408243103;CPU10;434;;UNC_M_CAS_COUNT.RD[UNIT0];16011267;100.00;;"
8098 [139785750443712] INFO perfrun.perfcollector <> - PERF_STAT : "     1.408243103;CPU0;2999;;UNC_M_CAS_COUNT.RD[UNIT1];16015262;100.00;;"
8098 [139785750443712] INFO perfrun.perfcollector <> - PERF_STAT : "     1.408243103;CPU10;626;;UNC_M_CAS_COUNT.RD[UNIT1];16013974;100.00;;"
8098 [139785750443712] INFO perfrun.perfcollector <> - PERF_STAT : "     1.408243103;CPU0;2154;;UNC_M_CAS_COUNT.RD[UNIT4];16015442;100.00;;"
8098 [139785750443712] INFO perfrun.perfcollector <> - PERF_STAT : "     1.408243103;CPU10;505;;UNC_M_CAS_COUNT.RD[UNIT4];16015778;100.00;;"
8098 [139785750443712] INFO perfrun.perfcollector <> - PERF_STAT : "     1.408243103;CPU0;2998;;UNC_M_CAS_COUNT.RD[UNIT5];16015421;100.00;;"
8098 [139785750443712] INFO perfrun.perfcollector <> - PERF_STAT : "     1.408243103;CPU10;654;;UNC_M_CAS_COUNT.RD[UNIT5];16017760;100.00;;"
8098 [139785750443712] INFO perfrun.perfcollector <> - PERF_STAT : "     1.408243103;CPU0;1097;;UNC_M_CAS_COUNT.WR[UNIT0];16015486;100.00;;"
8098 [139785750443712] INFO perfrun.perfcollector <> - PERF_STAT : "     1.408243103;CPU10;142;;UNC_M_CAS_COUNT.WR[UNIT0];16019630;100.00;;"
8098 [139785750443712] INFO perfrun.perfcollector <> - PERF_STAT : "     1.408243103;CPU0;1981;;UNC_M_CAS_COUNT.WR[UNIT1];16015581;100.00;;"
8098 [139785750443712] INFO perfrun.perfcollector <> - PERF_STAT : "     1.408243103;CPU10;264;;UNC_M_CAS_COUNT.WR[UNIT1];16021477;100.00;;"
8098 [139785750443712] INFO perfrun.perfcollector <> - PERF_STAT : "     1.408243103;CPU0;1175;;UNC_M_CAS_COUNT.WR[UNIT4];16015689;100.00;;"
8098 [139785750443712] INFO perfrun.perfcollector <> - PERF_STAT : "     1.408243103;CPU10;145;;UNC_M_CAS_COUNT.WR[UNIT4];16023410;100.00;;"
8098 [139785750443712] INFO perfrun.perfcollector <> - PERF_STAT : "     1.408243103;CPU0;1932;;UNC_M_CAS_COUNT.WR[UNIT5];16015763;100.00;;"
8098 [139785750443712] INFO perfrun.perfcollector <> - PERF_STAT : "     1.408243103;CPU10;283;;UNC_M_CAS_COUNT.WR[UNIT5];16025238;100.00;;"
8118 [139785750443712] INFO perfrun.perfcollector <> - PERF_STAT : "     1.424371956;CPU0;3523;;UNC_M_CAS_COUNT.RD[UNIT0];20002605;100.00;;"
8118 [139785750443712] INFO perfrun.perfcollector <> - PERF_STAT : "     1.424371956;CPU10;212;;UNC_M_CAS_COUNT.RD[UNIT0];19985945;100.00;;"
8118 [139785750443712] INFO perfrun.perfcollector <> - PERF_STAT : "     1.424371956;CPU0;4446;;UNC_M_CAS_COUNT.RD[UNIT1];19986200;100.00;;"
8118 [139785750443712] INFO perfrun.perfcollector <> - PERF_STAT : "     1.424371956;CPU10;343;;UNC_M_CAS_COUNT.RD[UNIT1];19985998;100.00;;"
8118 [139785750443712] INFO perfrun.perfcollector <> - PERF_STAT : "     1.424371956;CPU0;3531;;UNC_M_CAS_COUNT.RD[UNIT4];19986202;100.00;;"
8118 [139785750443712] INFO perfrun.perfcollector <> - PERF_STAT : "     1.424371956;CPU10;234;;UNC_M_CAS_COUNT.RD[UNIT4];19986008;100.00;;"
8118 [139785750443712] INFO perfrun.perfcollector <> - PERF_STAT : "     1.424371956;CPU0;4529;;UNC_M_CAS_COUNT.RD[UNIT5];19986315;100.00;;"
8118 [139785750443712] INFO perfrun.perfcollector <> - PERF_STAT : "     1.424371956;CPU10;367;;UNC_M_CAS_COUNT.RD[UNIT5];19985912;100.00;;"
8118 [139785750443712] INFO perfrun.perfcollector <> - PERF_STAT : "     1.424371956;CPU0;1519;;UNC_M_CAS_COUNT.WR[UNIT0];19986219;100.00;;"
8118 [139785750443712] INFO perfrun.perfcollector <> - PERF_STAT : "     1.424371956;CPU10;91;;UNC_M_CAS_COUNT.WR[UNIT0];19985992;100.00;;"
8118 [139785750443712] INFO perfrun.perfcollector <> - PERF_STAT : "     1.424371956;CPU0;2577;;UNC_M_CAS_COUNT.WR[UNIT1];19986245;100.00;;"
8118 [139785750443712] INFO perfrun.perfcollector <> - PERF_STAT : "     1.424371956;CPU10;200;;UNC_M_CAS_COUNT.WR[UNIT1];19985841;100.00;;"
8118 [139785750443712] INFO perfrun.perfcollector <> - PERF_STAT : "     1.424371956;CPU0;1542;;UNC_M_CAS_COUNT.WR[UNIT4];19986143;100.00;;"
8118 [139785750443712] INFO perfrun.perfcollector <> - PERF_STAT : "     1.424371956;CPU10;77;;UNC_M_CAS_COUNT.WR[UNIT4];19985697;100.00;;"
8118 [139785750443712] INFO perfrun.perfcollector <> - PERF_STAT : "     1.424371956;CPU0;2560;;UNC_M_CAS_COUNT.WR[UNIT5];19986051;100.00;;"
8118 [139785750443712] INFO perfrun.perfcollector <> - PERF_STAT : "     1.424371956;CPU10;207;;UNC_M_CAS_COUNT.WR[UNIT5];19985648;100.00;;"
8134 [139785750443712] INFO perfrun.perfcollector <> - PERF_STAT : "     1.444353464;CPU0;2178;;UNC_M_CAS_COUNT.RD[UNIT0];16040887;100.00;;"
8134 [139785750443712] INFO perfrun.perfcollector <> - PERF_STAT : "     1.444353464;CPU10;194;;UNC_M_CAS_COUNT.RD[UNIT0];16038506;100.00;;"
8134 [139785750443712] INFO perfrun.perfcollector <> - PERF_STAT : "     1.444353464;CPU0;2972;;UNC_M_CAS_COUNT.RD[UNIT1];16040791;100.00;;"
8134 [139785750443712] INFO perfrun.perfcollector <> - PERF_STAT : "     1.444353464;CPU10;238;;UNC_M_CAS_COUNT.RD[UNIT1];16038486;100.00;;"
8134 [139785750443712] INFO perfrun.perfcollector <> - PERF_STAT : "     1.444353464;CPU0;2166;;UNC_M_CAS_COUNT.RD[UNIT4];16040691;100.00;;"
8134 [139785750443712] INFO perfrun.perfcollector <> - PERF_STAT : "     1.444353464;CPU10;223;;UNC_M_CAS_COUNT.RD[UNIT4];16038346;100.00;;"
8134 [139785750443712] INFO perfrun.perfcollector <> - PERF_STAT : "     1.444353464;CPU0;3010;;UNC_M_CAS_COUNT.RD[UNIT5];16040718;100.00;;"
8134 [139785750443712] INFO perfrun.perfcollector <> - PERF_STAT : "     1.444353464;CPU10;264;;UNC_M_CAS_COUNT.RD[UNIT5];16038386;100.00;;"
8134 [139785750443712] INFO perfrun.perfcollector <> - PERF_STAT : "     1.444353464;CPU0;1278;;UNC_M_CAS_COUNT.WR[UNIT0];16040804;100.00;;"
8134 [139785750443712] INFO perfrun.perfcollector <> - PERF_STAT : "     1.444353464;CPU10;47;;UNC_M_CAS_COUNT.WR[UNIT0];16038285;100.00;;"
8134 [139785750443712] INFO perfrun.perfcollector <> - PERF_STAT : "     1.444353464;CPU0;2164;;UNC_M_CAS_COUNT.WR[UNIT1];16040884;100.00;;"
8134 [139785750443712] INFO perfrun.perfcollector <> - PERF_STAT : "     1.444353464;CPU10;109;;UNC_M_CAS_COUNT.WR[UNIT1];16038313;100.00;;"
8134 [139785750443712] INFO perfrun.perfcollector <> - PERF_STAT : "     1.444353464;CPU0;1304;;UNC_M_CAS_COUNT.WR[UNIT4];16040973;100.00;;"
8134 [139785750443712] INFO perfrun.perfcollector <> - PERF_STAT : "     1.444353464;CPU10;62;;UNC_M_CAS_COUNT.WR[UNIT4];16038597;100.00;;"
8134 [139785750443712] INFO perfrun.perfcollector <> - PERF_STAT : "     1.444353464;CPU0;2204;;UNC_M_CAS_COUNT.WR[UNIT5];16041242;100.00;;"
8134 [139785750443712] INFO perfrun.perfcollector <> - PERF_STAT : "     1.444353464;CPU10;135;;UNC_M_CAS_COUNT.WR[UNIT5];16038606;100.00;;"
8150 [139785750443712] INFO perfrun.perfcollector <> - PERF_STAT : "     1.460397800;CPU0;1998;;UNC_M_CAS_COUNT.RD[UNIT0];15957565;100.00;;"
8150 [139785750443712] INFO perfrun.perfcollector <> - PERF_STAT : "     1.460397800;CPU10;177;;UNC_M_CAS_COUNT.RD[UNIT0];15958617;100.00;;"
8150 [139785750443712] INFO perfrun.perfcollector <> - PERF_STAT : "     1.460397800;CPU0;2856;;UNC_M_CAS_COUNT.RD[UNIT1];15957408;100.00;;"
8150 [139785750443712] INFO perfrun.perfcollector <> - PERF_STAT : "     1.460397800;CPU10;236;;UNC_M_CAS_COUNT.RD[UNIT1];15958627;100.00;;"
8150 [139785750443712] INFO perfrun.perfcollector <> - PERF_STAT : "     1.460397800;CPU0;2040;;UNC_M_CAS_COUNT.RD[UNIT4];15957437;100.00;;"
8150 [139785750443712] INFO perfrun.perfcollector <> - PERF_STAT : "     1.460397800;CPU10;215;;UNC_M_CAS_COUNT.RD[UNIT4];15958761;100.00;;"
8150 [139785750443712] INFO perfrun.perfcollector <> - PERF_STAT : "     1.460397800;CPU0;2844;;UNC_M_CAS_COUNT.RD[UNIT5];15957215;100.00;;"
8150 [139785750443712] INFO perfrun.perfcollector <> - PERF_STAT : "     1.460397800;CPU10;296;;UNC_M_CAS_COUNT.RD[UNIT5];15958877;100.00;;"
8150 [139785750443712] INFO perfrun.perfcollector <> - PERF_STAT : "     1.460397800;CPU0;1224;;UNC_M_CAS_COUNT.WR[UNIT0];15957263;100.00;;"
8150 [139785750443712] INFO perfrun.perfcollector <> - PERF_STAT : "     1.460397800;CPU10;77;;UNC_M_CAS_COUNT.WR[UNIT0];15958885;100.00;;"
8150 [139785750443712] INFO perfrun.perfcollector <> - PERF_STAT : "     1.460397800;CPU0;2015;;UNC_M_CAS_COUNT.WR[UNIT1];15957074;100.00;;"
8150 [139785750443712] INFO perfrun.perfcollector <> - PERF_STAT : "     1.460397800;CPU10;141;;UNC_M_CAS_COUNT.WR[UNIT1];15958847;100.00;;"
8150 [139785750443712] INFO perfrun.perfcollector <> - PERF_STAT : "     1.460397800;CPU0;1199;;UNC_M_CAS_COUNT.WR[UNIT4];15957254;100.00;;"
8150 [139785750443712] INFO perfrun.perfcollector <> - PERF_STAT : "     1.460397800;CPU10;88;;UNC_M_CAS_COUNT.WR[UNIT4];15958583;100.00;;"
8150 [139785750443712] INFO perfrun.perfcollector <> - PERF_STAT : "     1.460397800;CPU0;2016;;UNC_M_CAS_COUNT.WR[UNIT5];15957090;100.00;;"
8150 [139785750443712] INFO perfrun.perfcollector <> - PERF_STAT : "     1.460397800;CPU10;160;;UNC_M_CAS_COUNT.WR[UNIT5];15958577;100.00;;"
8166 [139785750443712] INFO perfrun.perfcollector <> - PERF_STAT : "     1.476355862;CPU0;2062;;UNC_M_CAS_COUNT.RD[UNIT0];16000930;100.00;;"
8166 [139785750443712] INFO perfrun.perfcollector <> - PERF_STAT : "     1.476355862;CPU10;154;;UNC_M_CAS_COUNT.RD[UNIT0];16004106;100.00;;"
8166 [139785750443712] INFO perfrun.perfcollector <> - PERF_STAT : "     1.476355862;CPU0;2861;;UNC_M_CAS_COUNT.RD[UNIT1];16001260;100.00;;"
8166 [139785750443712] INFO perfrun.perfcollector <> - PERF_STAT : "     1.476355862;CPU10;214;;UNC_M_CAS_COUNT.RD[UNIT1];16004147;100.00;;"
8166 [139785750443712] INFO perfrun.perfcollector <> - PERF_STAT : "     1.476355862;CPU0;2041;;UNC_M_CAS_COUNT.RD[UNIT4];16001281;100.00;;"
8166 [139785750443712] INFO perfrun.perfcollector <> - PERF_STAT : "     1.476355862;CPU10;167;;UNC_M_CAS_COUNT.RD[UNIT4];16004063;100.00;;"
8166 [139785750443712] INFO perfrun.perfcollector <> - PERF_STAT : "     1.476355862;CPU0;2861;;UNC_M_CAS_COUNT.RD[UNIT5];16001288;100.00;;"
8166 [139785750443712] INFO perfrun.perfcollector <> - PERF_STAT : "     1.476355862;CPU10;234;;UNC_M_CAS_COUNT.RD[UNIT5];16004113;100.00;;"
8166 [139785750443712] INFO perfrun.perfcollector <> - PERF_STAT : "     1.476355862;CPU0;1229;;UNC_M_CAS_COUNT.WR[UNIT0];16001198;100.00;;"
8166 [139785750443712] INFO perfrun.perfcollector <> - PERF_STAT : "     1.476355862;CPU10;75;;UNC_M_CAS_COUNT.WR[UNIT0];16004079;100.00;;"
8166 [139785750443712] INFO perfrun.perfcollector <> - PERF_STAT : "     1.476355862;CPU0;2014;;UNC_M_CAS_COUNT.WR[UNIT1];16001326;100.00;;"
8166 [139785750443712] INFO perfrun.perfcollector <> - PERF_STAT : "     1.476355862;CPU10;144;;UNC_M_CAS_COUNT.WR[UNIT1];16004100;100.00;;"
8166 [139785750443712] INFO perfrun.perfcollector <> - PERF_STAT : "     1.476355862;CPU0;1215;;UNC_M_CAS_COUNT.WR[UNIT4];16001155;100.00;;"
8166 [139785750443712] INFO perfrun.perfcollector <> - PERF_STAT : "     1.476355862;CPU10;80;;UNC_M_CAS_COUNT.WR[UNIT4];16004070;100.00;;"
8166 [139785750443712] INFO perfrun.perfcollector <> - PERF_STAT : "     1.476355862;CPU0;2029;;UNC_M_CAS_COUNT.WR[UNIT5];16001175;100.00;;"
8166 [139785750443712] INFO perfrun.perfcollector <> - PERF_STAT : "     1.476355862;CPU10;134;;UNC_M_CAS_COUNT.WR[UNIT5];16004150;100.00;;"
8181 [139785750443712] INFO perfrun.perfcollector <> - PERF_STAT : "     1.492360232;CPU0;2052;;UNC_M_CAS_COUNT.RD[UNIT0];16000418;100.00;;"
8182 [139785750443712] INFO perfrun.perfcollector <> - PERF_STAT : "     1.492360232;CPU10;108;;UNC_M_CAS_COUNT.RD[UNIT0];15983464;100.00;;"
8182 [139785750443712] INFO perfrun.perfcollector <> - PERF_STAT : "     1.492360232;CPU0;2856;;UNC_M_CAS_COUNT.RD[UNIT1];16000106;100.00;;"
8182 [139785750443712] INFO perfrun.perfcollector <> - PERF_STAT : "     1.492360232;CPU10;183;;UNC_M_CAS_COUNT.RD[UNIT1];15980597;100.00;;"
8182 [139785750443712] INFO perfrun.perfcollector <> - PERF_STAT : "     1.492360232;CPU0;2041;;UNC_M_CAS_COUNT.RD[UNIT4];16000117;100.00;;"
8182 [139785750443712] INFO perfrun.perfcollector <> - PERF_STAT : "     1.492360232;CPU10;142;;UNC_M_CAS_COUNT.RD[UNIT4];15978745;100.00;;"
8182 [139785750443712] INFO perfrun.perfcollector <> - PERF_STAT : "     1.492360232;CPU0;2894;;UNC_M_CAS_COUNT.RD[UNIT5];16000320;100.00;;"
8182 [139785750443712] INFO perfrun.perfcollector <> - PERF_STAT : "     1.492360232;CPU10;211;;UNC_M_CAS_COUNT.RD[UNIT5];15976887;100.00;;"
8182 [139785750443712] INFO perfrun.perfcollector <> - PERF_STAT : "     1.492360232;CPU0;1128;;UNC_M_CAS_COUNT.WR[UNIT0];16000398;100.00;;"
8182 [139785750443712] INFO perfrun.perfcollector <> - PERF_STAT : "     1.492360232;CPU10;58;;UNC_M_CAS_COUNT.WR[UNIT0];15975040;100.00;;"
8182 [139785750443712] INFO perfrun.perfcollector <> - PERF_STAT : "     1.492360232;CPU0;1993;;UNC_M_CAS_COUNT.WR[UNIT1];16000356;100.00;;"
8182 [139785750443712] INFO perfrun.perfcollector <> - PERF_STAT : "     1.492360232;CPU10;124;;UNC_M_CAS_COUNT.WR[UNIT1];15973340;100.00;;"
8182 [139785750443712] INFO perfrun.perfcollector <> - PERF_STAT : "     1.492360232;CPU0;1203;;UNC_M_CAS_COUNT.WR[UNIT4];16000291;100.00;;"
8182 [139785750443712] INFO perfrun.perfcollector <> - PERF_STAT : "     1.492360232;CPU10;57;;UNC_M_CAS_COUNT.WR[UNIT4];15971545;100.00;;"
8182 [139785750443712] INFO perfrun.perfcollector <> - PERF_STAT : "     1.492360232;CPU0;2140;;UNC_M_CAS_COUNT.WR[UNIT5];16000180;100.00;;"
8182 [139785750443712] INFO perfrun.perfcollector <> - PERF_STAT : "     1.492360232;CPU10;129;;UNC_M_CAS_COUNT.WR[UNIT5];15969671;100.00;;"
8198 [139785750443712] INFO perfrun.perfcollector <> - PERF_STAT : "     1.508270973;CPU0;1994;;UNC_M_CAS_COUNT.RD[UNIT0];15998354;100.00;;"
8198 [139785750443712] INFO perfrun.perfcollector <> - PERF_STAT : "     1.508270973;CPU10;81;;UNC_M_CAS_COUNT.RD[UNIT0];16011831;100.00;;"
8198 [139785750443712] INFO perfrun.perfcollector <> - PERF_STAT : "     1.508270973;CPU0;2799;;UNC_M_CAS_COUNT.RD[UNIT1];15998482;100.00;;"
8198 [139785750443712] INFO perfrun.perfcollector <> - PERF_STAT : "     1.508270973;CPU10;156;;UNC_M_CAS_COUNT.RD[UNIT1];16014674;100.00;;"
8198 [139785750443712] INFO perfrun.perfcollector <> - PERF_STAT : "     1.508270973;CPU0;1962;;UNC_M_CAS_COUNT.RD[UNIT4];15998407;100.00;;"
8198 [139785750443712] INFO perfrun.perfcollector <> - PERF_STAT : "     1.508270973;CPU10;99;;UNC_M_CAS_COUNT.RD[UNIT4];16016512;100.00;;"
8198 [139785750443712] INFO perfrun.perfcollector <> - PERF_STAT : "     1.508270973;CPU0;2808;;UNC_M_CAS_COUNT.RD[UNIT5];15998562;100.00;;"
8198 [139785750443712] INFO perfrun.perfcollector <> - PERF_STAT : "     1.508270973;CPU10;174;;UNC_M_CAS_COUNT.RD[UNIT5];16018244;100.00;;"
8198 [139785750443712] INFO perfrun.perfcollector <> - PERF_STAT : "     1.508270973;CPU0;1189;;UNC_M_CAS_COUNT.WR[UNIT0];15998443;100.00;;"
8198 [139785750443712] INFO perfrun.perfcollector <> - PERF_STAT : "     1.508270973;CPU10;51;;UNC_M_CAS_COUNT.WR[UNIT0];16020091;100.00;;"
8198 [139785750443712] INFO perfrun.perfcollector <> - PERF_STAT : "     1.508270973;CPU0;1960;;UNC_M_CAS_COUNT.WR[UNIT1];15998362;100.00;;"
8198 [139785750443712] INFO perfrun.perfcollector <> - PERF_STAT : "     1.508270973;CPU10;119;;UNC_M_CAS_COUNT.WR[UNIT1];16021773;100.00;;"
8198 [139785750443712] INFO perfrun.perfcollector <> - PERF_STAT : "     1.508270973;CPU0;1145;;UNC_M_CAS_COUNT.WR[UNIT4];15998443;100.00;;"
8198 [139785750443712] INFO perfrun.perfcollector <> - PERF_STAT : "     1.508270973;CPU10;46;;UNC_M_CAS_COUNT.WR[UNIT4];16023599;100.00;;"
8198 [139785750443712] INFO perfrun.perfcollector <> - PERF_STAT : "     1.508270973;CPU0;1974;;UNC_M_CAS_COUNT.WR[UNIT5];15998433;100.00;;"
8198 [139785750443712] INFO perfrun.perfcollector <> - PERF_STAT : "     1.508270973;CPU10;121;;UNC_M_CAS_COUNT.WR[UNIT5];16025393;100.00;;"
8214 [139785750443712] INFO perfrun.perfcollector <> - PERF_STAT : "     1.524350589;CPU0;2052;;UNC_M_CAS_COUNT.RD[UNIT0];16000699;100.00;;"
8214 [139785750443712] INFO perfrun.perfcollector <> - PERF_STAT : "     1.524350589;CPU10;103;;UNC_M_CAS_COUNT.RD[UNIT0];16001537;100.00;;"
8214 [139785750443712] INFO perfrun.perfcollector <> - PERF_STAT : "     1.524350589;CPU0;2843;;UNC_M_CAS_COUNT.RD[UNIT1];16000643;100.00;;"
8214 [139785750443712] INFO perfrun.perfcollector <> - PERF_STAT : "     1.524350589;CPU10;157;;UNC_M_CAS_COUNT.RD[UNIT1];16001710;100.00;;"
8214 [139785750443712] INFO perfrun.perfcollector <> - PERF_STAT : "     1.524350589;CPU0;2117;;UNC_M_CAS_COUNT.RD[UNIT4];16000498;100.00;;"
8214 [139785750443712] INFO perfrun.perfcollector <> - PERF_STAT : "     1.524350589;CPU10;127;;UNC_M_CAS_COUNT.RD[UNIT4];16001807;100.00;;"
8214 [139785750443712] INFO perfrun.perfcollector <> - PERF_STAT : "     1.524350589;CPU0;2944;;UNC_M_CAS_COUNT.RD[UNIT5];16000353;100.00;;"
8214 [139785750443712] INFO perfrun.perfcollector <> - PERF_STAT : "     1.524350589;CPU10;192;;UNC_M_CAS_COUNT.RD[UNIT5];16001700;100.00;;"
8214 [139785750443712] INFO perfrun.perfcollector <> - PERF_STAT : "     1.524350589;CPU0;1180;;UNC_M_CAS_COUNT.WR[UNIT0];16000366;100.00;;"
8214 [139785750443712] INFO perfrun.perfcollector <> - PERF_STAT : "     1.524350589;CPU10;59;;UNC_M_CAS_COUNT.WR[UNIT0];16001760;100.00;;"
8214 [139785750443712] INFO perfrun.perfcollector <> - PERF_STAT : "     1.524350589;CPU0;2014;;UNC_M_CAS_COUNT.WR[UNIT1];16000356;100.00;;"
8214 [139785750443712] INFO perfrun.perfcollector <> - PERF_STAT : "     1.524350589;CPU10;105;;UNC_M_CAS_COUNT.WR[UNIT1];16001768;100.00;;"
8214 [139785750443712] INFO perfrun.perfcollector <> - PERF_STAT : "     1.524350589;CPU0;1175;;UNC_M_CAS_COUNT.WR[UNIT4];16000236;100.00;;"
8214 [139785750443712] INFO perfrun.perfcollector <> - PERF_STAT : "     1.524350589;CPU10;41;;UNC_M_CAS_COUNT.WR[UNIT4];16001727;100.00;;"
8214 [139785750443712] INFO perfrun.perfcollector <> - PERF_STAT : "     1.524350589;CPU0;2042;;UNC_M_CAS_COUNT.WR[UNIT5];16000243;100.00;;"
8214 [139785750443712] INFO perfrun.perfcollector <> - PERF_STAT : "     1.524350589;CPU10;118;;UNC_M_CAS_COUNT.WR[UNIT5];16001693;100.00;;"
8230 [139785750443712] INFO perfrun.perfcollector <> - PERF_STAT : "     1.540327985;CPU0;1954;;UNC_M_CAS_COUNT.RD[UNIT0];16003339;100.00;;"
8230 [139785750443712] INFO perfrun.perfcollector <> - PERF_STAT : "     1.540327985;CPU10;96;;UNC_M_CAS_COUNT.RD[UNIT0];16011027;100.00;;"
8230 [139785750443712] INFO perfrun.perfcollector <> - PERF_STAT : "     1.540327985;CPU0;2751;;UNC_M_CAS_COUNT.RD[UNIT1];16003485;100.00;;"
8230 [139785750443712] INFO perfrun.perfcollector <> - PERF_STAT : "     1.540327985;CPU10;168;;UNC_M_CAS_COUNT.RD[UNIT1];16008146;100.00;;"
8230 [139785750443712] INFO perfrun.perfcollector <> - PERF_STAT : "     1.540327985;CPU0;1966;;UNC_M_CAS_COUNT.RD[UNIT4];16003576;100.00;;"
8230 [139785750443712] INFO perfrun.perfcollector <> - PERF_STAT : "     1.540327985;CPU10;132;;UNC_M_CAS_COUNT.RD[UNIT4];16006544;100.00;;"
8230 [139785750443712] INFO perfrun.perfcollector <> - PERF_STAT : "     1.540327985;CPU0;2779;;UNC_M_CAS_COUNT.RD[UNIT5];16003457;100.00;;"
8230 [139785750443712] INFO perfrun.perfcollector <> - PERF_STAT : "     1.540327985;CPU10;199;;UNC_M_CAS_COUNT.RD[UNIT5];16004799;100.00;;"
8230 [139785750443712] INFO perfrun.perfcollector <> - PERF_STAT : "     1.540327985;CPU0;1173;;UNC_M_CAS_COUNT.WR[UNIT0];16003560;100.00;;"
8230 [139785750443712] INFO perfrun.perfcollector <> - PERF_STAT : "     1.540327985;CPU10;48;;UNC_M_CAS_COUNT.WR[UNIT0];16002907;100.00;;"
8230 [139785750443712] INFO perfrun.perfcollector <> - PERF_STAT : "     1.540327985;CPU0;1935;;UNC_M_CAS_COUNT.WR[UNIT1];16003605;100.00;;"
8230 [139785750443712] INFO perfrun.perfcollector <> - PERF_STAT : "     1.540327985;CPU10;108;;UNC_M_CAS_COUNT.WR[UNIT1];16001064;100.00;;"
8230 [139785750443712] INFO perfrun.perfcollector <> - PERF_STAT : "     1.540327985;CPU0;1137;;UNC_M_CAS_COUNT.WR[UNIT4];16003596;100.00;;"
8230 [139785750443712] INFO perfrun.perfcollector <> - PERF_STAT : "     1.540327985;CPU10;57;;UNC_M_CAS_COUNT.WR[UNIT4];15999284;100.00;;"
8230 [139785750443712] INFO perfrun.perfcollector <> - PERF_STAT : "     1.540327985;CPU0;2003;;UNC_M_CAS_COUNT.WR[UNIT5];16003597;100.00;;"
8230 [139785750443712] INFO perfrun.perfcollector <> - PERF_STAT : "     1.540327985;CPU10;129;;UNC_M_CAS_COUNT.WR[UNIT5];15997524;100.00;;"
8250 [139785750443712] INFO perfrun.perfcollector <> - PERF_STAT : "     1.556308211;CPU0;3245;;UNC_M_CAS_COUNT.RD[UNIT0];19996698;100.00;;"
8250 [139785750443712] INFO perfrun.perfcollector <> - PERF_STAT : "     1.556308211;CPU10;144;;UNC_M_CAS_COUNT.RD[UNIT0];19992095;100.00;;"
8250 [139785750443712] INFO perfrun.perfcollector <> - PERF_STAT : "     1.556308211;CPU0;4185;;UNC_M_CAS_COUNT.RD[UNIT1];19996921;100.00;;"
8250 [139785750443712] INFO perfrun.perfcollector <> - PERF_STAT : "     1.556308211;CPU10;218;;UNC_M_CAS_COUNT.RD[UNIT1];19994864;100.00;;"
8250 [139785750443712] INFO perfrun.perfcollector <> - PERF_STAT : "     1.556308211;CPU0;3212;;UNC_M_CAS_COUNT.RD[UNIT4];19996979;100.00;;"
8250 [139785750443712] INFO perfrun.perfcollector <> - PERF_STAT : "     1.556308211;CPU10;182;;UNC_M_CAS_COUNT.RD[UNIT4];19996359;100.00;;"
8250 [139785750443712] INFO perfrun.perfcollector <> - PERF_STAT : "     1.556308211;CPU0;4107;;UNC_M_CAS_COUNT.RD[UNIT5];19997107;100.00;;"
8250 [139785750443712] INFO perfrun.perfcollector <> - PERF_STAT : "     1.556308211;CPU10;269;;UNC_M_CAS_COUNT.RD[UNIT5];19998168;100.00;;"
8250 [139785750443712] INFO perfrun.perfcollector <> - PERF_STAT : "     1.556308211;CPU0;1558;;UNC_M_CAS_COUNT.WR[UNIT0];19997091;100.00;;"
8250 [139785750443712] INFO perfrun.perfcollector <> - PERF_STAT : "     1.556308211;CPU10;58;;UNC_M_CAS_COUNT.WR[UNIT0];20000033;100.00;;"
8250 [139785750443712] INFO perfrun.perfcollector <> - PERF_STAT : "     1.556308211;CPU0;2665;;UNC_M_CAS_COUNT.WR[UNIT1];19997052;100.00;;"
8250 [139785750443712] INFO perfrun.perfcollector <> - PERF_STAT : "     1.556308211;CPU10;132;;UNC_M_CAS_COUNT.WR[UNIT1];20001895;100.00;;"
8250 [139785750443712] INFO perfrun.perfcollector <> - PERF_STAT : "     1.556308211;CPU0;1636;;UNC_M_CAS_COUNT.WR[UNIT4];19997060;100.00;;"
8250 [139785750443712] INFO perfrun.perfcollector <> - PERF_STAT : "     1.556308211;CPU10;64;;UNC_M_CAS_COUNT.WR[UNIT4];20003822;100.00;;"
8250 [139785750443712] INFO perfrun.perfcollector <> - PERF_STAT : "     1.556308211;CPU0;2610;;UNC_M_CAS_COUNT.WR[UNIT5];19997061;100.00;;"
8250 [139785750443712] INFO perfrun.perfcollector <> - PERF_STAT : "     1.556308211;CPU10;154;;UNC_M_CAS_COUNT.WR[UNIT5];20005726;100.00;;"
8266 [139785750443712] INFO perfrun.perfcollector <> - PERF_STAT : "     1.576358323;CPU0;2097;;UNC_M_CAS_COUNT.RD[UNIT0];16018580;100.00;;"
8267 [139785750443712] INFO perfrun.perfcollector <> - PERF_STAT : "     1.576358323;CPU10;475;;UNC_M_CAS_COUNT.RD[UNIT0];16021608;100.00;;"
8267 [139785750443712] INFO perfrun.perfcollector <> - PERF_STAT : "     1.576358323;CPU0;2866;;UNC_M_CAS_COUNT.RD[UNIT1];16018711;100.00;;"
8267 [139785750443712] INFO perfrun.perfcollector <> - PERF_STAT : "     1.576358323;CPU10;529;;UNC_M_CAS_COUNT.RD[UNIT1];16021646;100.00;;"
8267 [139785750443712] INFO perfrun.perfcollector <> - PERF_STAT : "     1.576358323;CPU0;2066;;UNC_M_CAS_COUNT.RD[UNIT4];16019209;100.00;;"
8267 [139785750443712] INFO perfrun.perfcollector <> - PERF_STAT : "     1.576358323;CPU10;531;;UNC_M_CAS_COUNT.RD[UNIT4];16021743;100.00;;"
8267 [139785750443712] INFO perfrun.perfcollector <> - PERF_STAT : "     1.576358323;CPU0;2913;;UNC_M_CAS_COUNT.RD[UNIT5];16019801;100.00;;"
8267 [139785750443712] INFO perfrun.perfcollector <> - PERF_STAT : "     1.576358323;CPU10;596;;UNC_M_CAS_COUNT.RD[UNIT5];16021796;100.00;;"
8267 [139785750443712] INFO perfrun.perfcollector <> - PERF_STAT : "     1.576358323;CPU0;1509;;UNC_M_CAS_COUNT.WR[UNIT0];16020770;100.00;;"
8267 [139785750443712] INFO perfrun.perfcollector <> - PERF_STAT : "     1.576358323;CPU10;58;;UNC_M_CAS_COUNT.WR[UNIT0];16021780;100.00;;"
8267 [139785750443712] INFO perfrun.perfcollector <> - PERF_STAT : "     1.576358323;CPU0;2358;;UNC_M_CAS_COUNT.WR[UNIT1];16021339;100.00;;"
8267 [139785750443712] INFO perfrun.perfcollector <> - PERF_STAT : "     1.576358323;CPU10;115;;UNC_M_CAS_COUNT.WR[UNIT1];16021751;100.00;;"
8267 [139785750443712] INFO perfrun.perfcollector <> - PERF_STAT : "     1.576358323;CPU0;1488;;UNC_M_CAS_COUNT.WR[UNIT4];16021868;100.00;;"
8267 [139785750443712] INFO perfrun.perfcollector <> - PERF_STAT : "     1.576358323;CPU10;80;;UNC_M_CAS_COUNT.WR[UNIT4];16021597;100.00;;"
8267 [139785750443712] INFO perfrun.perfcollector <> - PERF_STAT : "     1.576358323;CPU0;2330;;UNC_M_CAS_COUNT.WR[UNIT5];16023032;100.00;;"
8267 [139785750443712] INFO perfrun.perfcollector <> - PERF_STAT : "     1.576358323;CPU10;159;;UNC_M_CAS_COUNT.WR[UNIT5];16021503;100.00;;"
8282 [139785750443712] INFO perfrun.perfcollector <> - PERF_STAT : "     1.592382829;CPU0;2213;;UNC_M_CAS_COUNT.RD[UNIT0];15992911;100.00;;"
8282 [139785750443712] INFO perfrun.perfcollector <> - PERF_STAT : "     1.592382829;CPU10;266;;UNC_M_CAS_COUNT.RD[UNIT0];15979290;100.00;;"
8282 [139785750443712] INFO perfrun.perfcollector <> - PERF_STAT : "     1.592382829;CPU0;3027;;UNC_M_CAS_COUNT.RD[UNIT1];15993595;100.00;;"
8282 [139785750443712] INFO perfrun.perfcollector <> - PERF_STAT : "     1.592382829;CPU10;342;;UNC_M_CAS_COUNT.RD[UNIT1];15978854;100.00;;"
8282 [139785750443712] INFO perfrun.perfcollector <> - PERF_STAT : "     1.592382829;CPU0;2171;;UNC_M_CAS_COUNT.RD[UNIT4];15993718;100.00;;"
8282 [139785750443712] INFO perfrun.perfcollector <> - PERF_STAT : "     1.592382829;CPU10;340;;UNC_M_CAS_COUNT.RD[UNIT4];15979068;100.00;;"
8282 [139785750443712] INFO perfrun.perfcollector <> - PERF_STAT : "     1.592382829;CPU0;3069;;UNC_M_CAS_COUNT.RD[UNIT5];15993795;100.00;;"
8282 [139785750443712] INFO perfrun.perfcollector <> - PERF_STAT : "     1.592382829;CPU10;441;;UNC_M_CAS_COUNT.RD[UNIT5];15978934;100.00;;"
8282 [139785750443712] INFO perfrun.perfcollector <> - PERF_STAT : "     1.592382829;CPU0;1276;;UNC_M_CAS_COUNT.WR[UNIT0];15993207;100.00;;"
8282 [139785750443712] INFO perfrun.perfcollector <> - PERF_STAT : "     1.592382829;CPU10;65;;UNC_M_CAS_COUNT.WR[UNIT0];15978957;100.00;;"
8282 [139785750443712] INFO perfrun.perfcollector <> - PERF_STAT : "     1.592382829;CPU0;2163;;UNC_M_CAS_COUNT.WR[UNIT1];15992975;100.00;;"
8282 [139785750443712] INFO perfrun.perfcollector <> - PERF_STAT : "     1.592382829;CPU10;158;;UNC_M_CAS_COUNT.WR[UNIT1];15979114;100.00;;"
8282 [139785750443712] INFO perfrun.perfcollector <> - PERF_STAT : "     1.592382829;CPU0;1363;;UNC_M_CAS_COUNT.WR[UNIT4];15992776;100.00;;"
8282 [139785750443712] INFO perfrun.perfcollector <> - PERF_STAT : "     1.592382829;CPU10;94;;UNC_M_CAS_COUNT.WR[UNIT4];15979285;100.00;;"
8282 [139785750443712] INFO perfrun.perfcollector <> - PERF_STAT : "     1.592382829;CPU0;2283;;UNC_M_CAS_COUNT.WR[UNIT5];15992017;100.00;;"
8282 [139785750443712] INFO perfrun.perfcollector <> - PERF_STAT : "     1.592382829;CPU10;176;;UNC_M_CAS_COUNT.WR[UNIT5];15979265;100.00;;"
8298 [139785750443712] INFO perfrun.perfcollector <> - PERF_STAT : "     1.608353806;CPU0;2120;;UNC_M_CAS_COUNT.RD[UNIT0];15990452;100.00;;"
8298 [139785750443712] INFO perfrun.perfcollector <> - PERF_STAT : "     1.608353806;CPU10;260;;UNC_M_CAS_COUNT.RD[UNIT0];16000258;100.00;;"
8298 [139785750443712] INFO perfrun.perfcollector <> - PERF_STAT : "     1.608353806;CPU0;2922;;UNC_M_CAS_COUNT.RD[UNIT1];15989312;100.00;;"
8298 [139785750443712] INFO perfrun.perfcollector <> - PERF_STAT : "     1.608353806;CPU10;377;;UNC_M_CAS_COUNT.RD[UNIT1];16000609;100.00;;"
8298 [139785750443712] INFO perfrun.perfcollector <> - PERF_STAT : "     1.608353806;CPU0;2116;;UNC_M_CAS_COUNT.RD[UNIT4];15988638;100.00;;"
8298 [139785750443712] INFO perfrun.perfcollector <> - PERF_STAT : "     1.608353806;CPU10;291;;UNC_M_CAS_COUNT.RD[UNIT4];16000305;100.00;;"
8298 [139785750443712] INFO perfrun.perfcollector <> - PERF_STAT : "     1.608353806;CPU0;2944;;UNC_M_CAS_COUNT.RD[UNIT5];15987762;100.00;;"
8298 [139785750443712] INFO perfrun.perfcollector <> - PERF_STAT : "     1.608353806;CPU10;392;;UNC_M_CAS_COUNT.RD[UNIT5];16000392;100.00;;"
8298 [139785750443712] INFO perfrun.perfcollector <> - PERF_STAT : "     1.608353806;CPU0;1283;;UNC_M_CAS_COUNT.WR[UNIT0];15987335;100.00;;"
8298 [139785750443712] INFO perfrun.perfcollector <> - PERF_STAT : "     1.608353806;CPU10;74;;UNC_M_CAS_COUNT.WR[UNIT0];16000359;100.00;;"
8298 [139785750443712] INFO perfrun.perfcollector <> - PERF_STAT : "     1.608353806;CPU0;2113;;UNC_M_CAS_COUNT.WR[UNIT1];15987092;100.00;;"
8298 [139785750443712] INFO perfrun.perfcollector <> - PERF_STAT : "     1.608353806;CPU10;162;;UNC_M_CAS_COUNT.WR[UNIT1];16000248;100.00;;"
8298 [139785750443712] INFO perfrun.perfcollector <> - PERF_STAT : "     1.608353806;CPU0;1272;;UNC_M_CAS_COUNT.WR[UNIT4];15986886;100.00;;"
8298 [139785750443712] INFO perfrun.perfcollector <> - PERF_STAT : "     1.608353806;CPU10;86;;UNC_M_CAS_COUNT.WR[UNIT4];16000104;100.00;;"
8298 [139785750443712] INFO perfrun.perfcollector <> - PERF_STAT : "     1.608353806;CPU0;2083;;UNC_M_CAS_COUNT.WR[UNIT5];15986496;100.00;;"
8298 [139785750443712] INFO perfrun.perfcollector <> - PERF_STAT : "     1.608353806;CPU10;195;;UNC_M_CAS_COUNT.WR[UNIT5];16000175;100.00;;"
8314 [139785750443712] INFO perfrun.perfcollector <> - PERF_STAT : "     1.624359497;CPU0;1948;;UNC_M_CAS_COUNT.RD[UNIT0];16000584;100.00;;"
8314 [139785750443712] INFO perfrun.perfcollector <> - PERF_STAT : "     1.624359497;CPU10;380;;UNC_M_CAS_COUNT.RD[UNIT0];15997586;100.00;;"
8314 [139785750443712] INFO perfrun.perfcollector <> - PERF_STAT : "     1.624359497;CPU0;2759;;UNC_M_CAS_COUNT.RD[UNIT1];16000468;100.00;;"
8314 [139785750443712] INFO perfrun.perfcollector <> - PERF_STAT : "     1.624359497;CPU10;468;;UNC_M_CAS_COUNT.RD[UNIT1];15997699;100.00;;"
8314 [139785750443712] INFO perfrun.perfcollector <> - PERF_STAT : "     1.624359497;CPU0;1937;;UNC_M_CAS_COUNT.RD[UNIT4];16000481;100.00;;"
8314 [139785750443712] INFO perfrun.perfcollector <> - PERF_STAT : "     1.624359497;CPU10;506;;UNC_M_CAS_COUNT.RD[UNIT4];15997706;100.00;;"
8314 [139785750443712] INFO perfrun.perfcollector <> - PERF_STAT : "     1.624359497;CPU0;2811;;UNC_M_CAS_COUNT.RD[UNIT5];16000672;100.00;;"
8314 [139785750443712] INFO perfrun.perfcollector <> - PERF_STAT : "     1.624359497;CPU10;593;;UNC_M_CAS_COUNT.RD[UNIT5];15997696;100.00;;"
8314 [139785750443712] INFO perfrun.perfcollector <> - PERF_STAT : "     1.624359497;CPU0;1255;;UNC_M_CAS_COUNT.WR[UNIT0];16000706;100.00;;"
8314 [139785750443712] INFO perfrun.perfcollector <> - PERF_STAT : "     1.624359497;CPU10;90;;UNC_M_CAS_COUNT.WR[UNIT0];15997692;100.00;;"
8314 [139785750443712] INFO perfrun.perfcollector <> - PERF_STAT : "     1.624359497;CPU0;2099;;UNC_M_CAS_COUNT.WR[UNIT1];16000593;100.00;;"
8314 [139785750443712] INFO perfrun.perfcollector <> - PERF_STAT : "     1.624359497;CPU10;156;;UNC_M_CAS_COUNT.WR[UNIT1];15997642;100.00;;"
8314 [139785750443712] INFO perfrun.perfcollector <> - PERF_STAT : "     1.624359497;CPU0;1268;;UNC_M_CAS_COUNT.WR[UNIT4];16000464;100.00;;"
8314 [139785750443712] INFO perfrun.perfcollector <> - PERF_STAT : "     1.624359497;CPU10;110;;UNC_M_CAS_COUNT.WR[UNIT4];15997650;100.00;;"
8314 [139785750443712] INFO perfrun.perfcollector <> - PERF_STAT : "     1.624359497;CPU0;2119;;UNC_M_CAS_COUNT.WR[UNIT5];16000537;100.00;;"
8314 [139785750443712] INFO perfrun.perfcollector <> - PERF_STAT : "     1.624359497;CPU10;186;;UNC_M_CAS_COUNT.WR[UNIT5];15997595;100.00;;"
8330 [139785750443712] INFO perfrun.perfcollector <> - PERF_STAT : "     1.640355066;CPU0;1981;;UNC_M_CAS_COUNT.RD[UNIT0];15999403;100.00;;"
8330 [139785750443712] INFO perfrun.perfcollector <> - PERF_STAT : "     1.640355066;CPU10;124;;UNC_M_CAS_COUNT.RD[UNIT0];16007522;100.00;;"
8330 [139785750443712] INFO perfrun.perfcollector <> - PERF_STAT : "     1.640355066;CPU0;2777;;UNC_M_CAS_COUNT.RD[UNIT1];15999303;100.00;;"
8330 [139785750443712] INFO perfrun.perfcollector <> - PERF_STAT : "     1.640355066;CPU10;187;;UNC_M_CAS_COUNT.RD[UNIT1];16004517;100.00;;"
8330 [139785750443712] INFO perfrun.perfcollector <> - PERF_STAT : "     1.640355066;CPU0;1975;;UNC_M_CAS_COUNT.RD[UNIT4];15999286;100.00;;"
8330 [139785750443712] INFO perfrun.perfcollector <> - PERF_STAT : "     1.640355066;CPU10;143;;UNC_M_CAS_COUNT.RD[UNIT4];16002807;100.00;;"
8330 [139785750443712] INFO perfrun.perfcollector <> - PERF_STAT : "     1.640355066;CPU0;2779;;UNC_M_CAS_COUNT.RD[UNIT5];15999272;100.00;;"
8330 [139785750443712] INFO perfrun.perfcollector <> - PERF_STAT : "     1.640355066;CPU10;229;;UNC_M_CAS_COUNT.RD[UNIT5];16000900;100.00;;"
8330 [139785750443712] INFO perfrun.perfcollector <> - PERF_STAT : "     1.640355066;CPU0;1211;;UNC_M_CAS_COUNT.WR[UNIT0];15999171;100.00;;"
8330 [139785750443712] INFO perfrun.perfcollector <> - PERF_STAT : "     1.640355066;CPU10;61;;UNC_M_CAS_COUNT.WR[UNIT0];15999216;100.00;;"
8330 [139785750443712] INFO perfrun.perfcollector <> - PERF_STAT : "     1.640355066;CPU0;2011;;UNC_M_CAS_COUNT.WR[UNIT1];15999190;100.00;;"
8330 [139785750443712] INFO perfrun.perfcollector <> - PERF_STAT : "     1.640355066;CPU10;117;;UNC_M_CAS_COUNT.WR[UNIT1];15997381;100.00;;"
8330 [139785750443712] INFO perfrun.perfcollector <> - PERF_STAT : "     1.640355066;CPU0;1154;;UNC_M_CAS_COUNT.WR[UNIT4];15999194;100.00;;"
8330 [139785750443712] INFO perfrun.perfcollector <> - PERF_STAT : "     1.640355066;CPU10;59;;UNC_M_CAS_COUNT.WR[UNIT4];15995859;100.00;;"
8330 [139785750443712] INFO perfrun.perfcollector <> - PERF_STAT : "     1.640355066;CPU0;2018;;UNC_M_CAS_COUNT.WR[UNIT5];15999109;100.00;;"
8330 [139785750443712] INFO perfrun.perfcollector <> - PERF_STAT : "     1.640355066;CPU10;149;;UNC_M_CAS_COUNT.WR[UNIT5];15994077;100.00;;"
8342 [139785750443712] INFO perfrun.perfcollector <> - PERF_STAT : "     1.656299146;CPU0;5000;;UNC_M_CAS_COUNT.RD[UNIT0];12181174;100.00;;"
8342 [139785750443712] INFO perfrun.perfcollector <> - PERF_STAT : "     1.656299146;CPU10;4625;;UNC_M_CAS_COUNT.RD[UNIT0];12179301;100.00;;"
8342 [139785750443712] INFO perfrun.perfcollector <> - PERF_STAT : "     1.656299146;CPU0;5586;;UNC_M_CAS_COUNT.RD[UNIT1];12181983;100.00;;"
8342 [139785750443712] INFO perfrun.perfcollector <> - PERF_STAT : "     1.656299146;CPU10;4617;;UNC_M_CAS_COUNT.RD[UNIT1];12182260;100.00;;"
8342 [139785750443712] INFO perfrun.perfcollector <> - PERF_STAT : "     1.656299146;CPU0;5042;;UNC_M_CAS_COUNT.RD[UNIT4];12182109;100.00;;"
8342 [139785750443712] INFO perfrun.perfcollector <> - PERF_STAT : "     1.656299146;CPU10;4699;;UNC_M_CAS_COUNT.RD[UNIT4];12183946;100.00;;"
8342 [139785750443712] INFO perfrun.perfcollector <> - PERF_STAT : "     1.656299146;CPU0;5581;;UNC_M_CAS_COUNT.RD[UNIT5];12182050;100.00;;"
8342 [139785750443712] INFO perfrun.perfcollector <> - PERF_STAT : "     1.656299146;CPU10;4782;;UNC_M_CAS_COUNT.RD[UNIT5];12185883;100.00;;"
8342 [139785750443712] INFO perfrun.perfcollector <> - PERF_STAT : "     1.656299146;CPU0;26213;;UNC_M_CAS_COUNT.WR[UNIT0];12182332;100.00;;"
8342 [139785750443712] INFO perfrun.perfcollector <> - PERF_STAT : "     1.656299146;CPU10;759;;UNC_M_CAS_COUNT.WR[UNIT0];12194949;100.00;;"
8342 [139785750443712] INFO perfrun.perfcollector <> - PERF_STAT : "     1.656299146;CPU0;26937;;UNC_M_CAS_COUNT.WR[UNIT1];12182648;100.00;;"
8342 [139785750443712] INFO perfrun.perfcollector <> - PERF_STAT : "     1.656299146;CPU10;808;;UNC_M_CAS_COUNT.WR[UNIT1];12196801;100.00;;"
8342 [139785750443712] INFO perfrun.perfcollector <> - PERF_STAT : "     1.656299146;CPU0;25975;;UNC_M_CAS_COUNT.WR[UNIT4];12182853;100.00;;"
8342 [139785750443712] INFO perfrun.perfcollector <> - PERF_STAT : "     1.656299146;CPU10;812;;UNC_M_CAS_COUNT.WR[UNIT4];12198312;100.00;;"
8342 [139785750443712] INFO perfrun.perfcollector <> - PERF_STAT : "     1.656299146;CPU0;26829;;UNC_M_CAS_COUNT.WR[UNIT5];12183053;100.00;;"
8342 [139785750443712] INFO perfrun.perfcollector <> - PERF_STAT : "     1.656299146;CPU10;872;;UNC_M_CAS_COUNT.WR[UNIT5];12207574;100.00;;"
8358 [139785750443712] INFO perfrun.perfcollector <> - PERF_STAT : "     1.668531000;CPU0;3177;;UNC_M_CAS_COUNT.RD[UNIT0];15874697;100.00;;"
8358 [139785750443712] INFO perfrun.perfcollector <> - PERF_STAT : "     1.668531000;CPU10;2396;;UNC_M_CAS_COUNT.RD[UNIT0];15877205;100.00;;"
8358 [139785750443712] INFO perfrun.perfcollector <> - PERF_STAT : "     1.668531000;CPU0;4019;;UNC_M_CAS_COUNT.RD[UNIT1];15874619;100.00;;"
8358 [139785750443712] INFO perfrun.perfcollector <> - PERF_STAT : "     1.668531000;CPU10;2320;;UNC_M_CAS_COUNT.RD[UNIT1];15874290;100.00;;"
8358 [139785750443712] INFO perfrun.perfcollector <> - PERF_STAT : "     1.668531000;CPU0;3117;;UNC_M_CAS_COUNT.RD[UNIT4];15874617;100.00;;"
8358 [139785750443712] INFO perfrun.perfcollector <> - PERF_STAT : "     1.668531000;CPU10;2414;;UNC_M_CAS_COUNT.RD[UNIT4];15872668;100.00;;"
8358 [139785750443712] INFO perfrun.perfcollector <> - PERF_STAT : "     1.668531000;CPU0;3939;;UNC_M_CAS_COUNT.RD[UNIT5];15874595;100.00;;"
8358 [139785750443712] INFO perfrun.perfcollector <> - PERF_STAT : "     1.668531000;CPU10;2447;;UNC_M_CAS_COUNT.RD[UNIT5];15870769;100.00;;"
8358 [139785750443712] INFO perfrun.perfcollector <> - PERF_STAT : "     1.668531000;CPU0;40924;;UNC_M_CAS_COUNT.WR[UNIT0];15874492;100.00;;"
8358 [139785750443712] INFO perfrun.perfcollector <> - PERF_STAT : "     1.668531000;CPU10;5953;;UNC_M_CAS_COUNT.WR[UNIT0];15861575;100.00;;"
8358 [139785750443712] INFO perfrun.perfcollector <> - PERF_STAT : "     1.668531000;CPU0;41801;;UNC_M_CAS_COUNT.WR[UNIT1];15874549;100.00;;"
8358 [139785750443712] INFO perfrun.perfcollector <> - PERF_STAT : "     1.668531000;CPU10;6054;;UNC_M_CAS_COUNT.WR[UNIT1];15859806;100.00;;"
8358 [139785750443712] INFO perfrun.perfcollector <> - PERF_STAT : "     1.668531000;CPU0;40954;;UNC_M_CAS_COUNT.WR[UNIT4];15874557;100.00;;"
8358 [139785750443712] INFO perfrun.perfcollector <> - PERF_STAT : "     1.668531000;CPU10;5949;;UNC_M_CAS_COUNT.WR[UNIT4];15858020;100.00;;"
8358 [139785750443712] INFO perfrun.perfcollector <> - PERF_STAT : "     1.668531000;CPU0;41678;;UNC_M_CAS_COUNT.WR[UNIT5];15874485;100.00;;"
8358 [139785750443712] INFO perfrun.perfcollector <> - PERF_STAT : "     1.668531000;CPU10;6076;;UNC_M_CAS_COUNT.WR[UNIT5];15848718;100.00;;"
8368 [139785750443712] INFO perfrun.perfcollector <> - PERF_STAT : "     1.684343051;CPU0;3660;;UNC_M_CAS_COUNT.RD[UNIT0];10349231;100.00;;"
8368 [139785750443712] INFO perfrun.perfcollector <> - PERF_STAT : "     1.684343051;CPU10;1855;;UNC_M_CAS_COUNT.RD[UNIT0];10303403;100.00;;"
8368 [139785750443712] INFO perfrun.perfcollector <> - PERF_STAT : "     1.684343051;CPU0;4036;;UNC_M_CAS_COUNT.RD[UNIT1];10348772;100.00;;"
8368 [139785750443712] INFO perfrun.perfcollector <> - PERF_STAT : "     1.684343051;CPU10;1978;;UNC_M_CAS_COUNT.RD[UNIT1];10306297;100.00;;"
8368 [139785750443712] INFO perfrun.perfcollector <> - PERF_STAT : "     1.684343051;CPU0;3524;;UNC_M_CAS_COUNT.RD[UNIT4];10348896;100.00;;"
8368 [139785750443712] INFO perfrun.perfcollector <> - PERF_STAT : "     1.684343051;CPU10;2083;;UNC_M_CAS_COUNT.RD[UNIT4];10307850;100.00;;"
8368 [139785750443712] INFO perfrun.perfcollector <> - PERF_STAT : "     1.684343051;CPU0;3896;;UNC_M_CAS_COUNT.RD[UNIT5];10349054;100.00;;"
8368 [139785750443712] INFO perfrun.perfcollector <> - PERF_STAT : "     1.684343051;CPU10;2145;;UNC_M_CAS_COUNT.RD[UNIT5];10309779;100.00;;"
8368 [139785750443712] INFO perfrun.perfcollector <> - PERF_STAT : "     1.684343051;CPU0;21286;;UNC_M_CAS_COUNT.WR[UNIT0];10348940;100.00;;"
8368 [139785750443712] INFO perfrun.perfcollector <> - PERF_STAT : "     1.684343051;CPU10;14322;;UNC_M_CAS_COUNT.WR[UNIT0];10311431;100.00;;"
8368 [139785750443712] INFO perfrun.perfcollector <> - PERF_STAT : "     1.684343051;CPU0;21801;;UNC_M_CAS_COUNT.WR[UNIT1];10348735;100.00;;"
8368 [139785750443712] INFO perfrun.perfcollector <> - PERF_STAT : "     1.684343051;CPU10;14429;;UNC_M_CAS_COUNT.WR[UNIT1];10313206;100.00;;"
8368 [139785750443712] INFO perfrun.perfcollector <> - PERF_STAT : "     1.684343051;CPU0;21287;;UNC_M_CAS_COUNT.WR[UNIT4];10348620;100.00;;"
8368 [139785750443712] INFO perfrun.perfcollector <> - PERF_STAT : "     1.684343051;CPU10;14302;;UNC_M_CAS_COUNT.WR[UNIT4];10314829;100.00;;"
8368 [139785750443712] INFO perfrun.perfcollector <> - PERF_STAT : "     1.684343051;CPU0;21568;;UNC_M_CAS_COUNT.WR[UNIT5];10348754;100.00;;"
8368 [139785750443712] INFO perfrun.perfcollector <> - PERF_STAT : "     1.684343051;CPU10;14434;;UNC_M_CAS_COUNT.WR[UNIT5];10316578;100.00;;"
8378 [139785750443712] INFO perfrun.perfcollector <> - PERF_STAT : "     1.694681490;CPU0;1954;;UNC_M_CAS_COUNT.RD[UNIT0];10325220;100.00;;"
8378 [139785750443712] INFO perfrun.perfcollector <> - PERF_STAT : "     1.694681490;CPU10;2641;;UNC_M_CAS_COUNT.RD[UNIT0];10323385;100.00;;"
8378 [139785750443712] INFO perfrun.perfcollector <> - PERF_STAT : "     1.694681490;CPU0;2431;;UNC_M_CAS_COUNT.RD[UNIT1];10325327;100.00;;"
8378 [139785750443712] INFO perfrun.perfcollector <> - PERF_STAT : "     1.694681490;CPU10;2884;;UNC_M_CAS_COUNT.RD[UNIT1];10323448;100.00;;"
8378 [139785750443712] INFO perfrun.perfcollector <> - PERF_STAT : "     1.694681490;CPU0;1915;;UNC_M_CAS_COUNT.RD[UNIT4];10324996;100.00;;"
8378 [139785750443712] INFO perfrun.perfcollector <> - PERF_STAT : "     1.694681490;CPU10;2813;;UNC_M_CAS_COUNT.RD[UNIT4];10323681;100.00;;"
8378 [139785750443712] INFO perfrun.perfcollector <> - PERF_STAT : "     1.694681490;CPU0;2493;;UNC_M_CAS_COUNT.RD[UNIT5];10324868;100.00;;"
8378 [139785750443712] INFO perfrun.perfcollector <> - PERF_STAT : "     1.694681490;CPU10;2915;;UNC_M_CAS_COUNT.RD[UNIT5];10323551;100.00;;"
8378 [139785750443712] INFO perfrun.perfcollector <> - PERF_STAT : "     1.694681490;CPU0;20207;;UNC_M_CAS_COUNT.WR[UNIT0];10324839;100.00;;"
8378 [139785750443712] INFO perfrun.perfcollector <> - PERF_STAT : "     1.694681490;CPU10;16714;;UNC_M_CAS_COUNT.WR[UNIT0];10323819;100.00;;"
8378 [139785750443712] INFO perfrun.perfcollector <> - PERF_STAT : "     1.694681490;CPU0;20626;;UNC_M_CAS_COUNT.WR[UNIT1];10324966;100.00;;"
8378 [139785750443712] INFO perfrun.perfcollector <> - PERF_STAT : "     1.694681490;CPU10;16923;;UNC_M_CAS_COUNT.WR[UNIT1];10323813;100.00;;"
8378 [139785750443712] INFO perfrun.perfcollector <> - PERF_STAT : "     1.694681490;CPU0;20258;;UNC_M_CAS_COUNT.WR[UNIT4];10325003;100.00;;"
8379 [139785750443712] INFO perfrun.perfcollector <> - PERF_STAT : "     1.694681490;CPU10;16794;;UNC_M_CAS_COUNT.WR[UNIT4];10323979;100.00;;"
8379 [139785750443712] INFO perfrun.perfcollector <> - PERF_STAT : "     1.694681490;CPU0;20798;;UNC_M_CAS_COUNT.WR[UNIT5];10324754;100.00;;"
8379 [139785750443712] INFO perfrun.perfcollector <> - PERF_STAT : "     1.694681490;CPU10;16860;;UNC_M_CAS_COUNT.WR[UNIT5];10324029;100.00;;"
8389 [139785750443712] INFO perfrun.perfcollector <> - PERF_STAT : "     1.705039812;CPU0;2331;;UNC_M_CAS_COUNT.RD[UNIT0];10366416;100.00;;"
8389 [139785750443712] INFO perfrun.perfcollector <> - PERF_STAT : "     1.705039812;CPU10;2741;;UNC_M_CAS_COUNT.RD[UNIT0];10367423;100.00;;"
8389 [139785750443712] INFO perfrun.perfcollector <> - PERF_STAT : "     1.705039812;CPU0;2761;;UNC_M_CAS_COUNT.RD[UNIT1];10366459;100.00;;"
8389 [139785750443712] INFO perfrun.perfcollector <> - PERF_STAT : "     1.705039812;CPU10;2913;;UNC_M_CAS_COUNT.RD[UNIT1];10367116;100.00;;"
8389 [139785750443712] INFO perfrun.perfcollector <> - PERF_STAT : "     1.705039812;CPU0;2653;;UNC_M_CAS_COUNT.RD[UNIT4];10366625;100.00;;"
8389 [139785750443712] INFO perfrun.perfcollector <> - PERF_STAT : "     1.705039812;CPU10;2871;;UNC_M_CAS_COUNT.RD[UNIT4];10366953;100.00;;"
8389 [139785750443712] INFO perfrun.perfcollector <> - PERF_STAT : "     1.705039812;CPU0;3228;;UNC_M_CAS_COUNT.RD[UNIT5];10366787;100.00;;"
8389 [139785750443712] INFO perfrun.perfcollector <> - PERF_STAT : "     1.705039812;CPU10;3043;;UNC_M_CAS_COUNT.RD[UNIT5];10367189;100.00;;"
8389 [139785750443712] INFO perfrun.perfcollector <> - PERF_STAT : "     1.705039812;CPU0;20238;;UNC_M_CAS_COUNT.WR[UNIT0];10366977;100.00;;"
8389 [139785750443712] INFO perfrun.perfcollector <> - PERF_STAT : "     1.705039812;CPU10;18191;;UNC_M_CAS_COUNT.WR[UNIT0];10367089;100.00;;"
8389 [139785750443712] INFO perfrun.perfcollector <> - PERF_STAT : "     1.705039812;CPU0;20684;;UNC_M_CAS_COUNT.WR[UNIT1];10366820;100.00;;"
8389 [139785750443712] INFO perfrun.perfcollector <> - PERF_STAT : "     1.705039812;CPU10;18571;;UNC_M_CAS_COUNT.WR[UNIT1];10367225;100.00;;"
8389 [139785750443712] INFO perfrun.perfcollector <> - PERF_STAT : "     1.705039812;CPU0;20142;;UNC_M_CAS_COUNT.WR[UNIT4];10366755;100.00;;"
8389 [139785750443712] INFO perfrun.perfcollector <> - PERF_STAT : "     1.705039812;CPU10;18314;;UNC_M_CAS_COUNT.WR[UNIT4];10367349;100.00;;"
8389 [139785750443712] INFO perfrun.perfcollector <> - PERF_STAT : "     1.705039812;CPU0;20880;;UNC_M_CAS_COUNT.WR[UNIT5];10366777;100.00;;"
8389 [139785750443712] INFO perfrun.perfcollector <> - PERF_STAT : "     1.705039812;CPU10;18631;;UNC_M_CAS_COUNT.WR[UNIT5];10367359;100.00;;"
8399 [139785750443712] INFO perfrun.perfcollector <> - PERF_STAT : "     1.715387254;CPU0;2502;;UNC_M_CAS_COUNT.RD[UNIT0];10341483;100.00;;"
8399 [139785750443712] INFO perfrun.perfcollector <> - PERF_STAT : "     1.715387254;CPU10;3035;;UNC_M_CAS_COUNT.RD[UNIT0];10342693;100.00;;"
8399 [139785750443712] INFO perfrun.perfcollector <> - PERF_STAT : "     1.715387254;CPU0;2956;;UNC_M_CAS_COUNT.RD[UNIT1];10341711;100.00;;"
8399 [139785750443712] INFO perfrun.perfcollector <> - PERF_STAT : "     1.715387254;CPU10;3339;;UNC_M_CAS_COUNT.RD[UNIT1];10342988;100.00;;"
8399 [139785750443712] INFO perfrun.perfcollector <> - PERF_STAT : "     1.715387254;CPU0;2011;;UNC_M_CAS_COUNT.RD[UNIT4];10341826;100.00;;"
8399 [139785750443712] INFO perfrun.perfcollector <> - PERF_STAT : "     1.715387254;CPU10;3242;;UNC_M_CAS_COUNT.RD[UNIT4];10343271;100.00;;"
8399 [139785750443712] INFO perfrun.perfcollector <> - PERF_STAT : "     1.715387254;CPU0;2620;;UNC_M_CAS_COUNT.RD[UNIT5];10341684;100.00;;"
8399 [139785750443712] INFO perfrun.perfcollector <> - PERF_STAT : "     1.715387254;CPU10;3572;;UNC_M_CAS_COUNT.RD[UNIT5];10343238;100.00;;"
8399 [139785750443712] INFO perfrun.perfcollector <> - PERF_STAT : "     1.715387254;CPU0;20699;;UNC_M_CAS_COUNT.WR[UNIT0];10341658;100.00;;"
8399 [139785750443712] INFO perfrun.perfcollector <> - PERF_STAT : "     1.715387254;CPU10;17191;;UNC_M_CAS_COUNT.WR[UNIT0];10343197;100.00;;"
8399 [139785750443712] INFO perfrun.perfcollector <> - PERF_STAT : "     1.715387254;CPU0;21399;;UNC_M_CAS_COUNT.WR[UNIT1];10341783;100.00;;"
8399 [139785750443712] INFO perfrun.perfcollector <> - PERF_STAT : "     1.715387254;CPU10;17289;;UNC_M_CAS_COUNT.WR[UNIT1];10343065;100.00;;"
8399 [139785750443712] INFO perfrun.perfcollector <> - PERF_STAT : "     1.715387254;CPU0;20849;;UNC_M_CAS_COUNT.WR[UNIT4];10341724;100.00;;"
8399 [139785750443712] INFO perfrun.perfcollector <> - PERF_STAT : "     1.715387254;CPU10;17091;;UNC_M_CAS_COUNT.WR[UNIT4];10342920;100.00;;"
8399 [139785750443712] INFO perfrun.perfcollector <> - PERF_STAT : "     1.715387254;CPU0;21183;;UNC_M_CAS_COUNT.WR[UNIT5];10341743;100.00;;"
8399 [139785750443712] INFO perfrun.perfcollector <> - PERF_STAT : "     1.715387254;CPU10;17403;;UNC_M_CAS_COUNT.WR[UNIT5];10342965;100.00;;"
8409 [139785750443712] INFO perfrun.perfcollector <> - PERF_STAT : "     1.725762256;CPU0;1620;;UNC_M_CAS_COUNT.RD[UNIT0];10367157;100.00;;"
8409 [139785750443712] INFO perfrun.perfcollector <> - PERF_STAT : "     1.725762256;CPU10;1505;;UNC_M_CAS_COUNT.RD[UNIT0];10359861;100.00;;"
8409 [139785750443712] INFO perfrun.perfcollector <> - PERF_STAT : "     1.725762256;CPU0;2160;;UNC_M_CAS_COUNT.RD[UNIT1];10366849;100.00;;"
8409 [139785750443712] INFO perfrun.perfcollector <> - PERF_STAT : "     1.725762256;CPU10;1580;;UNC_M_CAS_COUNT.RD[UNIT1];10356978;100.00;;"
8409 [139785750443712] INFO perfrun.perfcollector <> - PERF_STAT : "     1.725762256;CPU0;2018;;UNC_M_CAS_COUNT.RD[UNIT4];10366926;100.00;;"
8409 [139785750443712] INFO perfrun.perfcollector <> - PERF_STAT : "     1.725762256;CPU10;1571;;UNC_M_CAS_COUNT.RD[UNIT4];10354869;100.00;;"
8409 [139785750443712] INFO perfrun.perfcollector <> - PERF_STAT : "     1.725762256;CPU0;2626;;UNC_M_CAS_COUNT.RD[UNIT5];10366907;100.00;;"
8409 [139785750443712] INFO perfrun.perfcollector <> - PERF_STAT : "     1.725762256;CPU10;1601;;UNC_M_CAS_COUNT.RD[UNIT5];10352966;100.00;;"
8409 [139785750443712] INFO perfrun.perfcollector <> - PERF_STAT : "     1.725762256;CPU0;19863;;UNC_M_CAS_COUNT.WR[UNIT0];10367104;100.00;;"
8409 [139785750443712] INFO perfrun.perfcollector <> - PERF_STAT : "     1.725762256;CPU10;19099;;UNC_M_CAS_COUNT.WR[UNIT0];10351129;100.00;;"
8409 [139785750443712] INFO perfrun.perfcollector <> - PERF_STAT : "     1.725762256;CPU0;20457;;UNC_M_CAS_COUNT.WR[UNIT1];10366984;100.00;;"
8409 [139785750443712] INFO perfrun.perfcollector <> - PERF_STAT : "     1.725762256;CPU10;19247;;UNC_M_CAS_COUNT.WR[UNIT1];10349271;100.00;;"
8410 [139785750443712] INFO perfrun.perfcollector <> - PERF_STAT : "     1.725762256;CPU0;19885;;UNC_M_CAS_COUNT.WR[UNIT4];10367132;100.00;;"
8410 [139785750443712] INFO perfrun.perfcollector <> - PERF_STAT : "     1.725762256;CPU10;19105;;UNC_M_CAS_COUNT.WR[UNIT4];10347571;100.00;;"
8410 [139785750443712] INFO perfrun.perfcollector <> - PERF_STAT : "     1.725762256;CPU0;20555;;UNC_M_CAS_COUNT.WR[UNIT5];10367179;100.00;;"
8410 [139785750443712] INFO perfrun.perfcollector <> - PERF_STAT : "     1.725762256;CPU10;19055;;UNC_M_CAS_COUNT.WR[UNIT5];10345885;100.00;;"
8420 [139785750443712] INFO perfrun.perfcollector <> - PERF_STAT : "     1.736046154;CPU0;1868;;UNC_M_CAS_COUNT.RD[UNIT0];10291589;100.00;;"
8420 [139785750443712] INFO perfrun.perfcollector <> - PERF_STAT : "     1.736046154;CPU10;1265;;UNC_M_CAS_COUNT.RD[UNIT0];10298353;100.00;;"
8420 [139785750443712] INFO perfrun.perfcollector <> - PERF_STAT : "     1.736046154;CPU0;2398;;UNC_M_CAS_COUNT.RD[UNIT1];10291749;100.00;;"
8420 [139785750443712] INFO perfrun.perfcollector <> - PERF_STAT : "     1.736046154;CPU10;1289;;UNC_M_CAS_COUNT.RD[UNIT1];10301154;100.00;;"
8420 [139785750443712] INFO perfrun.perfcollector <> - PERF_STAT : "     1.736046154;CPU0;1970;;UNC_M_CAS_COUNT.RD[UNIT4];10291542;100.00;;"
8420 [139785750443712] INFO perfrun.perfcollector <> - PERF_STAT : "     1.736046154;CPU10;1291;;UNC_M_CAS_COUNT.RD[UNIT4];10302976;100.00;;"
8420 [139785750443712] INFO perfrun.perfcollector <> - PERF_STAT : "     1.736046154;CPU0;2519;;UNC_M_CAS_COUNT.RD[UNIT5];10291555;100.00;;"
8420 [139785750443712] INFO perfrun.perfcollector <> - PERF_STAT : "     1.736046154;CPU10;1322;;UNC_M_CAS_COUNT.RD[UNIT5];10317095;100.00;;"
8420 [139785750443712] INFO perfrun.perfcollector <> - PERF_STAT : "     1.736046154;CPU0;19593;;UNC_M_CAS_COUNT.WR[UNIT0];10291225;100.00;;"
8420 [139785750443712] INFO perfrun.perfcollector <> - PERF_STAT : "     1.736046154;CPU10;18339;;UNC_M_CAS_COUNT.WR[UNIT0];10317140;100.00;;"
8420 [139785750443712] INFO perfrun.perfcollector <> - PERF_STAT : "     1.736046154;CPU0;20005;;UNC_M_CAS_COUNT.WR[UNIT1];10291204;100.00;;"
8420 [139785750443712] INFO perfrun.perfcollector <> - PERF_STAT : "     1.736046154;CPU10;18570;;UNC_M_CAS_COUNT.WR[UNIT1];10317152;100.00;;"
8420 [139785750443712] INFO perfrun.perfcollector <> - PERF_STAT : "     1.736046154;CPU0;19419;;UNC_M_CAS_COUNT.WR[UNIT4];10291058;100.00;;"
8420 [139785750443712] INFO perfrun.perfcollector <> - PERF_STAT : "     1.736046154;CPU10;18624;;UNC_M_CAS_COUNT.WR[UNIT4];10317087;100.00;;"
8420 [139785750443712] INFO perfrun.perfcollector <> - PERF_STAT : "     1.736046154;CPU0;20040;;UNC_M_CAS_COUNT.WR[UNIT5];10290955;100.00;;"
8420 [139785750443712] INFO perfrun.perfcollector <> - PERF_STAT : "     1.736046154;CPU10;18645;;UNC_M_CAS_COUNT.WR[UNIT5];10317061;100.00;;"
8430 [139785750443712] INFO perfrun.perfcollector <> - PERF_STAT : "     1.746367547;CPU0;2022;;UNC_M_CAS_COUNT.RD[UNIT0];10322479;100.00;;"
8430 [139785750443712] INFO perfrun.perfcollector <> - PERF_STAT : "     1.746367547;CPU10;1668;;UNC_M_CAS_COUNT.RD[UNIT0];10323568;100.00;;"
8430 [139785750443712] INFO perfrun.perfcollector <> - PERF_STAT : "     1.746367547;CPU0;2535;;UNC_M_CAS_COUNT.RD[UNIT1];10322422;100.00;;"
8430 [139785750443712] INFO perfrun.perfcollector <> - PERF_STAT : "     1.746367547;CPU10;1755;;UNC_M_CAS_COUNT.RD[UNIT1];10323602;100.00;;"
8430 [139785750443712] INFO perfrun.perfcollector <> - PERF_STAT : "     1.746367547;CPU0;2030;;UNC_M_CAS_COUNT.RD[UNIT4];10322309;100.00;;"
8430 [139785750443712] INFO perfrun.perfcollector <> - PERF_STAT : "     1.746367547;CPU10;1850;;UNC_M_CAS_COUNT.RD[UNIT4];10323659;100.00;;"
8430 [139785750443712] INFO perfrun.perfcollector <> - PERF_STAT : "     1.746367547;CPU0;2560;;UNC_M_CAS_COUNT.RD[UNIT5];10322293;100.00;;"
8430 [139785750443712] INFO perfrun.perfcollector <> - PERF_STAT : "     1.746367547;CPU10;1921;;UNC_M_CAS_COUNT.RD[UNIT5];10311414;100.00;;"
8430 [139785750443712] INFO perfrun.perfcollector <> - PERF_STAT : "     1.746367547;CPU0;20685;;UNC_M_CAS_COUNT.WR[UNIT0];10322407;100.00;;"
8430 [139785750443712] INFO perfrun.perfcollector <> - PERF_STAT : "     1.746367547;CPU10;18051;;UNC_M_CAS_COUNT.WR[UNIT0];10313199;100.00;;"
8430 [139785750443712] INFO perfrun.perfcollector <> - PERF_STAT : "     1.746367547;CPU0;21292;;UNC_M_CAS_COUNT.WR[UNIT1];10322270;100.00;;"
8430 [139785750443712] INFO perfrun.perfcollector <> - PERF_STAT : "     1.746367547;CPU10;18038;;UNC_M_CAS_COUNT.WR[UNIT1];10315050;100.00;;"
8430 [139785750443712] INFO perfrun.perfcollector <> - PERF_STAT : "     1.746367547;CPU0;20847;;UNC_M_CAS_COUNT.WR[UNIT4];10322260;100.00;;"
8430 [139785750443712] INFO perfrun.perfcollector <> - PERF_STAT : "     1.746367547;CPU10;18022;;UNC_M_CAS_COUNT.WR[UNIT4];10316924;100.00;;"
8430 [139785750443712] INFO perfrun.perfcollector <> - PERF_STAT : "     1.746367547;CPU0;21193;;UNC_M_CAS_COUNT.WR[UNIT5];10322443;100.00;;"
8430 [139785750443712] INFO perfrun.perfcollector <> - PERF_STAT : "     1.746367547;CPU10;18125;;UNC_M_CAS_COUNT.WR[UNIT5];10318575;100.00;;"
8440 [139785750443712] INFO perfrun.perfcollector <> - PERF_STAT : "     1.756696830;CPU0;213852;;UNC_M_CAS_COUNT.RD[UNIT0];10324611;100.00;;"
8440 [139785750443712] INFO perfrun.perfcollector <> - PERF_STAT : "     1.756696830;CPU10;2989;;UNC_M_CAS_COUNT.RD[UNIT0];10350538;100.00;;"
8440 [139785750443712] INFO perfrun.perfcollector <> - PERF_STAT : "     1.756696830;CPU0;215234;;UNC_M_CAS_COUNT.RD[UNIT1];10328413;100.00;;"
8440 [139785750443712] INFO perfrun.perfcollector <> - PERF_STAT : "     1.756696830;CPU10;3468;;UNC_M_CAS_COUNT.RD[UNIT1];10347668;100.00;;"
8440 [139785750443712] INFO perfrun.perfcollector <> - PERF_STAT : "     1.756696830;CPU0;198367;;UNC_M_CAS_COUNT.RD[UNIT4];10335413;100.00;;"
8440 [139785750443712] INFO perfrun.perfcollector <> - PERF_STAT : "     1.756696830;CPU10;3405;;UNC_M_CAS_COUNT.RD[UNIT4];10347053;100.00;;"
8440 [139785750443712] INFO perfrun.perfcollector <> - PERF_STAT : "     1.756696830;CPU0;250389;;UNC_M_CAS_COUNT.RD[UNIT5];10336247;100.00;;"
8440 [139785750443712] INFO perfrun.perfcollector <> - PERF_STAT : "     1.756696830;CPU10;3598;;UNC_M_CAS_COUNT.RD[UNIT5];10346234;100.00;;"
8441 [139785750443712] INFO perfrun.perfcollector <> - PERF_STAT : "     1.756696830;CPU0;51386;;UNC_M_CAS_COUNT.WR[UNIT0];10338793;100.00;;"
8441 [139785750443712] INFO perfrun.perfcollector <> - PERF_STAT : "     1.756696830;CPU10;51609;;UNC_M_CAS_COUNT.WR[UNIT0];10347526;100.00;;"
8441 [139785750443712] INFO perfrun.perfcollector <> - PERF_STAT : "     1.756696830;CPU0;52199;;UNC_M_CAS_COUNT.WR[UNIT1];10339787;100.00;;"
8441 [139785750443712] INFO perfrun.perfcollector <> - PERF_STAT : "     1.756696830;CPU10;52244;;UNC_M_CAS_COUNT.WR[UNIT1];10347685;100.00;;"
8441 [139785750443712] INFO perfrun.perfcollector <> - PERF_STAT : "     1.756696830;CPU0;49649;;UNC_M_CAS_COUNT.WR[UNIT4];10341247;100.00;;"
8441 [139785750443712] INFO perfrun.perfcollector <> - PERF_STAT : "     1.756696830;CPU10;51678;;UNC_M_CAS_COUNT.WR[UNIT4];10346468;100.00;;"
8441 [139785750443712] INFO perfrun.perfcollector <> - PERF_STAT : "     1.756696830;CPU0;57401;;UNC_M_CAS_COUNT.WR[UNIT5];10341977;100.00;;"
8441 [139785750443712] INFO perfrun.perfcollector <> - PERF_STAT : "     1.756696830;CPU10;52053;;UNC_M_CAS_COUNT.WR[UNIT5];10345496;100.00;;"
8451 [139785750443712] INFO perfrun.perfcollector <> - PERF_STAT : "     1.767019270;CPU0;384437;;UNC_M_CAS_COUNT.RD[UNIT0];10320940;100.00;;"
8451 [139785750443712] INFO perfrun.perfcollector <> - PERF_STAT : "     1.767019270;CPU10;4542;;UNC_M_CAS_COUNT.RD[UNIT0];10315195;100.00;;"
8451 [139785750443712] INFO perfrun.perfcollector <> - PERF_STAT : "     1.767019270;CPU0;352933;;UNC_M_CAS_COUNT.RD[UNIT1];10320508;100.00;;"
8451 [139785750443712] INFO perfrun.perfcollector <> - PERF_STAT : "     1.767019270;CPU10;4930;;UNC_M_CAS_COUNT.RD[UNIT1];10316228;100.00;;"
8451 [139785750443712] INFO perfrun.perfcollector <> - PERF_STAT : "     1.767019270;CPU0;346269;;UNC_M_CAS_COUNT.RD[UNIT4];10314693;100.00;;"
8451 [139785750443712] INFO perfrun.perfcollector <> - PERF_STAT : "     1.767019270;CPU10;4531;;UNC_M_CAS_COUNT.RD[UNIT4];10315619;100.00;;"
8451 [139785750443712] INFO perfrun.perfcollector <> - PERF_STAT : "     1.767019270;CPU0;386568;;UNC_M_CAS_COUNT.RD[UNIT5];10315192;100.00;;"
8451 [139785750443712] INFO perfrun.perfcollector <> - PERF_STAT : "     1.767019270;CPU10;4869;;UNC_M_CAS_COUNT.RD[UNIT5];10314784;100.00;;"
8451 [139785750443712] INFO perfrun.perfcollector <> - PERF_STAT : "     1.767019270;CPU0;42288;;UNC_M_CAS_COUNT.WR[UNIT0];10313871;100.00;;"
8451 [139785750443712] INFO perfrun.perfcollector <> - PERF_STAT : "     1.767019270;CPU10;37537;;UNC_M_CAS_COUNT.WR[UNIT0];10312665;100.00;;"
8451 [139785750443712] INFO perfrun.perfcollector <> - PERF_STAT : "     1.767019270;CPU0;40773;;UNC_M_CAS_COUNT.WR[UNIT1];10318561;100.00;;"
8451 [139785750443712] INFO perfrun.perfcollector <> - PERF_STAT : "     1.767019270;CPU10;37888;;UNC_M_CAS_COUNT.WR[UNIT1];10311209;100.00;;"
8451 [139785750443712] INFO perfrun.perfcollector <> - PERF_STAT : "     1.767019270;CPU0;37458;;UNC_M_CAS_COUNT.WR[UNIT4];10318199;100.00;;"
8451 [139785750443712] INFO perfrun.perfcollector <> - PERF_STAT : "     1.767019270;CPU10;37364;;UNC_M_CAS_COUNT.WR[UNIT4];10311027;100.00;;"
8451 [139785750443712] INFO perfrun.perfcollector <> - PERF_STAT : "     1.767019270;CPU0;45257;;UNC_M_CAS_COUNT.WR[UNIT5];10318304;100.00;;"
8451 [139785750443712] INFO perfrun.perfcollector <> - PERF_STAT : "     1.767019270;CPU10;37999;;UNC_M_CAS_COUNT.WR[UNIT5];10310444;100.00;;"
8461 [139785750443712] INFO perfrun.perfcollector <> - PERF_STAT : "     1.777339394;CPU0;330722;;UNC_M_CAS_COUNT.RD[UNIT0];10326262;100.00;;"
8461 [139785750443712] INFO perfrun.perfcollector <> - PERF_STAT : "     1.777339394;CPU10;2499;;UNC_M_CAS_COUNT.RD[UNIT0];10339589;100.00;;"
8461 [139785750443712] INFO perfrun.perfcollector <> - PERF_STAT : "     1.777339394;CPU0;316431;;UNC_M_CAS_COUNT.RD[UNIT1];10325712;100.00;;"
8461 [139785750443712] INFO perfrun.perfcollector <> - PERF_STAT : "     1.777339394;CPU10;3154;;UNC_M_CAS_COUNT.RD[UNIT1];10340034;100.00;;"
8461 [139785750443712] INFO perfrun.perfcollector <> - PERF_STAT : "     1.777339394;CPU0;299119;;UNC_M_CAS_COUNT.RD[UNIT4];10326353;100.00;;"
8461 [139785750443712] INFO perfrun.perfcollector <> - PERF_STAT : "     1.777339394;CPU10;2936;;UNC_M_CAS_COUNT.RD[UNIT4];10343596;100.00;;"
8461 [139785750443712] INFO perfrun.perfcollector <> - PERF_STAT : "     1.777339394;CPU0;360410;;UNC_M_CAS_COUNT.RD[UNIT5];10326990;100.00;;"
8461 [139785750443712] INFO perfrun.perfcollector <> - PERF_STAT : "     1.777339394;CPU10;3027;;UNC_M_CAS_COUNT.RD[UNIT5];10343597;100.00;;"
8461 [139785750443712] INFO perfrun.perfcollector <> - PERF_STAT : "     1.777339394;CPU0;17481;;UNC_M_CAS_COUNT.WR[UNIT0];10326985;100.00;;"
8461 [139785750443712] INFO perfrun.perfcollector <> - PERF_STAT : "     1.777339394;CPU10;4690;;UNC_M_CAS_COUNT.WR[UNIT0];10347084;100.00;;"
8461 [139785750443712] INFO perfrun.perfcollector <> - PERF_STAT : "     1.777339394;CPU0;17237;;UNC_M_CAS_COUNT.WR[UNIT1];10328538;100.00;;"
8461 [139785750443712] INFO perfrun.perfcollector <> - PERF_STAT : "     1.777339394;CPU10;5164;;UNC_M_CAS_COUNT.WR[UNIT1];10348248;100.00;;"
8461 [139785750443712] INFO perfrun.perfcollector <> - PERF_STAT : "     1.777339394;CPU0;12914;;UNC_M_CAS_COUNT.WR[UNIT4];10333609;100.00;;"
8461 [139785750443712] INFO perfrun.perfcollector <> - PERF_STAT : "     1.777339394;CPU10;4875;;UNC_M_CAS_COUNT.WR[UNIT4];10347851;100.00;;"
8461 [139785750443712] INFO perfrun.perfcollector <> - PERF_STAT : "     1.777339394;CPU0;22792;;UNC_M_CAS_COUNT.WR[UNIT5];10334227;100.00;;"
8461 [139785750443712] INFO perfrun.perfcollector <> - PERF_STAT : "     1.777339394;CPU10;5290;;UNC_M_CAS_COUNT.WR[UNIT5];10347656;100.00;;"
8471 [139785750443712] INFO perfrun.perfcollector <> - PERF_STAT : "     1.787668125;CPU0;344259;;UNC_M_CAS_COUNT.RD[UNIT0];10316351;100.00;;"
8471 [139785750443712] INFO perfrun.perfcollector <> - PERF_STAT : "     1.787668125;CPU10;2597;;UNC_M_CAS_COUNT.RD[UNIT0];10299037;100.00;;"
8471 [139785750443712] INFO perfrun.perfcollector <> - PERF_STAT : "     1.787668125;CPU0;302234;;UNC_M_CAS_COUNT.RD[UNIT1];10316326;100.00;;"
8471 [139785750443712] INFO perfrun.perfcollector <> - PERF_STAT : "     1.787668125;CPU10;3151;;UNC_M_CAS_COUNT.RD[UNIT1];10298263;100.00;;"
8471 [139785750443712] INFO perfrun.perfcollector <> - PERF_STAT : "     1.787668125;CPU0;300073;;UNC_M_CAS_COUNT.RD[UNIT4];10315452;100.00;;"
8471 [139785750443712] INFO perfrun.perfcollector <> - PERF_STAT : "     1.787668125;CPU10;2794;;UNC_M_CAS_COUNT.RD[UNIT4];10294371;100.00;;"
8471 [139785750443712] INFO perfrun.perfcollector <> - PERF_STAT : "     1.787668125;CPU0;333636;;UNC_M_CAS_COUNT.RD[UNIT5];10314786;100.00;;"
8471 [139785750443712] INFO perfrun.perfcollector <> - PERF_STAT : "     1.787668125;CPU10;2833;;UNC_M_CAS_COUNT.RD[UNIT5];10294625;100.00;;"
8471 [139785750443712] INFO perfrun.perfcollector <> - PERF_STAT : "     1.787668125;CPU0;17561;;UNC_M_CAS_COUNT.WR[UNIT0];10314995;100.00;;"
8471 [139785750443712] INFO perfrun.perfcollector <> - PERF_STAT : "     1.787668125;CPU10;1416;;UNC_M_CAS_COUNT.WR[UNIT0];10290977;100.00;;"
8471 [139785750443712] INFO perfrun.perfcollector <> - PERF_STAT : "     1.787668125;CPU0;14577;;UNC_M_CAS_COUNT.WR[UNIT1];10309471;100.00;;"
8471 [139785750443712] INFO perfrun.perfcollector <> - PERF_STAT : "     1.787668125;CPU10;1922;;UNC_M_CAS_COUNT.WR[UNIT1];10289532;100.00;;"
8471 [139785750443712] INFO perfrun.perfcollector <> - PERF_STAT : "     1.787668125;CPU0;11852;;UNC_M_CAS_COUNT.WR[UNIT4];10304308;100.00;;"
8471 [139785750443712] INFO perfrun.perfcollector <> - PERF_STAT : "     1.787668125;CPU10;1390;;UNC_M_CAS_COUNT.WR[UNIT4];10289561;100.00;;"
8471 [139785750443712] INFO perfrun.perfcollector <> - PERF_STAT : "     1.787668125;CPU0;19442;;UNC_M_CAS_COUNT.WR[UNIT5];10304396;100.00;;"
8471 [139785750443712] INFO perfrun.perfcollector <> - PERF_STAT : "     1.787668125;CPU10;1860;;UNC_M_CAS_COUNT.WR[UNIT5];10289779;100.00;;"
8481 [139785750443712] INFO perfrun.perfcollector <> - PERF_STAT : "     1.797941853;CPU0;309612;;UNC_M_CAS_COUNT.RD[UNIT0];10271118;100.00;;"
8482 [139785750443712] INFO perfrun.perfcollector <> - PERF_STAT : "     1.797941853;CPU10;3839;;UNC_M_CAS_COUNT.RD[UNIT0];10279716;100.00;;"
8482 [139785750443712] INFO perfrun.perfcollector <> - PERF_STAT : "     1.797941853;CPU0;307499;;UNC_M_CAS_COUNT.RD[UNIT1];10283406;100.00;;"
8482 [139785750443712] INFO perfrun.perfcollector <> - PERF_STAT : "     1.797941853;CPU10;4348;;UNC_M_CAS_COUNT.RD[UNIT1];10278979;100.00;;"
8482 [139785750443712] INFO perfrun.perfcollector <> - PERF_STAT : "     1.797941853;CPU0;283114;;UNC_M_CAS_COUNT.RD[UNIT4];10283703;100.00;;"
8482 [139785750443712] INFO perfrun.perfcollector <> - PERF_STAT : "     1.797941853;CPU10;3784;;UNC_M_CAS_COUNT.RD[UNIT4];10279305;100.00;;"
8482 [139785750443712] INFO perfrun.perfcollector <> - PERF_STAT : "     1.797941853;CPU0;358638;;UNC_M_CAS_COUNT.RD[UNIT5];10284178;100.00;;"
8482 [139785750443712] INFO perfrun.perfcollector <> - PERF_STAT : "     1.797941853;CPU10;4098;;UNC_M_CAS_COUNT.RD[UNIT5];10279307;100.00;;"
8482 [139785750443712] INFO perfrun.perfcollector <> - PERF_STAT : "     1.797941853;CPU0;14254;;UNC_M_CAS_COUNT.WR[UNIT0];10284243;100.00;;"
8482 [139785750443712] INFO perfrun.perfcollector <> - PERF_STAT : "     1.797941853;CPU10;1354;;UNC_M_CAS_COUNT.WR[UNIT0];10279263;100.00;;"
8482 [139785750443712] INFO perfrun.perfcollector <> - PERF_STAT : "     1.797941853;CPU0;15381;;UNC_M_CAS_COUNT.WR[UNIT1];10283474;100.00;;"
8482 [139785750443712] INFO perfrun.perfcollector <> - PERF_STAT : "     1.797941853;CPU10;1869;;UNC_M_CAS_COUNT.WR[UNIT1];10279266;100.00;;"
8482 [139785750443712] INFO perfrun.perfcollector <> - PERF_STAT : "     1.797941853;CPU0;10103;;UNC_M_CAS_COUNT.WR[UNIT4];10283308;100.00;;"
8482 [139785750443712] INFO perfrun.perfcollector <> - PERF_STAT : "     1.797941853;CPU10;1311;;UNC_M_CAS_COUNT.WR[UNIT4];10279188;100.00;;"
8482 [139785750443712] INFO perfrun.perfcollector <> - PERF_STAT : "     1.797941853;CPU0;21783;;UNC_M_CAS_COUNT.WR[UNIT5];10282591;100.00;;"
8482 [139785750443712] INFO perfrun.perfcollector <> - PERF_STAT : "     1.797941853;CPU10;1822;;UNC_M_CAS_COUNT.WR[UNIT5];10279078;100.00;;"
8492 [139785750443712] INFO perfrun.perfcollector <> - PERF_STAT : "     1.808246584;CPU0;355128;;UNC_M_CAS_COUNT.RD[UNIT0];10305597;100.00;;"
8492 [139785750443712] INFO perfrun.perfcollector <> - PERF_STAT : "     1.808246584;CPU10;9680;;UNC_M_CAS_COUNT.RD[UNIT0];10301202;100.00;;"
8492 [139785750443712] INFO perfrun.perfcollector <> - PERF_STAT : "     1.808246584;CPU0;308909;;UNC_M_CAS_COUNT.RD[UNIT1];10294156;100.00;;"
8492 [139785750443712] INFO perfrun.perfcollector <> - PERF_STAT : "     1.808246584;CPU10;10407;;UNC_M_CAS_COUNT.RD[UNIT1];10301691;100.00;;"
8492 [139785750443712] INFO perfrun.perfcollector <> - PERF_STAT : "     1.808246584;CPU0;314909;;UNC_M_CAS_COUNT.RD[UNIT4];10294485;100.00;;"
8492 [139785750443712] INFO perfrun.perfcollector <> - PERF_STAT : "     1.808246584;CPU10;9733;;UNC_M_CAS_COUNT.RD[UNIT4];10301494;100.00;;"
8492 [139785750443712] INFO perfrun.perfcollector <> - PERF_STAT : "     1.808246584;CPU0;330480;;UNC_M_CAS_COUNT.RD[UNIT5];10293939;100.00;;"
8492 [139785750443712] INFO perfrun.perfcollector <> - PERF_STAT : "     1.808246584;CPU10;10006;;UNC_M_CAS_COUNT.RD[UNIT5];10301127;100.00;;"
8492 [139785750443712] INFO perfrun.perfcollector <> - PERF_STAT : "     1.808246584;CPU0;21479;;UNC_M_CAS_COUNT.WR[UNIT0];10294506;100.00;;"
8492 [139785750443712] INFO perfrun.perfcollector <> - PERF_STAT : "     1.808246584;CPU10;6462;;UNC_M_CAS_COUNT.WR[UNIT0];10300649;100.00;;"
8492 [139785750443712] INFO perfrun.perfcollector <> - PERF_STAT : "     1.808246584;CPU0;18105;;UNC_M_CAS_COUNT.WR[UNIT1];10295275;100.00;;"
8492 [139785750443712] INFO perfrun.perfcollector <> - PERF_STAT : "     1.808246584;CPU10;6831;;UNC_M_CAS_COUNT.WR[UNIT1];10300848;100.00;;"
8492 [139785750443712] INFO perfrun.perfcollector <> - PERF_STAT : "     1.808246584;CPU0;15984;;UNC_M_CAS_COUNT.WR[UNIT4];10295772;100.00;;"
8492 [139785750443712] INFO perfrun.perfcollector <> - PERF_STAT : "     1.808246584;CPU10;6301;;UNC_M_CAS_COUNT.WR[UNIT4];10300727;100.00;;"
8492 [139785750443712] INFO perfrun.perfcollector <> - PERF_STAT : "     1.808246584;CPU0;21504;;UNC_M_CAS_COUNT.WR[UNIT5];10295828;100.00;;"
8492 [139785750443712] INFO perfrun.perfcollector <> - PERF_STAT : "     1.808246584;CPU10;6874;;UNC_M_CAS_COUNT.WR[UNIT5];10301222;100.00;;"
8502 [139785750443712] INFO perfrun.perfcollector <> - PERF_STAT : "     1.818514403;CPU0;314401;;UNC_M_CAS_COUNT.RD[UNIT0];10264381;100.00;;"
8502 [139785750443712] INFO perfrun.perfcollector <> - PERF_STAT : "     1.818514403;CPU10;2392;;UNC_M_CAS_COUNT.RD[UNIT0];10249273;100.00;;"
8502 [139785750443712] INFO perfrun.perfcollector <> - PERF_STAT : "     1.818514403;CPU0;314734;;UNC_M_CAS_COUNT.RD[UNIT1];10262788;100.00;;"
8502 [139785750443712] INFO perfrun.perfcollector <> - PERF_STAT : "     1.818514403;CPU10;2869;;UNC_M_CAS_COUNT.RD[UNIT1];10247874;100.00;;"
8502 [139785750443712] INFO perfrun.perfcollector <> - PERF_STAT : "     1.818514403;CPU0;284985;;UNC_M_CAS_COUNT.RD[UNIT4];10262282;100.00;;"
8502 [139785750443712] INFO perfrun.perfcollector <> - PERF_STAT : "     1.818514403;CPU10;2274;;UNC_M_CAS_COUNT.RD[UNIT4];10246943;100.00;;"
8502 [139785750443712] INFO perfrun.perfcollector <> - PERF_STAT : "     1.818514403;CPU0;372720;;UNC_M_CAS_COUNT.RD[UNIT5];10262255;100.00;;"
8502 [139785750443712] INFO perfrun.perfcollector <> - PERF_STAT : "     1.818514403;CPU10;2548;;UNC_M_CAS_COUNT.RD[UNIT5];10246325;100.00;;"
8502 [139785750443712] INFO perfrun.perfcollector <> - PERF_STAT : "     1.818514403;CPU0;14305;;UNC_M_CAS_COUNT.WR[UNIT0];10261451;100.00;;"
8502 [139785750443712] INFO perfrun.perfcollector <> - PERF_STAT : "     1.818514403;CPU10;2212;;UNC_M_CAS_COUNT.WR[UNIT0];10245507;100.00;;"
8502 [139785750443712] INFO perfrun.perfcollector <> - PERF_STAT : "     1.818514403;CPU0;16167;;UNC_M_CAS_COUNT.WR[UNIT1];10260747;100.00;;"
8502 [139785750443712] INFO perfrun.perfcollector <> - PERF_STAT : "     1.818514403;CPU10;2635;;UNC_M_CAS_COUNT.WR[UNIT1];10244640;100.00;;"
8502 [139785750443712] INFO perfrun.perfcollector <> - PERF_STAT : "     1.818514403;CPU0;10566;;UNC_M_CAS_COUNT.WR[UNIT4];10260344;100.00;;"
8502 [139785750443712] INFO perfrun.perfcollector <> - PERF_STAT : "     1.818514403;CPU10;2039;;UNC_M_CAS_COUNT.WR[UNIT4];10244168;100.00;;"
8502 [139785750443712] INFO perfrun.perfcollector <> - PERF_STAT : "     1.818514403;CPU0;22813;;UNC_M_CAS_COUNT.WR[UNIT5];10260282;100.00;;"
8502 [139785750443712] INFO perfrun.perfcollector <> - PERF_STAT : "     1.818514403;CPU10;2562;;UNC_M_CAS_COUNT.WR[UNIT5];10243027;100.00;;"
8512 [139785750443712] INFO perfrun.perfcollector <> - PERF_STAT : "     1.828742761;CPU0;330433;;UNC_M_CAS_COUNT.RD[UNIT0];10246095;100.00;;"
8512 [139785750443712] INFO perfrun.perfcollector <> - PERF_STAT : "     1.828742761;CPU10;2305;;UNC_M_CAS_COUNT.RD[UNIT0];10239856;100.00;;"
8512 [139785750443712] INFO perfrun.perfcollector <> - PERF_STAT : "     1.828742761;CPU0;282249;;UNC_M_CAS_COUNT.RD[UNIT1];10245617;100.00;;"
8512 [139785750443712] INFO perfrun.perfcollector <> - PERF_STAT : "     1.828742761;CPU10;2978;;UNC_M_CAS_COUNT.RD[UNIT1];10242141;100.00;;"
8512 [139785750443712] INFO perfrun.perfcollector <> - PERF_STAT : "     1.828742761;CPU0;290451;;UNC_M_CAS_COUNT.RD[UNIT4];10245215;100.00;;"
8512 [139785750443712] INFO perfrun.perfcollector <> - PERF_STAT : "     1.828742761;CPU10;2471;;UNC_M_CAS_COUNT.RD[UNIT4];10243916;100.00;;"
8513 [139785750443712] INFO perfrun.perfcollector <> - PERF_STAT : "     1.828742761;CPU0;295108;;UNC_M_CAS_COUNT.RD[UNIT5];10244990;100.00;;"
8513 [139785750443712] INFO perfrun.perfcollector <> - PERF_STAT : "     1.828742761;CPU10;2626;;UNC_M_CAS_COUNT.RD[UNIT5];10245760;100.00;;"
8513 [139785750443712] INFO perfrun.perfcollector <> - PERF_STAT : "     1.828742761;CPU0;17492;;UNC_M_CAS_COUNT.WR[UNIT0];10244115;100.00;;"
8513 [139785750443712] INFO perfrun.perfcollector <> - PERF_STAT : "     1.828742761;CPU10;864;;UNC_M_CAS_COUNT.WR[UNIT0];10247605;100.00;;"
8513 [139785750443712] INFO perfrun.perfcollector <> - PERF_STAT : "     1.828742761;CPU0;13237;;UNC_M_CAS_COUNT.WR[UNIT1];10243614;100.00;;"
8513 [139785750443712] INFO perfrun.perfcollector <> - PERF_STAT : "     1.828742761;CPU10;1438;;UNC_M_CAS_COUNT.WR[UNIT1];10249522;100.00;;"
8513 [139785750443712] INFO perfrun.perfcollector <> - PERF_STAT : "     1.828742761;CPU0;11498;;UNC_M_CAS_COUNT.WR[UNIT4];10242984;100.00;;"
8513 [139785750443712] INFO perfrun.perfcollector <> - PERF_STAT : "     1.828742761;CPU10;862;;UNC_M_CAS_COUNT.WR[UNIT4];10251345;100.00;;"
8513 [139785750443712] INFO perfrun.perfcollector <> - PERF_STAT : "     1.828742761;CPU0;16114;;UNC_M_CAS_COUNT.WR[UNIT5];10242356;100.00;;"
8513 [139785750443712] INFO perfrun.perfcollector <> - PERF_STAT : "     1.828742761;CPU10;1336;;UNC_M_CAS_COUNT.WR[UNIT5];10253235;100.00;;"
8523 [139785750443712] INFO perfrun.perfcollector <> - PERF_STAT : "     1.839042962;CPU0;287659;;UNC_M_CAS_COUNT.RD[UNIT0];10299594;100.00;;"
8523 [139785750443712] INFO perfrun.perfcollector <> - PERF_STAT : "     1.839042962;CPU10;2944;;UNC_M_CAS_COUNT.RD[UNIT0];10295342;100.00;;"
8523 [139785750443712] INFO perfrun.perfcollector <> - PERF_STAT : "     1.839042962;CPU0;293000;;UNC_M_CAS_COUNT.RD[UNIT1];10300016;100.00;;"
8523 [139785750443712] INFO perfrun.perfcollector <> - PERF_STAT : "     1.839042962;CPU10;3413;;UNC_M_CAS_COUNT.RD[UNIT1];10293090;100.00;;"
8523 [139785750443712] INFO perfrun.perfcollector <> - PERF_STAT : "     1.839042962;CPU0;260380;;UNC_M_CAS_COUNT.RD[UNIT4];10300341;100.00;;"
8523 [139785750443712] INFO perfrun.perfcollector <> - PERF_STAT : "     1.839042962;CPU10;2867;;UNC_M_CAS_COUNT.RD[UNIT4];10291389;100.00;;"
8523 [139785750443712] INFO perfrun.perfcollector <> - PERF_STAT : "     1.839042962;CPU0;350172;;UNC_M_CAS_COUNT.RD[UNIT5];10299741;100.00;;"
8523 [139785750443712] INFO perfrun.perfcollector <> - PERF_STAT : "     1.839042962;CPU10;3087;;UNC_M_CAS_COUNT.RD[UNIT5];10289808;100.00;;"
8523 [139785750443712] INFO perfrun.perfcollector <> - PERF_STAT : "     1.839042962;CPU0;12409;;UNC_M_CAS_COUNT.WR[UNIT0];10299779;100.00;;"
8523 [139785750443712] INFO perfrun.perfcollector <> - PERF_STAT : "     1.839042962;CPU10;885;;UNC_M_CAS_COUNT.WR[UNIT0];10288130;100.00;;"
8523 [139785750443712] INFO perfrun.perfcollector <> - PERF_STAT : "     1.839042962;CPU0;14609;;UNC_M_CAS_COUNT.WR[UNIT1];10300023;100.00;;"
8523 [139785750443712] INFO perfrun.perfcollector <> - PERF_STAT : "     1.839042962;CPU10;1395;;UNC_M_CAS_COUNT.WR[UNIT1];10286387;100.00;;"
8523 [139785750443712] INFO perfrun.perfcollector <> - PERF_STAT : "     1.839042962;CPU0;9013;;UNC_M_CAS_COUNT.WR[UNIT4];10300148;100.00;;"
8523 [139785750443712] INFO perfrun.perfcollector <> - PERF_STAT : "     1.839042962;CPU10;851;;UNC_M_CAS_COUNT.WR[UNIT4];10284726;100.00;;"
8523 [139785750443712] INFO perfrun.perfcollector <> - PERF_STAT : "     1.839042962;CPU0;21436;;UNC_M_CAS_COUNT.WR[UNIT5];10300132;100.00;;"
8523 [139785750443712] INFO perfrun.perfcollector <> - PERF_STAT : "     1.839042962;CPU10;1396;;UNC_M_CAS_COUNT.WR[UNIT5];10283025;100.00;;"
8533 [139785750443712] INFO perfrun.perfcollector <> - PERF_STAT : "     1.849284555;CPU0;340918;;UNC_M_CAS_COUNT.RD[UNIT0];10241630;100.00;;"
8533 [139785750443712] INFO perfrun.perfcollector <> - PERF_STAT : "     1.849284555;CPU10;2996;;UNC_M_CAS_COUNT.RD[UNIT0];10278460;100.00;;"
8533 [139785750443712] INFO perfrun.perfcollector <> - PERF_STAT : "     1.849284555;CPU0;293864;;UNC_M_CAS_COUNT.RD[UNIT1];10246363;100.00;;"
8533 [139785750443712] INFO perfrun.perfcollector <> - PERF_STAT : "     1.849284555;CPU10;3571;;UNC_M_CAS_COUNT.RD[UNIT1];10279243;100.00;;"
8533 [139785750443712] INFO perfrun.perfcollector <> - PERF_STAT : "     1.849284555;CPU0;300905;;UNC_M_CAS_COUNT.RD[UNIT4];10246734;100.00;;"
8533 [139785750443712] INFO perfrun.perfcollector <> - PERF_STAT : "     1.849284555;CPU10;2607;;UNC_M_CAS_COUNT.RD[UNIT4];10280196;100.00;;"
8533 [139785750443712] INFO perfrun.perfcollector <> - PERF_STAT : "     1.849284555;CPU0;308368;;UNC_M_CAS_COUNT.RD[UNIT5];10248130;100.00;;"
8533 [139785750443712] INFO perfrun.perfcollector <> - PERF_STAT : "     1.849284555;CPU10;2884;;UNC_M_CAS_COUNT.RD[UNIT5];10280858;100.00;;"
8533 [139785750443712] INFO perfrun.perfcollector <> - PERF_STAT : "     1.849284555;CPU0;17908;;UNC_M_CAS_COUNT.WR[UNIT0];10251160;100.00;;"
8533 [139785750443712] INFO perfrun.perfcollector <> - PERF_STAT : "     1.849284555;CPU10;838;;UNC_M_CAS_COUNT.WR[UNIT0];10281761;100.00;;"
8533 [139785750443712] INFO perfrun.perfcollector <> - PERF_STAT : "     1.849284555;CPU0;13681;;UNC_M_CAS_COUNT.WR[UNIT1];10253238;100.00;;"
8533 [139785750443712] INFO perfrun.perfcollector <> - PERF_STAT : "     1.849284555;CPU10;1379;;UNC_M_CAS_COUNT.WR[UNIT1];10282149;100.00;;"
8533 [139785750443712] INFO perfrun.perfcollector <> - PERF_STAT : "     1.849284555;CPU0;11948;;UNC_M_CAS_COUNT.WR[UNIT4];10253821;100.00;;"
8533 [139785750443712] INFO perfrun.perfcollector <> - PERF_STAT : "     1.849284555;CPU10;768;;UNC_M_CAS_COUNT.WR[UNIT4];10282589;100.00;;"
8533 [139785750443712] INFO perfrun.perfcollector <> - PERF_STAT : "     1.849284555;CPU0;16988;;UNC_M_CAS_COUNT.WR[UNIT5];10254541;100.00;;"
8533 [139785750443712] INFO perfrun.perfcollector <> - PERF_STAT : "     1.849284555;CPU10;1246;;UNC_M_CAS_COUNT.WR[UNIT5];10282984;100.00;;"
8543 [139785750443712] INFO perfrun.perfcollector <> - PERF_STAT : "     1.859597683;CPU0;330709;;UNC_M_CAS_COUNT.RD[UNIT0];10302415;100.00;;"
8543 [139785750443712] INFO perfrun.perfcollector <> - PERF_STAT : "     1.859597683;CPU10;2665;;UNC_M_CAS_COUNT.RD[UNIT0];10304197;100.00;;"
8543 [139785750443712] INFO perfrun.perfcollector <> - PERF_STAT : "     1.859597683;CPU0;324528;;UNC_M_CAS_COUNT.RD[UNIT1];10298250;100.00;;"
8543 [139785750443712] INFO perfrun.perfcollector <> - PERF_STAT : "     1.859597683;CPU10;3248;;UNC_M_CAS_COUNT.RD[UNIT1];10305099;100.00;;"
8543 [139785750443712] INFO perfrun.perfcollector <> - PERF_STAT : "     1.859597683;CPU0;295095;;UNC_M_CAS_COUNT.RD[UNIT4];10298018;100.00;;"
8543 [139785750443712] INFO perfrun.perfcollector <> - PERF_STAT : "     1.859597683;CPU10;2811;;UNC_M_CAS_COUNT.RD[UNIT4];10305055;100.00;;"
8543 [139785750443712] INFO perfrun.perfcollector <> - PERF_STAT : "     1.859597683;CPU0;383238;;UNC_M_CAS_COUNT.RD[UNIT5];10297833;100.00;;"
8543 [139785750443712] INFO perfrun.perfcollector <> - PERF_STAT : "     1.859597683;CPU10;3117;;UNC_M_CAS_COUNT.RD[UNIT5];10304873;100.00;;"
8543 [139785750443712] INFO perfrun.perfcollector <> - PERF_STAT : "     1.859597683;CPU0;14563;;UNC_M_CAS_COUNT.WR[UNIT0];10300989;100.00;;"
8543 [139785750443712] INFO perfrun.perfcollector <> - PERF_STAT : "     1.859597683;CPU10;727;;UNC_M_CAS_COUNT.WR[UNIT0];10309907;100.00;;"
8543 [139785750443712] INFO perfrun.perfcollector <> - PERF_STAT : "     1.859597683;CPU0;15771;;UNC_M_CAS_COUNT.WR[UNIT1];10299472;100.00;;"
8543 [139785750443712] INFO perfrun.perfcollector <> - PERF_STAT : "     1.859597683;CPU10;1244;;UNC_M_CAS_COUNT.WR[UNIT1];10309866;100.00;;"
8544 [139785750443712] INFO perfrun.perfcollector <> - PERF_STAT : "     1.859597683;CPU0;10102;;UNC_M_CAS_COUNT.WR[UNIT4];10301771;100.00;;"
8544 [139785750443712] INFO perfrun.perfcollector <> - PERF_STAT : "     1.859597683;CPU10;689;;UNC_M_CAS_COUNT.WR[UNIT4];10310034;100.00;;"
8544 [139785750443712] INFO perfrun.perfcollector <> - PERF_STAT : "     1.859597683;CPU0;22822;;UNC_M_CAS_COUNT.WR[UNIT5];10309225;100.00;;"
8544 [139785750443712] INFO perfrun.perfcollector <> - PERF_STAT : "     1.859597683;CPU10;1212;;UNC_M_CAS_COUNT.WR[UNIT5];10310087;100.00;;"
8553 [139785750443712] INFO perfrun.perfcollector <> - PERF_STAT : "     1.869911222;CPU0;364621;;UNC_M_CAS_COUNT.RD[UNIT0];10318516;100.00;;"
8554 [139785750443712] INFO perfrun.perfcollector <> - PERF_STAT : "     1.869911222;CPU10;2018;;UNC_M_CAS_COUNT.RD[UNIT0];10323811;100.00;;"
8554 [139785750443712] INFO perfrun.perfcollector <> - PERF_STAT : "     1.869911222;CPU0;325759;;UNC_M_CAS_COUNT.RD[UNIT1];10319848;100.00;;"
8554 [139785750443712] INFO perfrun.perfcollector <> - PERF_STAT : "     1.869911222;CPU10;2643;;UNC_M_CAS_COUNT.RD[UNIT1];10323179;100.00;;"
8554 [139785750443712] INFO perfrun.perfcollector <> - PERF_STAT : "     1.869911222;CPU0;320556;;UNC_M_CAS_COUNT.RD[UNIT4];10322345;100.00;;"
8554 [139785750443712] INFO perfrun.perfcollector <> - PERF_STAT : "     1.869911222;CPU10;2113;;UNC_M_CAS_COUNT.RD[UNIT4];10322688;100.00;;"
8554 [139785750443712] INFO perfrun.perfcollector <> - PERF_STAT : "     1.869911222;CPU0;361018;;UNC_M_CAS_COUNT.RD[UNIT5];10322770;100.00;;"
8554 [139785750443712] INFO perfrun.perfcollector <> - PERF_STAT : "     1.869911222;CPU10;2384;;UNC_M_CAS_COUNT.RD[UNIT5];10322726;100.00;;"
8554 [139785750443712] INFO perfrun.perfcollector <> - PERF_STAT : "     1.869911222;CPU0;17993;;UNC_M_CAS_COUNT.WR[UNIT0];10317348;100.00;;"
8554 [139785750443712] INFO perfrun.perfcollector <> - PERF_STAT : "     1.869911222;CPU10;669;;UNC_M_CAS_COUNT.WR[UNIT0];10317629;100.00;;"
8554 [139785750443712] INFO perfrun.perfcollector <> - PERF_STAT : "     1.869911222;CPU0;15023;;UNC_M_CAS_COUNT.WR[UNIT1];10317187;100.00;;"
8554 [139785750443712] INFO perfrun.perfcollector <> - PERF_STAT : "     1.869911222;CPU10;1190;;UNC_M_CAS_COUNT.WR[UNIT1];10317605;100.00;;"
8554 [139785750443712] INFO perfrun.perfcollector <> - PERF_STAT : "     1.869911222;CPU0;11642;;UNC_M_CAS_COUNT.WR[UNIT4];10328430;100.00;;"
8554 [139785750443712] INFO perfrun.perfcollector <> - PERF_STAT : "     1.869911222;CPU10;660;;UNC_M_CAS_COUNT.WR[UNIT4];10317415;100.00;;"
8554 [139785750443712] INFO perfrun.perfcollector <> - PERF_STAT : "     1.869911222;CPU0;20167;;UNC_M_CAS_COUNT.WR[UNIT5];10321027;100.00;;"
8554 [139785750443712] INFO perfrun.perfcollector <> - PERF_STAT : "     1.869911222;CPU10;1157;;UNC_M_CAS_COUNT.WR[UNIT5];10317949;100.00;;"
8564 [139785750443712] INFO perfrun.perfcollector <> - PERF_STAT : "     1.880233884;CPU0;349481;;UNC_M_CAS_COUNT.RD[UNIT0];10319312;100.00;;"
8564 [139785750443712] INFO perfrun.perfcollector <> - PERF_STAT : "     1.880233884;CPU10;1911;;UNC_M_CAS_COUNT.RD[UNIT0];10304413;100.00;;"
8564 [139785750443712] INFO perfrun.perfcollector <> - PERF_STAT : "     1.880233884;CPU0;321638;;UNC_M_CAS_COUNT.RD[UNIT1];10318528;100.00;;"
8564 [139785750443712] INFO perfrun.perfcollector <> - PERF_STAT : "     1.880233884;CPU10;2647;;UNC_M_CAS_COUNT.RD[UNIT1];10304309;100.00;;"
8564 [139785750443712] INFO perfrun.perfcollector <> - PERF_STAT : "     1.880233884;CPU0;304940;;UNC_M_CAS_COUNT.RD[UNIT4];10316305;100.00;;"
8564 [139785750443712] INFO perfrun.perfcollector <> - PERF_STAT : "     1.880233884;CPU10;2017;;UNC_M_CAS_COUNT.RD[UNIT4];10305389;100.00;;"
8564 [139785750443712] INFO perfrun.perfcollector <> - PERF_STAT : "     1.880233884;CPU0;365193;;UNC_M_CAS_COUNT.RD[UNIT5];10316686;100.00;;"
8564 [139785750443712] INFO perfrun.perfcollector <> - PERF_STAT : "     1.880233884;CPU10;2207;;UNC_M_CAS_COUNT.RD[UNIT5];10305059;100.00;;"
8564 [139785750443712] INFO perfrun.perfcollector <> - PERF_STAT : "     1.880233884;CPU0;16600;;UNC_M_CAS_COUNT.WR[UNIT0];10316680;100.00;;"
8564 [139785750443712] INFO perfrun.perfcollector <> - PERF_STAT : "     1.880233884;CPU10;553;;UNC_M_CAS_COUNT.WR[UNIT0];10307563;100.00;;"
8564 [139785750443712] INFO perfrun.perfcollector <> - PERF_STAT : "     1.880233884;CPU0;15433;;UNC_M_CAS_COUNT.WR[UNIT1];10317027;100.00;;"
8564 [139785750443712] INFO perfrun.perfcollector <> - PERF_STAT : "     1.880233884;CPU10;1169;;UNC_M_CAS_COUNT.WR[UNIT1];10308158;100.00;;"
8564 [139785750443712] INFO perfrun.perfcollector <> - PERF_STAT : "     1.880233884;CPU0;11028;;UNC_M_CAS_COUNT.WR[UNIT4];10304328;100.00;;"
8564 [139785750443712] INFO perfrun.perfcollector <> - PERF_STAT : "     1.880233884;CPU10;609;;UNC_M_CAS_COUNT.WR[UNIT4];10308230;100.00;;"
8564 [139785750443712] INFO perfrun.perfcollector <> - PERF_STAT : "     1.880233884;CPU0;21080;;UNC_M_CAS_COUNT.WR[UNIT5];10304371;100.00;;"
8564 [139785750443712] INFO perfrun.perfcollector <> - PERF_STAT : "     1.880233884;CPU10;1071;;UNC_M_CAS_COUNT.WR[UNIT5];10309455;100.00;;"
8574 [139785750443712] INFO perfrun.perfcollector <> - PERF_STAT : "     1.890532203;CPU0;354862;;UNC_M_CAS_COUNT.RD[UNIT0];10295192;100.00;;"
8574 [139785750443712] INFO perfrun.perfcollector <> - PERF_STAT : "     1.890532203;CPU10;2293;;UNC_M_CAS_COUNT.RD[UNIT0];10298396;100.00;;"
8574 [139785750443712] INFO perfrun.perfcollector <> - PERF_STAT : "     1.890532203;CPU0;341160;;UNC_M_CAS_COUNT.RD[UNIT1];10294646;100.00;;"
8574 [139785750443712] INFO perfrun.perfcollector <> - PERF_STAT : "     1.890532203;CPU10;2817;;UNC_M_CAS_COUNT.RD[UNIT1];10297999;100.00;;"
8574 [139785750443712] INFO perfrun.perfcollector <> - PERF_STAT : "     1.890532203;CPU0;317996;;UNC_M_CAS_COUNT.RD[UNIT4];10294713;100.00;;"
8574 [139785750443712] INFO perfrun.perfcollector <> - PERF_STAT : "     1.890532203;CPU10;2107;;UNC_M_CAS_COUNT.RD[UNIT4];10297107;100.00;;"
8574 [139785750443712] INFO perfrun.perfcollector <> - PERF_STAT : "     1.890532203;CPU0;390407;;UNC_M_CAS_COUNT.RD[UNIT5];10293375;100.00;;"
8574 [139785750443712] INFO perfrun.perfcollector <> - PERF_STAT : "     1.890532203;CPU10;2484;;UNC_M_CAS_COUNT.RD[UNIT5];10297753;100.00;;"
8574 [139785750443712] INFO perfrun.perfcollector <> - PERF_STAT : "     1.890532203;CPU0;16553;;UNC_M_CAS_COUNT.WR[UNIT0];10302531;100.00;;"
8574 [139785750443712] INFO perfrun.perfcollector <> - PERF_STAT : "     1.890532203;CPU10;678;;UNC_M_CAS_COUNT.WR[UNIT0];10295663;100.00;;"
8574 [139785750443712] INFO perfrun.perfcollector <> - PERF_STAT : "     1.890532203;CPU0;16215;;UNC_M_CAS_COUNT.WR[UNIT1];10302267;100.00;;"
8574 [139785750443712] INFO perfrun.perfcollector <> - PERF_STAT : "     1.890532203;CPU10;1248;;UNC_M_CAS_COUNT.WR[UNIT1];10295182;100.00;;"
8574 [139785750443712] INFO perfrun.perfcollector <> - PERF_STAT : "     1.890532203;CPU0;11021;;UNC_M_CAS_COUNT.WR[UNIT4];10303133;100.00;;"
8574 [139785750443712] INFO perfrun.perfcollector <> - PERF_STAT : "     1.890532203;CPU10;653;;UNC_M_CAS_COUNT.WR[UNIT4];10295181;100.00;;"
8574 [139785750443712] INFO perfrun.perfcollector <> - PERF_STAT : "     1.890532203;CPU0;22710;;UNC_M_CAS_COUNT.WR[UNIT5];10304707;100.00;;"
8574 [139785750443712] INFO perfrun.perfcollector <> - PERF_STAT : "     1.890532203;CPU10;1146;;UNC_M_CAS_COUNT.WR[UNIT5];10293239;100.00;;"
8584 [139785750443712] INFO perfrun.perfcollector <> - PERF_STAT : "     1.900807767;CPU0;355115;;UNC_M_CAS_COUNT.RD[UNIT0];10273751;100.00;;"
8584 [139785750443712] INFO perfrun.perfcollector <> - PERF_STAT : "     1.900807767;CPU10;5830;;UNC_M_CAS_COUNT.RD[UNIT0];10261630;100.00;;"
8584 [139785750443712] INFO perfrun.perfcollector <> - PERF_STAT : "     1.900807767;CPU0;304842;;UNC_M_CAS_COUNT.RD[UNIT1];10273652;100.00;;"
8584 [139785750443712] INFO perfrun.perfcollector <> - PERF_STAT : "     1.900807767;CPU10;6538;;UNC_M_CAS_COUNT.RD[UNIT1];10262349;100.00;;"
8584 [139785750443712] INFO perfrun.perfcollector <> - PERF_STAT : "     1.900807767;CPU0;308054;;UNC_M_CAS_COUNT.RD[UNIT4];10273333;100.00;;"
8584 [139785750443712] INFO perfrun.perfcollector <> - PERF_STAT : "     1.900807767;CPU10;5731;;UNC_M_CAS_COUNT.RD[UNIT4];10262252;100.00;;"
8584 [139785750443712] INFO perfrun.perfcollector <> - PERF_STAT : "     1.900807767;CPU0;333915;;UNC_M_CAS_COUNT.RD[UNIT5];10273898;100.00;;"
8584 [139785750443712] INFO perfrun.perfcollector <> - PERF_STAT : "     1.900807767;CPU10;6072;;UNC_M_CAS_COUNT.RD[UNIT5];10261735;100.00;;"
8584 [139785750443712] INFO perfrun.perfcollector <> - PERF_STAT : "     1.900807767;CPU0;17857;;UNC_M_CAS_COUNT.WR[UNIT0];10264713;100.00;;"
8584 [139785750443712] INFO perfrun.perfcollector <> - PERF_STAT : "     1.900807767;CPU10;1049;;UNC_M_CAS_COUNT.WR[UNIT0];10261130;100.00;;"
8584 [139785750443712] INFO perfrun.perfcollector <> - PERF_STAT : "     1.900807767;CPU0;13992;;UNC_M_CAS_COUNT.WR[UNIT1];10264575;100.00;;"
8585 [139785750443712] INFO perfrun.perfcollector <> - PERF_STAT : "     1.900807767;CPU10;1611;;UNC_M_CAS_COUNT.WR[UNIT1];10261359;100.00;;"
8585 [139785750443712] INFO perfrun.perfcollector <> - PERF_STAT : "     1.900807767;CPU0;11525;;UNC_M_CAS_COUNT.WR[UNIT4];10262776;100.00;;"
8585 [139785750443712] INFO perfrun.perfcollector <> - PERF_STAT : "     1.900807767;CPU10;1017;;UNC_M_CAS_COUNT.WR[UNIT4];10261219;100.00;;"
8585 [139785750443712] INFO perfrun.perfcollector <> - PERF_STAT : "     1.900807767;CPU0;18116;;UNC_M_CAS_COUNT.WR[UNIT5];10261244;100.00;;"
8585 [139785750443712] INFO perfrun.perfcollector <> - PERF_STAT : "     1.900807767;CPU10;1524;;UNC_M_CAS_COUNT.WR[UNIT5];10261479;100.00;;"
8595 [139785750443712] INFO perfrun.perfcollector <> - PERF_STAT : "     1.911095957;CPU0;329165;;UNC_M_CAS_COUNT.RD[UNIT0];10287857;100.00;;"
8595 [139785750443712] INFO perfrun.perfcollector <> - PERF_STAT : "     1.911095957;CPU10;2508;;UNC_M_CAS_COUNT.RD[UNIT0];10286028;100.00;;"
8595 [139785750443712] INFO perfrun.perfcollector <> - PERF_STAT : "     1.911095957;CPU0;328726;;UNC_M_CAS_COUNT.RD[UNIT1];10287419;100.00;;"
8595 [139785750443712] INFO perfrun.perfcollector <> - PERF_STAT : "     1.911095957;CPU10;2895;;UNC_M_CAS_COUNT.RD[UNIT1];10285332;100.00;;"
8595 [139785750443712] INFO perfrun.perfcollector <> - PERF_STAT : "     1.911095957;CPU0;298294;;UNC_M_CAS_COUNT.RD[UNIT4];10287381;100.00;;"
8595 [139785750443712] INFO perfrun.perfcollector <> - PERF_STAT : "     1.911095957;CPU10;2225;;UNC_M_CAS_COUNT.RD[UNIT4];10285138;100.00;;"
8595 [139785750443712] INFO perfrun.perfcollector <> - PERF_STAT : "     1.911095957;CPU0;387541;;UNC_M_CAS_COUNT.RD[UNIT5];10287405;100.00;;"
8595 [139785750443712] INFO perfrun.perfcollector <> - PERF_STAT : "     1.911095957;CPU10;2422;;UNC_M_CAS_COUNT.RD[UNIT5];10285150;100.00;;"
8595 [139785750443712] INFO perfrun.perfcollector <> - PERF_STAT : "     1.911095957;CPU0;14838;;UNC_M_CAS_COUNT.WR[UNIT0];10287490;100.00;;"
8595 [139785750443712] INFO perfrun.perfcollector <> - PERF_STAT : "     1.911095957;CPU10;1892;;UNC_M_CAS_COUNT.WR[UNIT0];10284904;100.00;;"
8595 [139785750443712] INFO perfrun.perfcollector <> - PERF_STAT : "     1.911095957;CPU0;16328;;UNC_M_CAS_COUNT.WR[UNIT1];10287953;100.00;;"
8595 [139785750443712] INFO perfrun.perfcollector <> - PERF_STAT : "     1.911095957;CPU10;2411;;UNC_M_CAS_COUNT.WR[UNIT1];10284568;100.00;;"
8595 [139785750443712] INFO perfrun.perfcollector <> - PERF_STAT : "     1.911095957;CPU0;10469;;UNC_M_CAS_COUNT.WR[UNIT4];10287955;100.00;;"
8595 [139785750443712] INFO perfrun.perfcollector <> - PERF_STAT : "     1.911095957;CPU10;1828;;UNC_M_CAS_COUNT.WR[UNIT4];10285174;100.00;;"
8595 [139785750443712] INFO perfrun.perfcollector <> - PERF_STAT : "     1.911095957;CPU0;23338;;UNC_M_CAS_COUNT.WR[UNIT5];10288247;100.00;;"
8595 [139785750443712] INFO perfrun.perfcollector <> - PERF_STAT : "     1.911095957;CPU10;2314;;UNC_M_CAS_COUNT.WR[UNIT5];10285168;100.00;;"
8605 [139785750443712] INFO perfrun.perfcollector <> - PERF_STAT : "     1.921355938;CPU0;344392;;UNC_M_CAS_COUNT.RD[UNIT0];10277088;100.00;;"
8605 [139785750443712] INFO perfrun.perfcollector <> - PERF_STAT : "     1.921355938;CPU10;2123;;UNC_M_CAS_COUNT.RD[UNIT0];10263305;100.00;;"
8605 [139785750443712] INFO perfrun.perfcollector <> - PERF_STAT : "     1.921355938;CPU0;291163;;UNC_M_CAS_COUNT.RD[UNIT1];10276989;100.00;;"
8605 [139785750443712] INFO perfrun.perfcollector <> - PERF_STAT : "     1.921355938;CPU10;2726;;UNC_M_CAS_COUNT.RD[UNIT1];10265563;100.00;;"
8605 [139785750443712] INFO perfrun.perfcollector <> - PERF_STAT : "     1.921355938;CPU0;300680;;UNC_M_CAS_COUNT.RD[UNIT4];10276393;100.00;;"
8605 [139785750443712] INFO perfrun.perfcollector <> - PERF_STAT : "     1.921355938;CPU10;2046;;UNC_M_CAS_COUNT.RD[UNIT4];10267139;100.00;;"
8605 [139785750443712] INFO perfrun.perfcollector <> - PERF_STAT : "     1.921355938;CPU0;307426;;UNC_M_CAS_COUNT.RD[UNIT5];10275254;100.00;;"
8605 [139785750443712] INFO perfrun.perfcollector <> - PERF_STAT : "     1.921355938;CPU10;2197;;UNC_M_CAS_COUNT.RD[UNIT5];10268519;100.00;;"
8605 [139785750443712] INFO perfrun.perfcollector <> - PERF_STAT : "     1.921355938;CPU0;18021;;UNC_M_CAS_COUNT.WR[UNIT0];10274347;100.00;;"
8605 [139785750443712] INFO perfrun.perfcollector <> - PERF_STAT : "     1.921355938;CPU10;881;;UNC_M_CAS_COUNT.WR[UNIT0];10270107;100.00;;"
8605 [139785750443712] INFO perfrun.perfcollector <> - PERF_STAT : "     1.921355938;CPU0;13205;;UNC_M_CAS_COUNT.WR[UNIT1];10273463;100.00;;"
8605 [139785750443712] INFO perfrun.perfcollector <> - PERF_STAT : "     1.921355938;CPU10;1450;;UNC_M_CAS_COUNT.WR[UNIT1];10271463;100.00;;"
8605 [139785750443712] INFO perfrun.perfcollector <> - PERF_STAT : "     1.921355938;CPU0;11716;;UNC_M_CAS_COUNT.WR[UNIT4];10272855;100.00;;"
8605 [139785750443712] INFO perfrun.perfcollector <> - PERF_STAT : "     1.921355938;CPU10;842;;UNC_M_CAS_COUNT.WR[UNIT4];10272129;100.00;;"
8605 [139785750443712] INFO perfrun.perfcollector <> - PERF_STAT : "     1.921355938;CPU0;16444;;UNC_M_CAS_COUNT.WR[UNIT5];10271568;100.00;;"
8605 [139785750443712] INFO perfrun.perfcollector <> - PERF_STAT : "     1.921355938;CPU10;1311;;UNC_M_CAS_COUNT.WR[UNIT5];10273225;100.00;;"
8615 [139785750443712] INFO perfrun.perfcollector <> - PERF_STAT : "     1.931644187;CPU0;292109;;UNC_M_CAS_COUNT.RD[UNIT0];10265746;100.00;;"
8615 [139785750443712] INFO perfrun.perfcollector <> - PERF_STAT : "     1.931644187;CPU10;4502;;UNC_M_CAS_COUNT.RD[UNIT0];10258558;100.00;;"
8615 [139785750443712] INFO perfrun.perfcollector <> - PERF_STAT : "     1.931644187;CPU0;297610;;UNC_M_CAS_COUNT.RD[UNIT1];10265028;100.00;;"
8615 [139785750443712] INFO perfrun.perfcollector <> - PERF_STAT : "     1.931644187;CPU10;5241;;UNC_M_CAS_COUNT.RD[UNIT1];10255598;100.00;;"
8615 [139785750443712] INFO perfrun.perfcollector <> - PERF_STAT : "     1.931644187;CPU0;263536;;UNC_M_CAS_COUNT.RD[UNIT4];10264861;100.00;;"
8615 [139785750443712] INFO perfrun.perfcollector <> - PERF_STAT : "     1.931644187;CPU10;4253;;UNC_M_CAS_COUNT.RD[UNIT4];10253737;100.00;;"
8615 [139785750443712] INFO perfrun.perfcollector <> - PERF_STAT : "     1.931644187;CPU0;355228;;UNC_M_CAS_COUNT.RD[UNIT5];10264765;100.00;;"
8615 [139785750443712] INFO perfrun.perfcollector <> - PERF_STAT : "     1.931644187;CPU10;4722;;UNC_M_CAS_COUNT.RD[UNIT5];10251839;100.00;;"
8615 [139785750443712] INFO perfrun.perfcollector <> - PERF_STAT : "     1.931644187;CPU0;12887;;UNC_M_CAS_COUNT.WR[UNIT0];10264811;100.00;;"
8615 [139785750443712] INFO perfrun.perfcollector <> - PERF_STAT : "     1.931644187;CPU10;1278;;UNC_M_CAS_COUNT.WR[UNIT0];10249910;100.00;;"
8615 [139785750443712] INFO perfrun.perfcollector <> - PERF_STAT : "     1.931644187;CPU0;15397;;UNC_M_CAS_COUNT.WR[UNIT1];10264870;100.00;;"
8615 [139785750443712] INFO perfrun.perfcollector <> - PERF_STAT : "     1.931644187;CPU10;1910;;UNC_M_CAS_COUNT.WR[UNIT1];10248209;100.00;;"
8615 [139785750443712] INFO perfrun.perfcollector <> - PERF_STAT : "     1.931644187;CPU0;9494;;UNC_M_CAS_COUNT.WR[UNIT4];10264849;100.00;;"
8615 [139785750443712] INFO perfrun.perfcollector <> - PERF_STAT : "     1.931644187;CPU10;1269;;UNC_M_CAS_COUNT.WR[UNIT4];10246541;100.00;;"
8615 [139785750443712] INFO perfrun.perfcollector <> - PERF_STAT : "     1.931644187;CPU0;21842;;UNC_M_CAS_COUNT.WR[UNIT5];10264893;100.00;;"
8615 [139785750443712] INFO perfrun.perfcollector <> - PERF_STAT : "     1.931644187;CPU10;1829;;UNC_M_CAS_COUNT.WR[UNIT5];10244819;100.00;;"
8625 [139785750443712] INFO perfrun.perfcollector <> - PERF_STAT : "     1.941864008;CPU0;362948;;UNC_M_CAS_COUNT.RD[UNIT0];10238455;100.00;;"
8625 [139785750443712] INFO perfrun.perfcollector <> - PERF_STAT : "     1.941864008;CPU10;2392;;UNC_M_CAS_COUNT.RD[UNIT0];10276559;100.00;;"
8626 [139785750443712] INFO perfrun.perfcollector <> - PERF_STAT : "     1.941864008;CPU0;310342;;UNC_M_CAS_COUNT.RD[UNIT1];10239939;100.00;;"
8626 [139785750443712] INFO perfrun.perfcollector <> - PERF_STAT : "     1.941864008;CPU10;2850;;UNC_M_CAS_COUNT.RD[UNIT1];10277273;100.00;;"
8626 [139785750443712] INFO perfrun.perfcollector <> - PERF_STAT : "     1.941864008;CPU0;314640;;UNC_M_CAS_COUNT.RD[UNIT4];10242977;100.00;;"
8626 [139785750443712] INFO perfrun.perfcollector <> - PERF_STAT : "     1.941864008;CPU10;2240;;UNC_M_CAS_COUNT.RD[UNIT4];10277644;100.00;;"
8626 [139785750443712] INFO perfrun.perfcollector <> - PERF_STAT : "     1.941864008;CPU0;333615;;UNC_M_CAS_COUNT.RD[UNIT5];10244899;100.00;;"
8626 [139785750443712] INFO perfrun.perfcollector <> - PERF_STAT : "     1.941864008;CPU10;2361;;UNC_M_CAS_COUNT.RD[UNIT5];10278494;100.00;;"
8626 [139785750443712] INFO perfrun.perfcollector <> - PERF_STAT : "     1.941864008;CPU0;18757;;UNC_M_CAS_COUNT.WR[UNIT0];10245830;100.00;;"
8626 [139785750443712] INFO perfrun.perfcollector <> - PERF_STAT : "     1.941864008;CPU10;691;;UNC_M_CAS_COUNT.WR[UNIT0];10279279;100.00;;"
8626 [139785750443712] INFO perfrun.perfcollector <> - PERF_STAT : "     1.941864008;CPU0;14188;;UNC_M_CAS_COUNT.WR[UNIT1];10247836;100.00;;"
8626 [139785750443712] INFO perfrun.perfcollector <> - PERF_STAT : "     1.941864008;CPU10;1199;;UNC_M_CAS_COUNT.WR[UNIT1];10279755;100.00;;"
8626 [139785750443712] INFO perfrun.perfcollector <> - PERF_STAT : "     1.941864008;CPU0;11951;;UNC_M_CAS_COUNT.WR[UNIT4];10248393;100.00;;"
8626 [139785750443712] INFO perfrun.perfcollector <> - PERF_STAT : "     1.941864008;CPU10;622;;UNC_M_CAS_COUNT.WR[UNIT4];10280243;100.00;;"
8626 [139785750443712] INFO perfrun.perfcollector <> - PERF_STAT : "     1.941864008;CPU0;18180;;UNC_M_CAS_COUNT.WR[UNIT5];10249443;100.00;;"
8626 [139785750443712] INFO perfrun.perfcollector <> - PERF_STAT : "     1.941864008;CPU10;1123;;UNC_M_CAS_COUNT.WR[UNIT5];10280609;100.00;;"
8636 [139785750443712] INFO perfrun.perfcollector <> - PERF_STAT : "     1.952185932;CPU0;344867;;UNC_M_CAS_COUNT.RD[UNIT0];10316557;100.00;;"
8636 [139785750443712] INFO perfrun.perfcollector <> - PERF_STAT : "     1.952185932;CPU10;1954;;UNC_M_CAS_COUNT.RD[UNIT0];10303927;100.00;;"
8636 [139785750443712] INFO perfrun.perfcollector <> - PERF_STAT : "     1.952185932;CPU0;332121;;UNC_M_CAS_COUNT.RD[UNIT1];10316483;100.00;;"
8636 [139785750443712] INFO perfrun.perfcollector <> - PERF_STAT : "     1.952185932;CPU10;2534;;UNC_M_CAS_COUNT.RD[UNIT1];10306782;100.00;;"
8636 [139785750443712] INFO perfrun.perfcollector <> - PERF_STAT : "     1.952185932;CPU0;305294;;UNC_M_CAS_COUNT.RD[UNIT4];10314602;100.00;;"
8636 [139785750443712] INFO perfrun.perfcollector <> - PERF_STAT : "     1.952185932;CPU10;1907;;UNC_M_CAS_COUNT.RD[UNIT4];10306987;100.00;;"
8636 [139785750443712] INFO perfrun.perfcollector <> - PERF_STAT : "     1.952185932;CPU0;388853;;UNC_M_CAS_COUNT.RD[UNIT5];10313110;100.00;;"
8636 [139785750443712] INFO perfrun.perfcollector <> - PERF_STAT : "     1.952185932;CPU10;2013;;UNC_M_CAS_COUNT.RD[UNIT5];10306753;100.00;;"
8636 [139785750443712] INFO perfrun.perfcollector <> - PERF_STAT : "     1.952185932;CPU0;15836;;UNC_M_CAS_COUNT.WR[UNIT0];10313367;100.00;;"
8636 [139785750443712] INFO perfrun.perfcollector <> - PERF_STAT : "     1.952185932;CPU10;567;;UNC_M_CAS_COUNT.WR[UNIT0];10306777;100.00;;"
8636 [139785750443712] INFO perfrun.perfcollector <> - PERF_STAT : "     1.952185932;CPU0;16021;;UNC_M_CAS_COUNT.WR[UNIT1];10311694;100.00;;"
8636 [139785750443712] INFO perfrun.perfcollector <> - PERF_STAT : "     1.952185932;CPU10;1093;;UNC_M_CAS_COUNT.WR[UNIT1];10306829;100.00;;"
8636 [139785750443712] INFO perfrun.perfcollector <> - PERF_STAT : "     1.952185932;CPU0;10882;;UNC_M_CAS_COUNT.WR[UNIT4];10315957;100.00;;"
8636 [139785750443712] INFO perfrun.perfcollector <> - PERF_STAT : "     1.952185932;CPU10;485;;UNC_M_CAS_COUNT.WR[UNIT4];10306910;100.00;;"
8636 [139785750443712] INFO perfrun.perfcollector <> - PERF_STAT : "     1.952185932;CPU0;23154;;UNC_M_CAS_COUNT.WR[UNIT5];10316080;100.00;;"
8636 [139785750443712] INFO perfrun.perfcollector <> - PERF_STAT : "     1.952185932;CPU10;999;;UNC_M_CAS_COUNT.WR[UNIT5];10307861;100.00;;"
8646 [139785750443712] INFO perfrun.perfcollector <> - PERF_STAT : "     1.962483939;CPU0;355832;;UNC_M_CAS_COUNT.RD[UNIT0];10298601;100.00;;"
8646 [139785750443712] INFO perfrun.perfcollector <> - PERF_STAT : "     1.962483939;CPU10;2531;;UNC_M_CAS_COUNT.RD[UNIT0];10303813;100.00;;"
8646 [139785750443712] INFO perfrun.perfcollector <> - PERF_STAT : "     1.962483939;CPU0;324319;;UNC_M_CAS_COUNT.RD[UNIT1];10298193;100.00;;"
8646 [139785750443712] INFO perfrun.perfcollector <> - PERF_STAT : "     1.962483939;CPU10;3079;;UNC_M_CAS_COUNT.RD[UNIT1];10301260;100.00;;"
8646 [139785750443712] INFO perfrun.perfcollector <> - PERF_STAT : "     1.962483939;CPU0;313925;;UNC_M_CAS_COUNT.RD[UNIT4];10297573;100.00;;"
8646 [139785750443712] INFO perfrun.perfcollector <> - PERF_STAT : "     1.962483939;CPU10;2601;;UNC_M_CAS_COUNT.RD[UNIT4];10301751;100.00;;"
8646 [139785750443712] INFO perfrun.perfcollector <> - PERF_STAT : "     1.962483939;CPU0;360727;;UNC_M_CAS_COUNT.RD[UNIT5];10298148;100.00;;"
8646 [139785750443712] INFO perfrun.perfcollector <> - PERF_STAT : "     1.962483939;CPU10;2869;;UNC_M_CAS_COUNT.RD[UNIT5];10302094;100.00;;"
8646 [139785750443712] INFO perfrun.perfcollector <> - PERF_STAT : "     1.962483939;CPU0;17133;;UNC_M_CAS_COUNT.WR[UNIT0];10297980;100.00;;"
8646 [139785750443712] INFO perfrun.perfcollector <> - PERF_STAT : "     1.962483939;CPU10;599;;UNC_M_CAS_COUNT.WR[UNIT0];10302346;100.00;;"
8646 [139785750443712] INFO perfrun.perfcollector <> - PERF_STAT : "     1.962483939;CPU0;14953;;UNC_M_CAS_COUNT.WR[UNIT1];10302597;100.00;;"
8646 [139785750443712] INFO perfrun.perfcollector <> - PERF_STAT : "     1.962483939;CPU10;1106;;UNC_M_CAS_COUNT.WR[UNIT1];10303159;100.00;;"
8646 [139785750443712] INFO perfrun.perfcollector <> - PERF_STAT : "     1.962483939;CPU0;11112;;UNC_M_CAS_COUNT.WR[UNIT4];10298339;100.00;;"
8646 [139785750443712] INFO perfrun.perfcollector <> - PERF_STAT : "     1.962483939;CPU10;550;;UNC_M_CAS_COUNT.WR[UNIT4];10303498;100.00;;"
8646 [139785750443712] INFO perfrun.perfcollector <> - PERF_STAT : "     1.962483939;CPU0;20351;;UNC_M_CAS_COUNT.WR[UNIT5];10297814;100.00;;"
8646 [139785750443712] INFO perfrun.perfcollector <> - PERF_STAT : "     1.962483939;CPU10;1060;;UNC_M_CAS_COUNT.WR[UNIT5];10302853;100.00;;"
8656 [139785750443712] INFO perfrun.perfcollector <> - PERF_STAT : "     1.972786478;CPU0;357040;;UNC_M_CAS_COUNT.RD[UNIT0];10301395;100.00;;"
8656 [139785750443712] INFO perfrun.perfcollector <> - PERF_STAT : "     1.972786478;CPU10;2021;;UNC_M_CAS_COUNT.RD[UNIT0];10300508;100.00;;"
8656 [139785750443712] INFO perfrun.perfcollector <> - PERF_STAT : "     1.972786478;CPU0;322850;;UNC_M_CAS_COUNT.RD[UNIT1];10303293;100.00;;"
8656 [139785750443712] INFO perfrun.perfcollector <> - PERF_STAT : "     1.972786478;CPU10;2569;;UNC_M_CAS_COUNT.RD[UNIT1];10300308;100.00;;"
8656 [139785750443712] INFO perfrun.perfcollector <> - PERF_STAT : "     1.972786478;CPU0;312016;;UNC_M_CAS_COUNT.RD[UNIT4];10303637;100.00;;"
8657 [139785750443712] INFO perfrun.perfcollector <> - PERF_STAT : "     1.972786478;CPU10;2069;;UNC_M_CAS_COUNT.RD[UNIT4];10299783;100.00;;"
8657 [139785750443712] INFO perfrun.perfcollector <> - PERF_STAT : "     1.972786478;CPU0;363824;;UNC_M_CAS_COUNT.RD[UNIT5];10305590;100.00;;"
8657 [139785750443712] INFO perfrun.perfcollector <> - PERF_STAT : "     1.972786478;CPU10;2178;;UNC_M_CAS_COUNT.RD[UNIT5];10299325;100.00;;"
8657 [139785750443712] INFO perfrun.perfcollector <> - PERF_STAT : "     1.972786478;CPU0;17484;;UNC_M_CAS_COUNT.WR[UNIT0];10305859;100.00;;"
8657 [139785750443712] INFO perfrun.perfcollector <> - PERF_STAT : "     1.972786478;CPU10;583;;UNC_M_CAS_COUNT.WR[UNIT0];10299013;100.00;;"
8657 [139785750443712] INFO perfrun.perfcollector <> - PERF_STAT : "     1.972786478;CPU0;15141;;UNC_M_CAS_COUNT.WR[UNIT1];10301833;100.00;;"
8657 [139785750443712] INFO perfrun.perfcollector <> - PERF_STAT : "     1.972786478;CPU10;1173;;UNC_M_CAS_COUNT.WR[UNIT1];10298155;100.00;;"
8657 [139785750443712] INFO perfrun.perfcollector <> - PERF_STAT : "     1.972786478;CPU0;11350;;UNC_M_CAS_COUNT.WR[UNIT4];10302495;100.00;;"
8657 [139785750443712] INFO perfrun.perfcollector <> - PERF_STAT : "     1.972786478;CPU10;582;;UNC_M_CAS_COUNT.WR[UNIT4];10298211;100.00;;"
8657 [139785750443712] INFO perfrun.perfcollector <> - PERF_STAT : "     1.972786478;CPU0;20651;;UNC_M_CAS_COUNT.WR[UNIT5];10303496;100.00;;"
8657 [139785750443712] INFO perfrun.perfcollector <> - PERF_STAT : "     1.972786478;CPU10;1050;;UNC_M_CAS_COUNT.WR[UNIT5];10298262;100.00;;"
8667 [139785750443712] INFO perfrun.perfcollector <> - PERF_STAT : "     1.983109246;CPU0;345724;;UNC_M_CAS_COUNT.RD[UNIT0];10314864;100.00;;"
8667 [139785750443712] INFO perfrun.perfcollector <> - PERF_STAT : "     1.983109246;CPU10;2006;;UNC_M_CAS_COUNT.RD[UNIT0];10304569;100.00;;"
8667 [139785750443712] INFO perfrun.perfcollector <> - PERF_STAT : "     1.983109246;CPU0;337991;;UNC_M_CAS_COUNT.RD[UNIT1];10312940;100.00;;"
8667 [139785750443712] INFO perfrun.perfcollector <> - PERF_STAT : "     1.983109246;CPU10;2601;;UNC_M_CAS_COUNT.RD[UNIT1];10304363;100.00;;"
8667 [139785750443712] INFO perfrun.perfcollector <> - PERF_STAT : "     1.983109246;CPU0;314019;;UNC_M_CAS_COUNT.RD[UNIT4];10312552;100.00;;"
8667 [139785750443712] INFO perfrun.perfcollector <> - PERF_STAT : "     1.983109246;CPU10;1967;;UNC_M_CAS_COUNT.RD[UNIT4];10304270;100.00;;"
8667 [139785750443712] INFO perfrun.perfcollector <> - PERF_STAT : "     1.983109246;CPU0;388797;;UNC_M_CAS_COUNT.RD[UNIT5];10310290;100.00;;"
8667 [139785750443712] INFO perfrun.perfcollector <> - PERF_STAT : "     1.983109246;CPU10;2143;;UNC_M_CAS_COUNT.RD[UNIT5];10304795;100.00;;"
8667 [139785750443712] INFO perfrun.perfcollector <> - PERF_STAT : "     1.983109246;CPU0;15384;;UNC_M_CAS_COUNT.WR[UNIT0];10309787;100.00;;"
8667 [139785750443712] INFO perfrun.perfcollector <> - PERF_STAT : "     1.983109246;CPU10;539;;UNC_M_CAS_COUNT.WR[UNIT0];10304720;100.00;;"
8667 [139785750443712] INFO perfrun.perfcollector <> - PERF_STAT : "     1.983109246;CPU0;15975;;UNC_M_CAS_COUNT.WR[UNIT1];10309791;100.00;;"
8667 [139785750443712] INFO perfrun.perfcollector <> - PERF_STAT : "     1.983109246;CPU10;1083;;UNC_M_CAS_COUNT.WR[UNIT1];10304730;100.00;;"
8667 [139785750443712] INFO perfrun.perfcollector <> - PERF_STAT : "     1.983109246;CPU0;10855;;UNC_M_CAS_COUNT.WR[UNIT4];10309509;100.00;;"
8667 [139785750443712] INFO perfrun.perfcollector <> - PERF_STAT : "     1.983109246;CPU10;494;;UNC_M_CAS_COUNT.WR[UNIT4];10304237;100.00;;"
8667 [139785750443712] INFO perfrun.perfcollector <> - PERF_STAT : "     1.983109246;CPU0;22639;;UNC_M_CAS_COUNT.WR[UNIT5];10308918;100.00;;"
8667 [139785750443712] INFO perfrun.perfcollector <> - PERF_STAT : "     1.983109246;CPU10;1017;;UNC_M_CAS_COUNT.WR[UNIT5];10303839;100.00;;"
8677 [139785750443712] INFO perfrun.perfcollector <> - PERF_STAT : "     1.993361538;CPU0;354662;;UNC_M_CAS_COUNT.RD[UNIT0];10251636;100.00;;"
8677 [139785750443712] INFO perfrun.perfcollector <> - PERF_STAT : "     1.993361538;CPU10;2446;;UNC_M_CAS_COUNT.RD[UNIT0];10253389;100.00;;"
8677 [139785750443712] INFO perfrun.perfcollector <> - PERF_STAT : "     1.993361538;CPU0;302941;;UNC_M_CAS_COUNT.RD[UNIT1];10251909;100.00;;"
8677 [139785750443712] INFO perfrun.perfcollector <> - PERF_STAT : "     1.993361538;CPU10;3144;;UNC_M_CAS_COUNT.RD[UNIT1];10253711;100.00;;"
8677 [139785750443712] INFO perfrun.perfcollector <> - PERF_STAT : "     1.993361538;CPU0;308610;;UNC_M_CAS_COUNT.RD[UNIT4];10251864;100.00;;"
8677 [139785750443712] INFO perfrun.perfcollector <> - PERF_STAT : "     1.993361538;CPU10;2293;;UNC_M_CAS_COUNT.RD[UNIT4];10253786;100.00;;"
8677 [139785750443712] INFO perfrun.perfcollector <> - PERF_STAT : "     1.993361538;CPU0;327890;;UNC_M_CAS_COUNT.RD[UNIT5];10251822;100.00;;"
8677 [139785750443712] INFO perfrun.perfcollector <> - PERF_STAT : "     1.993361538;CPU10;2463;;UNC_M_CAS_COUNT.RD[UNIT5];10253338;100.00;;"
8677 [139785750443712] INFO perfrun.perfcollector <> - PERF_STAT : "     1.993361538;CPU0;18206;;UNC_M_CAS_COUNT.WR[UNIT0];10251857;100.00;;"
8677 [139785750443712] INFO perfrun.perfcollector <> - PERF_STAT : "     1.993361538;CPU10;630;;UNC_M_CAS_COUNT.WR[UNIT0];10253316;100.00;;"
8677 [139785750443712] INFO perfrun.perfcollector <> - PERF_STAT : "     1.993361538;CPU0;14119;;UNC_M_CAS_COUNT.WR[UNIT1];10251365;100.00;;"
8677 [139785750443712] INFO perfrun.perfcollector <> - PERF_STAT : "     1.993361538;CPU10;1206;;UNC_M_CAS_COUNT.WR[UNIT1];10253170;100.00;;"
8677 [139785750443712] INFO perfrun.perfcollector <> - PERF_STAT : "     1.993361538;CPU0;11834;;UNC_M_CAS_COUNT.WR[UNIT4];10251289;100.00;;"
8677 [139785750443712] INFO perfrun.perfcollector <> - PERF_STAT : "     1.993361538;CPU10;597;;UNC_M_CAS_COUNT.WR[UNIT4];10253837;100.00;;"
8677 [139785750443712] INFO perfrun.perfcollector <> - PERF_STAT : "     1.993361538;CPU0;17774;;UNC_M_CAS_COUNT.WR[UNIT5];10251177;100.00;;"
8677 [139785750443712] INFO perfrun.perfcollector <> - PERF_STAT : "     1.993361538;CPU10;1084;;UNC_M_CAS_COUNT.WR[UNIT5];10254092;100.00;;"
8687 [139785750443712] INFO perfrun.perfcollector <> - PERF_STAT : "     2.003615617;CPU0;318504;;UNC_M_CAS_COUNT.RD[UNIT0];10255452;100.00;;"
8687 [139785750443712] INFO perfrun.perfcollector <> - PERF_STAT : "     2.003615617;CPU10;5703;;UNC_M_CAS_COUNT.RD[UNIT0];10248267;100.00;;"
8687 [139785750443712] INFO perfrun.perfcollector <> - PERF_STAT : "     2.003615617;CPU0;320435;;UNC_M_CAS_COUNT.RD[UNIT1];10255522;100.00;;"
8687 [139785750443712] INFO perfrun.perfcollector <> - PERF_STAT : "     2.003615617;CPU10;6197;;UNC_M_CAS_COUNT.RD[UNIT1];10247562;100.00;;"
8687 [139785750443712] INFO perfrun.perfcollector <> - PERF_STAT : "     2.003615617;CPU0;288050;;UNC_M_CAS_COUNT.RD[UNIT4];10255476;100.00;;"
8687 [139785750443712] INFO perfrun.perfcollector <> - PERF_STAT : "     2.003615617;CPU10;5714;;UNC_M_CAS_COUNT.RD[UNIT4];10246839;100.00;;"
8687 [139785750443712] INFO perfrun.perfcollector <> - PERF_STAT : "     2.003615617;CPU0;376279;;UNC_M_CAS_COUNT.RD[UNIT5];10255826;100.00;;"
8687 [139785750443712] INFO perfrun.perfcollector <> - PERF_STAT : "     2.003615617;CPU10;5914;;UNC_M_CAS_COUNT.RD[UNIT5];10246179;100.00;;"
8687 [139785750443712] INFO perfrun.perfcollector <> - PERF_STAT : "     2.003615617;CPU0;13933;;UNC_M_CAS_COUNT.WR[UNIT0];10255952;100.00;;"
8687 [139785750443712] INFO perfrun.perfcollector <> - PERF_STAT : "     2.003615617;CPU10;1357;;UNC_M_CAS_COUNT.WR[UNIT0];10245404;100.00;;"
8687 [139785750443712] INFO perfrun.perfcollector <> - PERF_STAT : "     2.003615617;CPU0;15810;;UNC_M_CAS_COUNT.WR[UNIT1];10256113;100.00;;"
8687 [139785750443712] INFO perfrun.perfcollector <> - PERF_STAT : "     2.003615617;CPU10;1816;;UNC_M_CAS_COUNT.WR[UNIT1];10244854;100.00;;"
8687 [139785750443712] INFO perfrun.perfcollector <> - PERF_STAT : "     2.003615617;CPU0;9940;;UNC_M_CAS_COUNT.WR[UNIT4];10256119;100.00;;"
8687 [139785750443712] INFO perfrun.perfcollector <> - PERF_STAT : "     2.003615617;CPU10;1308;;UNC_M_CAS_COUNT.WR[UNIT4];10243526;100.00;;"
8687 [139785750443712] INFO perfrun.perfcollector <> - PERF_STAT : "     2.003615617;CPU0;22423;;UNC_M_CAS_COUNT.WR[UNIT5];10255877;100.00;;"
8687 [139785750443712] INFO perfrun.perfcollector <> - PERF_STAT : "     2.003615617;CPU10;1856;;UNC_M_CAS_COUNT.WR[UNIT5];10242862;100.00;;"
8697 [139785750443712] INFO perfrun.perfcollector <> - PERF_STAT : "     2.013834838;CPU0;338242;;UNC_M_CAS_COUNT.RD[UNIT0];10244960;100.00;;"
8697 [139785750443712] INFO perfrun.perfcollector <> - PERF_STAT : "     2.013834838;CPU10;3306;;UNC_M_CAS_COUNT.RD[UNIT0];10248522;100.00;;"
8697 [139785750443712] INFO perfrun.perfcollector <> - PERF_STAT : "     2.013834838;CPU0;288594;;UNC_M_CAS_COUNT.RD[UNIT1];10244224;100.00;;"
8697 [139785750443712] INFO perfrun.perfcollector <> - PERF_STAT : "     2.013834838;CPU10;3943;;UNC_M_CAS_COUNT.RD[UNIT1];10248654;100.00;;"
8697 [139785750443712] INFO perfrun.perfcollector <> - PERF_STAT : "     2.013834838;CPU0;298422;;UNC_M_CAS_COUNT.RD[UNIT4];10244574;100.00;;"
8697 [139785750443712] INFO perfrun.perfcollector <> - PERF_STAT : "     2.013834838;CPU10;3509;;UNC_M_CAS_COUNT.RD[UNIT4];10248927;100.00;;"
8697 [139785750443712] INFO perfrun.perfcollector <> - PERF_STAT : "     2.013834838;CPU0;302434;;UNC_M_CAS_COUNT.RD[UNIT5];10244030;100.00;;"
8698 [139785750443712] INFO perfrun.perfcollector <> - PERF_STAT : "     2.013834838;CPU10;3560;;UNC_M_CAS_COUNT.RD[UNIT5];10249095;100.00;;"
8698 [139785750443712] INFO perfrun.perfcollector <> - PERF_STAT : "     2.013834838;CPU0;18063;;UNC_M_CAS_COUNT.WR[UNIT0];10243688;100.00;;"
8698 [139785750443712] INFO perfrun.perfcollector <> - PERF_STAT : "     2.013834838;CPU10;1942;;UNC_M_CAS_COUNT.WR[UNIT0];10249360;100.00;;"
8698 [139785750443712] INFO perfrun.perfcollector <> - PERF_STAT : "     2.013834838;CPU0;13652;;UNC_M_CAS_COUNT.WR[UNIT1];10242934;100.00;;"
8698 [139785750443712] INFO perfrun.perfcollector <> - PERF_STAT : "     2.013834838;CPU10;2488;;UNC_M_CAS_COUNT.WR[UNIT1];10249574;100.00;;"
8698 [139785750443712] INFO perfrun.perfcollector <> - PERF_STAT : "     2.013834838;CPU0;11941;;UNC_M_CAS_COUNT.WR[UNIT4];10242121;100.00;;"
8698 [139785750443712] INFO perfrun.perfcollector <> - PERF_STAT : "     2.013834838;CPU10;1988;;UNC_M_CAS_COUNT.WR[UNIT4];10249779;100.00;;"
8698 [139785750443712] INFO perfrun.perfcollector <> - PERF_STAT : "     2.013834838;CPU0;16519;;UNC_M_CAS_COUNT.WR[UNIT5];10241478;100.00;;"
8698 [139785750443712] INFO perfrun.perfcollector <> - PERF_STAT : "     2.013834838;CPU10;2466;;UNC_M_CAS_COUNT.WR[UNIT5];10249917;100.00;;"
8708 [139785750443712] INFO perfrun.perfcollector <> - PERF_STAT : "     2.024112489;CPU0;309808;;UNC_M_CAS_COUNT.RD[UNIT0];10263044;100.00;;"
8708 [139785750443712] INFO perfrun.perfcollector <> - PERF_STAT : "     2.024112489;CPU10;2933;;UNC_M_CAS_COUNT.RD[UNIT0];10281950;100.00;;"
8708 [139785750443712] INFO perfrun.perfcollector <> - PERF_STAT : "     2.024112489;CPU0;312104;;UNC_M_CAS_COUNT.RD[UNIT1];10263569;100.00;;"
8708 [139785750443712] INFO perfrun.perfcollector <> - PERF_STAT : "     2.024112489;CPU10;3315;;UNC_M_CAS_COUNT.RD[UNIT1];10282549;100.00;;"
8708 [139785750443712] INFO perfrun.perfcollector <> - PERF_STAT : "     2.024112489;CPU0;279356;;UNC_M_CAS_COUNT.RD[UNIT4];10266088;100.00;;"
8708 [139785750443712] INFO perfrun.perfcollector <> - PERF_STAT : "     2.024112489;CPU10;2687;;UNC_M_CAS_COUNT.RD[UNIT4];10283565;100.00;;"
8708 [139785750443712] INFO perfrun.perfcollector <> - PERF_STAT : "     2.024112489;CPU0;371464;;UNC_M_CAS_COUNT.RD[UNIT5];10269743;100.00;;"
8708 [139785750443712] INFO perfrun.perfcollector <> - PERF_STAT : "     2.024112489;CPU10;2693;;UNC_M_CAS_COUNT.RD[UNIT5];10284089;100.00;;"
8708 [139785750443712] INFO perfrun.perfcollector <> - PERF_STAT : "     2.024112489;CPU0;13539;;UNC_M_CAS_COUNT.WR[UNIT0];10271435;100.00;;"
8708 [139785750443712] INFO perfrun.perfcollector <> - PERF_STAT : "     2.024112489;CPU10;1100;;UNC_M_CAS_COUNT.WR[UNIT0];10286056;100.00;;"
8708 [139785750443712] INFO perfrun.perfcollector <> - PERF_STAT : "     2.024112489;CPU0;15291;;UNC_M_CAS_COUNT.WR[UNIT1];10274176;100.00;;"
8708 [139785750443712] INFO perfrun.perfcollector <> - PERF_STAT : "     2.024112489;CPU10;1592;;UNC_M_CAS_COUNT.WR[UNIT1];10288187;100.00;;"
8708 [139785750443712] INFO perfrun.perfcollector <> - PERF_STAT : "     2.024112489;CPU0;9620;;UNC_M_CAS_COUNT.WR[UNIT4];10274887;100.00;;"
8708 [139785750443712] INFO perfrun.perfcollector <> - PERF_STAT : "     2.024112489;CPU10;1010;;UNC_M_CAS_COUNT.WR[UNIT4];10288502;100.00;;"
8708 [139785750443712] INFO perfrun.perfcollector <> - PERF_STAT : "     2.024112489;CPU0;22179;;UNC_M_CAS_COUNT.WR[UNIT5];10278572;100.00;;"
8708 [139785750443712] INFO perfrun.perfcollector <> - PERF_STAT : "     2.024112489;CPU10;1448;;UNC_M_CAS_COUNT.WR[UNIT5];10289426;100.00;;"
8718 [139785750443712] INFO perfrun.perfcollector <> - PERF_STAT : "     2.034426036;CPU0;371751;;UNC_M_CAS_COUNT.RD[UNIT0];10309109;100.00;;"
8718 [139785750443712] INFO perfrun.perfcollector <> - PERF_STAT : "     2.034426036;CPU10;2126;;UNC_M_CAS_COUNT.RD[UNIT0];10304873;100.00;;"
8718 [139785750443712] INFO perfrun.perfcollector <> - PERF_STAT : "     2.034426036;CPU0;325812;;UNC_M_CAS_COUNT.RD[UNIT1];10311590;100.00;;"
8718 [139785750443712] INFO perfrun.perfcollector <> - PERF_STAT : "     2.034426036;CPU10;2745;;UNC_M_CAS_COUNT.RD[UNIT1];10306430;100.00;;"
8718 [139785750443712] INFO perfrun.perfcollector <> - PERF_STAT : "     2.034426036;CPU0;326413;;UNC_M_CAS_COUNT.RD[UNIT4];10311865;100.00;;"
8718 [139785750443712] INFO perfrun.perfcollector <> - PERF_STAT : "     2.034426036;CPU10;2109;;UNC_M_CAS_COUNT.RD[UNIT4];10307832;100.00;;"
8718 [139785750443712] INFO perfrun.perfcollector <> - PERF_STAT : "     2.034426036;CPU0;351134;;UNC_M_CAS_COUNT.RD[UNIT5];10310301;100.00;;"
8718 [139785750443712] INFO perfrun.perfcollector <> - PERF_STAT : "     2.034426036;CPU10;2472;;UNC_M_CAS_COUNT.RD[UNIT5];10308077;100.00;;"
8718 [139785750443712] INFO perfrun.perfcollector <> - PERF_STAT : "     2.034426036;CPU0;18509;;UNC_M_CAS_COUNT.WR[UNIT0];10308804;100.00;;"
8718 [139785750443712] INFO perfrun.perfcollector <> - PERF_STAT : "     2.034426036;CPU10;626;;UNC_M_CAS_COUNT.WR[UNIT0];10306598;100.00;;"
8718 [139785750443712] INFO perfrun.perfcollector <> - PERF_STAT : "     2.034426036;CPU0;14771;;UNC_M_CAS_COUNT.WR[UNIT1];10306801;100.00;;"
8718 [139785750443712] INFO perfrun.perfcollector <> - PERF_STAT : "     2.034426036;CPU10;1172;;UNC_M_CAS_COUNT.WR[UNIT1];10304807;100.00;;"
8718 [139785750443712] INFO perfrun.perfcollector <> - PERF_STAT : "     2.034426036;CPU0;12034;;UNC_M_CAS_COUNT.WR[UNIT4];10309897;100.00;;"
8718 [139785750443712] INFO perfrun.perfcollector <> - PERF_STAT : "     2.034426036;CPU10;582;;UNC_M_CAS_COUNT.WR[UNIT4];10305307;100.00;;"
8718 [139785750443712] INFO perfrun.perfcollector <> - PERF_STAT : "     2.034426036;CPU0;19098;;UNC_M_CAS_COUNT.WR[UNIT5];10307197;100.00;;"
8718 [139785750443712] INFO perfrun.perfcollector <> - PERF_STAT : "     2.034426036;CPU10;1121;;UNC_M_CAS_COUNT.WR[UNIT5];10305796;100.00;;"
8728 [139785750443712] INFO perfrun.perfcollector <> - PERF_STAT : "     2.044727723;CPU0;340612;;UNC_M_CAS_COUNT.RD[UNIT0];10308871;100.00;;"
8728 [139785750443712] INFO perfrun.perfcollector <> - PERF_STAT : "     2.044727723;CPU10;1963;;UNC_M_CAS_COUNT.RD[UNIT0];10302446;100.00;;"
8728 [139785750443712] INFO perfrun.perfcollector <> - PERF_STAT : "     2.044727723;CPU0;321838;;UNC_M_CAS_COUNT.RD[UNIT1];10306295;100.00;;"
8728 [139785750443712] INFO perfrun.perfcollector <> - PERF_STAT : "     2.044727723;CPU10;2554;;UNC_M_CAS_COUNT.RD[UNIT1];10300541;100.00;;"
8728 [139785750443712] INFO perfrun.perfcollector <> - PERF_STAT : "     2.044727723;CPU0;298745;;UNC_M_CAS_COUNT.RD[UNIT4];10303605;100.00;;"
8728 [139785750443712] INFO perfrun.perfcollector <> - PERF_STAT : "     2.044727723;CPU10;2291;;UNC_M_CAS_COUNT.RD[UNIT4];10299924;100.00;;"
8728 [139785750443712] INFO perfrun.perfcollector <> - PERF_STAT : "     2.044727723;CPU0;370990;;UNC_M_CAS_COUNT.RD[UNIT5];10305868;100.00;;"
8728 [139785750443712] INFO perfrun.perfcollector <> - PERF_STAT : "     2.044727723;CPU10;2270;;UNC_M_CAS_COUNT.RD[UNIT5];10301946;100.00;;"
8729 [139785750443712] INFO perfrun.perfcollector <> - PERF_STAT : "     2.044727723;CPU0;15747;;UNC_M_CAS_COUNT.WR[UNIT0];10305991;100.00;;"
8729 [139785750443712] INFO perfrun.perfcollector <> - PERF_STAT : "     2.044727723;CPU10;518;;UNC_M_CAS_COUNT.WR[UNIT0];10302154;100.00;;"
8729 [139785750443712] INFO perfrun.perfcollector <> - PERF_STAT : "     2.044727723;CPU0;15491;;UNC_M_CAS_COUNT.WR[UNIT1];10306325;100.00;;"
8729 [139785750443712] INFO perfrun.perfcollector <> - PERF_STAT : "     2.044727723;CPU10;1092;;UNC_M_CAS_COUNT.WR[UNIT1];10302246;100.00;;"
8729 [139785750443712] INFO perfrun.perfcollector <> - PERF_STAT : "     2.044727723;CPU0;10328;;UNC_M_CAS_COUNT.WR[UNIT4];10303206;100.00;;"
8729 [139785750443712] INFO perfrun.perfcollector <> - PERF_STAT : "     2.044727723;CPU10;597;;UNC_M_CAS_COUNT.WR[UNIT4];10301874;100.00;;"
8729 [139785750443712] INFO perfrun.perfcollector <> - PERF_STAT : "     2.044727723;CPU0;21402;;UNC_M_CAS_COUNT.WR[UNIT5];10303780;100.00;;"
8729 [139785750443712] INFO perfrun.perfcollector <> - PERF_STAT : "     2.044727723;CPU10;1029;;UNC_M_CAS_COUNT.WR[UNIT5];10303907;100.00;;"
8739 [139785750443712] INFO perfrun.perfcollector <> - PERF_STAT : "     2.055043438;CPU0;348360;;UNC_M_CAS_COUNT.RD[UNIT0];10312879;100.00;;"
8739 [139785750443712] INFO perfrun.perfcollector <> - PERF_STAT : "     2.055043438;CPU10;1958;;UNC_M_CAS_COUNT.RD[UNIT0];10320887;100.00;;"
8739 [139785750443712] INFO perfrun.perfcollector <> - PERF_STAT : "     2.055043438;CPU0;325193;;UNC_M_CAS_COUNT.RD[UNIT1];10313598;100.00;;"
8739 [139785750443712] INFO perfrun.perfcollector <> - PERF_STAT : "     2.055043438;CPU10;2519;;UNC_M_CAS_COUNT.RD[UNIT1];10322361;100.00;;"
8739 [139785750443712] INFO perfrun.perfcollector <> - PERF_STAT : "     2.055043438;CPU0;310994;;UNC_M_CAS_COUNT.RD[UNIT4];10316650;100.00;;"
8739 [139785750443712] INFO perfrun.perfcollector <> - PERF_STAT : "     2.055043438;CPU10;2198;;UNC_M_CAS_COUNT.RD[UNIT4];10321081;100.00;;"
8739 [139785750443712] INFO perfrun.perfcollector <> - PERF_STAT : "     2.055043438;CPU0;365132;;UNC_M_CAS_COUNT.RD[UNIT5];10315984;100.00;;"
8739 [139785750443712] INFO perfrun.perfcollector <> - PERF_STAT : "     2.055043438;CPU10;2288;;UNC_M_CAS_COUNT.RD[UNIT5];10320106;100.00;;"
8739 [139785750443712] INFO perfrun.perfcollector <> - PERF_STAT : "     2.055043438;CPU0;16053;;UNC_M_CAS_COUNT.WR[UNIT0];10316476;100.00;;"
8739 [139785750443712] INFO perfrun.perfcollector <> - PERF_STAT : "     2.055043438;CPU10;526;;UNC_M_CAS_COUNT.WR[UNIT0];10321423;100.00;;"
8739 [139785750443712] INFO perfrun.perfcollector <> - PERF_STAT : "     2.055043438;CPU0;15038;;UNC_M_CAS_COUNT.WR[UNIT1];10315979;100.00;;"
8739 [139785750443712] INFO perfrun.perfcollector <> - PERF_STAT : "     2.055043438;CPU10;1118;;UNC_M_CAS_COUNT.WR[UNIT1];10324437;100.00;;"
8739 [139785750443712] INFO perfrun.perfcollector <> - PERF_STAT : "     2.055043438;CPU0;10771;;UNC_M_CAS_COUNT.WR[UNIT4];10317180;100.00;;"
8739 [139785750443712] INFO perfrun.perfcollector <> - PERF_STAT : "     2.055043438;CPU10;544;;UNC_M_CAS_COUNT.WR[UNIT4];10324988;100.00;;"
8739 [139785750443712] INFO perfrun.perfcollector <> - PERF_STAT : "     2.055043438;CPU0;20519;;UNC_M_CAS_COUNT.WR[UNIT5];10317531;100.00;;"
8739 [139785750443712] INFO perfrun.perfcollector <> - PERF_STAT : "     2.055043438;CPU10;1079;;UNC_M_CAS_COUNT.WR[UNIT5];10322320;100.00;;"
8749 [139785750443712] INFO perfrun.perfcollector <> - PERF_STAT : "     2.065365914;CPU0;368456;;UNC_M_CAS_COUNT.RD[UNIT0];10320069;100.00;;"
8749 [139785750443712] INFO perfrun.perfcollector <> - PERF_STAT : "     2.065365914;CPU10;2616;;UNC_M_CAS_COUNT.RD[UNIT0];10321110;100.00;;"
8749 [139785750443712] INFO perfrun.perfcollector <> - PERF_STAT : "     2.065365914;CPU0;329002;;UNC_M_CAS_COUNT.RD[UNIT1];10321191;100.00;;"
8749 [139785750443712] INFO perfrun.perfcollector <> - PERF_STAT : "     2.065365914;CPU10;3379;;UNC_M_CAS_COUNT.RD[UNIT1];10319952;100.00;;"
8749 [139785750443712] INFO perfrun.perfcollector <> - PERF_STAT : "     2.065365914;CPU0;322131;;UNC_M_CAS_COUNT.RD[UNIT4];10319604;100.00;;"
8749 [139785750443712] INFO perfrun.perfcollector <> - PERF_STAT : "     2.065365914;CPU10;2591;;UNC_M_CAS_COUNT.RD[UNIT4];10322336;100.00;;"
8749 [139785750443712] INFO perfrun.perfcollector <> - PERF_STAT : "     2.065365914;CPU0;365447;;UNC_M_CAS_COUNT.RD[UNIT5];10316504;100.00;;"
8749 [139785750443712] INFO perfrun.perfcollector <> - PERF_STAT : "     2.065365914;CPU10;2775;;UNC_M_CAS_COUNT.RD[UNIT5];10320998;100.00;;"
8749 [139785750443712] INFO perfrun.perfcollector <> - PERF_STAT : "     2.065365914;CPU0;18506;;UNC_M_CAS_COUNT.WR[UNIT0];10316267;100.00;;"
8749 [139785750443712] INFO perfrun.perfcollector <> - PERF_STAT : "     2.065365914;CPU10;666;;UNC_M_CAS_COUNT.WR[UNIT0];10319730;100.00;;"
8749 [139785750443712] INFO perfrun.perfcollector <> - PERF_STAT : "     2.065365914;CPU0;15799;;UNC_M_CAS_COUNT.WR[UNIT1];10318144;100.00;;"
8749 [139785750443712] INFO perfrun.perfcollector <> - PERF_STAT : "     2.065365914;CPU10;1265;;UNC_M_CAS_COUNT.WR[UNIT1];10317092;100.00;;"
8749 [139785750443712] INFO perfrun.perfcollector <> - PERF_STAT : "     2.065365914;CPU0;12292;;UNC_M_CAS_COUNT.WR[UNIT4];10322671;100.00;;"
8749 [139785750443712] INFO perfrun.perfcollector <> - PERF_STAT : "     2.065365914;CPU10;657;;UNC_M_CAS_COUNT.WR[UNIT4];10317167;100.00;;"
8749 [139785750443712] INFO perfrun.perfcollector <> - PERF_STAT : "     2.065365914;CPU0;20659;;UNC_M_CAS_COUNT.WR[UNIT5];10321495;100.00;;"
8749 [139785750443712] INFO perfrun.perfcollector <> - PERF_STAT : "     2.065365914;CPU10;1139;;UNC_M_CAS_COUNT.WR[UNIT5];10317044;100.00;;"
8759 [139785750443712] INFO perfrun.perfcollector <> - PERF_STAT : "     2.075675534;CPU0;331543;;UNC_M_CAS_COUNT.RD[UNIT0];10300642;100.00;;"
8759 [139785750443712] INFO perfrun.perfcollector <> - PERF_STAT : "     2.075675534;CPU10;2360;;UNC_M_CAS_COUNT.RD[UNIT0];10289205;100.00;;"
8759 [139785750443712] INFO perfrun.perfcollector <> - PERF_STAT : "     2.075675534;CPU0;328084;;UNC_M_CAS_COUNT.RD[UNIT1];10298801;100.00;;"
8759 [139785750443712] INFO perfrun.perfcollector <> - PERF_STAT : "     2.075675534;CPU10;2991;;UNC_M_CAS_COUNT.RD[UNIT1];10288820;100.00;;"
8759 [139785750443712] INFO perfrun.perfcollector <> - PERF_STAT : "     2.075675534;CPU0;299923;;UNC_M_CAS_COUNT.RD[UNIT4];10297765;100.00;;"
8759 [139785750443712] INFO perfrun.perfcollector <> - PERF_STAT : "     2.075675534;CPU10;2342;;UNC_M_CAS_COUNT.RD[UNIT4];10286496;100.00;;"
8759 [139785750443712] INFO perfrun.perfcollector <> - PERF_STAT : "     2.075675534;CPU0;380610;;UNC_M_CAS_COUNT.RD[UNIT5];10297980;100.00;;"
8759 [139785750443712] INFO perfrun.perfcollector <> - PERF_STAT : "     2.075675534;CPU10;2570;;UNC_M_CAS_COUNT.RD[UNIT5];10286384;100.00;;"
8759 [139785750443712] INFO perfrun.perfcollector <> - PERF_STAT : "     2.075675534;CPU0;14556;;UNC_M_CAS_COUNT.WR[UNIT0];10297682;100.00;;"
8759 [139785750443712] INFO perfrun.perfcollector <> - PERF_STAT : "     2.075675534;CPU10;706;;UNC_M_CAS_COUNT.WR[UNIT0];10286198;100.00;;"
8759 [139785750443712] INFO perfrun.perfcollector <> - PERF_STAT : "     2.075675534;CPU0;15551;;UNC_M_CAS_COUNT.WR[UNIT1];10297125;100.00;;"
8759 [139785750443712] INFO perfrun.perfcollector <> - PERF_STAT : "     2.075675534;CPU10;1297;;UNC_M_CAS_COUNT.WR[UNIT1];10285667;100.00;;"
8759 [139785750443712] INFO perfrun.perfcollector <> - PERF_STAT : "     2.075675534;CPU0;10003;;UNC_M_CAS_COUNT.WR[UNIT4];10292829;100.00;;"
8759 [139785750443712] INFO perfrun.perfcollector <> - PERF_STAT : "     2.075675534;CPU10;720;;UNC_M_CAS_COUNT.WR[UNIT4];10285054;100.00;;"
8759 [139785750443712] INFO perfrun.perfcollector <> - PERF_STAT : "     2.075675534;CPU0;21954;;UNC_M_CAS_COUNT.WR[UNIT5];10292925;100.00;;"
8759 [139785750443712] INFO perfrun.perfcollector <> - PERF_STAT : "     2.075675534;CPU10;1205;;UNC_M_CAS_COUNT.WR[UNIT5];10284831;100.00;;"
8769 [139785750443712] INFO perfrun.perfcollector <> - PERF_STAT : "     2.085928297;CPU0;357937;;UNC_M_CAS_COUNT.RD[UNIT0];10253652;100.00;;"
8769 [139785750443712] INFO perfrun.perfcollector <> - PERF_STAT : "     2.085928297;CPU10;1948;;UNC_M_CAS_COUNT.RD[UNIT0];10259392;100.00;;"
8769 [139785750443712] INFO perfrun.perfcollector <> - PERF_STAT : "     2.085928297;CPU0;304836;;UNC_M_CAS_COUNT.RD[UNIT1];10254257;100.00;;"
8770 [139785750443712] INFO perfrun.perfcollector <> - PERF_STAT : "     2.085928297;CPU10;2566;;UNC_M_CAS_COUNT.RD[UNIT1];10259514;100.00;;"
8770 [139785750443712] INFO perfrun.perfcollector <> - PERF_STAT : "     2.085928297;CPU0;311101;;UNC_M_CAS_COUNT.RD[UNIT4];10253925;100.00;;"
8770 [139785750443712] INFO perfrun.perfcollector <> - PERF_STAT : "     2.085928297;CPU10;1926;;UNC_M_CAS_COUNT.RD[UNIT4];10259145;100.00;;"
8770 [139785750443712] INFO perfrun.perfcollector <> - PERF_STAT : "     2.085928297;CPU0;327653;;UNC_M_CAS_COUNT.RD[UNIT5];10253357;100.00;;"
8770 [139785750443712] INFO perfrun.perfcollector <> - PERF_STAT : "     2.085928297;CPU10;2294;;UNC_M_CAS_COUNT.RD[UNIT5];10259128;100.00;;"
8770 [139785750443712] INFO perfrun.perfcollector <> - PERF_STAT : "     2.085928297;CPU0;18463;;UNC_M_CAS_COUNT.WR[UNIT0];10262367;100.00;;"
8770 [139785750443712] INFO perfrun.perfcollector <> - PERF_STAT : "     2.085928297;CPU10;479;;UNC_M_CAS_COUNT.WR[UNIT0];10259238;100.00;;"
8770 [139785750443712] INFO perfrun.perfcollector <> - PERF_STAT : "     2.085928297;CPU0;14147;;UNC_M_CAS_COUNT.WR[UNIT1];10261474;100.00;;"
8770 [139785750443712] INFO perfrun.perfcollector <> - PERF_STAT : "     2.085928297;CPU10;1037;;UNC_M_CAS_COUNT.WR[UNIT1];10259421;100.00;;"
8770 [139785750443712] INFO perfrun.perfcollector <> - PERF_STAT : "     2.085928297;CPU0;11644;;UNC_M_CAS_COUNT.WR[UNIT4];10260179;100.00;;"
8770 [139785750443712] INFO perfrun.perfcollector <> - PERF_STAT : "     2.085928297;CPU10;446;;UNC_M_CAS_COUNT.WR[UNIT4];10259470;100.00;;"
8770 [139785750443712] INFO perfrun.perfcollector <> - PERF_STAT : "     2.085928297;CPU0;17536;;UNC_M_CAS_COUNT.WR[UNIT5];10259976;100.00;;"
8770 [139785750443712] INFO perfrun.perfcollector <> - PERF_STAT : "     2.085928297;CPU10;986;;UNC_M_CAS_COUNT.WR[UNIT5];10259532;100.00;;"
8780 [139785750443712] INFO perfrun.perfcollector <> - PERF_STAT : "     2.096202140;CPU0;298769;;UNC_M_CAS_COUNT.RD[UNIT0];10280366;100.00;;"
8780 [139785750443712] INFO perfrun.perfcollector <> - PERF_STAT : "     2.096202140;CPU10;1912;;UNC_M_CAS_COUNT.RD[UNIT0];10272843;100.00;;"
8780 [139785750443712] INFO perfrun.perfcollector <> - PERF_STAT : "     2.096202140;CPU0;303195;;UNC_M_CAS_COUNT.RD[UNIT1];10279183;100.00;;"
8780 [139785750443712] INFO perfrun.perfcollector <> - PERF_STAT : "     2.096202140;CPU10;2508;;UNC_M_CAS_COUNT.RD[UNIT1];10275817;100.00;;"
8780 [139785750443712] INFO perfrun.perfcollector <> - PERF_STAT : "     2.096202140;CPU0;269942;;UNC_M_CAS_COUNT.RD[UNIT4];10278542;100.00;;"
8780 [139785750443712] INFO perfrun.perfcollector <> - PERF_STAT : "     2.096202140;CPU10;2023;;UNC_M_CAS_COUNT.RD[UNIT4];10278167;100.00;;"
8780 [139785750443712] INFO perfrun.perfcollector <> - PERF_STAT : "     2.096202140;CPU0;359666;;UNC_M_CAS_COUNT.RD[UNIT5];10277898;100.00;;"
8780 [139785750443712] INFO perfrun.perfcollector <> - PERF_STAT : "     2.096202140;CPU10;2201;;UNC_M_CAS_COUNT.RD[UNIT5];10281007;100.00;;"
8780 [139785750443712] INFO perfrun.perfcollector <> - PERF_STAT : "     2.096202140;CPU0;12684;;UNC_M_CAS_COUNT.WR[UNIT0];10268087;100.00;;"
8780 [139785750443712] INFO perfrun.perfcollector <> - PERF_STAT : "     2.096202140;CPU10;509;;UNC_M_CAS_COUNT.WR[UNIT0];10283107;100.00;;"
8780 [139785750443712] INFO perfrun.perfcollector <> - PERF_STAT : "     2.096202140;CPU0;14717;;UNC_M_CAS_COUNT.WR[UNIT1];10267069;100.00;;"
8780 [139785750443712] INFO perfrun.perfcollector <> - PERF_STAT : "     2.096202140;CPU10;1056;;UNC_M_CAS_COUNT.WR[UNIT1];10285271;100.00;;"
8780 [139785750443712] INFO perfrun.perfcollector <> - PERF_STAT : "     2.096202140;CPU0;9072;;UNC_M_CAS_COUNT.WR[UNIT4];10266190;100.00;;"
8780 [139785750443712] INFO perfrun.perfcollector <> - PERF_STAT : "     2.096202140;CPU10;521;;UNC_M_CAS_COUNT.WR[UNIT4];10287947;100.00;;"
8780 [139785750443712] INFO perfrun.perfcollector <> - PERF_STAT : "     2.096202140;CPU0;21158;;UNC_M_CAS_COUNT.WR[UNIT5];10265573;100.00;;"
8780 [139785750443712] INFO perfrun.perfcollector <> - PERF_STAT : "     2.096202140;CPU10;985;;UNC_M_CAS_COUNT.WR[UNIT5];10289816;100.00;;"
8790 [139785750443712] INFO perfrun.perfcollector <> - PERF_STAT : "     2.106529027;CPU0;341993;;UNC_M_CAS_COUNT.RD[UNIT0];10330569;100.00;;"
8790 [139785750443712] INFO perfrun.perfcollector <> - PERF_STAT : "     2.106529027;CPU10;7560;;UNC_M_CAS_COUNT.RD[UNIT0];10312875;100.00;;"
8790 [139785750443712] INFO perfrun.perfcollector <> - PERF_STAT : "     2.106529027;CPU0;287963;;UNC_M_CAS_COUNT.RD[UNIT1];10330458;100.00;;"
8790 [139785750443712] INFO perfrun.perfcollector <> - PERF_STAT : "     2.106529027;CPU10;8196;;UNC_M_CAS_COUNT.RD[UNIT1];10309790;100.00;;"
8790 [139785750443712] INFO perfrun.perfcollector <> - PERF_STAT : "     2.106529027;CPU0;296116;;UNC_M_CAS_COUNT.RD[UNIT4];10330418;100.00;;"
8790 [139785750443712] INFO perfrun.perfcollector <> - PERF_STAT : "     2.106529027;CPU10;7302;;UNC_M_CAS_COUNT.RD[UNIT4];10307258;100.00;;"
8790 [139785750443712] INFO perfrun.perfcollector <> - PERF_STAT : "     2.106529027;CPU0;303203;;UNC_M_CAS_COUNT.RD[UNIT5];10330452;100.00;;"
8790 [139785750443712] INFO perfrun.perfcollector <> - PERF_STAT : "     2.106529027;CPU10;7433;;UNC_M_CAS_COUNT.RD[UNIT5];10304018;100.00;;"
8790 [139785750443712] INFO perfrun.perfcollector <> - PERF_STAT : "     2.106529027;CPU0;19362;;UNC_M_CAS_COUNT.WR[UNIT0];10330618;100.00;;"
8790 [139785750443712] INFO perfrun.perfcollector <> - PERF_STAT : "     2.106529027;CPU10;2230;;UNC_M_CAS_COUNT.WR[UNIT0];10301004;100.00;;"
8790 [139785750443712] INFO perfrun.perfcollector <> - PERF_STAT : "     2.106529027;CPU0;14494;;UNC_M_CAS_COUNT.WR[UNIT1];10330829;100.00;;"
8790 [139785750443712] INFO perfrun.perfcollector <> - PERF_STAT : "     2.106529027;CPU10;2724;;UNC_M_CAS_COUNT.WR[UNIT1];10298370;100.00;;"
8790 [139785750443712] INFO perfrun.perfcollector <> - PERF_STAT : "     2.106529027;CPU0;12499;;UNC_M_CAS_COUNT.WR[UNIT4];10331150;100.00;;"
8790 [139785750443712] INFO perfrun.perfcollector <> - PERF_STAT : "     2.106529027;CPU10;2189;;UNC_M_CAS_COUNT.WR[UNIT4];10295263;100.00;;"
8790 [139785750443712] INFO perfrun.perfcollector <> - PERF_STAT : "     2.106529027;CPU0;17439;;UNC_M_CAS_COUNT.WR[UNIT5];10331278;100.00;;"
8790 [139785750443712] INFO perfrun.perfcollector <> - PERF_STAT : "     2.106529027;CPU10;2711;;UNC_M_CAS_COUNT.WR[UNIT5];10293041;100.00;;"
8800 [139785750443712] INFO perfrun.perfcollector <> - PERF_STAT : "     2.116767048;CPU0;328703;;UNC_M_CAS_COUNT.RD[UNIT0];10235656;100.00;;"
8800 [139785750443712] INFO perfrun.perfcollector <> - PERF_STAT : "     2.116767048;CPU10;2442;;UNC_M_CAS_COUNT.RD[UNIT0];10257790;100.00;;"
8800 [139785750443712] INFO perfrun.perfcollector <> - PERF_STAT : "     2.116767048;CPU0;327939;;UNC_M_CAS_COUNT.RD[UNIT1];10236687;100.00;;"
8800 [139785750443712] INFO perfrun.perfcollector <> - PERF_STAT : "     2.116767048;CPU10;2927;;UNC_M_CAS_COUNT.RD[UNIT1];10258273;100.00;;"
8800 [139785750443712] INFO perfrun.perfcollector <> - PERF_STAT : "     2.116767048;CPU0;295244;;UNC_M_CAS_COUNT.RD[UNIT4];10238964;100.00;;"
8800 [139785750443712] INFO perfrun.perfcollector <> - PERF_STAT : "     2.116767048;CPU10;2583;;UNC_M_CAS_COUNT.RD[UNIT4];10260614;100.00;;"
8801 [139785750443712] INFO perfrun.perfcollector <> - PERF_STAT : "     2.116767048;CPU0;388931;;UNC_M_CAS_COUNT.RD[UNIT5];10240352;100.00;;"
8801 [139785750443712] INFO perfrun.perfcollector <> - PERF_STAT : "     2.116767048;CPU10;2553;;UNC_M_CAS_COUNT.RD[UNIT5];10265671;100.00;;"
8801 [139785750443712] INFO perfrun.perfcollector <> - PERF_STAT : "     2.116767048;CPU0;14660;;UNC_M_CAS_COUNT.WR[UNIT0];10241305;100.00;;"
8801 [139785750443712] INFO perfrun.perfcollector <> - PERF_STAT : "     2.116767048;CPU10;1470;;UNC_M_CAS_COUNT.WR[UNIT0];10266997;100.00;;"
8801 [139785750443712] INFO perfrun.perfcollector <> - PERF_STAT : "     2.116767048;CPU0;16198;;UNC_M_CAS_COUNT.WR[UNIT1];10241853;100.00;;"
8801 [139785750443712] INFO perfrun.perfcollector <> - PERF_STAT : "     2.116767048;CPU10;1973;;UNC_M_CAS_COUNT.WR[UNIT1];10267544;100.00;;"
8801 [139785750443712] INFO perfrun.perfcollector <> - PERF_STAT : "     2.116767048;CPU0;10194;;UNC_M_CAS_COUNT.WR[UNIT4];10245546;100.00;;"
8801 [139785750443712] INFO perfrun.perfcollector <> - PERF_STAT : "     2.116767048;CPU10;1530;;UNC_M_CAS_COUNT.WR[UNIT4];10267840;100.00;;"
8801 [139785750443712] INFO perfrun.perfcollector <> - PERF_STAT : "     2.116767048;CPU0;23171;;UNC_M_CAS_COUNT.WR[UNIT5];10246446;100.00;;"
8801 [139785750443712] INFO perfrun.perfcollector <> - PERF_STAT : "     2.116767048;CPU10;2009;;UNC_M_CAS_COUNT.WR[UNIT5];10271141;100.00;;"
8811 [139785750443712] INFO perfrun.perfcollector <> - PERF_STAT : "     2.127071119;CPU0;367297;;UNC_M_CAS_COUNT.RD[UNIT0];10305182;100.00;;"
8811 [139785750443712] INFO perfrun.perfcollector <> - PERF_STAT : "     2.127071119;CPU10;1970;;UNC_M_CAS_COUNT.RD[UNIT0];10310998;100.00;;"
8811 [139785750443712] INFO perfrun.perfcollector <> - PERF_STAT : "     2.127071119;CPU0;325408;;UNC_M_CAS_COUNT.RD[UNIT1];10308208;100.00;;"
8811 [139785750443712] INFO perfrun.perfcollector <> - PERF_STAT : "     2.127071119;CPU10;2488;;UNC_M_CAS_COUNT.RD[UNIT1];10310952;100.00;;"
8811 [139785750443712] INFO perfrun.perfcollector <> - PERF_STAT : "     2.127071119;CPU0;321485;;UNC_M_CAS_COUNT.RD[UNIT4];10308491;100.00;;"
8811 [139785750443712] INFO perfrun.perfcollector <> - PERF_STAT : "     2.127071119;CPU10;2012;;UNC_M_CAS_COUNT.RD[UNIT4];10309560;100.00;;"
8811 [139785750443712] INFO perfrun.perfcollector <> - PERF_STAT : "     2.127071119;CPU0;356482;;UNC_M_CAS_COUNT.RD[UNIT5];10307802;100.00;;"
8811 [139785750443712] INFO perfrun.perfcollector <> - PERF_STAT : "     2.127071119;CPU10;2207;;UNC_M_CAS_COUNT.RD[UNIT5];10309287;100.00;;"
8811 [139785750443712] INFO perfrun.perfcollector <> - PERF_STAT : "     2.127071119;CPU0;18211;;UNC_M_CAS_COUNT.WR[UNIT0];10307626;100.00;;"
8811 [139785750443712] INFO perfrun.perfcollector <> - PERF_STAT : "     2.127071119;CPU10;608;;UNC_M_CAS_COUNT.WR[UNIT0];10309366;100.00;;"
8811 [139785750443712] INFO perfrun.perfcollector <> - PERF_STAT : "     2.127071119;CPU0;14722;;UNC_M_CAS_COUNT.WR[UNIT1];10307845;100.00;;"
8811 [139785750443712] INFO perfrun.perfcollector <> - PERF_STAT : "     2.127071119;CPU10;1152;;UNC_M_CAS_COUNT.WR[UNIT1];10312368;100.00;;"
8811 [139785750443712] INFO perfrun.perfcollector <> - PERF_STAT : "     2.127071119;CPU0;11705;;UNC_M_CAS_COUNT.WR[UNIT4];10304605;100.00;;"
8811 [139785750443712] INFO perfrun.perfcollector <> - PERF_STAT : "     2.127071119;CPU10;590;;UNC_M_CAS_COUNT.WR[UNIT4];10312955;100.00;;"
8811 [139785750443712] INFO perfrun.perfcollector <> - PERF_STAT : "     2.127071119;CPU0;19723;;UNC_M_CAS_COUNT.WR[UNIT5];10304645;100.00;;"
8811 [139785750443712] INFO perfrun.perfcollector <> - PERF_STAT : "     2.127071119;CPU10;1081;;UNC_M_CAS_COUNT.WR[UNIT5];10310226;100.00;;"
8821 [139785750443712] INFO perfrun.perfcollector <> - PERF_STAT : "     2.137385770;CPU0;345259;;UNC_M_CAS_COUNT.RD[UNIT0];10319395;100.00;;"
8821 [139785750443712] INFO perfrun.perfcollector <> - PERF_STAT : "     2.137385770;CPU10;1766;;UNC_M_CAS_COUNT.RD[UNIT0];10313023;100.00;;"
8821 [139785750443712] INFO perfrun.perfcollector <> - PERF_STAT : "     2.137385770;CPU0;320999;;UNC_M_CAS_COUNT.RD[UNIT1];10316397;100.00;;"
8821 [139785750443712] INFO perfrun.perfcollector <> - PERF_STAT : "     2.137385770;CPU10;2368;;UNC_M_CAS_COUNT.RD[UNIT1];10313068;100.00;;"
8821 [139785750443712] INFO perfrun.perfcollector <> - PERF_STAT : "     2.137385770;CPU0;301674;;UNC_M_CAS_COUNT.RD[UNIT4];10314718;100.00;;"
8821 [139785750443712] INFO perfrun.perfcollector <> - PERF_STAT : "     2.137385770;CPU10;1768;;UNC_M_CAS_COUNT.RD[UNIT4];10314614;100.00;;"
8821 [139785750443712] INFO perfrun.perfcollector <> - PERF_STAT : "     2.137385770;CPU0;368168;;UNC_M_CAS_COUNT.RD[UNIT5];10316765;100.00;;"
8821 [139785750443712] INFO perfrun.perfcollector <> - PERF_STAT : "     2.137385770;CPU10;1934;;UNC_M_CAS_COUNT.RD[UNIT5];10313821;100.00;;"
8821 [139785750443712] INFO perfrun.perfcollector <> - PERF_STAT : "     2.137385770;CPU0;16099;;UNC_M_CAS_COUNT.WR[UNIT0];10316633;100.00;;"
8821 [139785750443712] INFO perfrun.perfcollector <> - PERF_STAT : "     2.137385770;CPU10;490;;UNC_M_CAS_COUNT.WR[UNIT0];10314899;100.00;;"
8821 [139785750443712] INFO perfrun.perfcollector <> - PERF_STAT : "     2.137385770;CPU0;15226;;UNC_M_CAS_COUNT.WR[UNIT1];10316445;100.00;;"
8821 [139785750443712] INFO perfrun.perfcollector <> - PERF_STAT : "     2.137385770;CPU10;1033;;UNC_M_CAS_COUNT.WR[UNIT1];10312305;100.00;;"
8821 [139785750443712] INFO perfrun.perfcollector <> - PERF_STAT : "     2.137385770;CPU0;10317;;UNC_M_CAS_COUNT.WR[UNIT4];10316563;100.00;;"
8821 [139785750443712] INFO perfrun.perfcollector <> - PERF_STAT : "     2.137385770;CPU10;438;;UNC_M_CAS_COUNT.WR[UNIT4];10314287;100.00;;"
8821 [139785750443712] INFO perfrun.perfcollector <> - PERF_STAT : "     2.137385770;CPU0;21067;;UNC_M_CAS_COUNT.WR[UNIT5];10319071;100.00;;"
8821 [139785750443712] INFO perfrun.perfcollector <> - PERF_STAT : "     2.137385770;CPU10;925;;UNC_M_CAS_COUNT.WR[UNIT5];10314910;100.00;;"
8831 [139785750443712] INFO perfrun.perfcollector <> - PERF_STAT : "     2.147695523;CPU0;356197;;UNC_M_CAS_COUNT.RD[UNIT0];10305567;100.00;;"
8831 [139785750443712] INFO perfrun.perfcollector <> - PERF_STAT : "     2.147695523;CPU10;1984;;UNC_M_CAS_COUNT.RD[UNIT0];10330180;100.00;;"
8831 [139785750443712] INFO perfrun.perfcollector <> - PERF_STAT : "     2.147695523;CPU0;335000;;UNC_M_CAS_COUNT.RD[UNIT1];10305796;100.00;;"
8831 [139785750443712] INFO perfrun.perfcollector <> - PERF_STAT : "     2.147695523;CPU10;2555;;UNC_M_CAS_COUNT.RD[UNIT1];10330005;100.00;;"
8831 [139785750443712] INFO perfrun.perfcollector <> - PERF_STAT : "     2.147695523;CPU0;317940;;UNC_M_CAS_COUNT.RD[UNIT4];10309699;100.00;;"
8831 [139785750443712] INFO perfrun.perfcollector <> - PERF_STAT : "     2.147695523;CPU10;2064;;UNC_M_CAS_COUNT.RD[UNIT4];10327753;100.00;;"
8831 [139785750443712] INFO perfrun.perfcollector <> - PERF_STAT : "     2.147695523;CPU0;382119;;UNC_M_CAS_COUNT.RD[UNIT5];10309419;100.00;;"
8832 [139785750443712] INFO perfrun.perfcollector <> - PERF_STAT : "     2.147695523;CPU10;2264;;UNC_M_CAS_COUNT.RD[UNIT5];10326457;100.00;;"
8832 [139785750443712] INFO perfrun.perfcollector <> - PERF_STAT : "     2.147695523;CPU0;16806;;UNC_M_CAS_COUNT.WR[UNIT0];10316659;100.00;;"
8832 [139785750443712] INFO perfrun.perfcollector <> - PERF_STAT : "     2.147695523;CPU10;518;;UNC_M_CAS_COUNT.WR[UNIT0];10324651;100.00;;"
8832 [139785750443712] INFO perfrun.perfcollector <> - PERF_STAT : "     2.147695523;CPU0;15674;;UNC_M_CAS_COUNT.WR[UNIT1];10317402;100.00;;"
8832 [139785750443712] INFO perfrun.perfcollector <> - PERF_STAT : "     2.147695523;CPU10;1048;;UNC_M_CAS_COUNT.WR[UNIT1];10324131;100.00;;"
8832 [139785750443712] INFO perfrun.perfcollector <> - PERF_STAT : "     2.147695523;CPU0;11092;;UNC_M_CAS_COUNT.WR[UNIT4];10318048;100.00;;"
8832 [139785750443712] INFO perfrun.perfcollector <> - PERF_STAT : "     2.147695523;CPU10;492;;UNC_M_CAS_COUNT.WR[UNIT4];10322625;100.00;;"
8832 [139785750443712] INFO perfrun.perfcollector <> - PERF_STAT : "     2.147695523;CPU0;21707;;UNC_M_CAS_COUNT.WR[UNIT5];10315865;100.00;;"
8832 [139785750443712] INFO perfrun.perfcollector <> - PERF_STAT : "     2.147695523;CPU10;1025;;UNC_M_CAS_COUNT.WR[UNIT5];10321592;100.00;;"
8842 [139785750443712] INFO perfrun.perfcollector <> - PERF_STAT : "     2.158016676;CPU0;363968;;UNC_M_CAS_COUNT.RD[UNIT0];10394709;100.00;;"
8842 [139785750443712] INFO perfrun.perfcollector <> - PERF_STAT : "     2.158016676;CPU10;2466;;UNC_M_CAS_COUNT.RD[UNIT0];10364045;100.00;;"
8842 [139785750443712] INFO perfrun.perfcollector <> - PERF_STAT : "     2.158016676;CPU0;316371;;UNC_M_CAS_COUNT.RD[UNIT1];10394008;100.00;;"
8842 [139785750443712] INFO perfrun.perfcollector <> - PERF_STAT : "     2.158016676;CPU10;3128;;UNC_M_CAS_COUNT.RD[UNIT1];10364194;100.00;;"
8842 [139785750443712] INFO perfrun.perfcollector <> - PERF_STAT : "     2.158016676;CPU0;313908;;UNC_M_CAS_COUNT.RD[UNIT4];10389655;100.00;;"
8842 [139785750443712] INFO perfrun.perfcollector <> - PERF_STAT : "     2.158016676;CPU10;2451;;UNC_M_CAS_COUNT.RD[UNIT4];10364397;100.00;;"
8842 [139785750443712] INFO perfrun.perfcollector <> - PERF_STAT : "     2.158016676;CPU0;349198;;UNC_M_CAS_COUNT.RD[UNIT5];10387689;100.00;;"
8842 [139785750443712] INFO perfrun.perfcollector <> - PERF_STAT : "     2.158016676;CPU10;2702;;UNC_M_CAS_COUNT.RD[UNIT5];10362372;100.00;;"
8842 [139785750443712] INFO perfrun.perfcollector <> - PERF_STAT : "     2.158016676;CPU0;18063;;UNC_M_CAS_COUNT.WR[UNIT0];10380355;100.00;;"
8842 [139785750443712] INFO perfrun.perfcollector <> - PERF_STAT : "     2.158016676;CPU10;546;;UNC_M_CAS_COUNT.WR[UNIT0];10362275;100.00;;"
8842 [139785750443712] INFO perfrun.perfcollector <> - PERF_STAT : "     2.158016676;CPU0;14634;;UNC_M_CAS_COUNT.WR[UNIT1];10380352;100.00;;"
8842 [139785750443712] INFO perfrun.perfcollector <> - PERF_STAT : "     2.158016676;CPU10;1112;;UNC_M_CAS_COUNT.WR[UNIT1];10362249;100.00;;"
8842 [139785750443712] INFO perfrun.perfcollector <> - PERF_STAT : "     2.158016676;CPU0;11606;;UNC_M_CAS_COUNT.WR[UNIT4];10379779;100.00;;"
8842 [139785750443712] INFO perfrun.perfcollector <> - PERF_STAT : "     2.158016676;CPU10;549;;UNC_M_CAS_COUNT.WR[UNIT4];10361640;100.00;;"
8842 [139785750443712] INFO perfrun.perfcollector <> - PERF_STAT : "     2.158016676;CPU0;19121;;UNC_M_CAS_COUNT.WR[UNIT5];10380271;100.00;;"
8842 [139785750443712] INFO perfrun.perfcollector <> - PERF_STAT : "     2.158016676;CPU10;1022;;UNC_M_CAS_COUNT.WR[UNIT5];10362162;100.00;;"
8852 [139785750443712] INFO perfrun.perfcollector <> - PERF_STAT : "     2.168389606;CPU0;328702;;UNC_M_CAS_COUNT.RD[UNIT0];10290420;100.00;;"
8852 [139785750443712] INFO perfrun.perfcollector <> - PERF_STAT : "     2.168389606;CPU10;1634;;UNC_M_CAS_COUNT.RD[UNIT0];10291519;100.00;;"
8852 [139785750443712] INFO perfrun.perfcollector <> - PERF_STAT : "     2.168389606;CPU0;326693;;UNC_M_CAS_COUNT.RD[UNIT1];10291050;100.00;;"
8852 [139785750443712] INFO perfrun.perfcollector <> - PERF_STAT : "     2.168389606;CPU10;2133;;UNC_M_CAS_COUNT.RD[UNIT1];10291235;100.00;;"
8852 [139785750443712] INFO perfrun.perfcollector <> - PERF_STAT : "     2.168389606;CPU0;298522;;UNC_M_CAS_COUNT.RD[UNIT4];10291260;100.00;;"
8852 [139785750443712] INFO perfrun.perfcollector <> - PERF_STAT : "     2.168389606;CPU10;1601;;UNC_M_CAS_COUNT.RD[UNIT4];10290954;100.00;;"
8852 [139785750443712] INFO perfrun.perfcollector <> - PERF_STAT : "     2.168389606;CPU0;383668;;UNC_M_CAS_COUNT.RD[UNIT5];10291388;100.00;;"
8852 [139785750443712] INFO perfrun.perfcollector <> - PERF_STAT : "     2.168389606;CPU10;1931;;UNC_M_CAS_COUNT.RD[UNIT5];10290643;100.00;;"
8852 [139785750443712] INFO perfrun.perfcollector <> - PERF_STAT : "     2.168389606;CPU0;13931;;UNC_M_CAS_COUNT.WR[UNIT0];10291429;100.00;;"
8852 [139785750443712] INFO perfrun.perfcollector <> - PERF_STAT : "     2.168389606;CPU10;496;;UNC_M_CAS_COUNT.WR[UNIT0];10290787;100.00;;"
8852 [139785750443712] INFO perfrun.perfcollector <> - PERF_STAT : "     2.168389606;CPU0;15431;;UNC_M_CAS_COUNT.WR[UNIT1];10290317;100.00;;"
8852 [139785750443712] INFO perfrun.perfcollector <> - PERF_STAT : "     2.168389606;CPU10;1029;;UNC_M_CAS_COUNT.WR[UNIT1];10290840;100.00;;"
8852 [139785750443712] INFO perfrun.perfcollector <> - PERF_STAT : "     2.168389606;CPU0;9812;;UNC_M_CAS_COUNT.WR[UNIT4];10290045;100.00;;"
8852 [139785750443712] INFO perfrun.perfcollector <> - PERF_STAT : "     2.168389606;CPU10;480;;UNC_M_CAS_COUNT.WR[UNIT4];10290539;100.00;;"
8852 [139785750443712] INFO perfrun.perfcollector <> - PERF_STAT : "     2.168389606;CPU0;22104;;UNC_M_CAS_COUNT.WR[UNIT5];10289134;100.00;;"
8852 [139785750443712] INFO perfrun.perfcollector <> - PERF_STAT : "     2.168389606;CPU10;1028;;UNC_M_CAS_COUNT.WR[UNIT5];10290868;100.00;;"
8862 [139785750443712] INFO perfrun.perfcollector <> - PERF_STAT : "     2.178638462;CPU0;347634;;UNC_M_CAS_COUNT.RD[UNIT0];10246890;100.00;;"
8862 [139785750443712] INFO perfrun.perfcollector <> - PERF_STAT : "     2.178638462;CPU10;2325;;UNC_M_CAS_COUNT.RD[UNIT0];10241327;100.00;;"
8862 [139785750443712] INFO perfrun.perfcollector <> - PERF_STAT : "     2.178638462;CPU0;294708;;UNC_M_CAS_COUNT.RD[UNIT1];10246406;100.00;;"
8862 [139785750443712] INFO perfrun.perfcollector <> - PERF_STAT : "     2.178638462;CPU10;2939;;UNC_M_CAS_COUNT.RD[UNIT1];10240478;100.00;;"
8862 [139785750443712] INFO perfrun.perfcollector <> - PERF_STAT : "     2.178638462;CPU0;302853;;UNC_M_CAS_COUNT.RD[UNIT4];10246467;100.00;;"
8862 [139785750443712] INFO perfrun.perfcollector <> - PERF_STAT : "     2.178638462;CPU10;2443;;UNC_M_CAS_COUNT.RD[UNIT4];10240016;100.00;;"
8862 [139785750443712] INFO perfrun.perfcollector <> - PERF_STAT : "     2.178638462;CPU0;313090;;UNC_M_CAS_COUNT.RD[UNIT5];10246514;100.00;;"
8862 [139785750443712] INFO perfrun.perfcollector <> - PERF_STAT : "     2.178638462;CPU10;2569;;UNC_M_CAS_COUNT.RD[UNIT5];10239474;100.00;;"
8862 [139785750443712] INFO perfrun.perfcollector <> - PERF_STAT : "     2.178638462;CPU0;18238;;UNC_M_CAS_COUNT.WR[UNIT0];10246528;100.00;;"
8862 [139785750443712] INFO perfrun.perfcollector <> - PERF_STAT : "     2.178638462;CPU10;643;;UNC_M_CAS_COUNT.WR[UNIT0];10238571;100.00;;"
8862 [139785750443712] INFO perfrun.perfcollector <> - PERF_STAT : "     2.178638462;CPU0;13632;;UNC_M_CAS_COUNT.WR[UNIT1];10246584;100.00;;"
8862 [139785750443712] INFO perfrun.perfcollector <> - PERF_STAT : "     2.178638462;CPU10;1178;;UNC_M_CAS_COUNT.WR[UNIT1];10237918;100.00;;"
8862 [139785750443712] INFO perfrun.perfcollector <> - PERF_STAT : "     2.178638462;CPU0;11801;;UNC_M_CAS_COUNT.WR[UNIT4];10246653;100.00;;"
8862 [139785750443712] INFO perfrun.perfcollector <> - PERF_STAT : "     2.178638462;CPU10;640;;UNC_M_CAS_COUNT.WR[UNIT4];10237247;100.00;;"
8862 [139785750443712] INFO perfrun.perfcollector <> - PERF_STAT : "     2.178638462;CPU0;17282;;UNC_M_CAS_COUNT.WR[UNIT5];10246528;100.00;;"
8862 [139785750443712] INFO perfrun.perfcollector <> - PERF_STAT : "     2.178638462;CPU10;1122;;UNC_M_CAS_COUNT.WR[UNIT5];10235851;100.00;;"
8872 [139785750443712] INFO perfrun.perfcollector <> - PERF_STAT : "     2.188859838;CPU0;293217;;UNC_M_CAS_COUNT.RD[UNIT0];10222841;100.00;;"
8872 [139785750443712] INFO perfrun.perfcollector <> - PERF_STAT : "     2.188859838;CPU10;3019;;UNC_M_CAS_COUNT.RD[UNIT0];10230745;100.00;;"
8872 [139785750443712] INFO perfrun.perfcollector <> - PERF_STAT : "     2.188859838;CPU0;299066;;UNC_M_CAS_COUNT.RD[UNIT1];10226037;100.00;;"
8872 [139785750443712] INFO perfrun.perfcollector <> - PERF_STAT : "     2.188859838;CPU10;3620;;UNC_M_CAS_COUNT.RD[UNIT1];10231169;100.00;;"
8872 [139785750443712] INFO perfrun.perfcollector <> - PERF_STAT : "     2.188859838;CPU0;264348;;UNC_M_CAS_COUNT.RD[UNIT4];10225986;100.00;;"
8872 [139785750443712] INFO perfrun.perfcollector <> - PERF_STAT : "     2.188859838;CPU10;2766;;UNC_M_CAS_COUNT.RD[UNIT4];10231190;100.00;;"
8872 [139785750443712] INFO perfrun.perfcollector <> - PERF_STAT : "     2.188859838;CPU0;356268;;UNC_M_CAS_COUNT.RD[UNIT5];10225958;100.00;;"
8872 [139785750443712] INFO perfrun.perfcollector <> - PERF_STAT : "     2.188859838;CPU10;2932;;UNC_M_CAS_COUNT.RD[UNIT5];10231400;100.00;;"
8873 [139785750443712] INFO perfrun.perfcollector <> - PERF_STAT : "     2.188859838;CPU0;12582;;UNC_M_CAS_COUNT.WR[UNIT0];10226425;100.00;;"
8873 [139785750443712] INFO perfrun.perfcollector <> - PERF_STAT : "     2.188859838;CPU10;765;;UNC_M_CAS_COUNT.WR[UNIT0];10231743;100.00;;"
8873 [139785750443712] INFO perfrun.perfcollector <> - PERF_STAT : "     2.188859838;CPU0;14811;;UNC_M_CAS_COUNT.WR[UNIT1];10226553;100.00;;"
8873 [139785750443712] INFO perfrun.perfcollector <> - PERF_STAT : "     2.188859838;CPU10;1350;;UNC_M_CAS_COUNT.WR[UNIT1];10231938;100.00;;"
8873 [139785750443712] INFO perfrun.perfcollector <> - PERF_STAT : "     2.188859838;CPU0;9035;;UNC_M_CAS_COUNT.WR[UNIT4];10226508;100.00;;"
8873 [139785750443712] INFO perfrun.perfcollector <> - PERF_STAT : "     2.188859838;CPU10;720;;UNC_M_CAS_COUNT.WR[UNIT4];10232092;100.00;;"
8873 [139785750443712] INFO perfrun.perfcollector <> - PERF_STAT : "     2.188859838;CPU0;21519;;UNC_M_CAS_COUNT.WR[UNIT5];10226682;100.00;;"
8873 [139785750443712] INFO perfrun.perfcollector <> - PERF_STAT : "     2.188859838;CPU10;1225;;UNC_M_CAS_COUNT.WR[UNIT5];10232317;100.00;;"
8883 [139785750443712] INFO perfrun.perfcollector <> - PERF_STAT : "     2.199188635;CPU0;350581;;UNC_M_CAS_COUNT.RD[UNIT0];10339084;100.00;;"
8883 [139785750443712] INFO perfrun.perfcollector <> - PERF_STAT : "     2.199188635;CPU10;4544;;UNC_M_CAS_COUNT.RD[UNIT0];10351714;100.00;;"
8883 [139785750443712] INFO perfrun.perfcollector <> - PERF_STAT : "     2.199188635;CPU0;299307;;UNC_M_CAS_COUNT.RD[UNIT1];10336442;100.00;;"
8883 [139785750443712] INFO perfrun.perfcollector <> - PERF_STAT : "     2.199188635;CPU10;5112;;UNC_M_CAS_COUNT.RD[UNIT1];10352179;100.00;;"
8883 [139785750443712] INFO perfrun.perfcollector <> - PERF_STAT : "     2.199188635;CPU0;306583;;UNC_M_CAS_COUNT.RD[UNIT4];10336304;100.00;;"
8883 [139785750443712] INFO perfrun.perfcollector <> - PERF_STAT : "     2.199188635;CPU10;4335;;UNC_M_CAS_COUNT.RD[UNIT4];10352754;100.00;;"
8883 [139785750443712] INFO perfrun.perfcollector <> - PERF_STAT : "     2.199188635;CPU0;316706;;UNC_M_CAS_COUNT.RD[UNIT5];10336316;100.00;;"
8883 [139785750443712] INFO perfrun.perfcollector <> - PERF_STAT : "     2.199188635;CPU10;4447;;UNC_M_CAS_COUNT.RD[UNIT5];10353867;100.00;;"
8883 [139785750443712] INFO perfrun.perfcollector <> - PERF_STAT : "     2.199188635;CPU0;18292;;UNC_M_CAS_COUNT.WR[UNIT0];10337153;100.00;;"
8883 [139785750443712] INFO perfrun.perfcollector <> - PERF_STAT : "     2.199188635;CPU10;771;;UNC_M_CAS_COUNT.WR[UNIT0];10355023;100.00;;"
8883 [139785750443712] INFO perfrun.perfcollector <> - PERF_STAT : "     2.199188635;CPU0;13735;;UNC_M_CAS_COUNT.WR[UNIT1];10339143;100.00;;"
8883 [139785750443712] INFO perfrun.perfcollector <> - PERF_STAT : "     2.199188635;CPU10;1279;;UNC_M_CAS_COUNT.WR[UNIT1];10356345;100.00;;"
8883 [139785750443712] INFO perfrun.perfcollector <> - PERF_STAT : "     2.199188635;CPU0;11811;;UNC_M_CAS_COUNT.WR[UNIT4];10339209;100.00;;"
8883 [139785750443712] INFO perfrun.perfcollector <> - PERF_STAT : "     2.199188635;CPU10;680;;UNC_M_CAS_COUNT.WR[UNIT4];10357653;100.00;;"
8883 [139785750443712] INFO perfrun.perfcollector <> - PERF_STAT : "     2.199188635;CPU0;17183;;UNC_M_CAS_COUNT.WR[UNIT5];10340102;100.00;;"
8883 [139785750443712] INFO perfrun.perfcollector <> - PERF_STAT : "     2.199188635;CPU10;1186;;UNC_M_CAS_COUNT.WR[UNIT5];10358206;100.00;;"
8893 [139785750443712] INFO perfrun.perfcollector <> - PERF_STAT : "     2.209497792;CPU0;352652;;UNC_M_CAS_COUNT.RD[UNIT0];10313741;100.00;;"
8893 [139785750443712] INFO perfrun.perfcollector <> - PERF_STAT : "     2.209497792;CPU10;4319;;UNC_M_CAS_COUNT.RD[UNIT0];10306882;100.00;;"
8893 [139785750443712] INFO perfrun.perfcollector <> - PERF_STAT : "     2.209497792;CPU0;341422;;UNC_M_CAS_COUNT.RD[UNIT1];10315634;100.00;;"
8893 [139785750443712] INFO perfrun.perfcollector <> - PERF_STAT : "     2.209497792;CPU10;4936;;UNC_M_CAS_COUNT.RD[UNIT1];10308103;100.00;;"
8893 [139785750443712] INFO perfrun.perfcollector <> - PERF_STAT : "     2.209497792;CPU0;313748;;UNC_M_CAS_COUNT.RD[UNIT4];10315786;100.00;;"
8893 [139785750443712] INFO perfrun.perfcollector <> - PERF_STAT : "     2.209497792;CPU10;4275;;UNC_M_CAS_COUNT.RD[UNIT4];10308482;100.00;;"
8893 [139785750443712] INFO perfrun.perfcollector <> - PERF_STAT : "     2.209497792;CPU0;400733;;UNC_M_CAS_COUNT.RD[UNIT5];10315721;100.00;;"
8893 [139785750443712] INFO perfrun.perfcollector <> - PERF_STAT : "     2.209497792;CPU10;4516;;UNC_M_CAS_COUNT.RD[UNIT5];10309699;100.00;;"
8893 [139785750443712] INFO perfrun.perfcollector <> - PERF_STAT : "     2.209497792;CPU0;16234;;UNC_M_CAS_COUNT.WR[UNIT0];10314286;100.00;;"
8893 [139785750443712] INFO perfrun.perfcollector <> - PERF_STAT : "     2.209497792;CPU10;2359;;UNC_M_CAS_COUNT.WR[UNIT0];10310417;100.00;;"
8893 [139785750443712] INFO perfrun.perfcollector <> - PERF_STAT : "     2.209497792;CPU0;17177;;UNC_M_CAS_COUNT.WR[UNIT1];10311985;100.00;;"
8893 [139785750443712] INFO perfrun.perfcollector <> - PERF_STAT : "     2.209497792;CPU10;2854;;UNC_M_CAS_COUNT.WR[UNIT1];10311237;100.00;;"
8893 [139785750443712] INFO perfrun.perfcollector <> - PERF_STAT : "     2.209497792;CPU0;11431;;UNC_M_CAS_COUNT.WR[UNIT4];10313838;100.00;;"
8893 [139785750443712] INFO perfrun.perfcollector <> - PERF_STAT : "     2.209497792;CPU10;2333;;UNC_M_CAS_COUNT.WR[UNIT4];10313122;100.00;;"
8893 [139785750443712] INFO perfrun.perfcollector <> - PERF_STAT : "     2.209497792;CPU0;23819;;UNC_M_CAS_COUNT.WR[UNIT5];10314499;100.00;;"
8893 [139785750443712] INFO perfrun.perfcollector <> - PERF_STAT : "     2.209497792;CPU10;2810;;UNC_M_CAS_COUNT.WR[UNIT5];10313293;100.00;;"
8903 [139785750443712] INFO perfrun.perfcollector <> - PERF_STAT : "     2.219819084;CPU0;365753;;UNC_M_CAS_COUNT.RD[UNIT0];10314012;100.00;;"
8903 [139785750443712] INFO perfrun.perfcollector <> - PERF_STAT : "     2.219819084;CPU10;3009;;UNC_M_CAS_COUNT.RD[UNIT0];10310989;100.00;;"
8903 [139785750443712] INFO perfrun.perfcollector <> - PERF_STAT : "     2.219819084;CPU0;334320;;UNC_M_CAS_COUNT.RD[UNIT1];10311134;100.00;;"
8903 [139785750443712] INFO perfrun.perfcollector <> - PERF_STAT : "     2.219819084;CPU10;3625;;UNC_M_CAS_COUNT.RD[UNIT1];10310324;100.00;;"
8904 [139785750443712] INFO perfrun.perfcollector <> - PERF_STAT : "     2.219819084;CPU0;325046;;UNC_M_CAS_COUNT.RD[UNIT4];10311259;100.00;;"
8904 [139785750443712] INFO perfrun.perfcollector <> - PERF_STAT : "     2.219819084;CPU10;2996;;UNC_M_CAS_COUNT.RD[UNIT4];10312386;100.00;;"
8904 [139785750443712] INFO perfrun.perfcollector <> - PERF_STAT : "     2.219819084;CPU0;372250;;UNC_M_CAS_COUNT.RD[UNIT5];10312270;100.00;;"
8904 [139785750443712] INFO perfrun.perfcollector <> - PERF_STAT : "     2.219819084;CPU10;3109;;UNC_M_CAS_COUNT.RD[UNIT5];10310743;100.00;;"
8904 [139785750443712] INFO perfrun.perfcollector <> - PERF_STAT : "     2.219819084;CPU0;18055;;UNC_M_CAS_COUNT.WR[UNIT0];10313387;100.00;;"
8904 [139785750443712] INFO perfrun.perfcollector <> - PERF_STAT : "     2.219819084;CPU10;1215;;UNC_M_CAS_COUNT.WR[UNIT0];10309834;100.00;;"
8904 [139785750443712] INFO perfrun.perfcollector <> - PERF_STAT : "     2.219819084;CPU0;15771;;UNC_M_CAS_COUNT.WR[UNIT1];10317198;100.00;;"
8904 [139785750443712] INFO perfrun.perfcollector <> - PERF_STAT : "     2.219819084;CPU10;1676;;UNC_M_CAS_COUNT.WR[UNIT1];10310739;100.00;;"
8904 [139785750443712] INFO perfrun.perfcollector <> - PERF_STAT : "     2.219819084;CPU0;11629;;UNC_M_CAS_COUNT.WR[UNIT4];10315705;100.00;;"
8904 [139785750443712] INFO perfrun.perfcollector <> - PERF_STAT : "     2.219819084;CPU10;1095;;UNC_M_CAS_COUNT.WR[UNIT4];10309421;100.00;;"
8904 [139785750443712] INFO perfrun.perfcollector <> - PERF_STAT : "     2.219819084;CPU0;20945;;UNC_M_CAS_COUNT.WR[UNIT5];10313812;100.00;;"
8904 [139785750443712] INFO perfrun.perfcollector <> - PERF_STAT : "     2.219819084;CPU10;1638;;UNC_M_CAS_COUNT.WR[UNIT5];10310154;100.00;;"
8914 [139785750443712] INFO perfrun.perfcollector <> - PERF_STAT : "     2.230118206;CPU0;355347;;UNC_M_CAS_COUNT.RD[UNIT0];10298203;100.00;;"
8914 [139785750443712] INFO perfrun.perfcollector <> - PERF_STAT : "     2.230118206;CPU10;2091;;UNC_M_CAS_COUNT.RD[UNIT0];10300647;100.00;;"
8914 [139785750443712] INFO perfrun.perfcollector <> - PERF_STAT : "     2.230118206;CPU0;319729;;UNC_M_CAS_COUNT.RD[UNIT1];10298322;100.00;;"
8914 [139785750443712] INFO perfrun.perfcollector <> - PERF_STAT : "     2.230118206;CPU10;2754;;UNC_M_CAS_COUNT.RD[UNIT1];10302966;100.00;;"
8914 [139785750443712] INFO perfrun.perfcollector <> - PERF_STAT : "     2.230118206;CPU0;308556;;UNC_M_CAS_COUNT.RD[UNIT4];10300335;100.00;;"
8914 [139785750443712] INFO perfrun.perfcollector <> - PERF_STAT : "     2.230118206;CPU10;2273;;UNC_M_CAS_COUNT.RD[UNIT4];10303812;100.00;;"
8914 [139785750443712] INFO perfrun.perfcollector <> - PERF_STAT : "     2.230118206;CPU0;360584;;UNC_M_CAS_COUNT.RD[UNIT5];10299419;100.00;;"
8914 [139785750443712] INFO perfrun.perfcollector <> - PERF_STAT : "     2.230118206;CPU10;2350;;UNC_M_CAS_COUNT.RD[UNIT5];10306512;100.00;;"
8914 [139785750443712] INFO perfrun.perfcollector <> - PERF_STAT : "     2.230118206;CPU0;17119;;UNC_M_CAS_COUNT.WR[UNIT0];10298361;100.00;;"
8914 [139785750443712] INFO perfrun.perfcollector <> - PERF_STAT : "     2.230118206;CPU10;691;;UNC_M_CAS_COUNT.WR[UNIT0];10306147;100.00;;"
8914 [139785750443712] INFO perfrun.perfcollector <> - PERF_STAT : "     2.230118206;CPU0;15110;;UNC_M_CAS_COUNT.WR[UNIT1];10295309;100.00;;"
8914 [139785750443712] INFO perfrun.perfcollector <> - PERF_STAT : "     2.230118206;CPU10;1267;;UNC_M_CAS_COUNT.WR[UNIT1];10303597;100.00;;"
8914 [139785750443712] INFO perfrun.perfcollector <> - PERF_STAT : "     2.230118206;CPU0;11112;;UNC_M_CAS_COUNT.WR[UNIT4];10295035;100.00;;"
8914 [139785750443712] INFO perfrun.perfcollector <> - PERF_STAT : "     2.230118206;CPU10;716;;UNC_M_CAS_COUNT.WR[UNIT4];10303285;100.00;;"
8914 [139785750443712] INFO perfrun.perfcollector <> - PERF_STAT : "     2.230118206;CPU0;20479;;UNC_M_CAS_COUNT.WR[UNIT5];10295517;100.00;;"
8914 [139785750443712] INFO perfrun.perfcollector <> - PERF_STAT : "     2.230118206;CPU10;1166;;UNC_M_CAS_COUNT.WR[UNIT5];10302437;100.00;;"
8924 [139785750443712] INFO perfrun.perfcollector <> - PERF_STAT : "     2.240408562;CPU0;343817;;UNC_M_CAS_COUNT.RD[UNIT0];10284537;100.00;;"
8924 [139785750443712] INFO perfrun.perfcollector <> - PERF_STAT : "     2.240408562;CPU10;1880;;UNC_M_CAS_COUNT.RD[UNIT0];10277221;100.00;;"
8924 [139785750443712] INFO perfrun.perfcollector <> - PERF_STAT : "     2.240408562;CPU0;334727;;UNC_M_CAS_COUNT.RD[UNIT1];10284542;100.00;;"
8924 [139785750443712] INFO perfrun.perfcollector <> - PERF_STAT : "     2.240408562;CPU10;2473;;UNC_M_CAS_COUNT.RD[UNIT1];10274578;100.00;;"
8924 [139785750443712] INFO perfrun.perfcollector <> - PERF_STAT : "     2.240408562;CPU0;310996;;UNC_M_CAS_COUNT.RD[UNIT4];10282598;100.00;;"
8924 [139785750443712] INFO perfrun.perfcollector <> - PERF_STAT : "     2.240408562;CPU10;1958;;UNC_M_CAS_COUNT.RD[UNIT4];10271382;100.00;;"
8924 [139785750443712] INFO perfrun.perfcollector <> - PERF_STAT : "     2.240408562;CPU0;384831;;UNC_M_CAS_COUNT.RD[UNIT5];10282291;100.00;;"
8924 [139785750443712] INFO perfrun.perfcollector <> - PERF_STAT : "     2.240408562;CPU10;2176;;UNC_M_CAS_COUNT.RD[UNIT5];10268819;100.00;;"
8924 [139785750443712] INFO perfrun.perfcollector <> - PERF_STAT : "     2.240408562;CPU0;15512;;UNC_M_CAS_COUNT.WR[UNIT0];10282551;100.00;;"
8924 [139785750443712] INFO perfrun.perfcollector <> - PERF_STAT : "     2.240408562;CPU10;510;;UNC_M_CAS_COUNT.WR[UNIT0];10269072;100.00;;"
8924 [139785750443712] INFO perfrun.perfcollector <> - PERF_STAT : "     2.240408562;CPU0;15780;;UNC_M_CAS_COUNT.WR[UNIT1];10282277;100.00;;"
8924 [139785750443712] INFO perfrun.perfcollector <> - PERF_STAT : "     2.240408562;CPU10;1080;;UNC_M_CAS_COUNT.WR[UNIT1];10268947;100.00;;"
8924 [139785750443712] INFO perfrun.perfcollector <> - PERF_STAT : "     2.240408562;CPU0;10379;;UNC_M_CAS_COUNT.WR[UNIT4];10282567;100.00;;"
8924 [139785750443712] INFO perfrun.perfcollector <> - PERF_STAT : "     2.240408562;CPU10;483;;UNC_M_CAS_COUNT.WR[UNIT4];10267856;100.00;;"
8924 [139785750443712] INFO perfrun.perfcollector <> - PERF_STAT : "     2.240408562;CPU0;21994;;UNC_M_CAS_COUNT.WR[UNIT5];10281799;100.00;;"
8924 [139785750443712] INFO perfrun.perfcollector <> - PERF_STAT : "     2.240408562;CPU10;1031;;UNC_M_CAS_COUNT.WR[UNIT5];10268056;100.00;;"
8934 [139785750443712] INFO perfrun.perfcollector <> - PERF_STAT : "     2.250693901;CPU0;353065;;UNC_M_CAS_COUNT.RD[UNIT0];10284878;100.00;;"
8934 [139785750443712] INFO perfrun.perfcollector <> - PERF_STAT : "     2.250693901;CPU10;2166;;UNC_M_CAS_COUNT.RD[UNIT0];10283790;100.00;;"
8934 [139785750443712] INFO perfrun.perfcollector <> - PERF_STAT : "     2.250693901;CPU0;304836;;UNC_M_CAS_COUNT.RD[UNIT1];10284813;100.00;;"
8934 [139785750443712] INFO perfrun.perfcollector <> - PERF_STAT : "     2.250693901;CPU10;2658;;UNC_M_CAS_COUNT.RD[UNIT1];10283915;100.00;;"
8934 [139785750443712] INFO perfrun.perfcollector <> - PERF_STAT : "     2.250693901;CPU0;306833;;UNC_M_CAS_COUNT.RD[UNIT4];10284801;100.00;;"
8934 [139785750443712] INFO perfrun.perfcollector <> - PERF_STAT : "     2.250693901;CPU10;2163;;UNC_M_CAS_COUNT.RD[UNIT4];10283731;100.00;;"
8934 [139785750443712] INFO perfrun.perfcollector <> - PERF_STAT : "     2.250693901;CPU0;329204;;UNC_M_CAS_COUNT.RD[UNIT5];10285282;100.00;;"
8934 [139785750443712] INFO perfrun.perfcollector <> - PERF_STAT : "     2.250693901;CPU10;2356;;UNC_M_CAS_COUNT.RD[UNIT5];10283480;100.00;;"
8934 [139785750443712] INFO perfrun.perfcollector <> - PERF_STAT : "     2.250693901;CPU0;17718;;UNC_M_CAS_COUNT.WR[UNIT0];10284899;100.00;;"
8934 [139785750443712] INFO perfrun.perfcollector <> - PERF_STAT : "     2.250693901;CPU10;543;;UNC_M_CAS_COUNT.WR[UNIT0];10283051;100.00;;"
8934 [139785750443712] INFO perfrun.perfcollector <> - PERF_STAT : "     2.250693901;CPU0;13978;;UNC_M_CAS_COUNT.WR[UNIT1];10285096;100.00;;"
8934 [139785750443712] INFO perfrun.perfcollector <> - PERF_STAT : "     2.250693901;CPU10;1087;;UNC_M_CAS_COUNT.WR[UNIT1];10283147;100.00;;"
8934 [139785750443712] INFO perfrun.perfcollector <> - PERF_STAT : "     2.250693901;CPU0;11445;;UNC_M_CAS_COUNT.WR[UNIT4];10284604;100.00;;"
8934 [139785750443712] INFO perfrun.perfcollector <> - PERF_STAT : "     2.250693901;CPU10;521;;UNC_M_CAS_COUNT.WR[UNIT4];10282904;100.00;;"
8934 [139785750443712] INFO perfrun.perfcollector <> - PERF_STAT : "     2.250693901;CPU0;17868;;UNC_M_CAS_COUNT.WR[UNIT5];10284638;100.00;;"
8934 [139785750443712] INFO perfrun.perfcollector <> - PERF_STAT : "     2.250693901;CPU10;1026;;UNC_M_CAS_COUNT.WR[UNIT5];10282529;100.00;;"
8945 [139785750443712] INFO perfrun.perfcollector <> - PERF_STAT : "     2.260950476;CPU0;320923;;UNC_M_CAS_COUNT.RD[UNIT0];10273243;100.00;;"
8945 [139785750443712] INFO perfrun.perfcollector <> - PERF_STAT : "     2.260950476;CPU10;2148;;UNC_M_CAS_COUNT.RD[UNIT0];10270507;100.00;;"
8945 [139785750443712] INFO perfrun.perfcollector <> - PERF_STAT : "     2.260950476;CPU0;322241;;UNC_M_CAS_COUNT.RD[UNIT1];10273845;100.00;;"
8945 [139785750443712] INFO perfrun.perfcollector <> - PERF_STAT : "     2.260950476;CPU10;2739;;UNC_M_CAS_COUNT.RD[UNIT1];10272476;100.00;;"
8945 [139785750443712] INFO perfrun.perfcollector <> - PERF_STAT : "     2.260950476;CPU0;290584;;UNC_M_CAS_COUNT.RD[UNIT4];10273312;100.00;;"
8945 [139785750443712] INFO perfrun.perfcollector <> - PERF_STAT : "     2.260950476;CPU10;2042;;UNC_M_CAS_COUNT.RD[UNIT4];10274077;100.00;;"
8945 [139785750443712] INFO perfrun.perfcollector <> - PERF_STAT : "     2.260950476;CPU0;381271;;UNC_M_CAS_COUNT.RD[UNIT5];10273223;100.00;;"
8945 [139785750443712] INFO perfrun.perfcollector <> - PERF_STAT : "     2.260950476;CPU10;2282;;UNC_M_CAS_COUNT.RD[UNIT5];10275252;100.00;;"
8945 [139785750443712] INFO perfrun.perfcollector <> - PERF_STAT : "     2.260950476;CPU0;13946;;UNC_M_CAS_COUNT.WR[UNIT0];10273607;100.00;;"
8945 [139785750443712] INFO perfrun.perfcollector <> - PERF_STAT : "     2.260950476;CPU10;509;;UNC_M_CAS_COUNT.WR[UNIT0];10276383;100.00;;"
8945 [139785750443712] INFO perfrun.perfcollector <> - PERF_STAT : "     2.260950476;CPU0;15629;;UNC_M_CAS_COUNT.WR[UNIT1];10273171;100.00;;"
8945 [139785750443712] INFO perfrun.perfcollector <> - PERF_STAT : "     2.260950476;CPU10;1069;;UNC_M_CAS_COUNT.WR[UNIT1];10277624;100.00;;"
8945 [139785750443712] INFO perfrun.perfcollector <> - PERF_STAT : "     2.260950476;CPU0;9884;;UNC_M_CAS_COUNT.WR[UNIT4];10273136;100.00;;"
8945 [139785750443712] INFO perfrun.perfcollector <> - PERF_STAT : "     2.260950476;CPU10;444;;UNC_M_CAS_COUNT.WR[UNIT4];10279039;100.00;;"
8945 [139785750443712] INFO perfrun.perfcollector <> - PERF_STAT : "     2.260950476;CPU0;22666;;UNC_M_CAS_COUNT.WR[UNIT5];10273545;100.00;;"
8945 [139785750443712] INFO perfrun.perfcollector <> - PERF_STAT : "     2.260950476;CPU10;959;;UNC_M_CAS_COUNT.WR[UNIT5];10280350;100.00;;"
8955 [139785750443712] INFO perfrun.perfcollector <> - PERF_STAT : "     2.271260431;CPU0;333476;;UNC_M_CAS_COUNT.RD[UNIT0];10323970;100.00;;"
8955 [139785750443712] INFO perfrun.perfcollector <> - PERF_STAT : "     2.271260431;CPU10;4846;;UNC_M_CAS_COUNT.RD[UNIT0];10325684;100.00;;"
8955 [139785750443712] INFO perfrun.perfcollector <> - PERF_STAT : "     2.271260431;CPU0;282504;;UNC_M_CAS_COUNT.RD[UNIT1];10322832;100.00;;"
8955 [139785750443712] INFO perfrun.perfcollector <> - PERF_STAT : "     2.271260431;CPU10;5460;;UNC_M_CAS_COUNT.RD[UNIT1];10322779;100.00;;"
8955 [139785750443712] INFO perfrun.perfcollector <> - PERF_STAT : "     2.271260431;CPU0;293517;;UNC_M_CAS_COUNT.RD[UNIT4];10322835;100.00;;"
8955 [139785750443712] INFO perfrun.perfcollector <> - PERF_STAT : "     2.271260431;CPU10;4908;;UNC_M_CAS_COUNT.RD[UNIT4];10320855;100.00;;"
8955 [139785750443712] INFO perfrun.perfcollector <> - PERF_STAT : "     2.271260431;CPU0;296600;;UNC_M_CAS_COUNT.RD[UNIT5];10330576;100.00;;"
8955 [139785750443712] INFO perfrun.perfcollector <> - PERF_STAT : "     2.271260431;CPU10;4945;;UNC_M_CAS_COUNT.RD[UNIT5];10319176;100.00;;"
8955 [139785750443712] INFO perfrun.perfcollector <> - PERF_STAT : "     2.271260431;CPU0;17775;;UNC_M_CAS_COUNT.WR[UNIT0];10330052;100.00;;"
8955 [139785750443712] INFO perfrun.perfcollector <> - PERF_STAT : "     2.271260431;CPU10;1036;;UNC_M_CAS_COUNT.WR[UNIT0];10317662;100.00;;"
8955 [139785750443712] INFO perfrun.perfcollector <> - PERF_STAT : "     2.271260431;CPU0;13296;;UNC_M_CAS_COUNT.WR[UNIT1];10329599;100.00;;"
8955 [139785750443712] INFO perfrun.perfcollector <> - PERF_STAT : "     2.271260431;CPU10;1562;;UNC_M_CAS_COUNT.WR[UNIT1];10316176;100.00;;"
8955 [139785750443712] INFO perfrun.perfcollector <> - PERF_STAT : "     2.271260431;CPU0;11790;;UNC_M_CAS_COUNT.WR[UNIT4];10329157;100.00;;"
8955 [139785750443712] INFO perfrun.perfcollector <> - PERF_STAT : "     2.271260431;CPU10;1016;;UNC_M_CAS_COUNT.WR[UNIT4];10314636;100.00;;"
8955 [139785750443712] INFO perfrun.perfcollector <> - PERF_STAT : "     2.271260431;CPU0;16470;;UNC_M_CAS_COUNT.WR[UNIT5];10328650;100.00;;"
8955 [139785750443712] INFO perfrun.perfcollector <> - PERF_STAT : "     2.271260431;CPU10;1515;;UNC_M_CAS_COUNT.WR[UNIT5];10312961;100.00;;"
8965 [139785750443712] INFO perfrun.perfcollector <> - PERF_STAT : "     2.281520640;CPU0;302950;;UNC_M_CAS_COUNT.RD[UNIT0];10243047;100.00;;"
8965 [139785750443712] INFO perfrun.perfcollector <> - PERF_STAT : "     2.281520640;CPU10;4976;;UNC_M_CAS_COUNT.RD[UNIT0];10257987;100.00;;"
8965 [139785750443712] INFO perfrun.perfcollector <> - PERF_STAT : "     2.281520640;CPU0;307085;;UNC_M_CAS_COUNT.RD[UNIT1];10246176;100.00;;"
8965 [139785750443712] INFO perfrun.perfcollector <> - PERF_STAT : "     2.281520640;CPU10;5816;;UNC_M_CAS_COUNT.RD[UNIT1];10259677;100.00;;"
8965 [139785750443712] INFO perfrun.perfcollector <> - PERF_STAT : "     2.281520640;CPU0;273296;;UNC_M_CAS_COUNT.RD[UNIT4];10246597;100.00;;"
8965 [139785750443712] INFO perfrun.perfcollector <> - PERF_STAT : "     2.281520640;CPU10;5180;;UNC_M_CAS_COUNT.RD[UNIT4];10260698;100.00;;"
8965 [139785750443712] INFO perfrun.perfcollector <> - PERF_STAT : "     2.281520640;CPU0;365294;;UNC_M_CAS_COUNT.RD[UNIT5];10239540;100.00;;"
8965 [139785750443712] INFO perfrun.perfcollector <> - PERF_STAT : "     2.281520640;CPU10;5040;;UNC_M_CAS_COUNT.RD[UNIT5];10261031;100.00;;"
8965 [139785750443712] INFO perfrun.perfcollector <> - PERF_STAT : "     2.281520640;CPU0;14002;;UNC_M_CAS_COUNT.WR[UNIT0];10242609;100.00;;"
8965 [139785750443712] INFO perfrun.perfcollector <> - PERF_STAT : "     2.281520640;CPU10;1363;;UNC_M_CAS_COUNT.WR[UNIT0];10261852;100.00;;"
8965 [139785750443712] INFO perfrun.perfcollector <> - PERF_STAT : "     2.281520640;CPU0;16295;;UNC_M_CAS_COUNT.WR[UNIT1];10245398;100.00;;"
8965 [139785750443712] INFO perfrun.perfcollector <> - PERF_STAT : "     2.281520640;CPU10;1971;;UNC_M_CAS_COUNT.WR[UNIT1];10261963;100.00;;"
8965 [139785750443712] INFO perfrun.perfcollector <> - PERF_STAT : "     2.281520640;CPU0;10217;;UNC_M_CAS_COUNT.WR[UNIT4];10246616;100.00;;"
8965 [139785750443712] INFO perfrun.perfcollector <> - PERF_STAT : "     2.281520640;CPU10;1391;;UNC_M_CAS_COUNT.WR[UNIT4];10262171;100.00;;"
8965 [139785750443712] INFO perfrun.perfcollector <> - PERF_STAT : "     2.281520640;CPU0;22362;;UNC_M_CAS_COUNT.WR[UNIT5];10247056;100.00;;"
8966 [139785750443712] INFO perfrun.perfcollector <> - PERF_STAT : "     2.281520640;CPU10;1912;;UNC_M_CAS_COUNT.WR[UNIT5];10262649;100.00;;"
8975 [139785750443712] INFO perfrun.perfcollector <> - PERF_STAT : "     2.291839236;CPU0;372511;;UNC_M_CAS_COUNT.RD[UNIT0];10319888;100.00;;"
8975 [139785750443712] INFO perfrun.perfcollector <> - PERF_STAT : "     2.291839236;CPU10;2019;;UNC_M_CAS_COUNT.RD[UNIT0];10313340;100.00;;"
8975 [139785750443712] INFO perfrun.perfcollector <> - PERF_STAT : "     2.291839236;CPU0;324591;;UNC_M_CAS_COUNT.RD[UNIT1];10319825;100.00;;"
8976 [139785750443712] INFO perfrun.perfcollector <> - PERF_STAT : "     2.291839236;CPU10;2533;;UNC_M_CAS_COUNT.RD[UNIT1];10313065;100.00;;"
8976 [139785750443712] INFO perfrun.perfcollector <> - PERF_STAT : "     2.291839236;CPU0;325247;;UNC_M_CAS_COUNT.RD[UNIT4];10321805;100.00;;"
8976 [139785750443712] INFO perfrun.perfcollector <> - PERF_STAT : "     2.291839236;CPU10;2044;;UNC_M_CAS_COUNT.RD[UNIT4];10312420;100.00;;"
8976 [139785750443712] INFO perfrun.perfcollector <> - PERF_STAT : "     2.291839236;CPU0;348402;;UNC_M_CAS_COUNT.RD[UNIT5];10321216;100.00;;"
8976 [139785750443712] INFO perfrun.perfcollector <> - PERF_STAT : "     2.291839236;CPU10;2128;;UNC_M_CAS_COUNT.RD[UNIT5];10312877;100.00;;"
8976 [139785750443712] INFO perfrun.perfcollector <> - PERF_STAT : "     2.291839236;CPU0;19279;;UNC_M_CAS_COUNT.WR[UNIT0];10318580;100.00;;"
8976 [139785750443712] INFO perfrun.perfcollector <> - PERF_STAT : "     2.291839236;CPU10;565;;UNC_M_CAS_COUNT.WR[UNIT0];10314630;100.00;;"
8976 [139785750443712] INFO perfrun.perfcollector <> - PERF_STAT : "     2.291839236;CPU0;15212;;UNC_M_CAS_COUNT.WR[UNIT1];10317215;100.00;;"
8976 [139785750443712] INFO perfrun.perfcollector <> - PERF_STAT : "     2.291839236;CPU10;1115;;UNC_M_CAS_COUNT.WR[UNIT1];10314783;100.00;;"
8976 [139785750443712] INFO perfrun.perfcollector <> - PERF_STAT : "     2.291839236;CPU0;12450;;UNC_M_CAS_COUNT.WR[UNIT4];10319103;100.00;;"
8976 [139785750443712] INFO perfrun.perfcollector <> - PERF_STAT : "     2.291839236;CPU10;559;;UNC_M_CAS_COUNT.WR[UNIT4];10316118;100.00;;"
8976 [139785750443712] INFO perfrun.perfcollector <> - PERF_STAT : "     2.291839236;CPU0;19421;;UNC_M_CAS_COUNT.WR[UNIT5];10319476;100.00;;"
8976 [139785750443712] INFO perfrun.perfcollector <> - PERF_STAT : "     2.291839236;CPU10;1035;;UNC_M_CAS_COUNT.WR[UNIT5];10316221;100.00;;"
8986 [139785750443712] INFO perfrun.perfcollector <> - PERF_STAT : "     2.302143578;CPU0;327256;;UNC_M_CAS_COUNT.RD[UNIT0];10303438;100.00;;"
8986 [139785750443712] INFO perfrun.perfcollector <> - PERF_STAT : "     2.302143578;CPU10;7539;;UNC_M_CAS_COUNT.RD[UNIT0];10326150;100.00;;"
8986 [139785750443712] INFO perfrun.perfcollector <> - PERF_STAT : "     2.302143578;CPU0;314776;;UNC_M_CAS_COUNT.RD[UNIT1];10305140;100.00;;"
8986 [139785750443712] INFO perfrun.perfcollector <> - PERF_STAT : "     2.302143578;CPU10;8131;;UNC_M_CAS_COUNT.RD[UNIT1];10327890;100.00;;"
8986 [139785750443712] INFO perfrun.perfcollector <> - PERF_STAT : "     2.302143578;CPU0;291329;;UNC_M_CAS_COUNT.RD[UNIT4];10303971;100.00;;"
8986 [139785750443712] INFO perfrun.perfcollector <> - PERF_STAT : "     2.302143578;CPU10;7691;;UNC_M_CAS_COUNT.RD[UNIT4];10328092;100.00;;"
8986 [139785750443712] INFO perfrun.perfcollector <> - PERF_STAT : "     2.302143578;CPU0;366009;;UNC_M_CAS_COUNT.RD[UNIT5];10308252;100.00;;"
8986 [139785750443712] INFO perfrun.perfcollector <> - PERF_STAT : "     2.302143578;CPU10;7543;;UNC_M_CAS_COUNT.RD[UNIT5];10328301;100.00;;"
8986 [139785750443712] INFO perfrun.perfcollector <> - PERF_STAT : "     2.302143578;CPU0;15508;;UNC_M_CAS_COUNT.WR[UNIT0];10307946;100.00;;"
8986 [139785750443712] INFO perfrun.perfcollector <> - PERF_STAT : "     2.302143578;CPU10;1201;;UNC_M_CAS_COUNT.WR[UNIT0];10329484;100.00;;"
8986 [139785750443712] INFO perfrun.perfcollector <> - PERF_STAT : "     2.302143578;CPU0;15663;;UNC_M_CAS_COUNT.WR[UNIT1];10307094;100.00;;"
8986 [139785750443712] INFO perfrun.perfcollector <> - PERF_STAT : "     2.302143578;CPU10;1772;;UNC_M_CAS_COUNT.WR[UNIT1];10331583;100.00;;"
8986 [139785750443712] INFO perfrun.perfcollector <> - PERF_STAT : "     2.302143578;CPU0;10899;;UNC_M_CAS_COUNT.WR[UNIT4];10305255;100.00;;"
8986 [139785750443712] INFO perfrun.perfcollector <> - PERF_STAT : "     2.302143578;CPU10;1247;;UNC_M_CAS_COUNT.WR[UNIT4];10330166;100.00;;"
8986 [139785750443712] INFO perfrun.perfcollector <> - PERF_STAT : "     2.302143578;CPU0;22237;;UNC_M_CAS_COUNT.WR[UNIT5];10309329;100.00;;"
8986 [139785750443712] INFO perfrun.perfcollector <> - PERF_STAT : "     2.302143578;CPU10;1666;;UNC_M_CAS_COUNT.WR[UNIT5];10329947;100.00;;"
8996 [139785750443712] INFO perfrun.perfcollector <> - PERF_STAT : "     2.312473281;CPU0;363856;;UNC_M_CAS_COUNT.RD[UNIT0];10330599;100.00;;"
8996 [139785750443712] INFO perfrun.perfcollector <> - PERF_STAT : "     2.312473281;CPU10;2491;;UNC_M_CAS_COUNT.RD[UNIT0];10312362;100.00;;"
8996 [139785750443712] INFO perfrun.perfcollector <> - PERF_STAT : "     2.312473281;CPU0;332381;;UNC_M_CAS_COUNT.RD[UNIT1];10327203;100.00;;"
8996 [139785750443712] INFO perfrun.perfcollector <> - PERF_STAT : "     2.312473281;CPU10;3067;;UNC_M_CAS_COUNT.RD[UNIT1];10310059;100.00;;"
8996 [139785750443712] INFO perfrun.perfcollector <> - PERF_STAT : "     2.312473281;CPU0;322420;;UNC_M_CAS_COUNT.RD[UNIT4];10326069;100.00;;"
8996 [139785750443712] INFO perfrun.perfcollector <> - PERF_STAT : "     2.312473281;CPU10;2651;;UNC_M_CAS_COUNT.RD[UNIT4];10310882;100.00;;"
8996 [139785750443712] INFO perfrun.perfcollector <> - PERF_STAT : "     2.312473281;CPU0;370607;;UNC_M_CAS_COUNT.RD[UNIT5];10323252;100.00;;"
8996 [139785750443712] INFO perfrun.perfcollector <> - PERF_STAT : "     2.312473281;CPU10;2891;;UNC_M_CAS_COUNT.RD[UNIT5];10311110;100.00;;"
8996 [139785750443712] INFO perfrun.perfcollector <> - PERF_STAT : "     2.312473281;CPU0;18087;;UNC_M_CAS_COUNT.WR[UNIT0];10323410;100.00;;"
8996 [139785750443712] INFO perfrun.perfcollector <> - PERF_STAT : "     2.312473281;CPU10;2110;;UNC_M_CAS_COUNT.WR[UNIT0];10308762;100.00;;"
8996 [139785750443712] INFO perfrun.perfcollector <> - PERF_STAT : "     2.312473281;CPU0;16043;;UNC_M_CAS_COUNT.WR[UNIT1];10324505;100.00;;"
8996 [139785750443712] INFO perfrun.perfcollector <> - PERF_STAT : "     2.312473281;CPU10;2611;;UNC_M_CAS_COUNT.WR[UNIT1];10308340;100.00;;"
8996 [139785750443712] INFO perfrun.perfcollector <> - PERF_STAT : "     2.312473281;CPU0;12189;;UNC_M_CAS_COUNT.WR[UNIT4];10326339;100.00;;"
8996 [139785750443712] INFO perfrun.perfcollector <> - PERF_STAT : "     2.312473281;CPU10;2147;;UNC_M_CAS_COUNT.WR[UNIT4];10314928;100.00;;"
8996 [139785750443712] INFO perfrun.perfcollector <> - PERF_STAT : "     2.312473281;CPU0;21537;;UNC_M_CAS_COUNT.WR[UNIT5];10323837;100.00;;"
8996 [139785750443712] INFO perfrun.perfcollector <> - PERF_STAT : "     2.312473281;CPU10;2620;;UNC_M_CAS_COUNT.WR[UNIT5];10315505;100.00;;"
9006 [139785750443712] INFO perfrun.perfcollector <> - PERF_STAT : "     2.322790979;CPU0;348375;;UNC_M_CAS_COUNT.RD[UNIT0];10316532;100.00;;"
9006 [139785750443712] INFO perfrun.perfcollector <> - PERF_STAT : "     2.322790979;CPU10;2226;;UNC_M_CAS_COUNT.RD[UNIT0];10310964;100.00;;"
9006 [139785750443712] INFO perfrun.perfcollector <> - PERF_STAT : "     2.322790979;CPU0;316627;;UNC_M_CAS_COUNT.RD[UNIT1];10315944;100.00;;"
9006 [139785750443712] INFO perfrun.perfcollector <> - PERF_STAT : "     2.322790979;CPU10;2619;;UNC_M_CAS_COUNT.RD[UNIT1];10311038;100.00;;"
9006 [139785750443712] INFO perfrun.perfcollector <> - PERF_STAT : "     2.322790979;CPU0;304665;;UNC_M_CAS_COUNT.RD[UNIT4];10315912;100.00;;"
9006 [139785750443712] INFO perfrun.perfcollector <> - PERF_STAT : "     2.322790979;CPU10;2184;;UNC_M_CAS_COUNT.RD[UNIT4];10310158;100.00;;"
9007 [139785750443712] INFO perfrun.perfcollector <> - PERF_STAT : "     2.322790979;CPU0;356089;;UNC_M_CAS_COUNT.RD[UNIT5];10314264;100.00;;"
9007 [139785750443712] INFO perfrun.perfcollector <> - PERF_STAT : "     2.322790979;CPU10;2289;;UNC_M_CAS_COUNT.RD[UNIT5];10312802;100.00;;"
9007 [139785750443712] INFO perfrun.perfcollector <> - PERF_STAT : "     2.322790979;CPU0;16737;;UNC_M_CAS_COUNT.WR[UNIT0];10314640;100.00;;"
9007 [139785750443712] INFO perfrun.perfcollector <> - PERF_STAT : "     2.322790979;CPU10;874;;UNC_M_CAS_COUNT.WR[UNIT0];10311871;100.00;;"
9007 [139785750443712] INFO perfrun.perfcollector <> - PERF_STAT : "     2.322790979;CPU0;14827;;UNC_M_CAS_COUNT.WR[UNIT1];10314072;100.00;;"
9007 [139785750443712] INFO perfrun.perfcollector <> - PERF_STAT : "     2.322790979;CPU10;1323;;UNC_M_CAS_COUNT.WR[UNIT1];10310174;100.00;;"
9007 [139785750443712] INFO perfrun.perfcollector <> - PERF_STAT : "     2.322790979;CPU0;11270;;UNC_M_CAS_COUNT.WR[UNIT4];10312468;100.00;;"
9007 [139785750443712] INFO perfrun.perfcollector <> - PERF_STAT : "     2.322790979;CPU10;767;;UNC_M_CAS_COUNT.WR[UNIT4];10303773;100.00;;"
9007 [139785750443712] INFO perfrun.perfcollector <> - PERF_STAT : "     2.322790979;CPU0;20285;;UNC_M_CAS_COUNT.WR[UNIT5];10310949;100.00;;"
9007 [139785750443712] INFO perfrun.perfcollector <> - PERF_STAT : "     2.322790979;CPU10;1270;;UNC_M_CAS_COUNT.WR[UNIT5];10303266;100.00;;"
9017 [139785750443712] INFO perfrun.perfcollector <> - PERF_STAT : "     2.333083972;CPU0;342213;;UNC_M_CAS_COUNT.RD[UNIT0];10282068;100.00;;"
9017 [139785750443712] INFO perfrun.perfcollector <> - PERF_STAT : "     2.333083972;CPU10;2077;;UNC_M_CAS_COUNT.RD[UNIT0];10284327;100.00;;"
9017 [139785750443712] INFO perfrun.perfcollector <> - PERF_STAT : "     2.333083972;CPU0;332242;;UNC_M_CAS_COUNT.RD[UNIT1];10283241;100.00;;"
9017 [139785750443712] INFO perfrun.perfcollector <> - PERF_STAT : "     2.333083972;CPU10;2625;;UNC_M_CAS_COUNT.RD[UNIT1];10285044;100.00;;"
9017 [139785750443712] INFO perfrun.perfcollector <> - PERF_STAT : "     2.333083972;CPU0;307907;;UNC_M_CAS_COUNT.RD[UNIT4];10283463;100.00;;"
9017 [139785750443712] INFO perfrun.perfcollector <> - PERF_STAT : "     2.333083972;CPU10;2262;;UNC_M_CAS_COUNT.RD[UNIT4];10285084;100.00;;"
9017 [139785750443712] INFO perfrun.perfcollector <> - PERF_STAT : "     2.333083972;CPU0;382171;;UNC_M_CAS_COUNT.RD[UNIT5];10284064;100.00;;"
9017 [139785750443712] INFO perfrun.perfcollector <> - PERF_STAT : "     2.333083972;CPU10;2607;;UNC_M_CAS_COUNT.RD[UNIT5];10281754;100.00;;"
9017 [139785750443712] INFO perfrun.perfcollector <> - PERF_STAT : "     2.333083972;CPU0;15475;;UNC_M_CAS_COUNT.WR[UNIT0];10288216;100.00;;"
9017 [139785750443712] INFO perfrun.perfcollector <> - PERF_STAT : "     2.333083972;CPU10;566;;UNC_M_CAS_COUNT.WR[UNIT0];10281984;100.00;;"
9017 [139785750443712] INFO perfrun.perfcollector <> - PERF_STAT : "     2.333083972;CPU0;15495;;UNC_M_CAS_COUNT.WR[UNIT1];10287628;100.00;;"
9017 [139785750443712] INFO perfrun.perfcollector <> - PERF_STAT : "     2.333083972;CPU10;1111;;UNC_M_CAS_COUNT.WR[UNIT1];10282598;100.00;;"
9017 [139785750443712] INFO perfrun.perfcollector <> - PERF_STAT : "     2.333083972;CPU0;10344;;UNC_M_CAS_COUNT.WR[UNIT4];10287066;100.00;;"
9017 [139785750443712] INFO perfrun.perfcollector <> - PERF_STAT : "     2.333083972;CPU10;598;;UNC_M_CAS_COUNT.WR[UNIT4];10282731;100.00;;"
9017 [139785750443712] INFO perfrun.perfcollector <> - PERF_STAT : "     2.333083972;CPU0;22175;;UNC_M_CAS_COUNT.WR[UNIT5];10286883;100.00;;"
9017 [139785750443712] INFO perfrun.perfcollector <> - PERF_STAT : "     2.333083972;CPU10;1163;;UNC_M_CAS_COUNT.WR[UNIT5];10282773;100.00;;"
9027 [139785750443712] INFO perfrun.perfcollector <> - PERF_STAT : "     2.343357599;CPU0;106514;;UNC_M_CAS_COUNT.RD[UNIT0];10284003;100.00;;"
9027 [139785750443712] INFO perfrun.perfcollector <> - PERF_STAT : "     2.343357599;CPU10;3927;;UNC_M_CAS_COUNT.RD[UNIT0];10263285;100.00;;"
9027 [139785750443712] INFO perfrun.perfcollector <> - PERF_STAT : "     2.343357599;CPU0;105410;;UNC_M_CAS_COUNT.RD[UNIT1];10282111;100.00;;"
9027 [139785750443712] INFO perfrun.perfcollector <> - PERF_STAT : "     2.343357599;CPU10;4480;;UNC_M_CAS_COUNT.RD[UNIT1];10263955;100.00;;"
9027 [139785750443712] INFO perfrun.perfcollector <> - PERF_STAT : "     2.343357599;CPU0;100346;;UNC_M_CAS_COUNT.RD[UNIT4];10281297;100.00;;"
9027 [139785750443712] INFO perfrun.perfcollector <> - PERF_STAT : "     2.343357599;CPU10;3639;;UNC_M_CAS_COUNT.RD[UNIT4];10265076;100.00;;"
9027 [139785750443712] INFO perfrun.perfcollector <> - PERF_STAT : "     2.343357599;CPU0;115848;;UNC_M_CAS_COUNT.RD[UNIT5];10279790;100.00;;"
9027 [139785750443712] INFO perfrun.perfcollector <> - PERF_STAT : "     2.343357599;CPU10;4125;;UNC_M_CAS_COUNT.RD[UNIT5];10266360;100.00;;"
9027 [139785750443712] INFO perfrun.perfcollector <> - PERF_STAT : "     2.343357599;CPU0;4142;;UNC_M_CAS_COUNT.WR[UNIT0];10274416;100.00;;"
9027 [139785750443712] INFO perfrun.perfcollector <> - PERF_STAT : "     2.343357599;CPU10;781;;UNC_M_CAS_COUNT.WR[UNIT0];10267173;100.00;;"
9027 [139785750443712] INFO perfrun.perfcollector <> - PERF_STAT : "     2.343357599;CPU0;4948;;UNC_M_CAS_COUNT.WR[UNIT1];10273878;100.00;;"
9027 [139785750443712] INFO perfrun.perfcollector <> - PERF_STAT : "     2.343357599;CPU10;1375;;UNC_M_CAS_COUNT.WR[UNIT1];10267798;100.00;;"
9027 [139785750443712] INFO perfrun.perfcollector <> - PERF_STAT : "     2.343357599;CPU0;3345;;UNC_M_CAS_COUNT.WR[UNIT4];10272593;100.00;;"
9027 [139785750443712] INFO perfrun.perfcollector <> - PERF_STAT : "     2.343357599;CPU10;740;;UNC_M_CAS_COUNT.WR[UNIT4];10268892;100.00;;"
9027 [139785750443712] INFO perfrun.perfcollector <> - PERF_STAT : "     2.343357599;CPU0;5757;;UNC_M_CAS_COUNT.WR[UNIT5];10271625;100.00;;"
9027 [139785750443712] INFO perfrun.perfcollector <> - PERF_STAT : "     2.343357599;CPU10;1278;;UNC_M_CAS_COUNT.WR[UNIT5];10270079;100.00;;"
9037 [139785750443712] INFO perfrun.perfcollector <> - PERF_STAT : "     2.353658513;CPU0;42051;;UNC_M_CAS_COUNT.RD[UNIT0];10282989;100.00;;"
9037 [139785750443712] INFO perfrun.perfcollector <> - PERF_STAT : "     2.353658513;CPU10;3539;;UNC_M_CAS_COUNT.RD[UNIT0];10273889;100.00;;"
9037 [139785750443712] INFO perfrun.perfcollector <> - PERF_STAT : "     2.353658513;CPU0;42828;;UNC_M_CAS_COUNT.RD[UNIT1];10282461;100.00;;"
9037 [139785750443712] INFO perfrun.perfcollector <> - PERF_STAT : "     2.353658513;CPU10;3579;;UNC_M_CAS_COUNT.RD[UNIT1];10271093;100.00;;"
9037 [139785750443712] INFO perfrun.perfcollector <> - PERF_STAT : "     2.353658513;CPU0;42131;;UNC_M_CAS_COUNT.RD[UNIT4];10282449;100.00;;"
9037 [139785750443712] INFO perfrun.perfcollector <> - PERF_STAT : "     2.353658513;CPU10;3566;;UNC_M_CAS_COUNT.RD[UNIT4];10269252;100.00;;"
9037 [139785750443712] INFO perfrun.perfcollector <> - PERF_STAT : "     2.353658513;CPU0;42811;;UNC_M_CAS_COUNT.RD[UNIT5];10282754;100.00;;"
9037 [139785750443712] INFO perfrun.perfcollector <> - PERF_STAT : "     2.353658513;CPU10;3627;;UNC_M_CAS_COUNT.RD[UNIT5];10267127;100.00;;"
9037 [139785750443712] INFO perfrun.perfcollector <> - PERF_STAT : "     2.353658513;CPU0;9401;;UNC_M_CAS_COUNT.WR[UNIT0];10282758;100.00;;"
9037 [139785750443712] INFO perfrun.perfcollector <> - PERF_STAT : "     2.353658513;CPU10;1047;;UNC_M_CAS_COUNT.WR[UNIT0];10265372;100.00;;"
9037 [139785750443712] INFO perfrun.perfcollector <> - PERF_STAT : "     2.353658513;CPU0;9956;;UNC_M_CAS_COUNT.WR[UNIT1];10282562;100.00;;"
9037 [139785750443712] INFO perfrun.perfcollector <> - PERF_STAT : "     2.353658513;CPU10;1123;;UNC_M_CAS_COUNT.WR[UNIT1];10263490;100.00;;"
9037 [139785750443712] INFO perfrun.perfcollector <> - PERF_STAT : "     2.353658513;CPU0;9343;;UNC_M_CAS_COUNT.WR[UNIT4];10282453;100.00;;"
9037 [139785750443712] INFO perfrun.perfcollector <> - PERF_STAT : "     2.353658513;CPU10;1087;;UNC_M_CAS_COUNT.WR[UNIT4];10261782;100.00;;"
9037 [139785750443712] INFO perfrun.perfcollector <> - PERF_STAT : "     2.353658513;CPU0;9822;;UNC_M_CAS_COUNT.WR[UNIT5];10282074;100.00;;"
9037 [139785750443712] INFO perfrun.perfcollector <> - PERF_STAT : "     2.353658513;CPU10;1132;;UNC_M_CAS_COUNT.WR[UNIT5];10259945;100.00;;"
9047 [139785750443712] INFO perfrun.perfcollector <> - PERF_STAT : "     2.363866212;CPU0;104666;;UNC_M_CAS_COUNT.RD[UNIT0];10224622;100.00;;"
9047 [139785750443712] INFO perfrun.perfcollector <> - PERF_STAT : "     2.363866212;CPU10;161278;;UNC_M_CAS_COUNT.RD[UNIT0];10248171;100.00;;"
9048 [139785750443712] INFO perfrun.perfcollector <> - PERF_STAT : "     2.363866212;CPU0;106765;;UNC_M_CAS_COUNT.RD[UNIT1];10226666;100.00;;"
9048 [139785750443712] INFO perfrun.perfcollector <> - PERF_STAT : "     2.363866212;CPU10;200367;;UNC_M_CAS_COUNT.RD[UNIT1];10250714;100.00;;"
9048 [139785750443712] INFO perfrun.perfcollector <> - PERF_STAT : "     2.363866212;CPU0;100363;;UNC_M_CAS_COUNT.RD[UNIT4];10227649;100.00;;"
9048 [139785750443712] INFO perfrun.perfcollector <> - PERF_STAT : "     2.363866212;CPU10;155645;;UNC_M_CAS_COUNT.RD[UNIT4];10251999;100.00;;"
9048 [139785750443712] INFO perfrun.perfcollector <> - PERF_STAT : "     2.363866212;CPU0;97552;;UNC_M_CAS_COUNT.RD[UNIT5];10228537;100.00;;"
9048 [139785750443712] INFO perfrun.perfcollector <> - PERF_STAT : "     2.363866212;CPU10;154755;;UNC_M_CAS_COUNT.RD[UNIT5];10253171;100.00;;"
9048 [139785750443712] INFO perfrun.perfcollector <> - PERF_STAT : "     2.363866212;CPU0;39554;;UNC_M_CAS_COUNT.WR[UNIT0];10230073;100.00;;"
9048 [139785750443712] INFO perfrun.perfcollector <> - PERF_STAT : "     2.363866212;CPU10;19723;;UNC_M_CAS_COUNT.WR[UNIT0];10254156;100.00;;"
9048 [139785750443712] INFO perfrun.perfcollector <> - PERF_STAT : "     2.363866212;CPU0;40051;;UNC_M_CAS_COUNT.WR[UNIT1];10230927;100.00;;"
9048 [139785750443712] INFO perfrun.perfcollector <> - PERF_STAT : "     2.363866212;CPU10;22126;;UNC_M_CAS_COUNT.WR[UNIT1];10255064;100.00;;"
9048 [139785750443712] INFO perfrun.perfcollector <> - PERF_STAT : "     2.363866212;CPU0;38523;;UNC_M_CAS_COUNT.WR[UNIT4];10231834;100.00;;"
9048 [139785750443712] INFO perfrun.perfcollector <> - PERF_STAT : "     2.363866212;CPU10;18213;;UNC_M_CAS_COUNT.WR[UNIT4];10255741;100.00;;"
9048 [139785750443712] INFO perfrun.perfcollector <> - PERF_STAT : "     2.363866212;CPU0;38845;;UNC_M_CAS_COUNT.WR[UNIT5];10233171;100.00;;"
9048 [139785750443712] INFO perfrun.perfcollector <> - PERF_STAT : "     2.363866212;CPU10;18777;;UNC_M_CAS_COUNT.WR[UNIT5];10256483;100.00;;"
9058 [139785750443712] INFO perfrun.perfcollector <> - PERF_STAT : "     2.374156716;CPU0;175474;;UNC_M_CAS_COUNT.RD[UNIT0];10285808;100.00;;"
9059 [139785750443712] INFO perfrun.perfcollector <> - PERF_STAT : "     2.374156716;CPU10;154523;;UNC_M_CAS_COUNT.RD[UNIT0];10295864;100.00;;"
9059 [139785750443712] INFO perfrun.perfcollector <> - PERF_STAT : "     2.374156716;CPU0;178771;;UNC_M_CAS_COUNT.RD[UNIT1];10286613;100.00;;"
9059 [139785750443712] INFO perfrun.perfcollector <> - PERF_STAT : "     2.374156716;CPU10;213048;;UNC_M_CAS_COUNT.RD[UNIT1];10294019;100.00;;"
9059 [139785750443712] INFO perfrun.perfcollector <> - PERF_STAT : "     2.374156716;CPU0;180691;;UNC_M_CAS_COUNT.RD[UNIT4];10287055;100.00;;"
9059 [139785750443712] INFO perfrun.perfcollector <> - PERF_STAT : "     2.374156716;CPU10;142026;;UNC_M_CAS_COUNT.RD[UNIT4];10293216;100.00;;"
9059 [139785750443712] INFO perfrun.perfcollector <> - PERF_STAT : "     2.374156716;CPU0;173843;;UNC_M_CAS_COUNT.RD[UNIT5];10287435;100.00;;"
9059 [139785750443712] INFO perfrun.perfcollector <> - PERF_STAT : "     2.374156716;CPU10;143104;;UNC_M_CAS_COUNT.RD[UNIT5];10292311;100.00;;"
9059 [139785750443712] INFO perfrun.perfcollector <> - PERF_STAT : "     2.374156716;CPU0;55911;;UNC_M_CAS_COUNT.WR[UNIT0];10287126;100.00;;"
9059 [139785750443712] INFO perfrun.perfcollector <> - PERF_STAT : "     2.374156716;CPU10;47783;;UNC_M_CAS_COUNT.WR[UNIT0];10291745;100.00;;"
9059 [139785750443712] INFO perfrun.perfcollector <> - PERF_STAT : "     2.374156716;CPU0;56006;;UNC_M_CAS_COUNT.WR[UNIT1];10287930;100.00;;"
9059 [139785750443712] INFO perfrun.perfcollector <> - PERF_STAT : "     2.374156716;CPU10;51629;;UNC_M_CAS_COUNT.WR[UNIT1];10291198;100.00;;"
9059 [139785750443712] INFO perfrun.perfcollector <> - PERF_STAT : "     2.374156716;CPU0;58830;;UNC_M_CAS_COUNT.WR[UNIT4];10288047;100.00;;"
9059 [139785750443712] INFO perfrun.perfcollector <> - PERF_STAT : "     2.374156716;CPU10;47802;;UNC_M_CAS_COUNT.WR[UNIT4];10290688;100.00;;"
9059 [139785750443712] INFO perfrun.perfcollector <> - PERF_STAT : "     2.374156716;CPU0;57898;;UNC_M_CAS_COUNT.WR[UNIT5];10287927;100.00;;"
9059 [139785750443712] INFO perfrun.perfcollector <> - PERF_STAT : "     2.374156716;CPU10;48346;;UNC_M_CAS_COUNT.WR[UNIT5];10290047;100.00;;"
9062 [139786161881792] INFO perfrun.launcher <> - Launcher: the profiled application was terminated  with exit code = 0
9068 [139785750443712] INFO perfrun.perfcollector <> - PERF_STAT : "     2.384418140;CPU0;29389;;UNC_M_CAS_COUNT.RD[UNIT0];10259750;100.00;;"
9068 [139785750443712] INFO perfrun.perfcollector <> - PERF_STAT : "     2.384418140;CPU10;23734;;UNC_M_CAS_COUNT.RD[UNIT0];10229734;100.00;;"
9068 [139785750443712] INFO perfrun.perfcollector <> - PERF_STAT : "     2.384418140;CPU0;29567;;UNC_M_CAS_COUNT.RD[UNIT1];10256221;100.00;;"
9068 [139785750443712] INFO perfrun.perfcollector <> - PERF_STAT : "     2.384418140;CPU10;28421;;UNC_M_CAS_COUNT.RD[UNIT1];10231279;100.00;;"
9068 [139785750443712] INFO perfrun.perfcollector <> - PERF_STAT : "     2.384418140;CPU0;28344;;UNC_M_CAS_COUNT.RD[UNIT4];10254581;100.00;;"
9068 [139785750443712] INFO perfrun.perfcollector <> - PERF_STAT : "     2.384418140;CPU10;21882;;UNC_M_CAS_COUNT.RD[UNIT4];10232667;100.00;;"
9068 [139785750443712] INFO perfrun.perfcollector <> - PERF_STAT : "     2.384418140;CPU0;28255;;UNC_M_CAS_COUNT.RD[UNIT5];10252775;100.00;;"
9068 [139785750443712] INFO perfrun.perfcollector <> - PERF_STAT : "     2.384418140;CPU10;22703;;UNC_M_CAS_COUNT.RD[UNIT5];10234233;100.00;;"
9068 [139785750443712] INFO perfrun.perfcollector <> - PERF_STAT : "     2.384418140;CPU0;9304;;UNC_M_CAS_COUNT.WR[UNIT0];10251344;100.00;;"
9068 [139785750443712] INFO perfrun.perfcollector <> - PERF_STAT : "     2.384418140;CPU10;7163;;UNC_M_CAS_COUNT.WR[UNIT0];10235678;100.00;;"
9068 [139785750443712] INFO perfrun.perfcollector <> - PERF_STAT : "     2.384418140;CPU0;9876;;UNC_M_CAS_COUNT.WR[UNIT1];10249683;100.00;;"
9068 [139785750443712] INFO perfrun.perfcollector <> - PERF_STAT : "     2.384418140;CPU10;7870;;UNC_M_CAS_COUNT.WR[UNIT1];10237205;100.00;;"
9068 [139785750443712] INFO perfrun.perfcollector <> - PERF_STAT : "     2.384418140;CPU0;9350;;UNC_M_CAS_COUNT.WR[UNIT4];10248805;100.00;;"
9068 [139785750443712] INFO perfrun.perfcollector <> - PERF_STAT : "     2.384418140;CPU10;7151;;UNC_M_CAS_COUNT.WR[UNIT4];10251034;100.00;;"
9068 [139785750443712] INFO perfrun.perfcollector <> - PERF_STAT : "     2.384418140;CPU0;9594;;UNC_M_CAS_COUNT.WR[UNIT5];10247672;100.00;;"
9068 [139785750443712] INFO perfrun.perfcollector <> - PERF_STAT : "     2.384418140;CPU10;7704;;UNC_M_CAS_COUNT.WR[UNIT5];10251135;100.00;;"
9071 [139786006292160] INFO perfrun.itt <> - stop itt controller
9071 [139786006292160] INFO perfrun.itt <> - detach itt controller
9078 [139785750443712] INFO perfrun.perfcollector <> - PERF_STAT : "     2.394658336;CPU0;3797;;UNC_M_CAS_COUNT.RD[UNIT0];10222429;100.00;;"
9078 [139785750443712] INFO perfrun.perfcollector <> - PERF_STAT : "     2.394658336;CPU10;5121;;UNC_M_CAS_COUNT.RD[UNIT0];10211707;100.00;;"
9078 [139785750443712] INFO perfrun.perfcollector <> - PERF_STAT : "     2.394658336;CPU0;4327;;UNC_M_CAS_COUNT.RD[UNIT1];10221900;100.00;;"
9078 [139785750443712] INFO perfrun.perfcollector <> - PERF_STAT : "     2.394658336;CPU10;5286;;UNC_M_CAS_COUNT.RD[UNIT1];10209505;100.00;;"
9078 [139785750443712] INFO perfrun.perfcollector <> - PERF_STAT : "     2.394658336;CPU0;3940;;UNC_M_CAS_COUNT.RD[UNIT4];10221715;100.00;;"
9078 [139785750443712] INFO perfrun.perfcollector <> - PERF_STAT : "     2.394658336;CPU10;4982;;UNC_M_CAS_COUNT.RD[UNIT4];10207624;100.00;;"
9078 [139785750443712] INFO perfrun.perfcollector <> - PERF_STAT : "     2.394658336;CPU0;4512;;UNC_M_CAS_COUNT.RD[UNIT5];10221525;100.00;;"
9078 [139785750443712] INFO perfrun.perfcollector <> - PERF_STAT : "     2.394658336;CPU10;5345;;UNC_M_CAS_COUNT.RD[UNIT5];10205747;100.00;;"
9078 [139785750443712] INFO perfrun.perfcollector <> - PERF_STAT : "     2.394658336;CPU0;3562;;UNC_M_CAS_COUNT.WR[UNIT0];10221179;100.00;;"
9078 [139785750443712] INFO perfrun.perfcollector <> - PERF_STAT : "     2.394658336;CPU10;1825;;UNC_M_CAS_COUNT.WR[UNIT0];10203787;100.00;;"
9078 [139785750443712] INFO perfrun.perfcollector <> - PERF_STAT : "     2.394658336;CPU0;4250;;UNC_M_CAS_COUNT.WR[UNIT1];10220721;100.00;;"
9078 [139785750443712] INFO perfrun.perfcollector <> - PERF_STAT : "     2.394658336;CPU10;2258;;UNC_M_CAS_COUNT.WR[UNIT1];10201886;100.00;;"
9078 [139785750443712] INFO perfrun.perfcollector <> - PERF_STAT : "     2.394658336;CPU0;3548;;UNC_M_CAS_COUNT.WR[UNIT4];10220486;100.00;;"
9078 [139785750443712] INFO perfrun.perfcollector <> - PERF_STAT : "     2.394658336;CPU10;1926;;UNC_M_CAS_COUNT.WR[UNIT4];10187790;100.00;;"
9078 [139785750443712] INFO perfrun.perfcollector <> - PERF_STAT : "     2.394658336;CPU0;4069;;UNC_M_CAS_COUNT.WR[UNIT5];10220282;100.00;;"
9078 [139785750443712] INFO perfrun.perfcollector <> - PERF_STAT : "     2.394658336;CPU10;2267;;UNC_M_CAS_COUNT.WR[UNIT5];10187523;100.00;;"
9088 [139785750443712] INFO perfrun.perfcollector <> - PERF_STAT : "     2.404869951;CPU0;17965;;UNC_M_CAS_COUNT.RD[UNIT0];10247384;100.00;;"
9088 [139785750443712] INFO perfrun.perfcollector <> - PERF_STAT : "     2.404869951;CPU10;26064;;UNC_M_CAS_COUNT.RD[UNIT0];10259847;100.00;;"
9088 [139785750443712] INFO perfrun.perfcollector <> - PERF_STAT : "     2.404869951;CPU0;18628;;UNC_M_CAS_COUNT.RD[UNIT1];10247899;100.00;;"
9089 [139785750443712] INFO perfrun.perfcollector <> - PERF_STAT : "     2.404869951;CPU10;26844;;UNC_M_CAS_COUNT.RD[UNIT1];10260153;100.00;;"
9089 [139785750443712] INFO perfrun.perfcollector <> - PERF_STAT : "     2.404869951;CPU0;18018;;UNC_M_CAS_COUNT.RD[UNIT4];10248075;100.00;;"
9089 [139785750443712] INFO perfrun.perfcollector <> - PERF_STAT : "     2.404869951;CPU10;26521;;UNC_M_CAS_COUNT.RD[UNIT4];10260312;100.00;;"
9089 [139785750443712] INFO perfrun.perfcollector <> - PERF_STAT : "     2.404869951;CPU0;18602;;UNC_M_CAS_COUNT.RD[UNIT5];10248439;100.00;;"
9089 [139785750443712] INFO perfrun.perfcollector <> - PERF_STAT : "     2.404869951;CPU10;26449;;UNC_M_CAS_COUNT.RD[UNIT5];10260422;100.00;;"
9089 [139785750443712] INFO perfrun.perfcollector <> - PERF_STAT : "     2.404869951;CPU0;14232;;UNC_M_CAS_COUNT.WR[UNIT0];10248769;100.00;;"
9089 [139785750443712] INFO perfrun.perfcollector <> - PERF_STAT : "     2.404869951;CPU10;10068;;UNC_M_CAS_COUNT.WR[UNIT0];10260642;100.00;;"
9089 [139785750443712] INFO perfrun.perfcollector <> - PERF_STAT : "     2.404869951;CPU0;14856;;UNC_M_CAS_COUNT.WR[UNIT1];10255382;100.00;;"
9089 [139785750443712] INFO perfrun.perfcollector <> - PERF_STAT : "     2.404869951;CPU10;10229;;UNC_M_CAS_COUNT.WR[UNIT1];10260806;100.00;;"
9089 [139785750443712] INFO perfrun.perfcollector <> - PERF_STAT : "     2.404869951;CPU0;14522;;UNC_M_CAS_COUNT.WR[UNIT4];10255568;100.00;;"
9089 [139785750443712] INFO perfrun.perfcollector <> - PERF_STAT : "     2.404869951;CPU10;10137;;UNC_M_CAS_COUNT.WR[UNIT4];10261044;100.00;;"
9089 [139785750443712] INFO perfrun.perfcollector <> - PERF_STAT : "     2.404869951;CPU0;14921;;UNC_M_CAS_COUNT.WR[UNIT5];10255879;100.00;;"
9089 [139785750443712] INFO perfrun.perfcollector <> - PERF_STAT : "     2.404869951;CPU10;10395;;UNC_M_CAS_COUNT.WR[UNIT5];10261277;100.00;;"
9093 [139784668296896] INFO perfrun.perfcollector <> - Monitor: runCmd RC = true
9093 [139786006292160] INFO perfrun.perfcollector <> - Monitor: state = 3, error = 1
9095 [139785750443712] INFO perfrun.perfcollector <> - PERF_STAT : "     2.411977279;CPU0;8378;;UNC_M_CAS_COUNT.RD[UNIT0];7070375;100.00;;"
9095 [139785750443712] INFO perfrun.perfcollector <> - PERF_STAT : "     2.411977279;CPU10;9743;;UNC_M_CAS_COUNT.RD[UNIT0];7060220;100.00;;"
9095 [139785750443712] INFO perfrun.perfcollector <> - PERF_STAT : "     2.411977279;CPU0;9097;;UNC_M_CAS_COUNT.RD[UNIT1];7070313;100.00;;"
9095 [139785750443712] INFO perfrun.perfcollector <> - PERF_STAT : "     2.411977279;CPU10;10245;;UNC_M_CAS_COUNT.RD[UNIT1];7059671;100.00;;"
9095 [139785750443712] INFO perfrun.perfcollector <> - PERF_STAT : "     2.411977279;CPU0;5390;;UNC_M_CAS_COUNT.RD[UNIT4];7070413;100.00;;"
9096 [139785750443712] INFO perfrun.perfcollector <> - PERF_STAT : "     2.411977279;CPU10;9871;;UNC_M_CAS_COUNT.RD[UNIT4];7059640;100.00;;"
9096 [139785750443712] INFO perfrun.perfcollector <> - PERF_STAT : "     2.411977279;CPU0;5869;;UNC_M_CAS_COUNT.RD[UNIT5];7070230;100.00;;"
9096 [139785750443712] INFO perfrun.perfcollector <> - PERF_STAT : "     2.411977279;CPU10;10199;;UNC_M_CAS_COUNT.RD[UNIT5];7059782;100.00;;"
9096 [139785750443712] INFO perfrun.perfcollector <> - PERF_STAT : "     2.411977279;CPU0;4399;;UNC_M_CAS_COUNT.WR[UNIT0];7070107;100.00;;"
9096 [139785750443712] INFO perfrun.perfcollector <> - PERF_STAT : "     2.411977279;CPU10;4555;;UNC_M_CAS_COUNT.WR[UNIT0];7059768;100.00;;"
9096 [139785750443712] INFO perfrun.perfcollector <> - PERF_STAT : "     2.411977279;CPU0;4902;;UNC_M_CAS_COUNT.WR[UNIT1];7063746;100.00;;"
9096 [139785750443712] INFO perfrun.perfcollector <> - PERF_STAT : "     2.411977279;CPU10;5043;;UNC_M_CAS_COUNT.WR[UNIT1];7059794;100.00;;"
9096 [139785750443712] INFO perfrun.perfcollector <> - PERF_STAT : "     2.411977279;CPU0;4448;;UNC_M_CAS_COUNT.WR[UNIT4];7063736;100.00;;"
9096 [139785750443712] INFO perfrun.perfcollector <> - PERF_STAT : "     2.411977279;CPU10;4507;;UNC_M_CAS_COUNT.WR[UNIT4];7059709;100.00;;"
9096 [139785750443712] INFO perfrun.perfcollector <> - PERF_STAT : "     2.411977279;CPU0;4811;;UNC_M_CAS_COUNT.WR[UNIT5];7063678;100.00;;"
9096 [139785750443712] INFO perfrun.perfcollector <> - PERF_STAT : "     2.411977279;CPU10;4902;;UNC_M_CAS_COUNT.WR[UNIT5];7059637;100.00;;"
9098 [139784659904192] INFO perfrun.perfcollector <> - Monitor: runCmd RC = true
9098 [139786006292160] INFO perfrun.perfcollector <> - Monitor: state = 3, error = 1
9098 [139786006292160] INFO perfrun.sdk <> - De-allocating TMU: /tmp/amplxe-tmp-dhamorim/amplxe-res-1446299-16360406206172522/data.0/systemcollector-1446299-hype1.sc
9098 [139786006292160] INFO perfrun.system <> - closed the system trace file: /tmp/amplxe-tmp-dhamorim/amplxe-res-1446299-16360406206172522/data.0/systemcollector-1446299-hype1.sc
9098 [139786161881792] INFO perfrun.launcher <> - Launcher: all plugins were stopped.
9099 [139786161881792] INFO perfrun.launcher <> - DeadlineTimer is going to be destroyed
9099 [139786161881792] INFO perfrun.launcher <> - DeadlineTimer was destroyed
9099 [139786161881792] INFO perfrun.launcher <> - DirectoryMonitor object was destroyed
9099 [139786161881792] WARN perfrun.launcher <> - Stop command is ignored because it is received when collection is already stopped, at file: vcs/perfrun1/launcher/src/command_handler.cpp:212
10744 [139786161881792] INFO perfrun.launcher <> - Application exit code: 0
10744 [139786161881792] INFO perfrun.launcher <> - Exit code: 0
